"b","unit","day","lumadult"
1,"u1",7,2
1,"u1",12,5
1,"u1",17,4
1,"u1",22,14
1,"u1",27,1
1,"u1",32,25
1,"u1",37,24
1,"u1",42,34
1,"u1",47,33
1,"u1",52,7
1,"u2",7,0
1,"u2",12,4
1,"u2",17,19
1,"u2",22,6
1,"u2",27,55
1,"u2",32,25
1,"u2",37,34
1,"u2",42,128
1,"u2",47,196
1,"u2",52,31
1,"u3",7,4
1,"u3",12,45
1,"u3",17,55
1,"u3",22,144
1,"u3",27,281
1,"u3",32,20
1,"u3",37,23
1,"u3",42,12
1,"u3",47,6
1,"u3",52,2
1,"u4",7,12
1,"u4",12,10
1,"u4",17,22
1,"u4",22,7
1,"u4",27,15
1,"u4",32,33
1,"u4",37,18
1,"u4",42,43
1,"u4",47,16
1,"u4",52,14
1,"u5",7,4
1,"u5",12,17
1,"u5",17,34
1,"u5",22,7
1,"u5",27,19
1,"u5",32,100
1,"u5",37,27
1,"u5",42,1
1,"u5",47,27
1,"u5",52,87
1,"u6",7,3
1,"u6",12,1
1,"u6",17,25
1,"u6",22,21
1,"u6",27,87
1,"u6",32,11
1,"u6",37,198
1,"u6",42,23
1,"u6",47,16
1,"u6",52,18
1,"u7",7,1
1,"u7",12,5
1,"u7",17,7
1,"u7",22,37
1,"u7",27,16
1,"u7",32,40
1,"u7",37,73
1,"u7",42,432
1,"u7",47,112
1,"u7",52,39
1,"u8",7,4
1,"u8",12,3
1,"u8",17,11
1,"u8",22,33
1,"u8",27,32
1,"u8",32,28
1,"u8",37,218
1,"u8",42,15
1,"u8",47,39
1,"u8",52,50
1,"u9",7,1
1,"u9",12,13
1,"u9",17,61
1,"u9",22,44
1,"u9",27,31
1,"u9",32,27
1,"u9",37,31
1,"u9",42,81
1,"u9",47,203
1,"u9",52,22
1,"u10",7,3
1,"u10",12,1
1,"u10",17,24
1,"u10",22,14
1,"u10",27,52
1,"u10",32,50
1,"u10",37,34
1,"u10",42,139
1,"u10",47,82
1,"u10",52,219
2,"u1",7,3
2,"u1",12,0
2,"u1",17,3
2,"u1",22,21
2,"u1",27,48
2,"u1",32,19
2,"u1",37,59
2,"u1",42,28
2,"u1",47,15
2,"u1",52,11
2,"u2",7,0
2,"u2",12,1
2,"u2",17,4
2,"u2",22,6
2,"u2",27,22
2,"u2",32,44
2,"u2",37,51
2,"u2",42,37
2,"u2",47,22
2,"u2",52,32
2,"u3",7,10
2,"u3",12,10
2,"u3",17,14
2,"u3",22,21
2,"u3",27,28
2,"u3",32,82
2,"u3",37,126
2,"u3",42,53
2,"u3",47,12
2,"u3",52,12
2,"u4",7,2
2,"u4",12,3
2,"u4",17,4
2,"u4",22,3
2,"u4",27,121
2,"u4",32,45
2,"u4",37,116
2,"u4",42,70
2,"u4",47,14
2,"u4",52,9
2,"u5",7,3
2,"u5",12,4
2,"u5",17,13
2,"u5",22,27
2,"u5",27,74
2,"u5",32,64
2,"u5",37,57
2,"u5",42,21
2,"u5",47,25
2,"u5",52,22
2,"u6",7,2
2,"u6",12,8
2,"u6",17,19
2,"u6",22,32
2,"u6",27,69
2,"u6",32,338
2,"u6",37,7
2,"u6",42,9
2,"u6",47,38
2,"u6",52,11
2,"u7",7,5
2,"u7",12,0
2,"u7",17,6
2,"u7",22,63
2,"u7",27,145
2,"u7",32,101
2,"u7",37,55
2,"u7",42,21
2,"u7",47,16
2,"u7",52,5
2,"u8",7,3
2,"u8",12,2
2,"u8",17,2
2,"u8",22,6
2,"u8",27,75
2,"u8",32,74
2,"u8",37,18
2,"u8",42,24
2,"u8",47,84
2,"u8",52,24
2,"u9",7,1
2,"u9",12,2
2,"u9",17,12
2,"u9",22,5
2,"u9",27,83
2,"u9",32,111
2,"u9",37,78
2,"u9",42,245
2,"u9",47,83
2,"u9",52,27
2,"u10",7,2
2,"u10",12,4
2,"u10",17,4
2,"u10",22,1
2,"u10",27,4
2,"u10",32,25
2,"u10",37,17
2,"u10",42,107
2,"u10",47,15
2,"u10",52,11
3,"u1",7,3
3,"u1",12,9
3,"u1",17,30
3,"u1",22,83
3,"u1",27,40
3,"u1",32,12
3,"u1",37,29
3,"u1",42,44
3,"u1",47,33
3,"u1",52,70
3,"u2",7,2
3,"u2",12,9
3,"u2",17,22
3,"u2",22,45
3,"u2",27,100
3,"u2",32,16
3,"u2",37,3
3,"u2",42,5
3,"u2",47,10
3,"u2",52,5
3,"u3",7,13
3,"u3",12,11
3,"u3",17,10
3,"u3",22,5
3,"u3",27,10
3,"u3",32,57
3,"u3",37,37
3,"u3",42,65
3,"u3",47,40
3,"u3",52,270
3,"u4",7,5
3,"u4",12,2
3,"u4",17,7
3,"u4",22,9
3,"u4",27,26
3,"u4",32,34
3,"u4",37,81
3,"u4",42,64
3,"u4",47,27
3,"u4",52,5
3,"u5",7,5
3,"u5",12,2
3,"u5",17,4
3,"u5",22,34
3,"u5",27,23
3,"u5",32,19
3,"u5",37,14
3,"u5",42,15
3,"u5",47,38
3,"u5",52,38
3,"u6",7,0
3,"u6",12,10
3,"u6",17,10
3,"u6",22,18
3,"u6",27,43
3,"u6",32,213
3,"u6",37,85
3,"u6",42,18
3,"u6",47,6
3,"u6",52,2
3,"u7",7,0
3,"u7",12,3
3,"u7",17,14
3,"u7",22,108
3,"u7",27,52
3,"u7",32,22
3,"u7",37,23
3,"u7",42,26
3,"u7",47,21
3,"u7",52,8
3,"u8",7,2
3,"u8",12,1
3,"u8",17,22
3,"u8",22,5
3,"u8",27,17
3,"u8",32,302
3,"u8",37,146
3,"u8",42,42
3,"u8",47,8
3,"u8",52,2
3,"u9",7,7
3,"u9",12,20
3,"u9",17,37
3,"u9",22,268
3,"u9",27,386
3,"u9",32,24
3,"u9",37,13
3,"u9",42,0
3,"u9",47,2
3,"u9",52,1
3,"u10",7,0
3,"u10",12,13
3,"u10",17,1
3,"u10",22,3
3,"u10",27,39
3,"u10",32,19
3,"u10",37,16
3,"u10",42,12
3,"u10",47,5
3,"u10",52,24
4,"u1",7,4
4,"u1",12,4
4,"u1",17,26
4,"u1",22,19
4,"u1",27,21
4,"u1",32,49
4,"u1",37,12
4,"u1",42,27
4,"u1",47,16
4,"u1",52,55
4,"u2",7,0
4,"u2",12,5
4,"u2",17,3
4,"u2",22,4
4,"u2",27,17
4,"u2",32,14
4,"u2",37,47
4,"u2",42,39
4,"u2",47,81
4,"u2",52,101
4,"u3",7,2
4,"u3",12,3
4,"u3",17,1
4,"u3",22,8
4,"u3",27,59
4,"u3",32,72
4,"u3",37,48
4,"u3",42,50
4,"u3",47,0
4,"u3",52,4
4,"u4",7,4
4,"u4",12,8
4,"u4",17,56
4,"u4",22,116
4,"u4",27,95
4,"u4",32,74
4,"u4",37,31
4,"u4",42,240
4,"u4",47,141
4,"u4",52,174
4,"u5",7,1
4,"u5",12,8
4,"u5",17,4
4,"u5",22,25
4,"u5",27,84
4,"u5",32,143
4,"u5",37,144
4,"u5",42,79
4,"u5",47,21
4,"u5",52,4
4,"u6",7,1
4,"u6",12,4
4,"u6",17,38
4,"u6",22,42
4,"u6",27,14
4,"u6",32,30
4,"u6",37,33
4,"u6",42,28
4,"u6",47,26
4,"u6",52,6
4,"u7",7,3
4,"u7",12,0
4,"u7",17,4
4,"u7",22,8
4,"u7",27,26
4,"u7",32,47
4,"u7",37,12
4,"u7",42,32
4,"u7",47,44
4,"u7",52,68
4,"u8",7,2
4,"u8",12,6
4,"u8",17,8
4,"u8",22,11
4,"u8",27,9
4,"u8",32,85
4,"u8",37,105
4,"u8",42,162
4,"u8",47,73
4,"u8",52,19
4,"u9",7,1
4,"u9",12,14
4,"u9",17,12
4,"u9",22,88
4,"u9",27,28
4,"u9",32,123
4,"u9",37,22
4,"u9",42,3
4,"u9",47,1
4,"u9",52,2
4,"u10",7,2
4,"u10",12,3
4,"u10",17,12
4,"u10",22,36
4,"u10",27,68
4,"u10",32,189
4,"u10",37,140
4,"u10",42,26
4,"u10",47,167
4,"u10",52,127
5,"u1",7,1
5,"u1",12,1
5,"u1",17,24
5,"u1",22,34
5,"u1",27,72
5,"u1",32,13
5,"u1",37,2
5,"u1",42,18
5,"u1",47,4
5,"u1",52,30
5,"u2",7,8
5,"u2",12,6
5,"u2",17,7
5,"u2",22,3
5,"u2",27,3
5,"u2",32,11
5,"u2",37,23
5,"u2",42,53
5,"u2",47,20
5,"u2",52,4
5,"u3",7,0
5,"u3",12,4
5,"u3",17,21
5,"u3",22,15
5,"u3",27,32
5,"u3",32,96
5,"u3",37,66
5,"u3",42,34
5,"u3",47,9
5,"u3",52,24
5,"u4",7,3
5,"u4",12,1
5,"u4",17,6
5,"u4",22,5
5,"u4",27,1
5,"u4",32,10
5,"u4",37,29
5,"u4",42,78
5,"u4",47,64
5,"u4",52,18
5,"u5",7,10
5,"u5",12,8
5,"u5",17,23
5,"u5",22,10
5,"u5",27,14
5,"u5",32,459
5,"u5",37,129
5,"u5",42,31
5,"u5",47,80
5,"u5",52,16
5,"u6",7,3
5,"u6",12,3
5,"u6",17,2
5,"u6",22,27
5,"u6",27,129
5,"u6",32,196
5,"u6",37,122
5,"u6",42,65
5,"u6",47,31
5,"u6",52,21
5,"u7",7,1
5,"u7",12,10
5,"u7",17,36
5,"u7",22,9
5,"u7",27,11
5,"u7",32,13
5,"u7",37,198
5,"u7",42,68
5,"u7",47,224
5,"u7",52,173
5,"u8",7,1
5,"u8",12,2
5,"u8",17,9
5,"u8",22,2
5,"u8",27,34
5,"u8",32,64
5,"u8",37,107
5,"u8",42,51
5,"u8",47,26
5,"u8",52,2
5,"u9",7,4
5,"u9",12,17
5,"u9",17,16
5,"u9",22,25
5,"u9",27,76
5,"u9",32,88
5,"u9",37,36
5,"u9",42,75
5,"u9",47,85
5,"u9",52,14
5,"u10",7,5
5,"u10",12,24
5,"u10",17,3
5,"u10",22,26
5,"u10",27,63
5,"u10",32,31
5,"u10",37,27
5,"u10",42,3
5,"u10",47,9
5,"u10",52,17
6,"u1",7,1
6,"u1",12,3
6,"u1",17,5
6,"u1",22,28
6,"u1",27,38
6,"u1",32,60
6,"u1",37,129
6,"u1",42,269
6,"u1",47,106
6,"u1",52,160
6,"u2",7,1
6,"u2",12,0
6,"u2",17,4
6,"u2",22,1
6,"u2",27,5
6,"u2",32,22
6,"u2",37,13
6,"u2",42,108
6,"u2",47,44
6,"u2",52,26
6,"u3",7,2
6,"u3",12,6
6,"u3",17,34
6,"u3",22,272
6,"u3",27,324
6,"u3",32,42
6,"u3",37,344
6,"u3",42,29
6,"u3",47,118
6,"u3",52,63
6,"u4",7,1
6,"u4",12,8
6,"u4",17,14
6,"u4",22,23
6,"u4",27,8
6,"u4",32,183
6,"u4",37,118
6,"u4",42,51
6,"u4",47,19
6,"u4",52,1
6,"u5",7,0
6,"u5",12,3
6,"u5",17,1
6,"u5",22,12
6,"u5",27,41
6,"u5",32,174
6,"u5",37,282
6,"u5",42,41
6,"u5",47,8
6,"u5",52,5
6,"u6",7,2
6,"u6",12,4
6,"u6",17,14
6,"u6",22,10
6,"u6",27,16
6,"u6",32,42
6,"u6",37,38
6,"u6",42,42
6,"u6",47,68
6,"u6",52,5
6,"u7",7,4
6,"u7",12,7
6,"u7",17,9
6,"u7",22,17
6,"u7",27,27
6,"u7",32,42
6,"u7",37,61
6,"u7",42,217
6,"u7",47,172
6,"u7",52,34
6,"u8",7,4
6,"u8",12,19
6,"u8",17,8
6,"u8",22,3
6,"u8",27,2
6,"u8",32,2
6,"u8",37,1
6,"u8",42,10
6,"u8",47,20
6,"u8",52,27
6,"u9",7,0
6,"u9",12,2
6,"u9",17,12
6,"u9",22,28
6,"u9",27,29
6,"u9",32,20
6,"u9",37,13
6,"u9",42,16
6,"u9",47,35
6,"u9",52,10
6,"u10",7,5
6,"u10",12,1
6,"u10",17,2
6,"u10",22,6
6,"u10",27,34
6,"u10",32,4
6,"u10",37,79
6,"u10",42,87
6,"u10",47,33
6,"u10",52,53
7,"u1",7,8
7,"u1",12,15
7,"u1",17,46
7,"u1",22,54
7,"u1",27,36
7,"u1",32,218
7,"u1",37,39
7,"u1",42,32
7,"u1",47,7
7,"u1",52,5
7,"u2",7,1
7,"u2",12,5
7,"u2",17,0
7,"u2",22,45
7,"u2",27,52
7,"u2",32,87
7,"u2",37,25
7,"u2",42,7
7,"u2",47,3
7,"u2",52,4
7,"u3",7,3
7,"u3",12,15
7,"u3",17,13
7,"u3",22,8
7,"u3",27,36
7,"u3",32,21
7,"u3",37,18
7,"u3",42,208
7,"u3",47,229
7,"u3",52,46
7,"u4",7,7
7,"u4",12,0
7,"u4",17,1
7,"u4",22,18
7,"u4",27,0
7,"u4",32,7
7,"u4",37,1
7,"u4",42,6
7,"u4",47,0
7,"u4",52,49
7,"u5",7,3
7,"u5",12,5
7,"u5",17,5
7,"u5",22,8
7,"u5",27,91
7,"u5",32,42
7,"u5",37,19
7,"u5",42,11
7,"u5",47,20
7,"u5",52,11
7,"u6",7,1
7,"u6",12,1
7,"u6",17,17
7,"u6",22,6
7,"u6",27,43
7,"u6",32,14
7,"u6",37,22
7,"u6",42,10
7,"u6",47,63
7,"u6",52,73
7,"u7",7,1
7,"u7",12,1
7,"u7",17,1
7,"u7",22,24
7,"u7",27,6
7,"u7",32,35
7,"u7",37,50
7,"u7",42,67
7,"u7",47,30
7,"u7",52,6
7,"u8",7,13
7,"u8",12,11
7,"u8",17,95
7,"u8",22,32
7,"u8",27,4
7,"u8",32,34
7,"u8",37,57
7,"u8",42,66
7,"u8",47,45
7,"u8",52,19
7,"u9",7,0
7,"u9",12,1
7,"u9",17,36
7,"u9",22,49
7,"u9",27,55
7,"u9",32,69
7,"u9",37,54
7,"u9",42,19
7,"u9",47,18
7,"u9",52,8
7,"u10",7,4
7,"u10",12,17
7,"u10",17,29
7,"u10",22,28
7,"u10",27,108
7,"u10",32,34
7,"u10",37,16
7,"u10",42,23
7,"u10",47,27
7,"u10",52,42
8,"u1",7,0
8,"u1",12,17
8,"u1",17,18
8,"u1",22,80
8,"u1",27,401
8,"u1",32,40
8,"u1",37,9
8,"u1",42,36
8,"u1",47,20
8,"u1",52,6
8,"u2",7,5
8,"u2",12,9
8,"u2",17,22
8,"u2",22,21
8,"u2",27,34
8,"u2",32,129
8,"u2",37,107
8,"u2",42,133
8,"u2",47,8
8,"u2",52,18
8,"u3",7,2
8,"u3",12,1
8,"u3",17,6
8,"u3",22,18
8,"u3",27,23
8,"u3",32,27
8,"u3",37,26
8,"u3",42,5
8,"u3",47,20
8,"u3",52,11
8,"u4",7,16
8,"u4",12,10
8,"u4",17,8
8,"u4",22,12
8,"u4",27,20
8,"u4",32,35
8,"u4",37,97
8,"u4",42,6
8,"u4",47,5
8,"u4",52,6
8,"u5",7,7
8,"u5",12,15
8,"u5",17,121
8,"u5",22,119
8,"u5",27,91
8,"u5",32,26
8,"u5",37,11
8,"u5",42,29
8,"u5",47,0
8,"u5",52,7
8,"u6",7,0
8,"u6",12,6
8,"u6",17,6
8,"u6",22,19
8,"u6",27,3
8,"u6",32,18
8,"u6",37,24
8,"u6",42,6
8,"u6",47,8
8,"u6",52,9
8,"u7",7,0
8,"u7",12,2
8,"u7",17,8
8,"u7",22,9
8,"u7",27,14
8,"u7",32,99
8,"u7",37,94
8,"u7",42,18
8,"u7",47,136
8,"u7",52,163
8,"u8",7,7
8,"u8",12,24
8,"u8",17,22
8,"u8",22,23
8,"u8",27,17
8,"u8",32,6
8,"u8",37,7
8,"u8",42,24
8,"u8",47,17
8,"u8",52,52
8,"u9",7,5
8,"u9",12,6
8,"u9",17,6
8,"u9",22,18
8,"u9",27,38
8,"u9",32,71
8,"u9",37,65
8,"u9",42,62
8,"u9",47,42
8,"u9",52,62
8,"u10",7,2
8,"u10",12,4
8,"u10",17,4
8,"u10",22,19
8,"u10",27,5
8,"u10",32,17
8,"u10",37,107
8,"u10",42,62
8,"u10",47,8
8,"u10",52,66
9,"u1",7,0
9,"u1",12,3
9,"u1",17,11
9,"u1",22,102
9,"u1",27,43
9,"u1",32,120
9,"u1",37,16
9,"u1",42,74
9,"u1",47,19
9,"u1",52,6
9,"u2",7,1
9,"u2",12,1
9,"u2",17,1
9,"u2",22,10
9,"u2",27,7
9,"u2",32,27
9,"u2",37,108
9,"u2",42,84
9,"u2",47,120
9,"u2",52,30
9,"u3",7,0
9,"u3",12,6
9,"u3",17,22
9,"u3",22,22
9,"u3",27,69
9,"u3",32,53
9,"u3",37,21
9,"u3",42,12
9,"u3",47,1
9,"u3",52,1
9,"u4",7,3
9,"u4",12,58
9,"u4",17,55
9,"u4",22,55
9,"u4",27,56
9,"u4",32,53
9,"u4",37,26
9,"u4",42,16
9,"u4",47,17
9,"u4",52,9
9,"u5",7,5
9,"u5",12,9
9,"u5",17,7
9,"u5",22,168
9,"u5",27,57
9,"u5",32,111
9,"u5",37,23
9,"u5",42,27
9,"u5",47,14
9,"u5",52,16
9,"u6",7,7
9,"u6",12,21
9,"u6",17,42
9,"u6",22,65
9,"u6",27,59
9,"u6",32,15
9,"u6",37,19
9,"u6",42,36
9,"u6",47,237
9,"u6",52,68
9,"u7",7,19
9,"u7",12,101
9,"u7",17,185
9,"u7",22,184
9,"u7",27,24
9,"u7",32,8
9,"u7",37,70
9,"u7",42,12
9,"u7",47,9
9,"u7",52,4
9,"u8",7,8
9,"u8",12,18
9,"u8",17,4
9,"u8",22,15
9,"u8",27,100
9,"u8",32,38
9,"u8",37,5
9,"u8",42,24
9,"u8",47,16
9,"u8",52,20
9,"u9",7,1
9,"u9",12,8
9,"u9",17,18
9,"u9",22,12
9,"u9",27,17
9,"u9",32,3
9,"u9",37,9
9,"u9",42,8
9,"u9",47,2
9,"u9",52,33
9,"u10",7,0
9,"u10",12,2
9,"u10",17,4
9,"u10",22,0
9,"u10",27,1
9,"u10",32,12
9,"u10",37,12
9,"u10",42,12
9,"u10",47,17
9,"u10",52,22
10,"u1",7,3
10,"u1",12,10
10,"u1",17,24
10,"u1",22,24
10,"u1",27,5
10,"u1",32,45
10,"u1",37,5
10,"u1",42,5
10,"u1",47,13
10,"u1",52,13
10,"u2",7,2
10,"u2",12,4
10,"u2",17,14
10,"u2",22,6
10,"u2",27,26
10,"u2",32,43
10,"u2",37,48
10,"u2",42,55
10,"u2",47,28
10,"u2",52,12
10,"u3",7,1
10,"u3",12,0
10,"u3",17,1
10,"u3",22,8
10,"u3",27,27
10,"u3",32,33
10,"u3",37,18
10,"u3",42,168
10,"u3",47,5
10,"u3",52,43
10,"u4",7,1
10,"u4",12,2
10,"u4",17,6
10,"u4",22,6
10,"u4",27,127
10,"u4",32,102
10,"u4",37,106
10,"u4",42,12
10,"u4",47,8
10,"u4",52,33
10,"u5",7,1
10,"u5",12,11
10,"u5",17,10
10,"u5",22,12
10,"u5",27,22
10,"u5",32,34
10,"u5",37,69
10,"u5",42,62
10,"u5",47,37
10,"u5",52,24
10,"u6",7,6
10,"u6",12,63
10,"u6",17,40
10,"u6",22,22
10,"u6",27,25
10,"u6",32,60
10,"u6",37,16
10,"u6",42,48
10,"u6",47,15
10,"u6",52,77
10,"u7",7,9
10,"u7",12,19
10,"u7",17,42
10,"u7",22,35
10,"u7",27,88
10,"u7",32,89
10,"u7",37,30
10,"u7",42,15
10,"u7",47,44
10,"u7",52,11
10,"u8",7,3
10,"u8",12,2
10,"u8",17,27
10,"u8",22,49
10,"u8",27,99
10,"u8",32,67
10,"u8",37,26
10,"u8",42,28
10,"u8",47,29
10,"u8",52,71
10,"u9",7,2
10,"u9",12,3
10,"u9",17,26
10,"u9",22,4
10,"u9",27,3
10,"u9",32,7
10,"u9",37,18
10,"u9",42,25
10,"u9",47,20
10,"u9",52,95
10,"u10",7,0
10,"u10",12,0
10,"u10",17,7
10,"u10",22,6
10,"u10",27,40
10,"u10",32,35
10,"u10",37,11
10,"u10",42,7
10,"u10",47,29
10,"u10",52,11
11,"u1",7,3
11,"u1",12,3
11,"u1",17,22
11,"u1",22,78
11,"u1",27,13
11,"u1",32,37
11,"u1",37,18
11,"u1",42,9
11,"u1",47,38
11,"u1",52,18
11,"u2",7,0
11,"u2",12,0
11,"u2",17,4
11,"u2",22,1
11,"u2",27,17
11,"u2",32,134
11,"u2",37,135
11,"u2",42,95
11,"u2",47,29
11,"u2",52,8
11,"u3",7,2
11,"u3",12,5
11,"u3",17,27
11,"u3",22,47
11,"u3",27,76
11,"u3",32,64
11,"u3",37,7
11,"u3",42,37
11,"u3",47,8
11,"u3",52,9
11,"u4",7,0
11,"u4",12,1
11,"u4",17,48
11,"u4",22,108
11,"u4",27,274
11,"u4",32,323
11,"u4",37,56
11,"u4",42,37
11,"u4",47,9
11,"u4",52,15
11,"u5",7,1
11,"u5",12,5
11,"u5",17,51
11,"u5",22,2
11,"u5",27,30
11,"u5",32,17
11,"u5",37,8
11,"u5",42,2
11,"u5",47,13
11,"u5",52,58
11,"u6",7,1
11,"u6",12,4
11,"u6",17,33
11,"u6",22,31
11,"u6",27,69
11,"u6",32,119
11,"u6",37,76
11,"u6",42,7
11,"u6",47,13
11,"u6",52,9
11,"u7",7,0
11,"u7",12,10
11,"u7",17,12
11,"u7",22,12
11,"u7",27,5
11,"u7",32,6
11,"u7",37,27
11,"u7",42,11
11,"u7",47,1
11,"u7",52,35
11,"u8",7,7
11,"u8",12,6
11,"u8",17,37
11,"u8",22,71
11,"u8",27,28
11,"u8",32,45
11,"u8",37,59
11,"u8",42,112
11,"u8",47,63
11,"u8",52,70
11,"u9",7,4
11,"u9",12,4
11,"u9",17,31
11,"u9",22,7
11,"u9",27,155
11,"u9",32,8
11,"u9",37,40
11,"u9",42,107
11,"u9",47,132
11,"u9",52,43
11,"u10",7,2
11,"u10",12,6
11,"u10",17,8
11,"u10",22,28
11,"u10",27,25
11,"u10",32,19
11,"u10",37,15
11,"u10",42,77
11,"u10",47,62
11,"u10",52,10
12,"u1",7,1
12,"u1",12,0
12,"u1",17,4
12,"u1",22,13
12,"u1",27,18
12,"u1",32,74
12,"u1",37,90
12,"u1",42,41
12,"u1",47,17
12,"u1",52,38
12,"u2",7,10
12,"u2",12,4
12,"u2",17,12
12,"u2",22,16
12,"u2",27,56
12,"u2",32,25
12,"u2",37,29
12,"u2",42,56
12,"u2",47,19
12,"u2",52,49
12,"u3",7,1
12,"u3",12,2
12,"u3",17,21
12,"u3",22,24
12,"u3",27,62
12,"u3",32,52
12,"u3",37,72
12,"u3",42,44
12,"u3",47,12
12,"u3",52,12
12,"u4",7,3
12,"u4",12,8
12,"u4",17,26
12,"u4",22,4
12,"u4",27,141
12,"u4",32,66
12,"u4",37,102
12,"u4",42,66
12,"u4",47,171
12,"u4",52,79
12,"u5",7,3
12,"u5",12,20
12,"u5",17,25
12,"u5",22,79
12,"u5",27,23
12,"u5",32,6
12,"u5",37,98
12,"u5",42,82
12,"u5",47,29
12,"u5",52,27
12,"u6",7,5
12,"u6",12,2
12,"u6",17,6
12,"u6",22,23
12,"u6",27,22
12,"u6",32,17
12,"u6",37,23
12,"u6",42,48
12,"u6",47,40
12,"u6",52,114
12,"u7",7,7
12,"u7",12,2
12,"u7",17,26
12,"u7",22,51
12,"u7",27,177
12,"u7",32,32
12,"u7",37,12
12,"u7",42,1
12,"u7",47,2
12,"u7",52,13
12,"u8",7,4
12,"u8",12,1
12,"u8",17,0
12,"u8",22,0
12,"u8",27,0
12,"u8",32,8
12,"u8",37,21
12,"u8",42,6
12,"u8",47,205
12,"u8",52,39
12,"u9",7,0
12,"u9",12,4
12,"u9",17,44
12,"u9",22,42
12,"u9",27,147
12,"u9",32,152
12,"u9",37,18
12,"u9",42,21
12,"u9",47,8
12,"u9",52,37
12,"u10",7,4
12,"u10",12,22
12,"u10",17,27
12,"u10",22,143
12,"u10",27,43
12,"u10",32,17
12,"u10",37,7
12,"u10",42,40
12,"u10",47,30
12,"u10",52,34
13,"u1",7,5
13,"u1",12,2
13,"u1",17,6
13,"u1",22,5
13,"u1",27,25
13,"u1",32,80
13,"u1",37,53
13,"u1",42,109
13,"u1",47,52
13,"u1",52,44
13,"u2",7,1
13,"u2",12,16
13,"u2",17,60
13,"u2",22,47
13,"u2",27,105
13,"u2",32,21
13,"u2",37,11
13,"u2",42,29
13,"u2",47,4
13,"u2",52,6
13,"u3",7,5
13,"u3",12,8
13,"u3",17,50
13,"u3",22,40
13,"u3",27,39
13,"u3",32,25
13,"u3",37,91
13,"u3",42,70
13,"u3",47,74
13,"u3",52,9
13,"u4",7,1
13,"u4",12,3
13,"u4",17,8
13,"u4",22,9
13,"u4",27,22
13,"u4",32,20
13,"u4",37,88
13,"u4",42,233
13,"u4",47,154
13,"u4",52,11
13,"u5",7,1
13,"u5",12,7
13,"u5",17,31
13,"u5",22,74
13,"u5",27,68
13,"u5",32,3
13,"u5",37,34
13,"u5",42,127
13,"u5",47,11
13,"u5",52,18
13,"u6",7,3
13,"u6",12,0
13,"u6",17,23
13,"u6",22,22
13,"u6",27,52
13,"u6",32,76
13,"u6",37,113
13,"u6",42,44
13,"u6",47,61
13,"u6",52,4
13,"u7",7,6
13,"u7",12,12
13,"u7",17,12
13,"u7",22,38
13,"u7",27,101
13,"u7",32,138
13,"u7",37,20
13,"u7",42,74
13,"u7",47,46
13,"u7",52,46
13,"u8",7,2
13,"u8",12,11
13,"u8",17,8
13,"u8",22,14
13,"u8",27,48
13,"u8",32,28
13,"u8",37,130
13,"u8",42,63
13,"u8",47,90
13,"u8",52,144
13,"u9",7,0
13,"u9",12,0
13,"u9",17,6
13,"u9",22,14
13,"u9",27,91
13,"u9",32,141
13,"u9",37,53
13,"u9",42,51
13,"u9",47,11
13,"u9",52,6
13,"u10",7,2
13,"u10",12,3
13,"u10",17,42
13,"u10",22,2
13,"u10",27,32
13,"u10",32,35
13,"u10",37,70
13,"u10",42,166
13,"u10",47,46
13,"u10",52,47
14,"u1",7,1
14,"u1",12,4
14,"u1",17,5
14,"u1",22,48
14,"u1",27,11
14,"u1",32,81
14,"u1",37,139
14,"u1",42,94
14,"u1",47,29
14,"u1",52,45
14,"u2",7,4
14,"u2",12,10
14,"u2",17,19
14,"u2",22,75
14,"u2",27,104
14,"u2",32,107
14,"u2",37,176
14,"u2",42,82
14,"u2",47,24
14,"u2",52,2
14,"u3",7,1
14,"u3",12,28
14,"u3",17,22
14,"u3",22,51
14,"u3",27,30
14,"u3",32,8
14,"u3",37,11
14,"u3",42,8
14,"u3",47,2
14,"u3",52,3
14,"u4",7,5
14,"u4",12,27
14,"u4",17,11
14,"u4",22,11
14,"u4",27,27
14,"u4",32,2
14,"u4",37,14
14,"u4",42,49
14,"u4",47,14
14,"u4",52,34
14,"u5",7,14
14,"u5",12,10
14,"u5",17,7
14,"u5",22,9
14,"u5",27,60
14,"u5",32,28
14,"u5",37,24
14,"u5",42,22
14,"u5",47,4
14,"u5",52,5
14,"u6",7,0
14,"u6",12,0
14,"u6",17,11
14,"u6",22,13
14,"u6",27,93
14,"u6",32,29
14,"u6",37,4
14,"u6",42,51
14,"u6",47,104
14,"u6",52,24
14,"u7",7,4
14,"u7",12,0
14,"u7",17,14
14,"u7",22,6
14,"u7",27,26
14,"u7",32,1
14,"u7",37,21
14,"u7",42,135
14,"u7",47,3
14,"u7",52,5
14,"u8",7,6
14,"u8",12,7
14,"u8",17,22
14,"u8",22,28
14,"u8",27,27
14,"u8",32,44
14,"u8",37,53
14,"u8",42,7
14,"u8",47,14
14,"u8",52,70
14,"u9",7,4
14,"u9",12,15
14,"u9",17,22
14,"u9",22,15
14,"u9",27,39
14,"u9",32,27
14,"u9",37,109
14,"u9",42,27
14,"u9",47,96
14,"u9",52,21
14,"u10",7,2
14,"u10",12,33
14,"u10",17,14
14,"u10",22,15
14,"u10",27,113
14,"u10",32,64
14,"u10",37,55
14,"u10",42,15
14,"u10",47,59
14,"u10",52,31
15,"u1",7,1
15,"u1",12,4
15,"u1",17,12
15,"u1",22,10
15,"u1",27,14
15,"u1",32,134
15,"u1",37,368
15,"u1",42,36
15,"u1",47,23
15,"u1",52,14
15,"u2",7,2
15,"u2",12,7
15,"u2",17,25
15,"u2",22,53
15,"u2",27,28
15,"u2",32,10
15,"u2",37,37
15,"u2",42,6
15,"u2",47,22
15,"u2",52,42
15,"u3",7,1
15,"u3",12,6
15,"u3",17,11
15,"u3",22,23
15,"u3",27,24
15,"u3",32,75
15,"u3",37,25
15,"u3",42,52
15,"u3",47,26
15,"u3",52,31
15,"u4",7,14
15,"u4",12,10
15,"u4",17,66
15,"u4",22,112
15,"u4",27,113
15,"u4",32,18
15,"u4",37,39
15,"u4",42,12
15,"u4",47,2
15,"u4",52,2
15,"u5",7,4
15,"u5",12,3
15,"u5",17,0
15,"u5",22,9
15,"u5",27,15
15,"u5",32,24
15,"u5",37,4
15,"u5",42,23
15,"u5",47,3
15,"u5",52,17
15,"u6",7,1
15,"u6",12,3
15,"u6",17,16
15,"u6",22,25
15,"u6",27,44
15,"u6",32,34
15,"u6",37,48
15,"u6",42,16
15,"u6",47,42
15,"u6",52,30
15,"u7",7,1
15,"u7",12,6
15,"u7",17,5
15,"u7",22,30
15,"u7",27,45
15,"u7",32,242
15,"u7",37,108
15,"u7",42,87
15,"u7",47,46
15,"u7",52,20
15,"u8",7,2
15,"u8",12,4
15,"u8",17,106
15,"u8",22,51
15,"u8",27,59
15,"u8",32,151
15,"u8",37,8
15,"u8",42,22
15,"u8",47,1
15,"u8",52,8
15,"u9",7,3
15,"u9",12,6
15,"u9",17,35
15,"u9",22,47
15,"u9",27,36
15,"u9",32,39
15,"u9",37,98
15,"u9",42,11
15,"u9",47,4
15,"u9",52,10
15,"u10",7,6
15,"u10",12,6
15,"u10",17,34
15,"u10",22,49
15,"u10",27,33
15,"u10",32,50
15,"u10",37,6
15,"u10",42,8
15,"u10",47,1
15,"u10",52,2
16,"u1",7,3
16,"u1",12,11
16,"u1",17,21
16,"u1",22,55
16,"u1",27,30
16,"u1",32,109
16,"u1",37,32
16,"u1",42,7
16,"u1",47,50
16,"u1",52,7
16,"u2",7,3
16,"u2",12,0
16,"u2",17,9
16,"u2",22,34
16,"u2",27,41
16,"u2",32,194
16,"u2",37,279
16,"u2",42,27
16,"u2",47,11
16,"u2",52,5
16,"u3",7,6
16,"u3",12,15
16,"u3",17,49
16,"u3",22,109
16,"u3",27,69
16,"u3",32,144
16,"u3",37,250
16,"u3",42,72
16,"u3",47,58
16,"u3",52,28
16,"u4",7,0
16,"u4",12,0
16,"u4",17,25
16,"u4",22,20
16,"u4",27,20
16,"u4",32,19
16,"u4",37,10
16,"u4",42,9
16,"u4",47,11
16,"u4",52,3
16,"u5",7,1
16,"u5",12,5
16,"u5",17,4
16,"u5",22,13
16,"u5",27,79
16,"u5",32,7
16,"u5",37,7
16,"u5",42,2
16,"u5",47,10
16,"u5",52,8
16,"u6",7,1
16,"u6",12,5
16,"u6",17,0
16,"u6",22,12
16,"u6",27,110
16,"u6",32,41
16,"u6",37,45
16,"u6",42,30
16,"u6",47,47
16,"u6",52,106
16,"u7",7,1
16,"u7",12,1
16,"u7",17,21
16,"u7",22,36
16,"u7",27,24
16,"u7",32,55
16,"u7",37,97
16,"u7",42,51
16,"u7",47,95
16,"u7",52,3
16,"u8",7,8
16,"u8",12,2
16,"u8",17,35
16,"u8",22,108
16,"u8",27,4
16,"u8",32,6
16,"u8",37,5
16,"u8",42,2
16,"u8",47,1
16,"u8",52,1
16,"u9",7,2
16,"u9",12,1
16,"u9",17,9
16,"u9",22,13
16,"u9",27,10
16,"u9",32,109
16,"u9",37,136
16,"u9",42,102
16,"u9",47,52
16,"u9",52,140
16,"u10",7,1
16,"u10",12,19
16,"u10",17,32
16,"u10",22,19
16,"u10",27,50
16,"u10",32,28
16,"u10",37,40
16,"u10",42,33
16,"u10",47,34
16,"u10",52,11
17,"u1",7,6
17,"u1",12,4
17,"u1",17,1
17,"u1",22,3
17,"u1",27,22
17,"u1",32,21
17,"u1",37,25
17,"u1",42,25
17,"u1",47,19
17,"u1",52,3
17,"u2",7,7
17,"u2",12,1
17,"u2",17,3
17,"u2",22,6
17,"u2",27,5
17,"u2",32,5
17,"u2",37,397
17,"u2",42,92
17,"u2",47,66
17,"u2",52,25
17,"u3",7,4
17,"u3",12,2
17,"u3",17,49
17,"u3",22,227
17,"u3",27,118
17,"u3",32,15
17,"u3",37,28
17,"u3",42,9
17,"u3",47,5
17,"u3",52,5
17,"u4",7,0
17,"u4",12,1
17,"u4",17,6
17,"u4",22,18
17,"u4",27,41
17,"u4",32,59
17,"u4",37,133
17,"u4",42,52
17,"u4",47,15
17,"u4",52,6
17,"u5",7,4
17,"u5",12,3
17,"u5",17,13
17,"u5",22,34
17,"u5",27,73
17,"u5",32,408
17,"u5",37,190
17,"u5",42,339
17,"u5",47,16
17,"u5",52,11
17,"u6",7,6
17,"u6",12,0
17,"u6",17,10
17,"u6",22,40
17,"u6",27,12
17,"u6",32,87
17,"u6",37,12
17,"u6",42,9
17,"u6",47,7
17,"u6",52,15
17,"u7",7,2
17,"u7",12,8
17,"u7",17,77
17,"u7",22,174
17,"u7",27,217
17,"u7",32,17
17,"u7",37,16
17,"u7",42,28
17,"u7",47,16
17,"u7",52,5
17,"u8",7,1
17,"u8",12,5
17,"u8",17,5
17,"u8",22,44
17,"u8",27,6
17,"u8",32,29
17,"u8",37,11
17,"u8",42,95
17,"u8",47,2
17,"u8",52,38
17,"u9",7,10
17,"u9",12,17
17,"u9",17,2
17,"u9",22,28
17,"u9",27,109
17,"u9",32,43
17,"u9",37,113
17,"u9",42,59
17,"u9",47,25
17,"u9",52,26
17,"u10",7,0
17,"u10",12,2
17,"u10",17,12
17,"u10",22,5
17,"u10",27,46
17,"u10",32,81
17,"u10",37,377
17,"u10",42,7
17,"u10",47,23
17,"u10",52,15
18,"u1",7,5
18,"u1",12,2
18,"u1",17,9
18,"u1",22,5
18,"u1",27,12
18,"u1",32,6
18,"u1",37,30
18,"u1",42,16
18,"u1",47,23
18,"u1",52,24
18,"u2",7,1
18,"u2",12,2
18,"u2",17,3
18,"u2",22,9
18,"u2",27,29
18,"u2",32,8
18,"u2",37,34
18,"u2",42,62
18,"u2",47,44
18,"u2",52,236
18,"u3",7,3
18,"u3",12,19
18,"u3",17,11
18,"u3",22,24
18,"u3",27,66
18,"u3",32,14
18,"u3",37,101
18,"u3",42,27
18,"u3",47,21
18,"u3",52,11
18,"u4",7,9
18,"u4",12,4
18,"u4",17,13
18,"u4",22,29
18,"u4",27,15
18,"u4",32,52
18,"u4",37,94
18,"u4",42,112
18,"u4",47,14
18,"u4",52,81
18,"u5",7,4
18,"u5",12,0
18,"u5",17,12
18,"u5",22,44
18,"u5",27,101
18,"u5",32,149
18,"u5",37,162
18,"u5",42,81
18,"u5",47,33
18,"u5",52,20
18,"u6",7,1
18,"u6",12,43
18,"u6",17,168
18,"u6",22,69
18,"u6",27,55
18,"u6",32,194
18,"u6",37,22
18,"u6",42,7
18,"u6",47,47
18,"u6",52,7
18,"u7",7,3
18,"u7",12,0
18,"u7",17,1
18,"u7",22,9
18,"u7",27,9
18,"u7",32,34
18,"u7",37,12
18,"u7",42,19
18,"u7",47,38
18,"u7",52,79
18,"u8",7,1
18,"u8",12,14
18,"u8",17,11
18,"u8",22,61
18,"u8",27,30
18,"u8",32,70
18,"u8",37,100
18,"u8",42,14
18,"u8",47,17
18,"u8",52,7
18,"u9",7,2
18,"u9",12,1
18,"u9",17,10
18,"u9",22,59
18,"u9",27,24
18,"u9",32,147
18,"u9",37,125
18,"u9",42,79
18,"u9",47,25
18,"u9",52,14
18,"u10",7,2
18,"u10",12,2
18,"u10",17,22
18,"u10",22,38
18,"u10",27,28
18,"u10",32,16
18,"u10",37,8
18,"u10",42,8
18,"u10",47,28
18,"u10",52,95
19,"u1",7,6
19,"u1",12,12
19,"u1",17,0
19,"u1",22,12
19,"u1",27,87
19,"u1",32,22
19,"u1",37,4
19,"u1",42,3
19,"u1",47,61
19,"u1",52,6
19,"u2",7,5
19,"u2",12,7
19,"u2",17,9
19,"u2",22,25
19,"u2",27,95
19,"u2",32,122
19,"u2",37,35
19,"u2",42,43
19,"u2",47,107
19,"u2",52,21
19,"u3",7,1
19,"u3",12,12
19,"u3",17,36
19,"u3",22,4
19,"u3",27,275
19,"u3",32,148
19,"u3",37,7
19,"u3",42,5
19,"u3",47,0
19,"u3",52,4
19,"u4",7,1
19,"u4",12,3
19,"u4",17,29
19,"u4",22,7
19,"u4",27,24
19,"u4",32,51
19,"u4",37,31
19,"u4",42,442
19,"u4",47,102
19,"u4",52,59
19,"u5",7,2
19,"u5",12,2
19,"u5",17,16
19,"u5",22,23
19,"u5",27,93
19,"u5",32,114
19,"u5",37,43
19,"u5",42,81
19,"u5",47,67
19,"u5",52,39
19,"u6",7,1
19,"u6",12,3
19,"u6",17,3
19,"u6",22,31
19,"u6",27,56
19,"u6",32,33
19,"u6",37,31
19,"u6",42,10
19,"u6",47,12
19,"u6",52,48
19,"u7",7,8
19,"u7",12,11
19,"u7",17,4
19,"u7",22,45
19,"u7",27,63
19,"u7",32,106
19,"u7",37,70
19,"u7",42,58
19,"u7",47,24
19,"u7",52,44
19,"u8",7,2
19,"u8",12,1
19,"u8",17,4
19,"u8",22,0
19,"u8",27,17
19,"u8",32,38
19,"u8",37,53
19,"u8",42,51
19,"u8",47,12
19,"u8",52,13
19,"u9",7,5
19,"u9",12,12
19,"u9",17,72
19,"u9",22,211
19,"u9",27,348
19,"u9",32,67
19,"u9",37,12
19,"u9",42,13
19,"u9",47,11
19,"u9",52,8
19,"u10",7,2
19,"u10",12,6
19,"u10",17,29
19,"u10",22,59
19,"u10",27,53
19,"u10",32,39
19,"u10",37,95
19,"u10",42,46
19,"u10",47,9
19,"u10",52,14
20,"u1",7,6
20,"u1",12,0
20,"u1",17,15
20,"u1",22,74
20,"u1",27,39
20,"u1",32,63
20,"u1",37,39
20,"u1",42,27
20,"u1",47,57
20,"u1",52,69
20,"u2",7,6
20,"u2",12,30
20,"u2",17,64
20,"u2",22,77
20,"u2",27,69
20,"u2",32,172
20,"u2",37,58
20,"u2",42,86
20,"u2",47,12
20,"u2",52,12
20,"u3",7,2
20,"u3",12,11
20,"u3",17,22
20,"u3",22,16
20,"u3",27,10
20,"u3",32,65
20,"u3",37,19
20,"u3",42,19
20,"u3",47,90
20,"u3",52,37
20,"u4",7,5
20,"u4",12,4
20,"u4",17,7
20,"u4",22,20
20,"u4",27,25
20,"u4",32,43
20,"u4",37,82
20,"u4",42,74
20,"u4",47,222
20,"u4",52,61
20,"u5",7,6
20,"u5",12,3
20,"u5",17,0
20,"u5",22,16
20,"u5",27,11
20,"u5",32,30
20,"u5",37,16
20,"u5",42,14
20,"u5",47,11
20,"u5",52,83
20,"u6",7,2
20,"u6",12,2
20,"u6",17,9
20,"u6",22,19
20,"u6",27,13
20,"u6",32,19
20,"u6",37,48
20,"u6",42,37
20,"u6",47,14
20,"u6",52,4
20,"u7",7,1
20,"u7",12,9
20,"u7",17,10
20,"u7",22,6
20,"u7",27,8
20,"u7",32,95
20,"u7",37,236
20,"u7",42,80
20,"u7",47,39
20,"u7",52,24
20,"u8",7,0
20,"u8",12,4
20,"u8",17,9
20,"u8",22,76
20,"u8",27,19
20,"u8",32,19
20,"u8",37,12
20,"u8",42,21
20,"u8",47,37
20,"u8",52,79
20,"u9",7,3
20,"u9",12,6
20,"u9",17,6
20,"u9",22,71
20,"u9",27,38
20,"u9",32,17
20,"u9",37,10
20,"u9",42,7
20,"u9",47,1
20,"u9",52,1
20,"u10",7,1
20,"u10",12,7
20,"u10",17,21
20,"u10",22,143
20,"u10",27,314
20,"u10",32,58
20,"u10",37,101
20,"u10",42,44
20,"u10",47,11
20,"u10",52,7
21,"u1",7,4
21,"u1",12,9
21,"u1",17,2
21,"u1",22,12
21,"u1",27,20
21,"u1",32,102
21,"u1",37,95
21,"u1",42,41
21,"u1",47,8
21,"u1",52,21
21,"u2",7,4
21,"u2",12,7
21,"u2",17,44
21,"u2",22,185
21,"u2",27,36
21,"u2",32,35
21,"u2",37,41
21,"u2",42,9
21,"u2",47,13
21,"u2",52,30
21,"u3",7,1
21,"u3",12,11
21,"u3",17,34
21,"u3",22,22
21,"u3",27,76
21,"u3",32,75
21,"u3",37,35
21,"u3",42,42
21,"u3",47,37
21,"u3",52,6
21,"u4",7,4
21,"u4",12,13
21,"u4",17,63
21,"u4",22,10
21,"u4",27,89
21,"u4",32,28
21,"u4",37,170
21,"u4",42,110
21,"u4",47,14
21,"u4",52,16
21,"u5",7,6
21,"u5",12,34
21,"u5",17,167
21,"u5",22,241
21,"u5",27,243
21,"u5",32,212
21,"u5",37,199
21,"u5",42,24
21,"u5",47,2
21,"u5",52,0
21,"u6",7,7
21,"u6",12,5
21,"u6",17,14
21,"u6",22,10
21,"u6",27,17
21,"u6",32,11
21,"u6",37,4
21,"u6",42,34
21,"u6",47,32
21,"u6",52,1
21,"u7",7,1
21,"u7",12,4
21,"u7",17,7
21,"u7",22,11
21,"u7",27,96
21,"u7",32,76
21,"u7",37,105
21,"u7",42,27
21,"u7",47,11
21,"u7",52,21
21,"u8",7,2
21,"u8",12,13
21,"u8",17,34
21,"u8",22,117
21,"u8",27,33
21,"u8",32,54
21,"u8",37,129
21,"u8",42,33
21,"u8",47,6
21,"u8",52,8
21,"u9",7,2
21,"u9",12,2
21,"u9",17,18
21,"u9",22,12
21,"u9",27,38
21,"u9",32,55
21,"u9",37,32
21,"u9",42,21
21,"u9",47,20
21,"u9",52,63
21,"u10",7,3
21,"u10",12,6
21,"u10",17,4
21,"u10",22,8
21,"u10",27,15
21,"u10",32,35
21,"u10",37,14
21,"u10",42,90
21,"u10",47,27
21,"u10",52,226
22,"u1",7,4
22,"u1",12,1
22,"u1",17,15
22,"u1",22,66
22,"u1",27,190
22,"u1",32,56
22,"u1",37,95
22,"u1",42,116
22,"u1",47,2
22,"u1",52,7
22,"u2",7,3
22,"u2",12,7
22,"u2",17,13
22,"u2",22,41
22,"u2",27,130
22,"u2",32,159
22,"u2",37,95
22,"u2",42,59
22,"u2",47,21
22,"u2",52,25
22,"u3",7,2
22,"u3",12,7
22,"u3",17,13
22,"u3",22,53
22,"u3",27,53
22,"u3",32,133
22,"u3",37,5
22,"u3",42,20
22,"u3",47,9
22,"u3",52,6
22,"u4",7,2
22,"u4",12,8
22,"u4",17,4
22,"u4",22,6
22,"u4",27,22
22,"u4",32,38
22,"u4",37,90
22,"u4",42,14
22,"u4",47,9
22,"u4",52,5
22,"u5",7,9
22,"u5",12,37
22,"u5",17,45
22,"u5",22,113
22,"u5",27,109
22,"u5",32,57
22,"u5",37,17
22,"u5",42,48
22,"u5",47,23
22,"u5",52,4
22,"u6",7,8
22,"u6",12,10
22,"u6",17,42
22,"u6",22,207
22,"u6",27,102
22,"u6",32,6
22,"u6",37,4
22,"u6",42,6
22,"u6",47,3
22,"u6",52,8
22,"u7",7,8
22,"u7",12,2
22,"u7",17,8
22,"u7",22,11
22,"u7",27,22
22,"u7",32,15
22,"u7",37,87
22,"u7",42,22
22,"u7",47,22
22,"u7",52,73
22,"u8",7,4
22,"u8",12,0
22,"u8",17,13
22,"u8",22,19
22,"u8",27,55
22,"u8",32,40
22,"u8",37,21
22,"u8",42,42
22,"u8",47,18
22,"u8",52,33
22,"u9",7,12
22,"u9",12,29
22,"u9",17,15
22,"u9",22,5
22,"u9",27,34
22,"u9",32,41
22,"u9",37,73
22,"u9",42,49
22,"u9",47,38
22,"u9",52,18
22,"u10",7,2
22,"u10",12,15
22,"u10",17,9
22,"u10",22,5
22,"u10",27,18
22,"u10",32,60
22,"u10",37,76
22,"u10",42,88
22,"u10",47,86
22,"u10",52,24
23,"u1",7,2
23,"u1",12,6
23,"u1",17,26
23,"u1",22,54
23,"u1",27,64
23,"u1",32,45
23,"u1",37,37
23,"u1",42,27
23,"u1",47,8
23,"u1",52,6
23,"u2",7,0
23,"u2",12,0
23,"u2",17,5
23,"u2",22,5
23,"u2",27,16
23,"u2",32,50
23,"u2",37,172
23,"u2",42,91
23,"u2",47,21
23,"u2",52,25
23,"u3",7,1
23,"u3",12,14
23,"u3",17,29
23,"u3",22,64
23,"u3",27,9
23,"u3",32,58
23,"u3",37,13
23,"u3",42,18
23,"u3",47,177
23,"u3",52,239
23,"u4",7,2
23,"u4",12,16
23,"u4",17,37
23,"u4",22,25
23,"u4",27,18
23,"u4",32,270
23,"u4",37,193
23,"u4",42,75
23,"u4",47,120
23,"u4",52,34
23,"u5",7,2
23,"u5",12,1
23,"u5",17,0
23,"u5",22,8
23,"u5",27,7
23,"u5",32,43
23,"u5",37,109
23,"u5",42,172
23,"u5",47,9
23,"u5",52,24
23,"u6",7,1
23,"u6",12,25
23,"u6",17,22
23,"u6",22,18
23,"u6",27,17
23,"u6",32,9
23,"u6",37,19
23,"u6",42,37
23,"u6",47,11
23,"u6",52,2
23,"u7",7,1
23,"u7",12,5
23,"u7",17,1
23,"u7",22,7
23,"u7",27,13
23,"u7",32,15
23,"u7",37,38
23,"u7",42,34
23,"u7",47,109
23,"u7",52,26
23,"u8",7,3
23,"u8",12,39
23,"u8",17,62
23,"u8",22,132
23,"u8",27,120
23,"u8",32,29
23,"u8",37,6
23,"u8",42,8
23,"u8",47,23
23,"u8",52,3
23,"u9",7,3
23,"u9",12,4
23,"u9",17,10
23,"u9",22,16
23,"u9",27,8
23,"u9",32,57
23,"u9",37,71
23,"u9",42,55
23,"u9",47,50
23,"u9",52,1
23,"u10",7,4
23,"u10",12,7
23,"u10",17,47
23,"u10",22,80
23,"u10",27,203
23,"u10",32,233
23,"u10",37,132
23,"u10",42,254
23,"u10",47,49
23,"u10",52,4
24,"u1",7,5
24,"u1",12,8
24,"u1",17,56
24,"u1",22,60
24,"u1",27,92
24,"u1",32,358
24,"u1",37,35
24,"u1",42,20
24,"u1",47,9
24,"u1",52,15
24,"u2",7,9
24,"u2",12,32
24,"u2",17,13
24,"u2",22,105
24,"u2",27,11
24,"u2",32,32
24,"u2",37,17
24,"u2",42,22
24,"u2",47,16
24,"u2",52,12
24,"u3",7,1
24,"u3",12,11
24,"u3",17,43
24,"u3",22,45
24,"u3",27,28
24,"u3",32,95
24,"u3",37,34
24,"u3",42,19
24,"u3",47,9
24,"u3",52,6
24,"u4",7,2
24,"u4",12,4
24,"u4",17,9
24,"u4",22,18
24,"u4",27,28
24,"u4",32,82
24,"u4",37,37
24,"u4",42,76
24,"u4",47,67
24,"u4",52,16
24,"u5",7,1
24,"u5",12,12
24,"u5",17,3
24,"u5",22,147
24,"u5",27,24
24,"u5",32,23
24,"u5",37,44
24,"u5",42,26
24,"u5",47,1
24,"u5",52,31
24,"u6",7,2
24,"u6",12,4
24,"u6",17,11
24,"u6",22,4
24,"u6",27,62
24,"u6",32,70
24,"u6",37,75
24,"u6",42,81
24,"u6",47,68
24,"u6",52,5
24,"u7",7,2
24,"u7",12,2
24,"u7",17,25
24,"u7",22,20
24,"u7",27,97
24,"u7",32,16
24,"u7",37,29
24,"u7",42,50
24,"u7",47,59
24,"u7",52,16
24,"u8",7,0
24,"u8",12,3
24,"u8",17,2
24,"u8",22,22
24,"u8",27,1
24,"u8",32,50
24,"u8",37,51
24,"u8",42,34
24,"u8",47,7
24,"u8",52,29
24,"u9",7,8
24,"u9",12,1
24,"u9",17,8
24,"u9",22,0
24,"u9",27,6
24,"u9",32,22
24,"u9",37,23
24,"u9",42,44
24,"u9",47,48
24,"u9",52,101
24,"u10",7,1
24,"u10",12,4
24,"u10",17,17
24,"u10",22,9
24,"u10",27,48
24,"u10",32,74
24,"u10",37,111
24,"u10",42,13
24,"u10",47,3
24,"u10",52,19
25,"u1",7,2
25,"u1",12,3
25,"u1",17,12
25,"u1",22,74
25,"u1",27,127
25,"u1",32,219
25,"u1",37,58
25,"u1",42,40
25,"u1",47,169
25,"u1",52,103
25,"u2",7,3
25,"u2",12,30
25,"u2",17,134
25,"u2",22,140
25,"u2",27,530
25,"u2",32,114
25,"u2",37,54
25,"u2",42,15
25,"u2",47,28
25,"u2",52,17
25,"u3",7,7
25,"u3",12,0
25,"u3",17,2
25,"u3",22,14
25,"u3",27,116
25,"u3",32,57
25,"u3",37,57
25,"u3",42,56
25,"u3",47,43
25,"u3",52,41
25,"u4",7,3
25,"u4",12,1
25,"u4",17,12
25,"u4",22,31
25,"u4",27,25
25,"u4",32,169
25,"u4",37,144
25,"u4",42,39
25,"u4",47,152
25,"u4",52,68
25,"u5",7,2
25,"u5",12,14
25,"u5",17,10
25,"u5",22,12
25,"u5",27,38
25,"u5",32,50
25,"u5",37,121
25,"u5",42,42
25,"u5",47,24
25,"u5",52,15
25,"u6",7,6
25,"u6",12,33
25,"u6",17,23
25,"u6",22,30
25,"u6",27,32
25,"u6",32,56
25,"u6",37,48
25,"u6",42,79
25,"u6",47,68
25,"u6",52,27
25,"u7",7,4
25,"u7",12,6
25,"u7",17,18
25,"u7",22,11
25,"u7",27,50
25,"u7",32,15
25,"u7",37,6
25,"u7",42,18
25,"u7",47,4
25,"u7",52,60
25,"u8",7,0
25,"u8",12,29
25,"u8",17,9
25,"u8",22,16
25,"u8",27,44
25,"u8",32,20
25,"u8",37,10
25,"u8",42,18
25,"u8",47,6
25,"u8",52,38
25,"u9",7,3
25,"u9",12,8
25,"u9",17,6
25,"u9",22,11
25,"u9",27,33
25,"u9",32,18
25,"u9",37,297
25,"u9",42,175
25,"u9",47,43
25,"u9",52,13
25,"u10",7,6
25,"u10",12,5
25,"u10",17,6
25,"u10",22,14
25,"u10",27,60
25,"u10",32,5
25,"u10",37,38
25,"u10",42,52
25,"u10",47,60
25,"u10",52,109
26,"u1",7,0
26,"u1",12,3
26,"u1",17,4
26,"u1",22,26
26,"u1",27,46
26,"u1",32,60
26,"u1",37,24
26,"u1",42,7
26,"u1",47,19
26,"u1",52,3
26,"u2",7,0
26,"u2",12,6
26,"u2",17,13
26,"u2",22,61
26,"u2",27,35
26,"u2",32,7
26,"u2",37,54
26,"u2",42,20
26,"u2",47,5
26,"u2",52,13
26,"u3",7,10
26,"u3",12,2
26,"u3",17,47
26,"u3",22,388
26,"u3",27,271
26,"u3",32,181
26,"u3",37,108
26,"u3",42,12
26,"u3",47,7
26,"u3",52,0
26,"u4",7,10
26,"u4",12,3
26,"u4",17,1
26,"u4",22,18
26,"u4",27,12
26,"u4",32,4
26,"u4",37,19
26,"u4",42,30
26,"u4",47,18
26,"u4",52,10
26,"u5",7,1
26,"u5",12,21
26,"u5",17,112
26,"u5",22,86
26,"u5",27,145
26,"u5",32,42
26,"u5",37,27
26,"u5",42,34
26,"u5",47,9
26,"u5",52,9
26,"u6",7,0
26,"u6",12,0
26,"u6",17,12
26,"u6",22,29
26,"u6",27,22
26,"u6",32,31
26,"u6",37,33
26,"u6",42,115
26,"u6",47,88
26,"u6",52,33
26,"u7",7,2
26,"u7",12,1
26,"u7",17,8
26,"u7",22,5
26,"u7",27,2
26,"u7",32,4
26,"u7",37,111
26,"u7",42,237
26,"u7",47,42
26,"u7",52,84
26,"u8",7,2
26,"u8",12,11
26,"u8",17,22
26,"u8",22,147
26,"u8",27,69
26,"u8",32,156
26,"u8",37,24
26,"u8",42,31
26,"u8",47,16
26,"u8",52,35
26,"u9",7,2
26,"u9",12,11
26,"u9",17,32
26,"u9",22,8
26,"u9",27,132
26,"u9",32,139
26,"u9",37,17
26,"u9",42,31
26,"u9",47,25
26,"u9",52,27
26,"u10",7,2
26,"u10",12,3
26,"u10",17,6
26,"u10",22,30
26,"u10",27,5
26,"u10",32,13
26,"u10",37,31
26,"u10",42,42
26,"u10",47,32
26,"u10",52,15
27,"u1",7,2
27,"u1",12,3
27,"u1",17,10
27,"u1",22,25
27,"u1",27,27
27,"u1",32,45
27,"u1",37,63
27,"u1",42,35
27,"u1",47,57
27,"u1",52,19
27,"u2",7,1
27,"u2",12,10
27,"u2",17,4
27,"u2",22,139
27,"u2",27,110
27,"u2",32,60
27,"u2",37,7
27,"u2",42,15
27,"u2",47,12
27,"u2",52,17
27,"u3",7,5
27,"u3",12,11
27,"u3",17,21
27,"u3",22,57
27,"u3",27,70
27,"u3",32,55
27,"u3",37,47
27,"u3",42,33
27,"u3",47,3
27,"u3",52,3
27,"u4",7,2
27,"u4",12,19
27,"u4",17,17
27,"u4",22,32
27,"u4",27,32
27,"u4",32,76
27,"u4",37,52
27,"u4",42,104
27,"u4",47,235
27,"u4",52,99
27,"u5",7,8
27,"u5",12,15
27,"u5",17,7
27,"u5",22,32
27,"u5",27,57
27,"u5",32,125
27,"u5",37,52
27,"u5",42,27
27,"u5",47,4
27,"u5",52,11
27,"u6",7,9
27,"u6",12,22
27,"u6",17,20
27,"u6",22,18
27,"u6",27,41
27,"u6",32,11
27,"u6",37,124
27,"u6",42,44
27,"u6",47,44
27,"u6",52,19
27,"u7",7,0
27,"u7",12,4
27,"u7",17,10
27,"u7",22,4
27,"u7",27,4
27,"u7",32,8
27,"u7",37,43
27,"u7",42,6
27,"u7",47,33
27,"u7",52,34
27,"u8",7,3
27,"u8",12,9
27,"u8",17,0
27,"u8",22,27
27,"u8",27,2
27,"u8",32,58
27,"u8",37,23
27,"u8",42,9
27,"u8",47,19
27,"u8",52,15
27,"u9",7,0
27,"u9",12,12
27,"u9",17,21
27,"u9",22,26
27,"u9",27,61
27,"u9",32,70
27,"u9",37,37
27,"u9",42,31
27,"u9",47,17
27,"u9",52,16
27,"u10",7,1
27,"u10",12,10
27,"u10",17,69
27,"u10",22,277
27,"u10",27,100
27,"u10",32,92
27,"u10",37,94
27,"u10",42,35
27,"u10",47,5
27,"u10",52,11
28,"u1",7,11
28,"u1",12,3
28,"u1",17,10
28,"u1",22,30
28,"u1",27,63
28,"u1",32,24
28,"u1",37,74
28,"u1",42,89
28,"u1",47,133
28,"u1",52,78
28,"u2",7,0
28,"u2",12,2
28,"u2",17,8
28,"u2",22,0
28,"u2",27,3
28,"u2",32,1
28,"u2",37,23
28,"u2",42,19
28,"u2",47,66
28,"u2",52,92
28,"u3",7,5
28,"u3",12,12
28,"u3",17,18
28,"u3",22,53
28,"u3",27,4
28,"u3",32,11
28,"u3",37,88
28,"u3",42,83
28,"u3",47,9
28,"u3",52,9
28,"u4",7,4
28,"u4",12,5
28,"u4",17,13
28,"u4",22,8
28,"u4",27,50
28,"u4",32,10
28,"u4",37,63
28,"u4",42,22
28,"u4",47,7
28,"u4",52,4
28,"u5",7,0
28,"u5",12,10
28,"u5",17,30
28,"u5",22,10
28,"u5",27,49
28,"u5",32,35
28,"u5",37,52
28,"u5",42,40
28,"u5",47,39
28,"u5",52,28
28,"u6",7,2
28,"u6",12,6
28,"u6",17,3
28,"u6",22,21
28,"u6",27,92
28,"u6",32,14
28,"u6",37,2
28,"u6",42,22
28,"u6",47,57
28,"u6",52,57
28,"u7",7,0
28,"u7",12,3
28,"u7",17,5
28,"u7",22,6
28,"u7",27,35
28,"u7",32,29
28,"u7",37,43
28,"u7",42,150
28,"u7",47,54
28,"u7",52,10
28,"u8",7,0
28,"u8",12,17
28,"u8",17,35
28,"u8",22,89
28,"u8",27,27
28,"u8",32,120
28,"u8",37,108
28,"u8",42,28
28,"u8",47,49
28,"u8",52,4
28,"u9",7,0
28,"u9",12,5
28,"u9",17,2
28,"u9",22,8
28,"u9",27,4
28,"u9",32,35
28,"u9",37,115
28,"u9",42,56
28,"u9",47,88
28,"u9",52,16
28,"u10",7,2
28,"u10",12,0
28,"u10",17,12
28,"u10",22,66
28,"u10",27,135
28,"u10",32,168
28,"u10",37,91
28,"u10",42,60
28,"u10",47,16
28,"u10",52,8
29,"u1",7,2
29,"u1",12,8
29,"u1",17,6
29,"u1",22,25
29,"u1",27,9
29,"u1",32,37
29,"u1",37,55
29,"u1",42,177
29,"u1",47,116
29,"u1",52,31
29,"u2",7,0
29,"u2",12,3
29,"u2",17,7
29,"u2",22,30
29,"u2",27,14
29,"u2",32,28
29,"u2",37,246
29,"u2",42,17
29,"u2",47,335
29,"u2",52,306
29,"u3",7,0
29,"u3",12,0
29,"u3",17,0
29,"u3",22,31
29,"u3",27,27
29,"u3",32,19
29,"u3",37,16
29,"u3",42,61
29,"u3",47,100
29,"u3",52,7
29,"u4",7,2
29,"u4",12,1
29,"u4",17,15
29,"u4",22,18
29,"u4",27,83
29,"u4",32,75
29,"u4",37,100
29,"u4",42,23
29,"u4",47,17
29,"u4",52,62
29,"u5",7,1
29,"u5",12,4
29,"u5",17,12
29,"u5",22,5
29,"u5",27,2
29,"u5",32,59
29,"u5",37,31
29,"u5",42,105
29,"u5",47,152
29,"u5",52,139
29,"u6",7,6
29,"u6",12,5
29,"u6",17,11
29,"u6",22,12
29,"u6",27,28
29,"u6",32,103
29,"u6",37,64
29,"u6",42,117
29,"u6",47,72
29,"u6",52,13
29,"u7",7,4
29,"u7",12,20
29,"u7",17,18
29,"u7",22,297
29,"u7",27,122
29,"u7",32,22
29,"u7",37,157
29,"u7",42,59
29,"u7",47,50
29,"u7",52,28
29,"u8",7,7
29,"u8",12,3
29,"u8",17,0
29,"u8",22,15
29,"u8",27,11
29,"u8",32,7
29,"u8",37,3
29,"u8",42,9
29,"u8",47,75
29,"u8",52,9
29,"u9",7,3
29,"u9",12,7
29,"u9",17,45
29,"u9",22,287
29,"u9",27,333
29,"u9",32,22
29,"u9",37,27
29,"u9",42,133
29,"u9",47,3
29,"u9",52,30
29,"u10",7,4
29,"u10",12,1
29,"u10",17,20
29,"u10",22,70
29,"u10",27,16
29,"u10",32,104
29,"u10",37,43
29,"u10",42,22
29,"u10",47,52
29,"u10",52,10
30,"u1",7,3
30,"u1",12,12
30,"u1",17,2
30,"u1",22,3
30,"u1",27,45
30,"u1",32,53
30,"u1",37,31
30,"u1",42,36
30,"u1",47,14
30,"u1",52,21
30,"u2",7,6
30,"u2",12,4
30,"u2",17,94
30,"u2",22,43
30,"u2",27,101
30,"u2",32,170
30,"u2",37,168
30,"u2",42,170
30,"u2",47,58
30,"u2",52,20
30,"u3",7,1
30,"u3",12,3
30,"u3",17,8
30,"u3",22,12
30,"u3",27,11
30,"u3",32,9
30,"u3",37,23
30,"u3",42,13
30,"u3",47,7
30,"u3",52,44
30,"u4",7,0
30,"u4",12,2
30,"u4",17,3
30,"u4",22,10
30,"u4",27,88
30,"u4",32,128
30,"u4",37,34
30,"u4",42,152
30,"u4",47,77
30,"u4",52,184
30,"u5",7,0
30,"u5",12,15
30,"u5",17,31
30,"u5",22,36
30,"u5",27,21
30,"u5",32,11
30,"u5",37,12
30,"u5",42,4
30,"u5",47,0
30,"u5",52,1
30,"u6",7,5
30,"u6",12,9
30,"u6",17,91
30,"u6",22,74
30,"u6",27,108
30,"u6",32,78
30,"u6",37,80
30,"u6",42,35
30,"u6",47,41
30,"u6",52,11
30,"u7",7,1
30,"u7",12,9
30,"u7",17,9
30,"u7",22,2
30,"u7",27,5
30,"u7",32,5
30,"u7",37,33
30,"u7",42,192
30,"u7",47,17
30,"u7",52,311
30,"u8",7,1
30,"u8",12,0
30,"u8",17,10
30,"u8",22,22
30,"u8",27,22
30,"u8",32,51
30,"u8",37,41
30,"u8",42,43
30,"u8",47,42
30,"u8",52,25
30,"u9",7,3
30,"u9",12,3
30,"u9",17,12
30,"u9",22,39
30,"u9",27,20
30,"u9",32,89
30,"u9",37,44
30,"u9",42,28
30,"u9",47,5
30,"u9",52,52
30,"u10",7,2
30,"u10",12,3
30,"u10",17,62
30,"u10",22,24
30,"u10",27,16
30,"u10",32,245
30,"u10",37,55
30,"u10",42,35
30,"u10",47,28
30,"u10",52,4
31,"u1",7,0
31,"u1",12,10
31,"u1",17,30
31,"u1",22,35
31,"u1",27,72
31,"u1",32,105
31,"u1",37,117
31,"u1",42,49
31,"u1",47,34
31,"u1",52,15
31,"u2",7,1
31,"u2",12,6
31,"u2",17,17
31,"u2",22,23
31,"u2",27,51
31,"u2",32,45
31,"u2",37,99
31,"u2",42,31
31,"u2",47,59
31,"u2",52,30
31,"u3",7,1
31,"u3",12,2
31,"u3",17,11
31,"u3",22,34
31,"u3",27,52
31,"u3",32,128
31,"u3",37,62
31,"u3",42,18
31,"u3",47,19
31,"u3",52,2
31,"u4",7,2
31,"u4",12,1
31,"u4",17,2
31,"u4",22,5
31,"u4",27,6
31,"u4",32,21
31,"u4",37,83
31,"u4",42,52
31,"u4",47,447
31,"u4",52,142
31,"u5",7,4
31,"u5",12,11
31,"u5",17,7
31,"u5",22,16
31,"u5",27,84
31,"u5",32,138
31,"u5",37,524
31,"u5",42,90
31,"u5",47,24
31,"u5",52,47
31,"u6",7,6
31,"u6",12,0
31,"u6",17,49
31,"u6",22,86
31,"u6",27,132
31,"u6",32,86
31,"u6",37,6
31,"u6",42,57
31,"u6",47,37
31,"u6",52,11
31,"u7",7,3
31,"u7",12,3
31,"u7",17,10
31,"u7",22,48
31,"u7",27,85
31,"u7",32,34
31,"u7",37,73
31,"u7",42,27
31,"u7",47,8
31,"u7",52,8
31,"u8",7,3
31,"u8",12,15
31,"u8",17,21
31,"u8",22,9
31,"u8",27,66
31,"u8",32,423
31,"u8",37,299
31,"u8",42,57
31,"u8",47,18
31,"u8",52,10
31,"u9",7,1
31,"u9",12,4
31,"u9",17,15
31,"u9",22,4
31,"u9",27,14
31,"u9",32,48
31,"u9",37,162
31,"u9",42,46
31,"u9",47,90
31,"u9",52,31
31,"u10",7,1
31,"u10",12,9
31,"u10",17,79
31,"u10",22,24
31,"u10",27,197
31,"u10",32,45
31,"u10",37,27
31,"u10",42,3
31,"u10",47,16
31,"u10",52,27
32,"u1",7,2
32,"u1",12,4
32,"u1",17,2
32,"u1",22,47
32,"u1",27,50
32,"u1",32,98
32,"u1",37,38
32,"u1",42,4
32,"u1",47,30
32,"u1",52,1
32,"u2",7,3
32,"u2",12,13
32,"u2",17,28
32,"u2",22,16
32,"u2",27,120
32,"u2",32,131
32,"u2",37,24
32,"u2",42,11
32,"u2",47,2
32,"u2",52,5
32,"u3",7,0
32,"u3",12,7
32,"u3",17,17
32,"u3",22,57
32,"u3",27,5
32,"u3",32,54
32,"u3",37,76
32,"u3",42,144
32,"u3",47,89
32,"u3",52,71
32,"u4",7,2
32,"u4",12,1
32,"u4",17,12
32,"u4",22,48
32,"u4",27,37
32,"u4",32,391
32,"u4",37,16
32,"u4",42,55
32,"u4",47,43
32,"u4",52,30
32,"u5",7,6
32,"u5",12,5
32,"u5",17,12
32,"u5",22,10
32,"u5",27,24
32,"u5",32,11
32,"u5",37,35
32,"u5",42,136
32,"u5",47,232
32,"u5",52,42
32,"u6",7,3
32,"u6",12,4
32,"u6",17,23
32,"u6",22,63
32,"u6",27,99
32,"u6",32,6
32,"u6",37,52
32,"u6",42,44
32,"u6",47,14
32,"u6",52,38
32,"u7",7,5
32,"u7",12,20
32,"u7",17,13
32,"u7",22,19
32,"u7",27,16
32,"u7",32,19
32,"u7",37,10
32,"u7",42,54
32,"u7",47,10
32,"u7",52,32
32,"u8",7,2
32,"u8",12,6
32,"u8",17,28
32,"u8",22,145
32,"u8",27,143
32,"u8",32,356
32,"u8",37,50
32,"u8",42,9
32,"u8",47,15
32,"u8",52,9
32,"u9",7,11
32,"u9",12,11
32,"u9",17,34
32,"u9",22,119
32,"u9",27,78
32,"u9",32,89
32,"u9",37,10
32,"u9",42,190
32,"u9",47,59
32,"u9",52,31
32,"u10",7,0
32,"u10",12,1
32,"u10",17,6
32,"u10",22,59
32,"u10",27,71
32,"u10",32,113
32,"u10",37,39
32,"u10",42,84
32,"u10",47,39
32,"u10",52,86
33,"u1",7,2
33,"u1",12,8
33,"u1",17,17
33,"u1",22,10
33,"u1",27,73
33,"u1",32,24
33,"u1",37,70
33,"u1",42,176
33,"u1",47,37
33,"u1",52,9
33,"u2",7,2
33,"u2",12,0
33,"u2",17,9
33,"u2",22,14
33,"u2",27,20
33,"u2",32,89
33,"u2",37,20
33,"u2",42,27
33,"u2",47,37
33,"u2",52,0
33,"u3",7,6
33,"u3",12,5
33,"u3",17,14
33,"u3",22,17
33,"u3",27,51
33,"u3",32,162
33,"u3",37,89
33,"u3",42,50
33,"u3",47,7
33,"u3",52,43
33,"u4",7,1
33,"u4",12,5
33,"u4",17,9
33,"u4",22,2
33,"u4",27,74
33,"u4",32,64
33,"u4",37,163
33,"u4",42,93
33,"u4",47,63
33,"u4",52,17
33,"u5",7,2
33,"u5",12,5
33,"u5",17,26
33,"u5",22,63
33,"u5",27,17
33,"u5",32,58
33,"u5",37,220
33,"u5",42,53
33,"u5",47,52
33,"u5",52,29
33,"u6",7,2
33,"u6",12,12
33,"u6",17,3
33,"u6",22,9
33,"u6",27,1
33,"u6",32,9
33,"u6",37,24
33,"u6",42,14
33,"u6",47,9
33,"u6",52,22
33,"u7",7,4
33,"u7",12,10
33,"u7",17,3
33,"u7",22,22
33,"u7",27,19
33,"u7",32,67
33,"u7",37,106
33,"u7",42,10
33,"u7",47,18
33,"u7",52,11
33,"u8",7,1
33,"u8",12,0
33,"u8",17,2
33,"u8",22,7
33,"u8",27,37
33,"u8",32,57
33,"u8",37,181
33,"u8",42,156
33,"u8",47,24
33,"u8",52,102
33,"u9",7,0
33,"u9",12,2
33,"u9",17,16
33,"u9",22,1
33,"u9",27,14
33,"u9",32,13
33,"u9",37,77
33,"u9",42,13
33,"u9",47,20
33,"u9",52,12
33,"u10",7,2
33,"u10",12,25
33,"u10",17,19
33,"u10",22,46
33,"u10",27,46
33,"u10",32,76
33,"u10",37,29
33,"u10",42,2
33,"u10",47,1
33,"u10",52,10
34,"u1",7,4
34,"u1",12,3
34,"u1",17,7
34,"u1",22,21
34,"u1",27,156
34,"u1",32,33
34,"u1",37,29
34,"u1",42,40
34,"u1",47,33
34,"u1",52,0
34,"u2",7,2
34,"u2",12,4
34,"u2",17,17
34,"u2",22,88
34,"u2",27,221
34,"u2",32,79
34,"u2",37,44
34,"u2",42,6
34,"u2",47,2
34,"u2",52,7
34,"u3",7,4
34,"u3",12,1
34,"u3",17,56
34,"u3",22,48
34,"u3",27,18
34,"u3",32,39
34,"u3",37,55
34,"u3",42,90
34,"u3",47,177
34,"u3",52,39
34,"u4",7,3
34,"u4",12,19
34,"u4",17,15
34,"u4",22,10
34,"u4",27,14
34,"u4",32,22
34,"u4",37,48
34,"u4",42,191
34,"u4",47,47
34,"u4",52,34
34,"u5",7,1
34,"u5",12,4
34,"u5",17,32
34,"u5",22,617
34,"u5",27,40
34,"u5",32,11
34,"u5",37,16
34,"u5",42,45
34,"u5",47,27
34,"u5",52,4
34,"u6",7,1
34,"u6",12,4
34,"u6",17,17
34,"u6",22,9
34,"u6",27,52
34,"u6",32,67
34,"u6",37,30
34,"u6",42,83
34,"u6",47,107
34,"u6",52,69
34,"u7",7,10
34,"u7",12,29
34,"u7",17,71
34,"u7",22,328
34,"u7",27,71
34,"u7",32,6
34,"u7",37,13
34,"u7",42,1
34,"u7",47,11
34,"u7",52,3
34,"u8",7,8
34,"u8",12,8
34,"u8",17,12
34,"u8",22,5
34,"u8",27,13
34,"u8",32,62
34,"u8",37,83
34,"u8",42,42
34,"u8",47,48
34,"u8",52,41
34,"u9",7,1
34,"u9",12,9
34,"u9",17,1
34,"u9",22,55
34,"u9",27,141
34,"u9",32,48
34,"u9",37,33
34,"u9",42,75
34,"u9",47,27
34,"u9",52,25
34,"u10",7,6
34,"u10",12,13
34,"u10",17,29
34,"u10",22,8
34,"u10",27,31
34,"u10",32,11
34,"u10",37,11
34,"u10",42,17
34,"u10",47,6
34,"u10",52,23
35,"u1",7,1
35,"u1",12,6
35,"u1",17,13
35,"u1",22,124
35,"u1",27,115
35,"u1",32,7
35,"u1",37,128
35,"u1",42,121
35,"u1",47,89
35,"u1",52,11
35,"u2",7,2
35,"u2",12,12
35,"u2",17,187
35,"u2",22,108
35,"u2",27,105
35,"u2",32,12
35,"u2",37,25
35,"u2",42,1
35,"u2",47,6
35,"u2",52,5
35,"u3",7,1
35,"u3",12,6
35,"u3",17,8
35,"u3",22,96
35,"u3",27,59
35,"u3",32,25
35,"u3",37,44
35,"u3",42,206
35,"u3",47,32
35,"u3",52,19
35,"u4",7,3
35,"u4",12,0
35,"u4",17,38
35,"u4",22,19
35,"u4",27,8
35,"u4",32,48
35,"u4",37,12
35,"u4",42,33
35,"u4",47,31
35,"u4",52,6
35,"u5",7,1
35,"u5",12,7
35,"u5",17,8
35,"u5",22,3
35,"u5",27,0
35,"u5",32,13
35,"u5",37,8
35,"u5",42,29
35,"u5",47,86
35,"u5",52,97
35,"u6",7,0
35,"u6",12,9
35,"u6",17,11
35,"u6",22,47
35,"u6",27,30
35,"u6",32,26
35,"u6",37,37
35,"u6",42,14
35,"u6",47,4
35,"u6",52,2
35,"u7",7,2
35,"u7",12,1
35,"u7",17,2
35,"u7",22,5
35,"u7",27,9
35,"u7",32,13
35,"u7",37,36
35,"u7",42,214
35,"u7",47,119
35,"u7",52,568
35,"u8",7,1
35,"u8",12,13
35,"u8",17,19
35,"u8",22,26
35,"u8",27,83
35,"u8",32,68
35,"u8",37,36
35,"u8",42,4
35,"u8",47,17
35,"u8",52,11
35,"u9",7,0
35,"u9",12,8
35,"u9",17,4
35,"u9",22,5
35,"u9",27,47
35,"u9",32,12
35,"u9",37,7
35,"u9",42,35
35,"u9",47,25
35,"u9",52,42
35,"u10",7,2
35,"u10",12,13
35,"u10",17,4
35,"u10",22,14
35,"u10",27,14
35,"u10",32,31
35,"u10",37,10
35,"u10",42,59
35,"u10",47,26
35,"u10",52,23
36,"u1",7,1
36,"u1",12,13
36,"u1",17,45
36,"u1",22,169
36,"u1",27,237
36,"u1",32,297
36,"u1",37,52
36,"u1",42,13
36,"u1",47,8
36,"u1",52,1
36,"u2",7,1
36,"u2",12,1
36,"u2",17,1
36,"u2",22,7
36,"u2",27,73
36,"u2",32,131
36,"u2",37,29
36,"u2",42,82
36,"u2",47,18
36,"u2",52,32
36,"u3",7,0
36,"u3",12,6
36,"u3",17,23
36,"u3",22,6
36,"u3",27,95
36,"u3",32,112
36,"u3",37,184
36,"u3",42,12
36,"u3",47,8
36,"u3",52,16
36,"u4",7,6
36,"u4",12,23
36,"u4",17,8
36,"u4",22,15
36,"u4",27,15
36,"u4",32,23
36,"u4",37,35
36,"u4",42,36
36,"u4",47,28
36,"u4",52,83
36,"u5",7,2
36,"u5",12,0
36,"u5",17,9
36,"u5",22,52
36,"u5",27,30
36,"u5",32,10
36,"u5",37,29
36,"u5",42,5
36,"u5",47,10
36,"u5",52,23
36,"u6",7,3
36,"u6",12,9
36,"u6",17,96
36,"u6",22,17
36,"u6",27,65
36,"u6",32,13
36,"u6",37,11
36,"u6",42,68
36,"u6",47,16
36,"u6",52,202
36,"u7",7,0
36,"u7",12,2
36,"u7",17,2
36,"u7",22,15
36,"u7",27,66
36,"u7",32,33
36,"u7",37,25
36,"u7",42,45
36,"u7",47,65
36,"u7",52,14
36,"u8",7,0
36,"u8",12,3
36,"u8",17,9
36,"u8",22,12
36,"u8",27,9
36,"u8",32,88
36,"u8",37,161
36,"u8",42,40
36,"u8",47,53
36,"u8",52,22
36,"u9",7,2
36,"u9",12,13
36,"u9",17,6
36,"u9",22,19
36,"u9",27,49
36,"u9",32,84
36,"u9",37,11
36,"u9",42,49
36,"u9",47,16
36,"u9",52,97
36,"u10",7,0
36,"u10",12,28
36,"u10",17,79
36,"u10",22,95
36,"u10",27,82
36,"u10",32,36
36,"u10",37,3
36,"u10",42,17
36,"u10",47,0
36,"u10",52,0
37,"u1",7,1
37,"u1",12,1
37,"u1",17,7
37,"u1",22,5
37,"u1",27,98
37,"u1",32,78
37,"u1",37,230
37,"u1",42,96
37,"u1",47,132
37,"u1",52,24
37,"u2",7,2
37,"u2",12,8
37,"u2",17,40
37,"u2",22,71
37,"u2",27,56
37,"u2",32,127
37,"u2",37,123
37,"u2",42,32
37,"u2",47,21
37,"u2",52,59
37,"u3",7,4
37,"u3",12,1
37,"u3",17,17
37,"u3",22,7
37,"u3",27,18
37,"u3",32,15
37,"u3",37,33
37,"u3",42,211
37,"u3",47,98
37,"u3",52,14
37,"u4",7,0
37,"u4",12,1
37,"u4",17,5
37,"u4",22,3
37,"u4",27,50
37,"u4",32,67
37,"u4",37,24
37,"u4",42,16
37,"u4",47,4
37,"u4",52,1
37,"u5",7,3
37,"u5",12,4
37,"u5",17,23
37,"u5",22,20
37,"u5",27,30
37,"u5",32,106
37,"u5",37,12
37,"u5",42,15
37,"u5",47,7
37,"u5",52,12
37,"u6",7,1
37,"u6",12,3
37,"u6",17,1
37,"u6",22,5
37,"u6",27,13
37,"u6",32,62
37,"u6",37,132
37,"u6",42,28
37,"u6",47,58
37,"u6",52,32
37,"u7",7,0
37,"u7",12,7
37,"u7",17,27
37,"u7",22,84
37,"u7",27,33
37,"u7",32,122
37,"u7",37,31
37,"u7",42,134
37,"u7",47,2
37,"u7",52,20
37,"u8",7,1
37,"u8",12,14
37,"u8",17,11
37,"u8",22,94
37,"u8",27,60
37,"u8",32,11
37,"u8",37,14
37,"u8",42,21
37,"u8",47,12
37,"u8",52,120
37,"u9",7,5
37,"u9",12,10
37,"u9",17,20
37,"u9",22,59
37,"u9",27,46
37,"u9",32,49
37,"u9",37,12
37,"u9",42,3
37,"u9",47,29
37,"u9",52,29
37,"u10",7,2
37,"u10",12,2
37,"u10",17,12
37,"u10",22,15
37,"u10",27,25
37,"u10",32,30
37,"u10",37,90
37,"u10",42,75
37,"u10",47,10
37,"u10",52,119
38,"u1",7,0
38,"u1",12,15
38,"u1",17,17
38,"u1",22,21
38,"u1",27,99
38,"u1",32,5
38,"u1",37,42
38,"u1",42,65
38,"u1",47,73
38,"u1",52,42
38,"u2",7,2
38,"u2",12,3
38,"u2",17,4
38,"u2",22,7
38,"u2",27,47
38,"u2",32,5
38,"u2",37,30
38,"u2",42,70
38,"u2",47,58
38,"u2",52,125
38,"u3",7,2
38,"u3",12,2
38,"u3",17,3
38,"u3",22,27
38,"u3",27,81
38,"u3",32,18
38,"u3",37,6
38,"u3",42,27
38,"u3",47,8
38,"u3",52,12
38,"u4",7,1
38,"u4",12,3
38,"u4",17,3
38,"u4",22,15
38,"u4",27,40
38,"u4",32,17
38,"u4",37,19
38,"u4",42,22
38,"u4",47,12
38,"u4",52,54
38,"u5",7,5
38,"u5",12,4
38,"u5",17,7
38,"u5",22,31
38,"u5",27,62
38,"u5",32,121
38,"u5",37,70
38,"u5",42,28
38,"u5",47,19
38,"u5",52,23
38,"u6",7,2
38,"u6",12,4
38,"u6",17,0
38,"u6",22,3
38,"u6",27,38
38,"u6",32,37
38,"u6",37,348
38,"u6",42,54
38,"u6",47,22
38,"u6",52,9
38,"u7",7,0
38,"u7",12,2
38,"u7",17,30
38,"u7",22,24
38,"u7",27,30
38,"u7",32,36
38,"u7",37,68
38,"u7",42,21
38,"u7",47,30
38,"u7",52,9
38,"u8",7,1
38,"u8",12,10
38,"u8",17,15
38,"u8",22,16
38,"u8",27,82
38,"u8",32,45
38,"u8",37,213
38,"u8",42,107
38,"u8",47,29
38,"u8",52,11
38,"u9",7,3
38,"u9",12,2
38,"u9",17,15
38,"u9",22,3
38,"u9",27,5
38,"u9",32,61
38,"u9",37,18
38,"u9",42,4
38,"u9",47,61
38,"u9",52,155
38,"u10",7,1
38,"u10",12,2
38,"u10",17,18
38,"u10",22,211
38,"u10",27,38
38,"u10",32,26
38,"u10",37,7
38,"u10",42,4
38,"u10",47,49
38,"u10",52,94
39,"u1",7,3
39,"u1",12,18
39,"u1",17,35
39,"u1",22,32
39,"u1",27,96
39,"u1",32,102
39,"u1",37,52
39,"u1",42,60
39,"u1",47,65
39,"u1",52,77
39,"u2",7,3
39,"u2",12,21
39,"u2",17,6
39,"u2",22,5
39,"u2",27,63
39,"u2",32,111
39,"u2",37,7
39,"u2",42,91
39,"u2",47,7
39,"u2",52,19
39,"u3",7,3
39,"u3",12,15
39,"u3",17,46
39,"u3",22,99
39,"u3",27,178
39,"u3",32,18
39,"u3",37,145
39,"u3",42,99
39,"u3",47,7
39,"u3",52,4
39,"u4",7,0
39,"u4",12,9
39,"u4",17,5
39,"u4",22,14
39,"u4",27,34
39,"u4",32,11
39,"u4",37,12
39,"u4",42,92
39,"u4",47,43
39,"u4",52,71
39,"u5",7,3
39,"u5",12,8
39,"u5",17,2
39,"u5",22,20
39,"u5",27,80
39,"u5",32,58
39,"u5",37,31
39,"u5",42,52
39,"u5",47,56
39,"u5",52,28
39,"u6",7,3
39,"u6",12,0
39,"u6",17,0
39,"u6",22,15
39,"u6",27,86
39,"u6",32,101
39,"u6",37,53
39,"u6",42,60
39,"u6",47,67
39,"u6",52,12
39,"u7",7,1
39,"u7",12,2
39,"u7",17,2
39,"u7",22,73
39,"u7",27,105
39,"u7",32,156
39,"u7",37,80
39,"u7",42,42
39,"u7",47,72
39,"u7",52,55
39,"u8",7,1
39,"u8",12,1
39,"u8",17,3
39,"u8",22,9
39,"u8",27,41
39,"u8",32,18
39,"u8",37,24
39,"u8",42,16
39,"u8",47,139
39,"u8",52,37
39,"u9",7,2
39,"u9",12,6
39,"u9",17,40
39,"u9",22,50
39,"u9",27,103
39,"u9",32,135
39,"u9",37,105
39,"u9",42,46
39,"u9",47,45
39,"u9",52,10
39,"u10",7,1
39,"u10",12,1
39,"u10",17,19
39,"u10",22,104
39,"u10",27,46
39,"u10",32,53
39,"u10",37,10
39,"u10",42,12
39,"u10",47,5
39,"u10",52,1
40,"u1",7,0
40,"u1",12,24
40,"u1",17,6
40,"u1",22,28
40,"u1",27,3
40,"u1",32,24
40,"u1",37,16
40,"u1",42,10
40,"u1",47,226
40,"u1",52,13
40,"u2",7,3
40,"u2",12,14
40,"u2",17,25
40,"u2",22,22
40,"u2",27,79
40,"u2",32,9
40,"u2",37,59
40,"u2",42,76
40,"u2",47,30
40,"u2",52,31
40,"u3",7,3
40,"u3",12,4
40,"u3",17,8
40,"u3",22,30
40,"u3",27,14
40,"u3",32,64
40,"u3",37,78
40,"u3",42,14
40,"u3",47,60
40,"u3",52,241
40,"u4",7,3
40,"u4",12,3
40,"u4",17,1
40,"u4",22,20
40,"u4",27,2
40,"u4",32,96
40,"u4",37,52
40,"u4",42,39
40,"u4",47,106
40,"u4",52,91
40,"u5",7,2
40,"u5",12,11
40,"u5",17,17
40,"u5",22,34
40,"u5",27,33
40,"u5",32,78
40,"u5",37,113
40,"u5",42,89
40,"u5",47,143
40,"u5",52,70
40,"u6",7,2
40,"u6",12,2
40,"u6",17,4
40,"u6",22,74
40,"u6",27,12
40,"u6",32,86
40,"u6",37,21
40,"u6",42,9
40,"u6",47,3
40,"u6",52,80
40,"u7",7,3
40,"u7",12,35
40,"u7",17,55
40,"u7",22,62
40,"u7",27,89
40,"u7",32,47
40,"u7",37,26
40,"u7",42,40
40,"u7",47,5
40,"u7",52,71
40,"u8",7,2
40,"u8",12,5
40,"u8",17,7
40,"u8",22,4
40,"u8",27,15
40,"u8",32,40
40,"u8",37,79
40,"u8",42,31
40,"u8",47,62
40,"u8",52,15
40,"u9",7,6
40,"u9",12,4
40,"u9",17,3
40,"u9",22,9
40,"u9",27,4
40,"u9",32,17
40,"u9",37,64
40,"u9",42,51
40,"u9",47,23
40,"u9",52,11
40,"u10",7,3
40,"u10",12,4
40,"u10",17,3
40,"u10",22,11
40,"u10",27,22
40,"u10",32,28
40,"u10",37,19
40,"u10",42,24
40,"u10",47,121
40,"u10",52,38
41,"u1",7,2
41,"u1",12,3
41,"u1",17,8
41,"u1",22,6
41,"u1",27,15
41,"u1",32,147
41,"u1",37,131
41,"u1",42,137
41,"u1",47,18
41,"u1",52,32
41,"u2",7,8
41,"u2",12,21
41,"u2",17,44
41,"u2",22,50
41,"u2",27,18
41,"u2",32,22
41,"u2",37,15
41,"u2",42,8
41,"u2",47,13
41,"u2",52,5
41,"u3",7,4
41,"u3",12,0
41,"u3",17,17
41,"u3",22,57
41,"u3",27,45
41,"u3",32,46
41,"u3",37,17
41,"u3",42,1
41,"u3",47,13
41,"u3",52,24
41,"u4",7,1
41,"u4",12,4
41,"u4",17,13
41,"u4",22,67
41,"u4",27,37
41,"u4",32,43
41,"u4",37,42
41,"u4",42,58
41,"u4",47,8
41,"u4",52,11
41,"u5",7,3
41,"u5",12,1
41,"u5",17,39
41,"u5",22,31
41,"u5",27,128
41,"u5",32,92
41,"u5",37,163
41,"u5",42,137
41,"u5",47,76
41,"u5",52,42
41,"u6",7,6
41,"u6",12,3
41,"u6",17,1
41,"u6",22,25
41,"u6",27,34
41,"u6",32,117
41,"u6",37,128
41,"u6",42,37
41,"u6",47,8
41,"u6",52,35
41,"u7",7,1
41,"u7",12,2
41,"u7",17,23
41,"u7",22,50
41,"u7",27,41
41,"u7",32,23
41,"u7",37,60
41,"u7",42,7
41,"u7",47,16
41,"u7",52,31
41,"u8",7,5
41,"u8",12,40
41,"u8",17,6
41,"u8",22,84
41,"u8",27,23
41,"u8",32,73
41,"u8",37,19
41,"u8",42,8
41,"u8",47,56
41,"u8",52,39
41,"u9",7,3
41,"u9",12,3
41,"u9",17,60
41,"u9",22,25
41,"u9",27,69
41,"u9",32,6
41,"u9",37,27
41,"u9",42,69
41,"u9",47,55
41,"u9",52,39
41,"u10",7,0
41,"u10",12,0
41,"u10",17,3
41,"u10",22,27
41,"u10",27,59
41,"u10",32,54
41,"u10",37,41
41,"u10",42,5
41,"u10",47,7
41,"u10",52,32
42,"u1",7,5
42,"u1",12,7
42,"u1",17,6
42,"u1",22,11
42,"u1",27,5
42,"u1",32,12
42,"u1",37,13
42,"u1",42,32
42,"u1",47,90
42,"u1",52,130
42,"u2",7,1
42,"u2",12,2
42,"u2",17,21
42,"u2",22,264
42,"u2",27,249
42,"u2",32,132
42,"u2",37,171
42,"u2",42,97
42,"u2",47,29
42,"u2",52,35
42,"u3",7,3
42,"u3",12,2
42,"u3",17,6
42,"u3",22,24
42,"u3",27,19
42,"u3",32,7
42,"u3",37,17
42,"u3",42,66
42,"u3",47,63
42,"u3",52,8
42,"u4",7,5
42,"u4",12,7
42,"u4",17,8
42,"u4",22,29
42,"u4",27,55
42,"u4",32,23
42,"u4",37,17
42,"u4",42,6
42,"u4",47,94
42,"u4",52,21
42,"u5",7,3
42,"u5",12,2
42,"u5",17,4
42,"u5",22,3
42,"u5",27,16
42,"u5",32,284
42,"u5",37,67
42,"u5",42,28
42,"u5",47,131
42,"u5",52,21
42,"u6",7,2
42,"u6",12,5
42,"u6",17,7
42,"u6",22,73
42,"u6",27,75
42,"u6",32,95
42,"u6",37,54
42,"u6",42,136
42,"u6",47,54
42,"u6",52,44
42,"u7",7,2
42,"u7",12,6
42,"u7",17,0
42,"u7",22,39
42,"u7",27,39
42,"u7",32,247
42,"u7",37,278
42,"u7",42,188
42,"u7",47,6
42,"u7",52,14
42,"u8",7,5
42,"u8",12,10
42,"u8",17,15
42,"u8",22,29
42,"u8",27,54
42,"u8",32,147
42,"u8",37,158
42,"u8",42,103
42,"u8",47,44
42,"u8",52,17
42,"u9",7,2
42,"u9",12,10
42,"u9",17,0
42,"u9",22,11
42,"u9",27,11
42,"u9",32,13
42,"u9",37,30
42,"u9",42,131
42,"u9",47,89
42,"u9",52,14
42,"u10",7,7
42,"u10",12,11
42,"u10",17,5
42,"u10",22,16
42,"u10",27,22
42,"u10",32,41
42,"u10",37,18
42,"u10",42,13
42,"u10",47,30
42,"u10",52,27
43,"u1",7,5
43,"u1",12,2
43,"u1",17,2
43,"u1",22,2
43,"u1",27,2
43,"u1",32,4
43,"u1",37,36
43,"u1",42,76
43,"u1",47,80
43,"u1",52,75
43,"u2",7,0
43,"u2",12,9
43,"u2",17,16
43,"u2",22,1
43,"u2",27,10
43,"u2",32,3
43,"u2",37,15
43,"u2",42,367
43,"u2",47,107
43,"u2",52,47
43,"u3",7,4
43,"u3",12,6
43,"u3",17,36
43,"u3",22,10
43,"u3",27,12
43,"u3",32,20
43,"u3",37,18
43,"u3",42,25
43,"u3",47,17
43,"u3",52,10
43,"u4",7,8
43,"u4",12,26
43,"u4",17,36
43,"u4",22,17
43,"u4",27,74
43,"u4",32,37
43,"u4",37,4
43,"u4",42,3
43,"u4",47,5
43,"u4",52,1
43,"u5",7,9
43,"u5",12,9
43,"u5",17,10
43,"u5",22,23
43,"u5",27,194
43,"u5",32,44
43,"u5",37,42
43,"u5",42,12
43,"u5",47,62
43,"u5",52,43
43,"u6",7,7
43,"u6",12,5
43,"u6",17,41
43,"u6",22,48
43,"u6",27,21
43,"u6",32,1
43,"u6",37,94
43,"u6",42,87
43,"u6",47,33
43,"u6",52,16
43,"u7",7,2
43,"u7",12,10
43,"u7",17,4
43,"u7",22,9
43,"u7",27,13
43,"u7",32,90
43,"u7",37,23
43,"u7",42,6
43,"u7",47,13
43,"u7",52,34
43,"u8",7,5
43,"u8",12,6
43,"u8",17,4
43,"u8",22,25
43,"u8",27,24
43,"u8",32,29
43,"u8",37,28
43,"u8",42,11
43,"u8",47,3
43,"u8",52,9
43,"u9",7,11
43,"u9",12,48
43,"u9",17,38
43,"u9",22,52
43,"u9",27,9
43,"u9",32,37
43,"u9",37,17
43,"u9",42,21
43,"u9",47,0
43,"u9",52,9
43,"u10",7,0
43,"u10",12,6
43,"u10",17,5
43,"u10",22,24
43,"u10",27,11
43,"u10",32,154
43,"u10",37,80
43,"u10",42,29
43,"u10",47,3
43,"u10",52,6
44,"u1",7,3
44,"u1",12,4
44,"u1",17,1
44,"u1",22,6
44,"u1",27,7
44,"u1",32,14
44,"u1",37,10
44,"u1",42,65
44,"u1",47,55
44,"u1",52,112
44,"u2",7,1
44,"u2",12,3
44,"u2",17,8
44,"u2",22,36
44,"u2",27,26
44,"u2",32,12
44,"u2",37,131
44,"u2",42,83
44,"u2",47,329
44,"u2",52,22
44,"u3",7,5
44,"u3",12,31
44,"u3",17,2
44,"u3",22,2
44,"u3",27,16
44,"u3",32,11
44,"u3",37,63
44,"u3",42,17
44,"u3",47,4
44,"u3",52,7
44,"u4",7,1
44,"u4",12,2
44,"u4",17,15
44,"u4",22,102
44,"u4",27,8
44,"u4",32,11
44,"u4",37,19
44,"u4",42,75
44,"u4",47,21
44,"u4",52,96
44,"u5",7,5
44,"u5",12,2
44,"u5",17,14
44,"u5",22,12
44,"u5",27,16
44,"u5",32,38
44,"u5",37,22
44,"u5",42,13
44,"u5",47,32
44,"u5",52,148
44,"u6",7,1
44,"u6",12,4
44,"u6",17,8
44,"u6",22,16
44,"u6",27,24
44,"u6",32,44
44,"u6",37,110
44,"u6",42,3
44,"u6",47,11
44,"u6",52,37
44,"u7",7,2
44,"u7",12,15
44,"u7",17,117
44,"u7",22,30
44,"u7",27,16
44,"u7",32,48
44,"u7",37,26
44,"u7",42,1
44,"u7",47,1
44,"u7",52,4
44,"u8",7,1
44,"u8",12,5
44,"u8",17,2
44,"u8",22,41
44,"u8",27,36
44,"u8",32,199
44,"u8",37,65
44,"u8",42,7
44,"u8",47,20
44,"u8",52,9
44,"u9",7,4
44,"u9",12,26
44,"u9",17,39
44,"u9",22,118
44,"u9",27,73
44,"u9",32,100
44,"u9",37,181
44,"u9",42,25
44,"u9",47,9
44,"u9",52,13
44,"u10",7,1
44,"u10",12,3
44,"u10",17,12
44,"u10",22,2
44,"u10",27,22
44,"u10",32,54
44,"u10",37,18
44,"u10",42,22
44,"u10",47,9
44,"u10",52,22
45,"u1",7,0
45,"u1",12,7
45,"u1",17,7
45,"u1",22,2
45,"u1",27,113
45,"u1",32,29
45,"u1",37,68
45,"u1",42,95
45,"u1",47,80
45,"u1",52,72
45,"u2",7,0
45,"u2",12,1
45,"u2",17,17
45,"u2",22,12
45,"u2",27,37
45,"u2",32,43
45,"u2",37,186
45,"u2",42,9
45,"u2",47,4
45,"u2",52,1
45,"u3",7,6
45,"u3",12,1
45,"u3",17,0
45,"u3",22,1
45,"u3",27,17
45,"u3",32,0
45,"u3",37,81
45,"u3",42,62
45,"u3",47,222
45,"u3",52,24
45,"u4",7,1
45,"u4",12,6
45,"u4",17,8
45,"u4",22,2
45,"u4",27,122
45,"u4",32,64
45,"u4",37,143
45,"u4",42,121
45,"u4",47,20
45,"u4",52,30
45,"u5",7,1
45,"u5",12,17
45,"u5",17,37
45,"u5",22,28
45,"u5",27,76
45,"u5",32,49
45,"u5",37,6
45,"u5",42,31
45,"u5",47,18
45,"u5",52,21
45,"u6",7,0
45,"u6",12,15
45,"u6",17,17
45,"u6",22,27
45,"u6",27,40
45,"u6",32,101
45,"u6",37,223
45,"u6",42,103
45,"u6",47,57
45,"u6",52,8
45,"u7",7,2
45,"u7",12,9
45,"u7",17,14
45,"u7",22,105
45,"u7",27,67
45,"u7",32,37
45,"u7",37,23
45,"u7",42,81
45,"u7",47,49
45,"u7",52,23
45,"u8",7,2
45,"u8",12,6
45,"u8",17,8
45,"u8",22,80
45,"u8",27,8
45,"u8",32,144
45,"u8",37,151
45,"u8",42,116
45,"u8",47,64
45,"u8",52,28
45,"u9",7,1
45,"u9",12,6
45,"u9",17,8
45,"u9",22,10
45,"u9",27,44
45,"u9",32,38
45,"u9",37,120
45,"u9",42,164
45,"u9",47,33
45,"u9",52,1
45,"u10",7,1
45,"u10",12,6
45,"u10",17,13
45,"u10",22,46
45,"u10",27,45
45,"u10",32,79
45,"u10",37,10
45,"u10",42,19
45,"u10",47,109
45,"u10",52,24
46,"u1",7,0
46,"u1",12,22
46,"u1",17,36
46,"u1",22,77
46,"u1",27,55
46,"u1",32,30
46,"u1",37,0
46,"u1",42,44
46,"u1",47,30
46,"u1",52,45
46,"u2",7,12
46,"u2",12,2
46,"u2",17,9
46,"u2",22,84
46,"u2",27,66
46,"u2",32,63
46,"u2",37,46
46,"u2",42,11
46,"u2",47,8
46,"u2",52,14
46,"u3",7,0
46,"u3",12,0
46,"u3",17,1
46,"u3",22,16
46,"u3",27,126
46,"u3",32,62
46,"u3",37,54
46,"u3",42,28
46,"u3",47,3
46,"u3",52,0
46,"u4",7,2
46,"u4",12,9
46,"u4",17,39
46,"u4",22,17
46,"u4",27,87
46,"u4",32,280
46,"u4",37,241
46,"u4",42,39
46,"u4",47,8
46,"u4",52,8
46,"u5",7,2
46,"u5",12,16
46,"u5",17,16
46,"u5",22,31
46,"u5",27,48
46,"u5",32,96
46,"u5",37,16
46,"u5",42,21
46,"u5",47,88
46,"u5",52,9
46,"u6",7,0
46,"u6",12,5
46,"u6",17,6
46,"u6",22,2
46,"u6",27,7
46,"u6",32,9
46,"u6",37,61
46,"u6",42,33
46,"u6",47,27
46,"u6",52,47
46,"u7",7,2
46,"u7",12,3
46,"u7",17,6
46,"u7",22,19
46,"u7",27,54
46,"u7",32,67
46,"u7",37,80
46,"u7",42,247
46,"u7",47,64
46,"u7",52,267
46,"u8",7,3
46,"u8",12,4
46,"u8",17,38
46,"u8",22,148
46,"u8",27,126
46,"u8",32,95
46,"u8",37,44
46,"u8",42,24
46,"u8",47,3
46,"u8",52,4
46,"u9",7,0
46,"u9",12,2
46,"u9",17,12
46,"u9",22,15
46,"u9",27,12
46,"u9",32,73
46,"u9",37,35
46,"u9",42,84
46,"u9",47,1
46,"u9",52,16
46,"u10",7,2
46,"u10",12,9
46,"u10",17,49
46,"u10",22,51
46,"u10",27,48
46,"u10",32,4
46,"u10",37,13
46,"u10",42,7
46,"u10",47,3
46,"u10",52,55
47,"u1",7,7
47,"u1",12,14
47,"u1",17,19
47,"u1",22,3
47,"u1",27,84
47,"u1",32,323
47,"u1",37,77
47,"u1",42,53
47,"u1",47,8
47,"u1",52,12
47,"u2",7,3
47,"u2",12,5
47,"u2",17,18
47,"u2",22,41
47,"u2",27,115
47,"u2",32,0
47,"u2",37,40
47,"u2",42,20
47,"u2",47,13
47,"u2",52,10
47,"u3",7,0
47,"u3",12,1
47,"u3",17,10
47,"u3",22,35
47,"u3",27,12
47,"u3",32,15
47,"u3",37,15
47,"u3",42,23
47,"u3",47,8
47,"u3",52,46
47,"u4",7,5
47,"u4",12,20
47,"u4",17,72
47,"u4",22,67
47,"u4",27,30
47,"u4",32,81
47,"u4",37,32
47,"u4",42,90
47,"u4",47,72
47,"u4",52,25
47,"u5",7,4
47,"u5",12,7
47,"u5",17,22
47,"u5",22,26
47,"u5",27,139
47,"u5",32,77
47,"u5",37,11
47,"u5",42,14
47,"u5",47,44
47,"u5",52,15
47,"u6",7,1
47,"u6",12,4
47,"u6",17,2
47,"u6",22,37
47,"u6",27,100
47,"u6",32,46
47,"u6",37,10
47,"u6",42,25
47,"u6",47,23
47,"u6",52,68
47,"u7",7,3
47,"u7",12,21
47,"u7",17,12
47,"u7",22,66
47,"u7",27,41
47,"u7",32,51
47,"u7",37,155
47,"u7",42,184
47,"u7",47,45
47,"u7",52,33
47,"u8",7,4
47,"u8",12,0
47,"u8",17,3
47,"u8",22,13
47,"u8",27,32
47,"u8",32,43
47,"u8",37,17
47,"u8",42,5
47,"u8",47,6
47,"u8",52,125
47,"u9",7,2
47,"u9",12,18
47,"u9",17,101
47,"u9",22,67
47,"u9",27,18
47,"u9",32,37
47,"u9",37,59
47,"u9",42,122
47,"u9",47,74
47,"u9",52,63
47,"u10",7,2
47,"u10",12,9
47,"u10",17,8
47,"u10",22,72
47,"u10",27,134
47,"u10",32,128
47,"u10",37,19
47,"u10",42,60
47,"u10",47,10
47,"u10",52,1
48,"u1",7,4
48,"u1",12,16
48,"u1",17,26
48,"u1",22,17
48,"u1",27,81
48,"u1",32,99
48,"u1",37,122
48,"u1",42,94
48,"u1",47,16
48,"u1",52,28
48,"u2",7,2
48,"u2",12,8
48,"u2",17,9
48,"u2",22,34
48,"u2",27,15
48,"u2",32,32
48,"u2",37,53
48,"u2",42,21
48,"u2",47,113
48,"u2",52,63
48,"u3",7,0
48,"u3",12,1
48,"u3",17,2
48,"u3",22,9
48,"u3",27,1
48,"u3",32,17
48,"u3",37,3
48,"u3",42,19
48,"u3",47,4
48,"u3",52,125
48,"u4",7,2
48,"u4",12,6
48,"u4",17,1
48,"u4",22,15
48,"u4",27,36
48,"u4",32,21
48,"u4",37,93
48,"u4",42,48
48,"u4",47,34
48,"u4",52,5
48,"u5",7,8
48,"u5",12,36
48,"u5",17,28
48,"u5",22,100
48,"u5",27,91
48,"u5",32,67
48,"u5",37,41
48,"u5",42,19
48,"u5",47,9
48,"u5",52,3
48,"u6",7,1
48,"u6",12,22
48,"u6",17,117
48,"u6",22,117
48,"u6",27,28
48,"u6",32,5
48,"u6",37,27
48,"u6",42,29
48,"u6",47,21
48,"u6",52,8
48,"u7",7,1
48,"u7",12,1
48,"u7",17,27
48,"u7",22,76
48,"u7",27,34
48,"u7",32,44
48,"u7",37,55
48,"u7",42,49
48,"u7",47,3
48,"u7",52,14
48,"u8",7,1
48,"u8",12,5
48,"u8",17,62
48,"u8",22,24
48,"u8",27,195
48,"u8",32,67
48,"u8",37,93
48,"u8",42,146
48,"u8",47,18
48,"u8",52,18
48,"u9",7,2
48,"u9",12,10
48,"u9",17,15
48,"u9",22,41
48,"u9",27,10
48,"u9",32,362
48,"u9",37,182
48,"u9",42,56
48,"u9",47,8
48,"u9",52,4
48,"u10",7,1
48,"u10",12,6
48,"u10",17,23
48,"u10",22,57
48,"u10",27,84
48,"u10",32,159
48,"u10",37,39
48,"u10",42,11
48,"u10",47,10
48,"u10",52,2
49,"u1",7,3
49,"u1",12,2
49,"u1",17,4
49,"u1",22,12
49,"u1",27,36
49,"u1",32,16
49,"u1",37,74
49,"u1",42,31
49,"u1",47,13
49,"u1",52,27
49,"u2",7,2
49,"u2",12,8
49,"u2",17,2
49,"u2",22,0
49,"u2",27,16
49,"u2",32,49
49,"u2",37,25
49,"u2",42,35
49,"u2",47,20
49,"u2",52,41
49,"u3",7,0
49,"u3",12,0
49,"u3",17,31
49,"u3",22,21
49,"u3",27,38
49,"u3",32,54
49,"u3",37,91
49,"u3",42,212
49,"u3",47,66
49,"u3",52,27
49,"u4",7,13
49,"u4",12,51
49,"u4",17,45
49,"u4",22,143
49,"u4",27,234
49,"u4",32,325
49,"u4",37,115
49,"u4",42,236
49,"u4",47,72
49,"u4",52,31
49,"u5",7,0
49,"u5",12,2
49,"u5",17,0
49,"u5",22,1
49,"u5",27,2
49,"u5",32,24
49,"u5",37,18
49,"u5",42,67
49,"u5",47,103
49,"u5",52,59
49,"u6",7,4
49,"u6",12,2
49,"u6",17,2
49,"u6",22,16
49,"u6",27,1
49,"u6",32,5
49,"u6",37,30
49,"u6",42,6
49,"u6",47,42
49,"u6",52,252
49,"u7",7,0
49,"u7",12,4
49,"u7",17,21
49,"u7",22,6
49,"u7",27,27
49,"u7",32,19
49,"u7",37,41
49,"u7",42,38
49,"u7",47,15
49,"u7",52,24
49,"u8",7,0
49,"u8",12,2
49,"u8",17,3
49,"u8",22,5
49,"u8",27,15
49,"u8",32,97
49,"u8",37,39
49,"u8",42,4
49,"u8",47,19
49,"u8",52,8
49,"u9",7,9
49,"u9",12,10
49,"u9",17,9
49,"u9",22,14
49,"u9",27,34
49,"u9",32,87
49,"u9",37,43
49,"u9",42,40
49,"u9",47,31
49,"u9",52,32
49,"u10",7,6
49,"u10",12,25
49,"u10",17,52
49,"u10",22,41
49,"u10",27,23
49,"u10",32,32
49,"u10",37,21
49,"u10",42,23
49,"u10",47,180
49,"u10",52,130
50,"u1",7,4
50,"u1",12,8
50,"u1",17,10
50,"u1",22,52
50,"u1",27,90
50,"u1",32,239
50,"u1",37,221
50,"u1",42,61
50,"u1",47,44
50,"u1",52,10
50,"u2",7,1
50,"u2",12,4
50,"u2",17,7
50,"u2",22,14
50,"u2",27,10
50,"u2",32,10
50,"u2",37,13
50,"u2",42,124
50,"u2",47,222
50,"u2",52,77
50,"u3",7,3
50,"u3",12,7
50,"u3",17,23
50,"u3",22,58
50,"u3",27,48
50,"u3",32,30
50,"u3",37,30
50,"u3",42,281
50,"u3",47,410
50,"u3",52,102
50,"u4",7,5
50,"u4",12,4
50,"u4",17,20
50,"u4",22,14
50,"u4",27,20
50,"u4",32,74
50,"u4",37,36
50,"u4",42,40
50,"u4",47,11
50,"u4",52,33
50,"u5",7,1
50,"u5",12,8
50,"u5",17,28
50,"u5",22,24
50,"u5",27,6
50,"u5",32,33
50,"u5",37,21
50,"u5",42,11
50,"u5",47,0
50,"u5",52,13
50,"u6",7,7
50,"u6",12,18
50,"u6",17,25
50,"u6",22,61
50,"u6",27,100
50,"u6",32,199
50,"u6",37,179
50,"u6",42,226
50,"u6",47,19
50,"u6",52,5
50,"u7",7,1
50,"u7",12,0
50,"u7",17,4
50,"u7",22,34
50,"u7",27,51
50,"u7",32,271
50,"u7",37,419
50,"u7",42,45
50,"u7",47,3
50,"u7",52,6
50,"u8",7,0
50,"u8",12,0
50,"u8",17,0
50,"u8",22,0
50,"u8",27,12
50,"u8",32,17
50,"u8",37,150
50,"u8",42,12
50,"u8",47,15
50,"u8",52,22
50,"u9",7,5
50,"u9",12,0
50,"u9",17,9
50,"u9",22,10
50,"u9",27,3
50,"u9",32,101
50,"u9",37,19
50,"u9",42,31
50,"u9",47,6
50,"u9",52,5
50,"u10",7,1
50,"u10",12,1
50,"u10",17,13
50,"u10",22,12
50,"u10",27,10
50,"u10",32,74
50,"u10",37,65
50,"u10",42,256
50,"u10",47,29
50,"u10",52,58
51,"u1",7,2
51,"u1",12,7
51,"u1",17,29
51,"u1",22,28
51,"u1",27,6
51,"u1",32,9
51,"u1",37,5
51,"u1",42,6
51,"u1",47,30
51,"u1",52,2
51,"u2",7,1
51,"u2",12,1
51,"u2",17,16
51,"u2",22,21
51,"u2",27,127
51,"u2",32,111
51,"u2",37,4
51,"u2",42,23
51,"u2",47,245
51,"u2",52,172
51,"u3",7,2
51,"u3",12,3
51,"u3",17,4
51,"u3",22,7
51,"u3",27,8
51,"u3",32,17
51,"u3",37,7
51,"u3",42,16
51,"u3",47,5
51,"u3",52,5
51,"u4",7,3
51,"u4",12,0
51,"u4",17,6
51,"u4",22,0
51,"u4",27,3
51,"u4",32,5
51,"u4",37,29
51,"u4",42,26
51,"u4",47,13
51,"u4",52,2
51,"u5",7,0
51,"u5",12,10
51,"u5",17,30
51,"u5",22,310
51,"u5",27,285
51,"u5",32,107
51,"u5",37,12
51,"u5",42,21
51,"u5",47,19
51,"u5",52,3
51,"u6",7,2
51,"u6",12,7
51,"u6",17,14
51,"u6",22,25
51,"u6",27,64
51,"u6",32,22
51,"u6",37,41
51,"u6",42,175
51,"u6",47,128
51,"u6",52,27
51,"u7",7,5
51,"u7",12,4
51,"u7",17,19
51,"u7",22,29
51,"u7",27,160
51,"u7",32,26
51,"u7",37,45
51,"u7",42,34
51,"u7",47,19
51,"u7",52,34
51,"u8",7,3
51,"u8",12,10
51,"u8",17,4
51,"u8",22,11
51,"u8",27,12
51,"u8",32,40
51,"u8",37,12
51,"u8",42,47
51,"u8",47,161
51,"u8",52,145
51,"u9",7,1
51,"u9",12,6
51,"u9",17,6
51,"u9",22,4
51,"u9",27,1
51,"u9",32,4
51,"u9",37,10
51,"u9",42,4
51,"u9",47,32
51,"u9",52,49
51,"u10",7,2
51,"u10",12,28
51,"u10",17,96
51,"u10",22,165
51,"u10",27,123
51,"u10",32,74
51,"u10",37,32
51,"u10",42,14
51,"u10",47,4
51,"u10",52,18
52,"u1",7,3
52,"u1",12,2
52,"u1",17,3
52,"u1",22,6
52,"u1",27,6
52,"u1",32,47
52,"u1",37,50
52,"u1",42,79
52,"u1",47,90
52,"u1",52,60
52,"u2",7,1
52,"u2",12,10
52,"u2",17,28
52,"u2",22,2
52,"u2",27,21
52,"u2",32,24
52,"u2",37,40
52,"u2",42,31
52,"u2",47,181
52,"u2",52,14
52,"u3",7,5
52,"u3",12,6
52,"u3",17,3
52,"u3",22,29
52,"u3",27,72
52,"u3",32,53
52,"u3",37,141
52,"u3",42,383
52,"u3",47,29
52,"u3",52,18
52,"u4",7,0
52,"u4",12,8
52,"u4",17,19
52,"u4",22,12
52,"u4",27,158
52,"u4",32,106
52,"u4",37,28
52,"u4",42,21
52,"u4",47,131
52,"u4",52,11
52,"u5",7,2
52,"u5",12,2
52,"u5",17,26
52,"u5",22,30
52,"u5",27,277
52,"u5",32,59
52,"u5",37,17
52,"u5",42,14
52,"u5",47,4
52,"u5",52,13
52,"u6",7,4
52,"u6",12,18
52,"u6",17,11
52,"u6",22,83
52,"u6",27,60
52,"u6",32,14
52,"u6",37,14
52,"u6",42,51
52,"u6",47,51
52,"u6",52,89
52,"u7",7,3
52,"u7",12,15
52,"u7",17,6
52,"u7",22,54
52,"u7",27,71
52,"u7",32,63
52,"u7",37,31
52,"u7",42,1
52,"u7",47,32
52,"u7",52,26
52,"u8",7,16
52,"u8",12,9
52,"u8",17,11
52,"u8",22,21
52,"u8",27,465
52,"u8",32,141
52,"u8",37,26
52,"u8",42,4
52,"u8",47,1
52,"u8",52,2
52,"u9",7,6
52,"u9",12,3
52,"u9",17,17
52,"u9",22,6
52,"u9",27,16
52,"u9",32,37
52,"u9",37,84
52,"u9",42,103
52,"u9",47,13
52,"u9",52,5
52,"u10",7,4
52,"u10",12,3
52,"u10",17,4
52,"u10",22,3
52,"u10",27,18
52,"u10",32,32
52,"u10",37,135
52,"u10",42,6
52,"u10",47,21
52,"u10",52,3
53,"u1",7,2
53,"u1",12,6
53,"u1",17,9
53,"u1",22,5
53,"u1",27,97
53,"u1",32,9
53,"u1",37,39
53,"u1",42,10
53,"u1",47,62
53,"u1",52,9
53,"u2",7,0
53,"u2",12,0
53,"u2",17,8
53,"u2",22,17
53,"u2",27,15
53,"u2",32,68
53,"u2",37,176
53,"u2",42,57
53,"u2",47,22
53,"u2",52,72
53,"u3",7,1
53,"u3",12,9
53,"u3",17,72
53,"u3",22,74
53,"u3",27,14
53,"u3",32,25
53,"u3",37,32
53,"u3",42,14
53,"u3",47,17
53,"u3",52,14
53,"u4",7,3
53,"u4",12,1
53,"u4",17,18
53,"u4",22,28
53,"u4",27,57
53,"u4",32,18
53,"u4",37,107
53,"u4",42,98
53,"u4",47,257
53,"u4",52,20
53,"u5",7,3
53,"u5",12,2
53,"u5",17,1
53,"u5",22,2
53,"u5",27,26
53,"u5",32,44
53,"u5",37,154
53,"u5",42,134
53,"u5",47,29
53,"u5",52,31
53,"u6",7,1
53,"u6",12,8
53,"u6",17,28
53,"u6",22,11
53,"u6",27,41
53,"u6",32,56
53,"u6",37,54
53,"u6",42,104
53,"u6",47,35
53,"u6",52,66
53,"u7",7,1
53,"u7",12,45
53,"u7",17,20
53,"u7",22,37
53,"u7",27,24
53,"u7",32,21
53,"u7",37,34
53,"u7",42,11
53,"u7",47,11
53,"u7",52,9
53,"u8",7,2
53,"u8",12,18
53,"u8",17,37
53,"u8",22,21
53,"u8",27,16
53,"u8",32,29
53,"u8",37,53
53,"u8",42,12
53,"u8",47,85
53,"u8",52,6
53,"u9",7,2
53,"u9",12,5
53,"u9",17,37
53,"u9",22,21
53,"u9",27,86
53,"u9",32,22
53,"u9",37,21
53,"u9",42,27
53,"u9",47,16
53,"u9",52,6
53,"u10",7,5
53,"u10",12,0
53,"u10",17,4
53,"u10",22,17
53,"u10",27,135
53,"u10",32,167
53,"u10",37,193
53,"u10",42,28
53,"u10",47,6
53,"u10",52,8
54,"u1",7,11
54,"u1",12,7
54,"u1",17,16
54,"u1",22,32
54,"u1",27,67
54,"u1",32,49
54,"u1",37,29
54,"u1",42,8
54,"u1",47,26
54,"u1",52,12
54,"u2",7,3
54,"u2",12,15
54,"u2",17,15
54,"u2",22,30
54,"u2",27,35
54,"u2",32,17
54,"u2",37,20
54,"u2",42,4
54,"u2",47,29
54,"u2",52,7
54,"u3",7,3
54,"u3",12,8
54,"u3",17,12
54,"u3",22,58
54,"u3",27,61
54,"u3",32,34
54,"u3",37,102
54,"u3",42,3
54,"u3",47,18
54,"u3",52,1
54,"u4",7,0
54,"u4",12,0
54,"u4",17,7
54,"u4",22,3
54,"u4",27,4
54,"u4",32,3
54,"u4",37,108
54,"u4",42,59
54,"u4",47,33
54,"u4",52,40
54,"u5",7,2
54,"u5",12,5
54,"u5",17,13
54,"u5",22,6
54,"u5",27,54
54,"u5",32,10
54,"u5",37,3
54,"u5",42,11
54,"u5",47,13
54,"u5",52,26
54,"u6",7,5
54,"u6",12,14
54,"u6",17,8
54,"u6",22,34
54,"u6",27,24
54,"u6",32,93
54,"u6",37,148
54,"u6",42,15
54,"u6",47,5
54,"u6",52,9
54,"u7",7,4
54,"u7",12,8
54,"u7",17,23
54,"u7",22,20
54,"u7",27,23
54,"u7",32,103
54,"u7",37,75
54,"u7",42,4
54,"u7",47,3
54,"u7",52,12
54,"u8",7,4
54,"u8",12,1
54,"u8",17,3
54,"u8",22,10
54,"u8",27,39
54,"u8",32,23
54,"u8",37,7
54,"u8",42,10
54,"u8",47,12
54,"u8",52,36
54,"u9",7,4
54,"u9",12,7
54,"u9",17,7
54,"u9",22,74
54,"u9",27,15
54,"u9",32,19
54,"u9",37,61
54,"u9",42,74
54,"u9",47,26
54,"u9",52,59
54,"u10",7,0
54,"u10",12,5
54,"u10",17,6
54,"u10",22,104
54,"u10",27,55
54,"u10",32,98
54,"u10",37,58
54,"u10",42,18
54,"u10",47,13
54,"u10",52,73
55,"u1",7,6
55,"u1",12,9
55,"u1",17,7
55,"u1",22,14
55,"u1",27,39
55,"u1",32,68
55,"u1",37,147
55,"u1",42,169
55,"u1",47,28
55,"u1",52,4
55,"u2",7,1
55,"u2",12,2
55,"u2",17,22
55,"u2",22,24
55,"u2",27,53
55,"u2",32,649
55,"u2",37,210
55,"u2",42,70
55,"u2",47,16
55,"u2",52,20
55,"u3",7,0
55,"u3",12,8
55,"u3",17,2
55,"u3",22,15
55,"u3",27,21
55,"u3",32,27
55,"u3",37,24
55,"u3",42,7
55,"u3",47,10
55,"u3",52,50
55,"u4",7,6
55,"u4",12,5
55,"u4",17,19
55,"u4",22,19
55,"u4",27,12
55,"u4",32,1
55,"u4",37,5
55,"u4",42,16
55,"u4",47,34
55,"u4",52,34
55,"u5",7,3
55,"u5",12,4
55,"u5",17,3
55,"u5",22,9
55,"u5",27,23
55,"u5",32,16
55,"u5",37,8
55,"u5",42,9
55,"u5",47,25
55,"u5",52,23
55,"u6",7,0
55,"u6",12,4
55,"u6",17,2
55,"u6",22,11
55,"u6",27,2
55,"u6",32,19
55,"u6",37,69
55,"u6",42,65
55,"u6",47,40
55,"u6",52,18
55,"u7",7,9
55,"u7",12,17
55,"u7",17,14
55,"u7",22,115
55,"u7",27,36
55,"u7",32,13
55,"u7",37,5
55,"u7",42,2
55,"u7",47,3
55,"u7",52,8
55,"u8",7,3
55,"u8",12,2
55,"u8",17,19
55,"u8",22,54
55,"u8",27,148
55,"u8",32,51
55,"u8",37,38
55,"u8",42,25
55,"u8",47,7
55,"u8",52,3
55,"u9",7,0
55,"u9",12,3
55,"u9",17,1
55,"u9",22,14
55,"u9",27,7
55,"u9",32,159
55,"u9",37,98
55,"u9",42,45
55,"u9",47,8
55,"u9",52,67
55,"u10",7,5
55,"u10",12,14
55,"u10",17,11
55,"u10",22,75
55,"u10",27,119
55,"u10",32,193
55,"u10",37,123
55,"u10",42,7
55,"u10",47,42
55,"u10",52,25
56,"u1",7,1
56,"u1",12,15
56,"u1",17,5
56,"u1",22,2
56,"u1",27,12
56,"u1",32,37
56,"u1",37,47
56,"u1",42,82
56,"u1",47,70
56,"u1",52,24
56,"u2",7,6
56,"u2",12,7
56,"u2",17,13
56,"u2",22,16
56,"u2",27,23
56,"u2",32,29
56,"u2",37,41
56,"u2",42,51
56,"u2",47,61
56,"u2",52,62
56,"u3",7,3
56,"u3",12,2
56,"u3",17,17
56,"u3",22,56
56,"u3",27,59
56,"u3",32,44
56,"u3",37,220
56,"u3",42,456
56,"u3",47,42
56,"u3",52,47
56,"u4",7,4
56,"u4",12,5
56,"u4",17,21
56,"u4",22,24
56,"u4",27,50
56,"u4",32,16
56,"u4",37,40
56,"u4",42,47
56,"u4",47,13
56,"u4",52,10
56,"u5",7,0
56,"u5",12,1
56,"u5",17,4
56,"u5",22,3
56,"u5",27,23
56,"u5",32,37
56,"u5",37,39
56,"u5",42,58
56,"u5",47,15
56,"u5",52,15
56,"u6",7,7
56,"u6",12,2
56,"u6",17,19
56,"u6",22,7
56,"u6",27,60
56,"u6",32,100
56,"u6",37,408
56,"u6",42,105
56,"u6",47,4
56,"u6",52,34
56,"u7",7,3
56,"u7",12,9
56,"u7",17,7
56,"u7",22,19
56,"u7",27,9
56,"u7",32,14
56,"u7",37,12
56,"u7",42,10
56,"u7",47,40
56,"u7",52,15
56,"u8",7,1
56,"u8",12,5
56,"u8",17,9
56,"u8",22,25
56,"u8",27,4
56,"u8",32,3
56,"u8",37,4
56,"u8",42,2
56,"u8",47,0
56,"u8",52,40
56,"u9",7,2
56,"u9",12,2
56,"u9",17,12
56,"u9",22,4
56,"u9",27,102
56,"u9",32,12
56,"u9",37,3
56,"u9",42,8
56,"u9",47,6
56,"u9",52,18
56,"u10",7,1
56,"u10",12,3
56,"u10",17,42
56,"u10",22,24
56,"u10",27,52
56,"u10",32,42
56,"u10",37,64
56,"u10",42,76
56,"u10",47,32
56,"u10",52,17
57,"u1",7,2
57,"u1",12,7
57,"u1",17,8
57,"u1",22,57
57,"u1",27,128
57,"u1",32,162
57,"u1",37,81
57,"u1",42,84
57,"u1",47,17
57,"u1",52,10
57,"u2",7,2
57,"u2",12,11
57,"u2",17,67
57,"u2",22,11
57,"u2",27,32
57,"u2",32,40
57,"u2",37,1
57,"u2",42,0
57,"u2",47,11
57,"u2",52,9
57,"u3",7,5
57,"u3",12,9
57,"u3",17,32
57,"u3",22,71
57,"u3",27,55
57,"u3",32,373
57,"u3",37,54
57,"u3",42,9
57,"u3",47,6
57,"u3",52,1
57,"u4",7,4
57,"u4",12,0
57,"u4",17,2
57,"u4",22,16
57,"u4",27,11
57,"u4",32,24
57,"u4",37,14
57,"u4",42,18
57,"u4",47,5
57,"u4",52,135
57,"u5",7,2
57,"u5",12,1
57,"u5",17,6
57,"u5",22,48
57,"u5",27,54
57,"u5",32,253
57,"u5",37,76
57,"u5",42,55
57,"u5",47,50
57,"u5",52,10
57,"u6",7,3
57,"u6",12,10
57,"u6",17,26
57,"u6",22,72
57,"u6",27,60
57,"u6",32,42
57,"u6",37,189
57,"u6",42,23
57,"u6",47,25
57,"u6",52,11
57,"u7",7,0
57,"u7",12,10
57,"u7",17,6
57,"u7",22,4
57,"u7",27,4
57,"u7",32,127
57,"u7",37,74
57,"u7",42,26
57,"u7",47,17
57,"u7",52,35
57,"u8",7,0
57,"u8",12,6
57,"u8",17,5
57,"u8",22,13
57,"u8",27,39
57,"u8",32,70
57,"u8",37,117
57,"u8",42,93
57,"u8",47,62
57,"u8",52,6
57,"u9",7,7
57,"u9",12,6
57,"u9",17,76
57,"u9",22,137
57,"u9",27,122
57,"u9",32,25
57,"u9",37,30
57,"u9",42,130
57,"u9",47,43
57,"u9",52,30
57,"u10",7,3
57,"u10",12,11
57,"u10",17,20
57,"u10",22,9
57,"u10",27,32
57,"u10",32,45
57,"u10",37,6
57,"u10",42,10
57,"u10",47,8
57,"u10",52,12
58,"u1",7,4
58,"u1",12,6
58,"u1",17,27
58,"u1",22,32
58,"u1",27,5
58,"u1",32,35
58,"u1",37,10
58,"u1",42,81
58,"u1",47,56
58,"u1",52,171
58,"u2",7,2
58,"u2",12,0
58,"u2",17,2
58,"u2",22,6
58,"u2",27,65
58,"u2",32,166
58,"u2",37,13
58,"u2",42,90
58,"u2",47,49
58,"u2",52,73
58,"u3",7,0
58,"u3",12,28
58,"u3",17,43
58,"u3",22,50
58,"u3",27,71
58,"u3",32,50
58,"u3",37,16
58,"u3",42,12
58,"u3",47,42
58,"u3",52,20
58,"u4",7,9
58,"u4",12,3
58,"u4",17,8
58,"u4",22,6
58,"u4",27,111
58,"u4",32,90
58,"u4",37,42
58,"u4",42,40
58,"u4",47,1
58,"u4",52,3
58,"u5",7,3
58,"u5",12,3
58,"u5",17,11
58,"u5",22,28
58,"u5",27,14
58,"u5",32,84
58,"u5",37,115
58,"u5",42,42
58,"u5",47,157
58,"u5",52,53
58,"u6",7,2
58,"u6",12,1
58,"u6",17,7
58,"u6",22,4
58,"u6",27,49
58,"u6",32,134
58,"u6",37,15
58,"u6",42,33
58,"u6",47,92
58,"u6",52,11
58,"u7",7,0
58,"u7",12,7
58,"u7",17,10
58,"u7",22,114
58,"u7",27,211
58,"u7",32,16
58,"u7",37,105
58,"u7",42,88
58,"u7",47,36
58,"u7",52,2
58,"u8",7,5
58,"u8",12,14
58,"u8",17,7
58,"u8",22,14
58,"u8",27,118
58,"u8",32,53
58,"u8",37,104
58,"u8",42,11
58,"u8",47,35
58,"u8",52,33
58,"u9",7,0
58,"u9",12,0
58,"u9",17,41
58,"u9",22,29
58,"u9",27,82
58,"u9",32,230
58,"u9",37,85
58,"u9",42,33
58,"u9",47,5
58,"u9",52,17
58,"u10",7,3
58,"u10",12,3
58,"u10",17,2
58,"u10",22,21
58,"u10",27,17
58,"u10",32,262
58,"u10",37,16
58,"u10",42,54
58,"u10",47,10
58,"u10",52,70
59,"u1",7,0
59,"u1",12,2
59,"u1",17,27
59,"u1",22,20
59,"u1",27,50
59,"u1",32,55
59,"u1",37,90
59,"u1",42,78
59,"u1",47,135
59,"u1",52,68
59,"u2",7,6
59,"u2",12,18
59,"u2",17,21
59,"u2",22,48
59,"u2",27,88
59,"u2",32,90
59,"u2",37,11
59,"u2",42,21
59,"u2",47,13
59,"u2",52,116
59,"u3",7,1
59,"u3",12,2
59,"u3",17,1
59,"u3",22,2
59,"u3",27,28
59,"u3",32,2
59,"u3",37,18
59,"u3",42,13
59,"u3",47,147
59,"u3",52,188
59,"u4",7,4
59,"u4",12,9
59,"u4",17,9
59,"u4",22,46
59,"u4",27,83
59,"u4",32,66
59,"u4",37,85
59,"u4",42,33
59,"u4",47,35
59,"u4",52,4
59,"u5",7,6
59,"u5",12,42
59,"u5",17,46
59,"u5",22,46
59,"u5",27,21
59,"u5",32,67
59,"u5",37,14
59,"u5",42,12
59,"u5",47,5
59,"u5",52,21
59,"u6",7,3
59,"u6",12,4
59,"u6",17,2
59,"u6",22,27
59,"u6",27,38
59,"u6",32,14
59,"u6",37,99
59,"u6",42,157
59,"u6",47,36
59,"u6",52,26
59,"u7",7,10
59,"u7",12,3
59,"u7",17,6
59,"u7",22,51
59,"u7",27,67
59,"u7",32,113
59,"u7",37,82
59,"u7",42,16
59,"u7",47,72
59,"u7",52,25
59,"u8",7,1
59,"u8",12,1
59,"u8",17,29
59,"u8",22,25
59,"u8",27,114
59,"u8",32,129
59,"u8",37,11
59,"u8",42,146
59,"u8",47,63
59,"u8",52,30
59,"u9",7,0
59,"u9",12,1
59,"u9",17,5
59,"u9",22,44
59,"u9",27,25
59,"u9",32,21
59,"u9",37,14
59,"u9",42,19
59,"u9",47,16
59,"u9",52,20
59,"u10",7,0
59,"u10",12,5
59,"u10",17,17
59,"u10",22,89
59,"u10",27,202
59,"u10",32,113
59,"u10",37,44
59,"u10",42,5
59,"u10",47,0
59,"u10",52,14
60,"u1",7,0
60,"u1",12,22
60,"u1",17,29
60,"u1",22,16
60,"u1",27,14
60,"u1",32,30
60,"u1",37,24
60,"u1",42,43
60,"u1",47,8
60,"u1",52,48
60,"u2",7,1
60,"u2",12,6
60,"u2",17,114
60,"u2",22,8
60,"u2",27,18
60,"u2",32,31
60,"u2",37,63
60,"u2",42,47
60,"u2",47,98
60,"u2",52,50
60,"u3",7,1
60,"u3",12,2
60,"u3",17,11
60,"u3",22,6
60,"u3",27,15
60,"u3",32,60
60,"u3",37,55
60,"u3",42,49
60,"u3",47,12
60,"u3",52,54
60,"u4",7,3
60,"u4",12,12
60,"u4",17,12
60,"u4",22,28
60,"u4",27,119
60,"u4",32,62
60,"u4",37,60
60,"u4",42,25
60,"u4",47,27
60,"u4",52,50
60,"u5",7,0
60,"u5",12,0
60,"u5",17,2
60,"u5",22,7
60,"u5",27,4
60,"u5",32,20
60,"u5",37,27
60,"u5",42,35
60,"u5",47,152
60,"u5",52,74
60,"u6",7,2
60,"u6",12,3
60,"u6",17,12
60,"u6",22,24
60,"u6",27,17
60,"u6",32,55
60,"u6",37,82
60,"u6",42,97
60,"u6",47,12
60,"u6",52,31
60,"u7",7,1
60,"u7",12,7
60,"u7",17,24
60,"u7",22,11
60,"u7",27,21
60,"u7",32,21
60,"u7",37,37
60,"u7",42,48
60,"u7",47,123
60,"u7",52,69
60,"u8",7,9
60,"u8",12,9
60,"u8",17,13
60,"u8",22,23
60,"u8",27,39
60,"u8",32,83
60,"u8",37,121
60,"u8",42,73
60,"u8",47,14
60,"u8",52,2
60,"u9",7,0
60,"u9",12,3
60,"u9",17,6
60,"u9",22,26
60,"u9",27,19
60,"u9",32,60
60,"u9",37,19
60,"u9",42,8
60,"u9",47,19
60,"u9",52,4
60,"u10",7,1
60,"u10",12,3
60,"u10",17,1
60,"u10",22,14
60,"u10",27,34
60,"u10",32,11
60,"u10",37,71
60,"u10",42,11
60,"u10",47,20
60,"u10",52,26
61,"u1",7,1
61,"u1",12,9
61,"u1",17,4
61,"u1",22,31
61,"u1",27,79
61,"u1",32,102
61,"u1",37,43
61,"u1",42,39
61,"u1",47,21
61,"u1",52,147
61,"u2",7,4
61,"u2",12,12
61,"u2",17,33
61,"u2",22,14
61,"u2",27,24
61,"u2",32,7
61,"u2",37,47
61,"u2",42,2
61,"u2",47,12
61,"u2",52,8
61,"u3",7,3
61,"u3",12,0
61,"u3",17,53
61,"u3",22,25
61,"u3",27,86
61,"u3",32,74
61,"u3",37,58
61,"u3",42,30
61,"u3",47,5
61,"u3",52,4
61,"u4",7,0
61,"u4",12,5
61,"u4",17,4
61,"u4",22,31
61,"u4",27,48
61,"u4",32,11
61,"u4",37,4
61,"u4",42,8
61,"u4",47,3
61,"u4",52,2
61,"u5",7,0
61,"u5",12,0
61,"u5",17,3
61,"u5",22,3
61,"u5",27,5
61,"u5",32,14
61,"u5",37,16
61,"u5",42,23
61,"u5",47,55
61,"u5",52,66
61,"u6",7,5
61,"u6",12,5
61,"u6",17,12
61,"u6",22,8
61,"u6",27,1
61,"u6",32,74
61,"u6",37,6
61,"u6",42,14
61,"u6",47,34
61,"u6",52,7
61,"u7",7,2
61,"u7",12,1
61,"u7",17,8
61,"u7",22,13
61,"u7",27,27
61,"u7",32,51
61,"u7",37,16
61,"u7",42,29
61,"u7",47,32
61,"u7",52,16
61,"u8",7,2
61,"u8",12,3
61,"u8",17,5
61,"u8",22,4
61,"u8",27,13
61,"u8",32,12
61,"u8",37,6
61,"u8",42,27
61,"u8",47,64
61,"u8",52,9
61,"u9",7,3
61,"u9",12,2
61,"u9",17,0
61,"u9",22,8
61,"u9",27,15
61,"u9",32,46
61,"u9",37,139
61,"u9",42,15
61,"u9",47,57
61,"u9",52,43
61,"u10",7,6
61,"u10",12,2
61,"u10",17,4
61,"u10",22,28
61,"u10",27,11
61,"u10",32,53
61,"u10",37,73
61,"u10",42,33
61,"u10",47,13
61,"u10",52,3
62,"u1",7,7
62,"u1",12,5
62,"u1",17,15
62,"u1",22,114
62,"u1",27,92
62,"u1",32,3
62,"u1",37,40
62,"u1",42,32
62,"u1",47,30
62,"u1",52,8
62,"u2",7,3
62,"u2",12,4
62,"u2",17,2
62,"u2",22,24
62,"u2",27,27
62,"u2",32,10
62,"u2",37,64
62,"u2",42,10
62,"u2",47,4
62,"u2",52,4
62,"u3",7,0
62,"u3",12,4
62,"u3",17,25
62,"u3",22,24
62,"u3",27,86
62,"u3",32,25
62,"u3",37,30
62,"u3",42,5
62,"u3",47,17
62,"u3",52,4
62,"u4",7,1
62,"u4",12,0
62,"u4",17,3
62,"u4",22,50
62,"u4",27,5
62,"u4",32,19
62,"u4",37,66
62,"u4",42,41
62,"u4",47,79
62,"u4",52,12
62,"u5",7,0
62,"u5",12,2
62,"u5",17,1
62,"u5",22,29
62,"u5",27,19
62,"u5",32,79
62,"u5",37,28
62,"u5",42,55
62,"u5",47,147
62,"u5",52,27
62,"u6",7,3
62,"u6",12,14
62,"u6",17,25
62,"u6",22,112
62,"u6",27,42
62,"u6",32,95
62,"u6",37,5
62,"u6",42,20
62,"u6",47,33
62,"u6",52,15
62,"u7",7,2
62,"u7",12,5
62,"u7",17,3
62,"u7",22,9
62,"u7",27,93
62,"u7",32,71
62,"u7",37,42
62,"u7",42,10
62,"u7",47,6
62,"u7",52,22
62,"u8",7,1
62,"u8",12,0
62,"u8",17,5
62,"u8",22,21
62,"u8",27,39
62,"u8",32,5
62,"u8",37,3
62,"u8",42,4
62,"u8",47,34
62,"u8",52,8
62,"u9",7,9
62,"u9",12,2
62,"u9",17,15
62,"u9",22,5
62,"u9",27,20
62,"u9",32,21
62,"u9",37,28
62,"u9",42,8
62,"u9",47,43
62,"u9",52,54
62,"u10",7,0
62,"u10",12,2
62,"u10",17,0
62,"u10",22,8
62,"u10",27,8
62,"u10",32,11
62,"u10",37,25
62,"u10",42,209
62,"u10",47,280
62,"u10",52,29
63,"u1",7,1
63,"u1",12,6
63,"u1",17,21
63,"u1",22,95
63,"u1",27,81
63,"u1",32,61
63,"u1",37,113
63,"u1",42,19
63,"u1",47,13
63,"u1",52,47
63,"u2",7,1
63,"u2",12,5
63,"u2",17,19
63,"u2",22,13
63,"u2",27,8
63,"u2",32,22
63,"u2",37,4
63,"u2",42,19
63,"u2",47,14
63,"u2",52,12
63,"u3",7,6
63,"u3",12,32
63,"u3",17,12
63,"u3",22,2
63,"u3",27,0
63,"u3",32,2
63,"u3",37,14
63,"u3",42,33
63,"u3",47,49
63,"u3",52,51
63,"u4",7,0
63,"u4",12,1
63,"u4",17,10
63,"u4",22,88
63,"u4",27,40
63,"u4",32,48
63,"u4",37,9
63,"u4",42,39
63,"u4",47,46
63,"u4",52,329
63,"u5",7,5
63,"u5",12,2
63,"u5",17,13
63,"u5",22,43
63,"u5",27,183
63,"u5",32,322
63,"u5",37,167
63,"u5",42,24
63,"u5",47,1
63,"u5",52,32
63,"u6",7,0
63,"u6",12,10
63,"u6",17,4
63,"u6",22,13
63,"u6",27,154
63,"u6",32,101
63,"u6",37,139
63,"u6",42,82
63,"u6",47,53
63,"u6",52,41
63,"u7",7,4
63,"u7",12,4
63,"u7",17,14
63,"u7",22,15
63,"u7",27,95
63,"u7",32,43
63,"u7",37,46
63,"u7",42,75
63,"u7",47,49
63,"u7",52,0
63,"u8",7,0
63,"u8",12,4
63,"u8",17,10
63,"u8",22,5
63,"u8",27,33
63,"u8",32,23
63,"u8",37,49
63,"u8",42,44
63,"u8",47,21
63,"u8",52,8
63,"u9",7,1
63,"u9",12,0
63,"u9",17,6
63,"u9",22,15
63,"u9",27,11
63,"u9",32,15
63,"u9",37,90
63,"u9",42,108
63,"u9",47,114
63,"u9",52,29
63,"u10",7,2
63,"u10",12,7
63,"u10",17,5
63,"u10",22,35
63,"u10",27,49
63,"u10",32,12
63,"u10",37,187
63,"u10",42,315
63,"u10",47,68
63,"u10",52,61
64,"u1",7,5
64,"u1",12,2
64,"u1",17,9
64,"u1",22,29
64,"u1",27,119
64,"u1",32,18
64,"u1",37,32
64,"u1",42,14
64,"u1",47,70
64,"u1",52,15
64,"u2",7,4
64,"u2",12,11
64,"u2",17,4
64,"u2",22,13
64,"u2",27,4
64,"u2",32,20
64,"u2",37,26
64,"u2",42,28
64,"u2",47,22
64,"u2",52,3
64,"u3",7,10
64,"u3",12,12
64,"u3",17,7
64,"u3",22,28
64,"u3",27,43
64,"u3",32,28
64,"u3",37,35
64,"u3",42,5
64,"u3",47,13
64,"u3",52,22
64,"u4",7,3
64,"u4",12,6
64,"u4",17,44
64,"u4",22,74
64,"u4",27,26
64,"u4",32,55
64,"u4",37,40
64,"u4",42,54
64,"u4",47,30
64,"u4",52,7
64,"u5",7,6
64,"u5",12,3
64,"u5",17,6
64,"u5",22,6
64,"u5",27,41
64,"u5",32,38
64,"u5",37,26
64,"u5",42,204
64,"u5",47,32
64,"u5",52,19
64,"u6",7,2
64,"u6",12,3
64,"u6",17,75
64,"u6",22,73
64,"u6",27,40
64,"u6",32,35
64,"u6",37,10
64,"u6",42,14
64,"u6",47,10
64,"u6",52,1
64,"u7",7,3
64,"u7",12,3
64,"u7",17,14
64,"u7",22,13
64,"u7",27,20
64,"u7",32,50
64,"u7",37,10
64,"u7",42,8
64,"u7",47,0
64,"u7",52,10
64,"u8",7,3
64,"u8",12,1
64,"u8",17,10
64,"u8",22,13
64,"u8",27,33
64,"u8",32,13
64,"u8",37,45
64,"u8",42,32
64,"u8",47,15
64,"u8",52,13
64,"u9",7,0
64,"u9",12,32
64,"u9",17,6
64,"u9",22,91
64,"u9",27,7
64,"u9",32,32
64,"u9",37,6
64,"u9",42,19
64,"u9",47,147
64,"u9",52,128
64,"u10",7,1
64,"u10",12,0
64,"u10",17,18
64,"u10",22,50
64,"u10",27,27
64,"u10",32,28
64,"u10",37,51
64,"u10",42,38
64,"u10",47,46
64,"u10",52,90
65,"u1",7,11
65,"u1",12,8
65,"u1",17,58
65,"u1",22,102
65,"u1",27,68
65,"u1",32,219
65,"u1",37,260
65,"u1",42,143
65,"u1",47,103
65,"u1",52,126
65,"u2",7,3
65,"u2",12,1
65,"u2",17,11
65,"u2",22,33
65,"u2",27,12
65,"u2",32,91
65,"u2",37,120
65,"u2",42,73
65,"u2",47,31
65,"u2",52,11
65,"u3",7,5
65,"u3",12,2
65,"u3",17,14
65,"u3",22,20
65,"u3",27,37
65,"u3",32,30
65,"u3",37,230
65,"u3",42,129
65,"u3",47,154
65,"u3",52,30
65,"u4",7,0
65,"u4",12,7
65,"u4",17,12
65,"u4",22,26
65,"u4",27,4
65,"u4",32,95
65,"u4",37,45
65,"u4",42,20
65,"u4",47,6
65,"u4",52,8
65,"u5",7,1
65,"u5",12,38
65,"u5",17,202
65,"u5",22,90
65,"u5",27,13
65,"u5",32,67
65,"u5",37,17
65,"u5",42,31
65,"u5",47,76
65,"u5",52,24
65,"u6",7,4
65,"u6",12,9
65,"u6",17,68
65,"u6",22,47
65,"u6",27,88
65,"u6",32,25
65,"u6",37,61
65,"u6",42,11
65,"u6",47,30
65,"u6",52,39
65,"u7",7,2
65,"u7",12,7
65,"u7",17,25
65,"u7",22,9
65,"u7",27,5
65,"u7",32,16
65,"u7",37,1
65,"u7",42,52
65,"u7",47,52
65,"u7",52,52
65,"u8",7,4
65,"u8",12,6
65,"u8",17,5
65,"u8",22,13
65,"u8",27,4
65,"u8",32,12
65,"u8",37,2
65,"u8",42,34
65,"u8",47,10
65,"u8",52,30
65,"u9",7,0
65,"u9",12,25
65,"u9",17,17
65,"u9",22,180
65,"u9",27,40
65,"u9",32,112
65,"u9",37,40
65,"u9",42,237
65,"u9",47,140
65,"u9",52,84
65,"u10",7,1
65,"u10",12,4
65,"u10",17,4
65,"u10",22,10
65,"u10",27,27
65,"u10",32,21
65,"u10",37,32
65,"u10",42,9
65,"u10",47,36
65,"u10",52,24
66,"u1",7,5
66,"u1",12,4
66,"u1",17,7
66,"u1",22,5
66,"u1",27,26
66,"u1",32,113
66,"u1",37,51
66,"u1",42,40
66,"u1",47,80
66,"u1",52,9
66,"u2",7,7
66,"u2",12,0
66,"u2",17,4
66,"u2",22,14
66,"u2",27,3
66,"u2",32,38
66,"u2",37,315
66,"u2",42,123
66,"u2",47,74
66,"u2",52,51
66,"u3",7,0
66,"u3",12,4
66,"u3",17,24
66,"u3",22,12
66,"u3",27,98
66,"u3",32,148
66,"u3",37,13
66,"u3",42,13
66,"u3",47,1
66,"u3",52,0
66,"u4",7,1
66,"u4",12,3
66,"u4",17,14
66,"u4",22,33
66,"u4",27,3
66,"u4",32,45
66,"u4",37,29
66,"u4",42,54
66,"u4",47,62
66,"u4",52,32
66,"u5",7,12
66,"u5",12,11
66,"u5",17,18
66,"u5",22,103
66,"u5",27,9
66,"u5",32,90
66,"u5",37,77
66,"u5",42,23
66,"u5",47,165
66,"u5",52,46
66,"u6",7,3
66,"u6",12,0
66,"u6",17,10
66,"u6",22,1
66,"u6",27,44
66,"u6",32,41
66,"u6",37,9
66,"u6",42,11
66,"u6",47,59
66,"u6",52,168
66,"u7",7,1
66,"u7",12,5
66,"u7",17,20
66,"u7",22,11
66,"u7",27,31
66,"u7",32,86
66,"u7",37,123
66,"u7",42,59
66,"u7",47,19
66,"u7",52,15
66,"u8",7,4
66,"u8",12,6
66,"u8",17,76
66,"u8",22,47
66,"u8",27,34
66,"u8",32,61
66,"u8",37,18
66,"u8",42,6
66,"u8",47,1
66,"u8",52,2
66,"u9",7,3
66,"u9",12,18
66,"u9",17,4
66,"u9",22,0
66,"u9",27,45
66,"u9",32,83
66,"u9",37,16
66,"u9",42,13
66,"u9",47,21
66,"u9",52,27
66,"u10",7,2
66,"u10",12,0
66,"u10",17,1
66,"u10",22,5
66,"u10",27,18
66,"u10",32,98
66,"u10",37,73
66,"u10",42,38
66,"u10",47,180
66,"u10",52,299
67,"u1",7,7
67,"u1",12,18
67,"u1",17,24
67,"u1",22,27
67,"u1",27,21
67,"u1",32,110
67,"u1",37,73
67,"u1",42,170
67,"u1",47,306
67,"u1",52,30
67,"u2",7,0
67,"u2",12,2
67,"u2",17,22
67,"u2",22,16
67,"u2",27,17
67,"u2",32,28
67,"u2",37,64
67,"u2",42,89
67,"u2",47,270
67,"u2",52,149
67,"u3",7,1
67,"u3",12,11
67,"u3",17,23
67,"u3",22,102
67,"u3",27,138
67,"u3",32,31
67,"u3",37,17
67,"u3",42,1
67,"u3",47,5
67,"u3",52,4
67,"u4",7,7
67,"u4",12,14
67,"u4",17,62
67,"u4",22,102
67,"u4",27,36
67,"u4",32,115
67,"u4",37,74
67,"u4",42,81
67,"u4",47,10
67,"u4",52,7
67,"u5",7,0
67,"u5",12,6
67,"u5",17,5
67,"u5",22,112
67,"u5",27,21
67,"u5",32,94
67,"u5",37,47
67,"u5",42,49
67,"u5",47,81
67,"u5",52,12
67,"u6",7,1
67,"u6",12,3
67,"u6",17,6
67,"u6",22,57
67,"u6",27,53
67,"u6",32,100
67,"u6",37,59
67,"u6",42,45
67,"u6",47,11
67,"u6",52,0
67,"u7",7,7
67,"u7",12,7
67,"u7",17,21
67,"u7",22,252
67,"u7",27,136
67,"u7",32,73
67,"u7",37,110
67,"u7",42,9
67,"u7",47,57
67,"u7",52,0
67,"u8",7,0
67,"u8",12,2
67,"u8",17,9
67,"u8",22,7
67,"u8",27,25
67,"u8",32,15
67,"u8",37,22
67,"u8",42,16
67,"u8",47,10
67,"u8",52,13
67,"u9",7,6
67,"u9",12,2
67,"u9",17,11
67,"u9",22,34
67,"u9",27,26
67,"u9",32,1
67,"u9",37,21
67,"u9",42,29
67,"u9",47,35
67,"u9",52,15
67,"u10",7,1
67,"u10",12,7
67,"u10",17,16
67,"u10",22,15
67,"u10",27,77
67,"u10",32,27
67,"u10",37,56
67,"u10",42,155
67,"u10",47,68
67,"u10",52,23
68,"u1",7,1
68,"u1",12,1
68,"u1",17,16
68,"u1",22,29
68,"u1",27,26
68,"u1",32,15
68,"u1",37,79
68,"u1",42,18
68,"u1",47,81
68,"u1",52,387
68,"u2",7,2
68,"u2",12,6
68,"u2",17,2
68,"u2",22,11
68,"u2",27,37
68,"u2",32,37
68,"u2",37,8
68,"u2",42,48
68,"u2",47,29
68,"u2",52,16
68,"u3",7,1
68,"u3",12,2
68,"u3",17,33
68,"u3",22,4
68,"u3",27,28
68,"u3",32,22
68,"u3",37,31
68,"u3",42,119
68,"u3",47,106
68,"u3",52,58
68,"u4",7,2
68,"u4",12,2
68,"u4",17,7
68,"u4",22,39
68,"u4",27,63
68,"u4",32,14
68,"u4",37,23
68,"u4",42,3
68,"u4",47,35
68,"u4",52,4
68,"u5",7,6
68,"u5",12,5
68,"u5",17,49
68,"u5",22,155
68,"u5",27,266
68,"u5",32,34
68,"u5",37,4
68,"u5",42,19
68,"u5",47,16
68,"u5",52,3
68,"u6",7,0
68,"u6",12,1
68,"u6",17,2
68,"u6",22,1
68,"u6",27,2
68,"u6",32,15
68,"u6",37,106
68,"u6",42,77
68,"u6",47,283
68,"u6",52,206
68,"u7",7,3
68,"u7",12,4
68,"u7",17,33
68,"u7",22,46
68,"u7",27,116
68,"u7",32,58
68,"u7",37,99
68,"u7",42,134
68,"u7",47,370
68,"u7",52,59
68,"u8",7,3
68,"u8",12,36
68,"u8",17,52
68,"u8",22,181
68,"u8",27,41
68,"u8",32,259
68,"u8",37,140
68,"u8",42,428
68,"u8",47,509
68,"u8",52,33
68,"u9",7,3
68,"u9",12,16
68,"u9",17,14
68,"u9",22,21
68,"u9",27,138
68,"u9",32,39
68,"u9",37,20
68,"u9",42,31
68,"u9",47,26
68,"u9",52,8
68,"u10",7,5
68,"u10",12,13
68,"u10",17,66
68,"u10",22,95
68,"u10",27,62
68,"u10",32,55
68,"u10",37,19
68,"u10",42,6
68,"u10",47,3
68,"u10",52,0
69,"u1",7,1
69,"u1",12,1
69,"u1",17,2
69,"u1",22,9
69,"u1",27,14
69,"u1",32,28
69,"u1",37,79
69,"u1",42,48
69,"u1",47,34
69,"u1",52,20
69,"u2",7,2
69,"u2",12,1
69,"u2",17,1
69,"u2",22,5
69,"u2",27,61
69,"u2",32,82
69,"u2",37,283
69,"u2",42,24
69,"u2",47,308
69,"u2",52,17
69,"u3",7,5
69,"u3",12,1
69,"u3",17,7
69,"u3",22,8
69,"u3",27,36
69,"u3",32,125
69,"u3",37,130
69,"u3",42,140
69,"u3",47,29
69,"u3",52,38
69,"u4",7,4
69,"u4",12,5
69,"u4",17,18
69,"u4",22,133
69,"u4",27,33
69,"u4",32,146
69,"u4",37,117
69,"u4",42,103
69,"u4",47,23
69,"u4",52,62
69,"u5",7,2
69,"u5",12,31
69,"u5",17,5
69,"u5",22,21
69,"u5",27,292
69,"u5",32,330
69,"u5",37,82
69,"u5",42,134
69,"u5",47,238
69,"u5",52,1
69,"u6",7,2
69,"u6",12,7
69,"u6",17,4
69,"u6",22,23
69,"u6",27,35
69,"u6",32,10
69,"u6",37,24
69,"u6",42,20
69,"u6",47,42
69,"u6",52,20
69,"u7",7,7
69,"u7",12,6
69,"u7",17,8
69,"u7",22,5
69,"u7",27,31
69,"u7",32,383
69,"u7",37,57
69,"u7",42,42
69,"u7",47,9
69,"u7",52,17
69,"u8",7,2
69,"u8",12,5
69,"u8",17,23
69,"u8",22,11
69,"u8",27,39
69,"u8",32,22
69,"u8",37,113
69,"u8",42,98
69,"u8",47,69
69,"u8",52,35
69,"u9",7,6
69,"u9",12,3
69,"u9",17,28
69,"u9",22,24
69,"u9",27,71
69,"u9",32,68
69,"u9",37,11
69,"u9",42,35
69,"u9",47,31
69,"u9",52,3
69,"u10",7,0
69,"u10",12,3
69,"u10",17,12
69,"u10",22,18
69,"u10",27,71
69,"u10",32,235
69,"u10",37,33
69,"u10",42,28
69,"u10",47,14
69,"u10",52,20
70,"u1",7,0
70,"u1",12,0
70,"u1",17,8
70,"u1",22,3
70,"u1",27,47
70,"u1",32,9
70,"u1",37,72
70,"u1",42,23
70,"u1",47,47
70,"u1",52,45
70,"u2",7,2
70,"u2",12,6
70,"u2",17,33
70,"u2",22,19
70,"u2",27,39
70,"u2",32,14
70,"u2",37,19
70,"u2",42,21
70,"u2",47,65
70,"u2",52,214
70,"u3",7,2
70,"u3",12,7
70,"u3",17,65
70,"u3",22,189
70,"u3",27,92
70,"u3",32,302
70,"u3",37,62
70,"u3",42,10
70,"u3",47,2
70,"u3",52,40
70,"u4",7,2
70,"u4",12,0
70,"u4",17,15
70,"u4",22,9
70,"u4",27,8
70,"u4",32,125
70,"u4",37,47
70,"u4",42,37
70,"u4",47,178
70,"u4",52,29
70,"u5",7,12
70,"u5",12,2
70,"u5",17,67
70,"u5",22,58
70,"u5",27,164
70,"u5",32,144
70,"u5",37,24
70,"u5",42,57
70,"u5",47,64
70,"u5",52,6
70,"u6",7,1
70,"u6",12,3
70,"u6",17,3
70,"u6",22,19
70,"u6",27,92
70,"u6",32,182
70,"u6",37,46
70,"u6",42,37
70,"u6",47,24
70,"u6",52,6
70,"u7",7,1
70,"u7",12,9
70,"u7",17,3
70,"u7",22,5
70,"u7",27,15
70,"u7",32,11
70,"u7",37,28
70,"u7",42,16
70,"u7",47,10
70,"u7",52,46
70,"u8",7,2
70,"u8",12,4
70,"u8",17,0
70,"u8",22,61
70,"u8",27,16
70,"u8",32,24
70,"u8",37,20
70,"u8",42,11
70,"u8",47,11
70,"u8",52,12
70,"u9",7,2
70,"u9",12,2
70,"u9",17,5
70,"u9",22,19
70,"u9",27,15
70,"u9",32,5
70,"u9",37,109
70,"u9",42,78
70,"u9",47,74
70,"u9",52,6
70,"u10",7,2
70,"u10",12,2
70,"u10",17,5
70,"u10",22,5
70,"u10",27,49
70,"u10",32,42
70,"u10",37,35
70,"u10",42,38
70,"u10",47,3
70,"u10",52,31
71,"u1",7,5
71,"u1",12,6
71,"u1",17,2
71,"u1",22,10
71,"u1",27,3
71,"u1",32,22
71,"u1",37,34
71,"u1",42,34
71,"u1",47,20
71,"u1",52,188
71,"u2",7,1
71,"u2",12,13
71,"u2",17,13
71,"u2",22,17
71,"u2",27,9
71,"u2",32,39
71,"u2",37,4
71,"u2",42,11
71,"u2",47,43
71,"u2",52,31
71,"u3",7,3
71,"u3",12,3
71,"u3",17,8
71,"u3",22,31
71,"u3",27,16
71,"u3",32,27
71,"u3",37,9
71,"u3",42,19
71,"u3",47,14
71,"u3",52,30
71,"u4",7,1
71,"u4",12,4
71,"u4",17,5
71,"u4",22,83
71,"u4",27,116
71,"u4",32,38
71,"u4",37,32
71,"u4",42,32
71,"u4",47,22
71,"u4",52,43
71,"u5",7,2
71,"u5",12,1
71,"u5",17,0
71,"u5",22,7
71,"u5",27,30
71,"u5",32,78
71,"u5",37,68
71,"u5",42,20
71,"u5",47,103
71,"u5",52,25
71,"u6",7,5
71,"u6",12,7
71,"u6",17,12
71,"u6",22,17
71,"u6",27,81
71,"u6",32,126
71,"u6",37,99
71,"u6",42,61
71,"u6",47,31
71,"u6",52,34
71,"u7",7,5
71,"u7",12,9
71,"u7",17,3
71,"u7",22,48
71,"u7",27,66
71,"u7",32,66
71,"u7",37,69
71,"u7",42,79
71,"u7",47,15
71,"u7",52,8
71,"u8",7,2
71,"u8",12,26
71,"u8",17,3
71,"u8",22,30
71,"u8",27,27
71,"u8",32,67
71,"u8",37,24
71,"u8",42,12
71,"u8",47,3
71,"u8",52,6
71,"u9",7,1
71,"u9",12,1
71,"u9",17,2
71,"u9",22,3
71,"u9",27,6
71,"u9",32,14
71,"u9",37,5
71,"u9",42,9
71,"u9",47,4
71,"u9",52,8
71,"u10",7,5
71,"u10",12,8
71,"u10",17,22
71,"u10",22,10
71,"u10",27,38
71,"u10",32,14
71,"u10",37,18
71,"u10",42,2
71,"u10",47,3
71,"u10",52,11
72,"u1",7,1
72,"u1",12,4
72,"u1",17,15
72,"u1",22,29
72,"u1",27,14
72,"u1",32,128
72,"u1",37,60
72,"u1",42,39
72,"u1",47,5
72,"u1",52,5
72,"u2",7,0
72,"u2",12,10
72,"u2",17,12
72,"u2",22,12
72,"u2",27,34
72,"u2",32,21
72,"u2",37,15
72,"u2",42,25
72,"u2",47,40
72,"u2",52,0
72,"u3",7,2
72,"u3",12,1
72,"u3",17,6
72,"u3",22,48
72,"u3",27,51
72,"u3",32,23
72,"u3",37,75
72,"u3",42,28
72,"u3",47,28
72,"u3",52,8
72,"u4",7,2
72,"u4",12,0
72,"u4",17,2
72,"u4",22,2
72,"u4",27,13
72,"u4",32,68
72,"u4",37,47
72,"u4",42,38
72,"u4",47,60
72,"u4",52,26
72,"u5",7,5
72,"u5",12,13
72,"u5",17,163
72,"u5",22,125
72,"u5",27,44
72,"u5",32,181
72,"u5",37,46
72,"u5",42,32
72,"u5",47,8
72,"u5",52,4
72,"u6",7,6
72,"u6",12,18
72,"u6",17,120
72,"u6",22,342
72,"u6",27,121
72,"u6",32,96
72,"u6",37,12
72,"u6",42,39
72,"u6",47,10
72,"u6",52,9
72,"u7",7,1
72,"u7",12,2
72,"u7",17,14
72,"u7",22,21
72,"u7",27,135
72,"u7",32,98
72,"u7",37,8
72,"u7",42,120
72,"u7",47,41
72,"u7",52,53
72,"u8",7,2
72,"u8",12,4
72,"u8",17,0
72,"u8",22,26
72,"u8",27,15
72,"u8",32,122
72,"u8",37,218
72,"u8",42,28
72,"u8",47,6
72,"u8",52,1
72,"u9",7,3
72,"u9",12,22
72,"u9",17,116
72,"u9",22,89
72,"u9",27,64
72,"u9",32,43
72,"u9",37,29
72,"u9",42,11
72,"u9",47,7
72,"u9",52,6
72,"u10",7,2
72,"u10",12,1
72,"u10",17,1
72,"u10",22,0
72,"u10",27,55
72,"u10",32,22
72,"u10",37,6
72,"u10",42,28
72,"u10",47,55
72,"u10",52,21
73,"u1",7,4
73,"u1",12,4
73,"u1",17,8
73,"u1",22,38
73,"u1",27,28
73,"u1",32,29
73,"u1",37,39
73,"u1",42,36
73,"u1",47,8
73,"u1",52,158
73,"u2",7,3
73,"u2",12,6
73,"u2",17,38
73,"u2",22,86
73,"u2",27,65
73,"u2",32,62
73,"u2",37,9
73,"u2",42,20
73,"u2",47,20
73,"u2",52,6
73,"u3",7,0
73,"u3",12,3
73,"u3",17,3
73,"u3",22,20
73,"u3",27,53
73,"u3",32,38
73,"u3",37,238
73,"u3",42,242
73,"u3",47,66
73,"u3",52,5
73,"u4",7,1
73,"u4",12,1
73,"u4",17,2
73,"u4",22,9
73,"u4",27,8
73,"u4",32,4
73,"u4",37,11
73,"u4",42,33
73,"u4",47,6
73,"u4",52,21
73,"u5",7,2
73,"u5",12,36
73,"u5",17,29
73,"u5",22,162
73,"u5",27,74
73,"u5",32,53
73,"u5",37,16
73,"u5",42,4
73,"u5",47,12
73,"u5",52,13
73,"u6",7,0
73,"u6",12,5
73,"u6",17,3
73,"u6",22,20
73,"u6",27,11
73,"u6",32,6
73,"u6",37,10
73,"u6",42,27
73,"u6",47,49
73,"u6",52,235
73,"u7",7,5
73,"u7",12,2
73,"u7",17,5
73,"u7",22,53
73,"u7",27,48
73,"u7",32,61
73,"u7",37,11
73,"u7",42,48
73,"u7",47,56
73,"u7",52,13
73,"u8",7,3
73,"u8",12,3
73,"u8",17,26
73,"u8",22,9
73,"u8",27,29
73,"u8",32,36
73,"u8",37,56
73,"u8",42,88
73,"u8",47,30
73,"u8",52,34
73,"u9",7,2
73,"u9",12,3
73,"u9",17,11
73,"u9",22,5
73,"u9",27,9
73,"u9",32,20
73,"u9",37,55
73,"u9",42,37
73,"u9",47,88
73,"u9",52,49
73,"u10",7,3
73,"u10",12,12
73,"u10",17,2
73,"u10",22,1
73,"u10",27,4
73,"u10",32,4
73,"u10",37,36
73,"u10",42,57
73,"u10",47,39
73,"u10",52,11
74,"u1",7,7
74,"u1",12,2
74,"u1",17,19
74,"u1",22,16
74,"u1",27,188
74,"u1",32,48
74,"u1",37,15
74,"u1",42,63
74,"u1",47,27
74,"u1",52,12
74,"u2",7,4
74,"u2",12,1
74,"u2",17,3
74,"u2",22,44
74,"u2",27,8
74,"u2",32,14
74,"u2",37,11
74,"u2",42,19
74,"u2",47,43
74,"u2",52,14
74,"u3",7,0
74,"u3",12,2
74,"u3",17,45
74,"u3",22,73
74,"u3",27,58
74,"u3",32,83
74,"u3",37,36
74,"u3",42,43
74,"u3",47,2
74,"u3",52,28
74,"u4",7,6
74,"u4",12,4
74,"u4",17,81
74,"u4",22,105
74,"u4",27,48
74,"u4",32,36
74,"u4",37,101
74,"u4",42,7
74,"u4",47,37
74,"u4",52,10
74,"u5",7,8
74,"u5",12,4
74,"u5",17,27
74,"u5",22,39
74,"u5",27,23
74,"u5",32,21
74,"u5",37,161
74,"u5",42,83
74,"u5",47,22
74,"u5",52,4
74,"u6",7,1
74,"u6",12,7
74,"u6",17,2
74,"u6",22,19
74,"u6",27,12
74,"u6",32,26
74,"u6",37,10
74,"u6",42,8
74,"u6",47,12
74,"u6",52,10
74,"u7",7,0
74,"u7",12,3
74,"u7",17,17
74,"u7",22,59
74,"u7",27,79
74,"u7",32,97
74,"u7",37,47
74,"u7",42,20
74,"u7",47,18
74,"u7",52,5
74,"u8",7,4
74,"u8",12,18
74,"u8",17,23
74,"u8",22,58
74,"u8",27,48
74,"u8",32,356
74,"u8",37,36
74,"u8",42,30
74,"u8",47,12
74,"u8",52,36
74,"u9",7,2
74,"u9",12,16
74,"u9",17,3
74,"u9",22,6
74,"u9",27,38
74,"u9",32,11
74,"u9",37,62
74,"u9",42,80
74,"u9",47,23
74,"u9",52,9
74,"u10",7,4
74,"u10",12,1
74,"u10",17,5
74,"u10",22,9
74,"u10",27,2
74,"u10",32,4
74,"u10",37,52
74,"u10",42,9
74,"u10",47,28
74,"u10",52,22
75,"u1",7,13
75,"u1",12,10
75,"u1",17,27
75,"u1",22,113
75,"u1",27,35
75,"u1",32,73
75,"u1",37,9
75,"u1",42,30
75,"u1",47,18
75,"u1",52,27
75,"u2",7,6
75,"u2",12,21
75,"u2",17,9
75,"u2",22,25
75,"u2",27,113
75,"u2",32,111
75,"u2",37,84
75,"u2",42,55
75,"u2",47,29
75,"u2",52,9
75,"u3",7,3
75,"u3",12,3
75,"u3",17,66
75,"u3",22,29
75,"u3",27,31
75,"u3",32,27
75,"u3",37,52
75,"u3",42,41
75,"u3",47,15
75,"u3",52,8
75,"u4",7,9
75,"u4",12,19
75,"u4",17,24
75,"u4",22,40
75,"u4",27,18
75,"u4",32,37
75,"u4",37,32
75,"u4",42,18
75,"u4",47,30
75,"u4",52,37
75,"u5",7,3
75,"u5",12,20
75,"u5",17,48
75,"u5",22,65
75,"u5",27,63
75,"u5",32,90
75,"u5",37,31
75,"u5",42,126
75,"u5",47,18
75,"u5",52,44
75,"u6",7,0
75,"u6",12,1
75,"u6",17,10
75,"u6",22,29
75,"u6",27,119
75,"u6",32,14
75,"u6",37,8
75,"u6",42,15
75,"u6",47,68
75,"u6",52,204
75,"u7",7,4
75,"u7",12,16
75,"u7",17,20
75,"u7",22,13
75,"u7",27,29
75,"u7",32,33
75,"u7",37,22
75,"u7",42,21
75,"u7",47,3
75,"u7",52,2
75,"u8",7,1
75,"u8",12,19
75,"u8",17,83
75,"u8",22,38
75,"u8",27,101
75,"u8",32,156
75,"u8",37,179
75,"u8",42,53
75,"u8",47,40
75,"u8",52,17
75,"u9",7,1
75,"u9",12,6
75,"u9",17,60
75,"u9",22,122
75,"u9",27,69
75,"u9",32,24
75,"u9",37,25
75,"u9",42,11
75,"u9",47,14
75,"u9",52,9
75,"u10",7,1
75,"u10",12,13
75,"u10",17,31
75,"u10",22,96
75,"u10",27,51
75,"u10",32,155
75,"u10",37,35
75,"u10",42,47
75,"u10",47,30
75,"u10",52,11
76,"u1",7,5
76,"u1",12,1
76,"u1",17,17
76,"u1",22,32
76,"u1",27,36
76,"u1",32,388
76,"u1",37,129
76,"u1",42,134
76,"u1",47,20
76,"u1",52,0
76,"u2",7,2
76,"u2",12,21
76,"u2",17,18
76,"u2",22,55
76,"u2",27,136
76,"u2",32,66
76,"u2",37,15
76,"u2",42,12
76,"u2",47,2
76,"u2",52,4
76,"u3",7,4
76,"u3",12,6
76,"u3",17,5
76,"u3",22,4
76,"u3",27,154
76,"u3",32,6
76,"u3",37,112
76,"u3",42,51
76,"u3",47,35
76,"u3",52,15
76,"u4",7,0
76,"u4",12,11
76,"u4",17,18
76,"u4",22,12
76,"u4",27,22
76,"u4",32,33
76,"u4",37,55
76,"u4",42,33
76,"u4",47,34
76,"u4",52,4
76,"u5",7,7
76,"u5",12,10
76,"u5",17,7
76,"u5",22,1
76,"u5",27,11
76,"u5",32,29
76,"u5",37,27
76,"u5",42,50
76,"u5",47,35
76,"u5",52,39
76,"u6",7,9
76,"u6",12,6
76,"u6",17,39
76,"u6",22,51
76,"u6",27,30
76,"u6",32,15
76,"u6",37,59
76,"u6",42,33
76,"u6",47,50
76,"u6",52,9
76,"u7",7,3
76,"u7",12,4
76,"u7",17,24
76,"u7",22,35
76,"u7",27,42
76,"u7",32,177
76,"u7",37,207
76,"u7",42,12
76,"u7",47,31
76,"u7",52,16
76,"u8",7,0
76,"u8",12,12
76,"u8",17,9
76,"u8",22,15
76,"u8",27,140
76,"u8",32,130
76,"u8",37,70
76,"u8",42,14
76,"u8",47,136
76,"u8",52,51
76,"u9",7,2
76,"u9",12,5
76,"u9",17,10
76,"u9",22,7
76,"u9",27,43
76,"u9",32,26
76,"u9",37,22
76,"u9",42,12
76,"u9",47,3
76,"u9",52,24
76,"u10",7,1
76,"u10",12,3
76,"u10",17,4
76,"u10",22,1
76,"u10",27,34
76,"u10",32,26
76,"u10",37,126
76,"u10",42,305
76,"u10",47,83
76,"u10",52,8
77,"u1",7,8
77,"u1",12,6
77,"u1",17,2
77,"u1",22,23
77,"u1",27,0
77,"u1",32,5
77,"u1",37,94
77,"u1",42,41
77,"u1",47,8
77,"u1",52,159
77,"u2",7,5
77,"u2",12,1
77,"u2",17,4
77,"u2",22,15
77,"u2",27,12
77,"u2",32,34
77,"u2",37,23
77,"u2",42,23
77,"u2",47,33
77,"u2",52,31
77,"u3",7,2
77,"u3",12,1
77,"u3",17,21
77,"u3",22,19
77,"u3",27,19
77,"u3",32,75
77,"u3",37,129
77,"u3",42,42
77,"u3",47,89
77,"u3",52,196
77,"u4",7,1
77,"u4",12,10
77,"u4",17,13
77,"u4",22,62
77,"u4",27,43
77,"u4",32,42
77,"u4",37,89
77,"u4",42,19
77,"u4",47,52
77,"u4",52,85
77,"u5",7,6
77,"u5",12,4
77,"u5",17,24
77,"u5",22,22
77,"u5",27,33
77,"u5",32,25
77,"u5",37,45
77,"u5",42,25
77,"u5",47,30
77,"u5",52,23
77,"u6",7,5
77,"u6",12,26
77,"u6",17,0
77,"u6",22,29
77,"u6",27,31
77,"u6",32,184
77,"u6",37,33
77,"u6",42,47
77,"u6",47,32
77,"u6",52,46
77,"u7",7,3
77,"u7",12,3
77,"u7",17,2
77,"u7",22,7
77,"u7",27,6
77,"u7",32,2
77,"u7",37,19
77,"u7",42,13
77,"u7",47,13
77,"u7",52,55
77,"u8",7,2
77,"u8",12,9
77,"u8",17,12
77,"u8",22,12
77,"u8",27,8
77,"u8",32,9
77,"u8",37,11
77,"u8",42,39
77,"u8",47,93
77,"u8",52,53
77,"u9",7,2
77,"u9",12,0
77,"u9",17,0
77,"u9",22,17
77,"u9",27,24
77,"u9",32,44
77,"u9",37,94
77,"u9",42,30
77,"u9",47,76
77,"u9",52,64
77,"u10",7,1
77,"u10",12,10
77,"u10",17,10
77,"u10",22,20
77,"u10",27,40
77,"u10",32,22
77,"u10",37,97
77,"u10",42,23
77,"u10",47,11
77,"u10",52,5
78,"u1",7,3
78,"u1",12,1
78,"u1",17,8
78,"u1",22,50
78,"u1",27,58
78,"u1",32,24
78,"u1",37,19
78,"u1",42,30
78,"u1",47,26
78,"u1",52,19
78,"u2",7,6
78,"u2",12,9
78,"u2",17,25
78,"u2",22,50
78,"u2",27,17
78,"u2",32,9
78,"u2",37,82
78,"u2",42,33
78,"u2",47,76
78,"u2",52,12
78,"u3",7,2
78,"u3",12,1
78,"u3",17,5
78,"u3",22,1
78,"u3",27,26
78,"u3",32,18
78,"u3",37,33
78,"u3",42,38
78,"u3",47,15
78,"u3",52,66
78,"u4",7,0
78,"u4",12,4
78,"u4",17,11
78,"u4",22,136
78,"u4",27,47
78,"u4",32,96
78,"u4",37,66
78,"u4",42,34
78,"u4",47,1
78,"u4",52,28
78,"u5",7,3
78,"u5",12,7
78,"u5",17,26
78,"u5",22,13
78,"u5",27,81
78,"u5",32,107
78,"u5",37,40
78,"u5",42,35
78,"u5",47,44
78,"u5",52,7
78,"u6",7,1
78,"u6",12,4
78,"u6",17,9
78,"u6",22,18
78,"u6",27,38
78,"u6",32,15
78,"u6",37,14
78,"u6",42,19
78,"u6",47,22
78,"u6",52,78
78,"u7",7,2
78,"u7",12,10
78,"u7",17,31
78,"u7",22,4
78,"u7",27,3
78,"u7",32,16
78,"u7",37,69
78,"u7",42,7
78,"u7",47,33
78,"u7",52,53
78,"u8",7,0
78,"u8",12,1
78,"u8",17,4
78,"u8",22,22
78,"u8",27,58
78,"u8",32,40
78,"u8",37,295
78,"u8",42,83
78,"u8",47,22
78,"u8",52,26
78,"u9",7,0
78,"u9",12,4
78,"u9",17,2
78,"u9",22,63
78,"u9",27,143
78,"u9",32,22
78,"u9",37,23
78,"u9",42,5
78,"u9",47,5
78,"u9",52,19
78,"u10",7,9
78,"u10",12,16
78,"u10",17,5
78,"u10",22,21
78,"u10",27,115
78,"u10",32,40
78,"u10",37,18
78,"u10",42,11
78,"u10",47,15
78,"u10",52,23
79,"u1",7,3
79,"u1",12,3
79,"u1",17,3
79,"u1",22,22
79,"u1",27,63
79,"u1",32,104
79,"u1",37,5
79,"u1",42,28
79,"u1",47,22
79,"u1",52,24
79,"u2",7,7
79,"u2",12,0
79,"u2",17,20
79,"u2",22,28
79,"u2",27,14
79,"u2",32,284
79,"u2",37,99
79,"u2",42,260
79,"u2",47,108
79,"u2",52,19
79,"u3",7,3
79,"u3",12,19
79,"u3",17,25
79,"u3",22,87
79,"u3",27,23
79,"u3",32,118
79,"u3",37,16
79,"u3",42,42
79,"u3",47,43
79,"u3",52,15
79,"u4",7,2
79,"u4",12,29
79,"u4",17,70
79,"u4",22,120
79,"u4",27,87
79,"u4",32,10
79,"u4",37,13
79,"u4",42,83
79,"u4",47,4
79,"u4",52,15
79,"u5",7,1
79,"u5",12,1
79,"u5",17,1
79,"u5",22,2
79,"u5",27,14
79,"u5",32,5
79,"u5",37,82
79,"u5",42,35
79,"u5",47,41
79,"u5",52,126
79,"u6",7,3
79,"u6",12,4
79,"u6",17,10
79,"u6",22,35
79,"u6",27,8
79,"u6",32,50
79,"u6",37,16
79,"u6",42,21
79,"u6",47,13
79,"u6",52,21
79,"u7",7,5
79,"u7",12,1
79,"u7",17,40
79,"u7",22,17
79,"u7",27,2
79,"u7",32,18
79,"u7",37,24
79,"u7",42,10
79,"u7",47,23
79,"u7",52,16
79,"u8",7,5
79,"u8",12,4
79,"u8",17,117
79,"u8",22,158
79,"u8",27,86
79,"u8",32,24
79,"u8",37,9
79,"u8",42,3
79,"u8",47,3
79,"u8",52,0
79,"u9",7,3
79,"u9",12,0
79,"u9",17,4
79,"u9",22,6
79,"u9",27,14
79,"u9",32,81
79,"u9",37,67
79,"u9",42,24
79,"u9",47,17
79,"u9",52,17
79,"u10",7,1
79,"u10",12,8
79,"u10",17,49
79,"u10",22,128
79,"u10",27,16
79,"u10",32,105
79,"u10",37,116
79,"u10",42,80
79,"u10",47,32
79,"u10",52,26
80,"u1",7,0
80,"u1",12,1
80,"u1",17,11
80,"u1",22,11
80,"u1",27,60
80,"u1",32,52
80,"u1",37,351
80,"u1",42,224
80,"u1",47,18
80,"u1",52,14
80,"u2",7,3
80,"u2",12,10
80,"u2",17,12
80,"u2",22,11
80,"u2",27,23
80,"u2",32,82
80,"u2",37,18
80,"u2",42,69
80,"u2",47,81
80,"u2",52,232
80,"u3",7,4
80,"u3",12,1
80,"u3",17,5
80,"u3",22,31
80,"u3",27,195
80,"u3",32,134
80,"u3",37,143
80,"u3",42,211
80,"u3",47,22
80,"u3",52,15
80,"u4",7,4
80,"u4",12,4
80,"u4",17,6
80,"u4",22,58
80,"u4",27,97
80,"u4",32,59
80,"u4",37,184
80,"u4",42,5
80,"u4",47,207
80,"u4",52,30
80,"u5",7,4
80,"u5",12,10
80,"u5",17,40
80,"u5",22,64
80,"u5",27,12
80,"u5",32,12
80,"u5",37,23
80,"u5",42,9
80,"u5",47,27
80,"u5",52,16
80,"u6",7,0
80,"u6",12,8
80,"u6",17,3
80,"u6",22,28
80,"u6",27,91
80,"u6",32,38
80,"u6",37,34
80,"u6",42,12
80,"u6",47,20
80,"u6",52,32
80,"u7",7,4
80,"u7",12,1
80,"u7",17,21
80,"u7",22,144
80,"u7",27,18
80,"u7",32,38
80,"u7",37,57
80,"u7",42,28
80,"u7",47,37
80,"u7",52,31
80,"u8",7,2
80,"u8",12,1
80,"u8",17,13
80,"u8",22,14
80,"u8",27,29
80,"u8",32,47
80,"u8",37,58
80,"u8",42,18
80,"u8",47,15
80,"u8",52,8
80,"u9",7,5
80,"u9",12,0
80,"u9",17,12
80,"u9",22,92
80,"u9",27,28
80,"u9",32,44
80,"u9",37,30
80,"u9",42,19
80,"u9",47,6
80,"u9",52,10
80,"u10",7,2
80,"u10",12,2
80,"u10",17,1
80,"u10",22,31
80,"u10",27,19
80,"u10",32,15
80,"u10",37,69
80,"u10",42,53
80,"u10",47,107
80,"u10",52,62
81,"u1",7,7
81,"u1",12,9
81,"u1",17,5
81,"u1",22,22
81,"u1",27,16
81,"u1",32,10
81,"u1",37,124
81,"u1",42,94
81,"u1",47,35
81,"u1",52,99
81,"u2",7,0
81,"u2",12,0
81,"u2",17,14
81,"u2",22,9
81,"u2",27,56
81,"u2",32,98
81,"u2",37,55
81,"u2",42,55
81,"u2",47,51
81,"u2",52,228
81,"u3",7,0
81,"u3",12,31
81,"u3",17,10
81,"u3",22,55
81,"u3",27,75
81,"u3",32,40
81,"u3",37,6
81,"u3",42,41
81,"u3",47,3
81,"u3",52,2
81,"u4",7,0
81,"u4",12,6
81,"u4",17,27
81,"u4",22,19
81,"u4",27,99
81,"u4",32,47
81,"u4",37,52
81,"u4",42,69
81,"u4",47,11
81,"u4",52,11
81,"u5",7,3
81,"u5",12,9
81,"u5",17,6
81,"u5",22,10
81,"u5",27,26
81,"u5",32,75
81,"u5",37,6
81,"u5",42,4
81,"u5",47,32
81,"u5",52,16
81,"u6",7,2
81,"u6",12,3
81,"u6",17,14
81,"u6",22,24
81,"u6",27,64
81,"u6",32,238
81,"u6",37,66
81,"u6",42,247
81,"u6",47,107
81,"u6",52,98
81,"u7",7,20
81,"u7",12,1
81,"u7",17,32
81,"u7",22,179
81,"u7",27,147
81,"u7",32,44
81,"u7",37,27
81,"u7",42,22
81,"u7",47,17
81,"u7",52,5
81,"u8",7,2
81,"u8",12,25
81,"u8",17,0
81,"u8",22,12
81,"u8",27,18
81,"u8",32,26
81,"u8",37,81
81,"u8",42,28
81,"u8",47,21
81,"u8",52,4
81,"u9",7,10
81,"u9",12,0
81,"u9",17,12
81,"u9",22,11
81,"u9",27,29
81,"u9",32,11
81,"u9",37,40
81,"u9",42,10
81,"u9",47,101
81,"u9",52,35
81,"u10",7,0
81,"u10",12,3
81,"u10",17,0
81,"u10",22,6
81,"u10",27,5
81,"u10",32,45
81,"u10",37,33
81,"u10",42,43
81,"u10",47,122
81,"u10",52,21
82,"u1",7,2
82,"u1",12,2
82,"u1",17,2
82,"u1",22,1
82,"u1",27,4
82,"u1",32,5
82,"u1",37,3
82,"u1",42,48
82,"u1",47,35
82,"u1",52,48
82,"u2",7,9
82,"u2",12,5
82,"u2",17,7
82,"u2",22,3
82,"u2",27,0
82,"u2",32,12
82,"u2",37,6
82,"u2",42,20
82,"u2",47,14
82,"u2",52,15
82,"u3",7,4
82,"u3",12,8
82,"u3",17,42
82,"u3",22,15
82,"u3",27,20
82,"u3",32,15
82,"u3",37,5
82,"u3",42,28
82,"u3",47,27
82,"u3",52,10
82,"u4",7,0
82,"u4",12,1
82,"u4",17,17
82,"u4",22,23
82,"u4",27,76
82,"u4",32,152
82,"u4",37,54
82,"u4",42,188
82,"u4",47,132
82,"u4",52,56
82,"u5",7,5
82,"u5",12,1
82,"u5",17,1
82,"u5",22,3
82,"u5",27,11
82,"u5",32,11
82,"u5",37,14
82,"u5",42,26
82,"u5",47,36
82,"u5",52,14
82,"u6",7,0
82,"u6",12,9
82,"u6",17,1
82,"u6",22,17
82,"u6",27,7
82,"u6",32,3
82,"u6",37,4
82,"u6",42,16
82,"u6",47,3
82,"u6",52,4
82,"u7",7,1
82,"u7",12,6
82,"u7",17,21
82,"u7",22,90
82,"u7",27,107
82,"u7",32,123
82,"u7",37,147
82,"u7",42,17
82,"u7",47,12
82,"u7",52,195
82,"u8",7,4
82,"u8",12,1
82,"u8",17,9
82,"u8",22,39
82,"u8",27,134
82,"u8",32,110
82,"u8",37,134
82,"u8",42,32
82,"u8",47,2
82,"u8",52,17
82,"u9",7,8
82,"u9",12,2
82,"u9",17,7
82,"u9",22,1
82,"u9",27,5
82,"u9",32,14
82,"u9",37,20
82,"u9",42,46
82,"u9",47,77
82,"u9",52,121
82,"u10",7,5
82,"u10",12,9
82,"u10",17,12
82,"u10",22,67
82,"u10",27,97
82,"u10",32,22
82,"u10",37,60
82,"u10",42,31
82,"u10",47,4
82,"u10",52,7
83,"u1",7,2
83,"u1",12,3
83,"u1",17,8
83,"u1",22,51
83,"u1",27,125
83,"u1",32,28
83,"u1",37,34
83,"u1",42,139
83,"u1",47,0
83,"u1",52,122
83,"u2",7,1
83,"u2",12,0
83,"u2",17,11
83,"u2",22,18
83,"u2",27,81
83,"u2",32,51
83,"u2",37,310
83,"u2",42,66
83,"u2",47,70
83,"u2",52,14
83,"u3",7,5
83,"u3",12,13
83,"u3",17,26
83,"u3",22,18
83,"u3",27,70
83,"u3",32,84
83,"u3",37,60
83,"u3",42,89
83,"u3",47,349
83,"u3",52,81
83,"u4",7,1
83,"u4",12,4
83,"u4",17,9
83,"u4",22,19
83,"u4",27,125
83,"u4",32,86
83,"u4",37,57
83,"u4",42,32
83,"u4",47,34
83,"u4",52,10
83,"u5",7,3
83,"u5",12,11
83,"u5",17,29
83,"u5",22,46
83,"u5",27,10
83,"u5",32,45
83,"u5",37,19
83,"u5",42,49
83,"u5",47,70
83,"u5",52,65
83,"u6",7,1
83,"u6",12,6
83,"u6",17,7
83,"u6",22,32
83,"u6",27,21
83,"u6",32,33
83,"u6",37,42
83,"u6",42,136
83,"u6",47,82
83,"u6",52,56
83,"u7",7,0
83,"u7",12,21
83,"u7",17,62
83,"u7",22,24
83,"u7",27,23
83,"u7",32,52
83,"u7",37,68
83,"u7",42,63
83,"u7",47,10
83,"u7",52,32
83,"u8",7,4
83,"u8",12,0
83,"u8",17,11
83,"u8",22,5
83,"u8",27,11
83,"u8",32,79
83,"u8",37,50
83,"u8",42,95
83,"u8",47,134
83,"u8",52,42
83,"u9",7,1
83,"u9",12,6
83,"u9",17,5
83,"u9",22,22
83,"u9",27,38
83,"u9",32,14
83,"u9",37,60
83,"u9",42,41
83,"u9",47,193
83,"u9",52,21
83,"u10",7,2
83,"u10",12,7
83,"u10",17,25
83,"u10",22,76
83,"u10",27,44
83,"u10",32,5
83,"u10",37,7
83,"u10",42,4
83,"u10",47,8
83,"u10",52,20
84,"u1",7,6
84,"u1",12,1
84,"u1",17,24
84,"u1",22,46
84,"u1",27,25
84,"u1",32,56
84,"u1",37,86
84,"u1",42,15
84,"u1",47,48
84,"u1",52,3
84,"u2",7,3
84,"u2",12,9
84,"u2",17,12
84,"u2",22,5
84,"u2",27,56
84,"u2",32,26
84,"u2",37,26
84,"u2",42,11
84,"u2",47,96
84,"u2",52,32
84,"u3",7,1
84,"u3",12,0
84,"u3",17,1
84,"u3",22,5
84,"u3",27,8
84,"u3",32,1
84,"u3",37,15
84,"u3",42,15
84,"u3",47,49
84,"u3",52,22
84,"u4",7,1
84,"u4",12,8
84,"u4",17,26
84,"u4",22,17
84,"u4",27,11
84,"u4",32,86
84,"u4",37,9
84,"u4",42,45
84,"u4",47,34
84,"u4",52,8
84,"u5",7,4
84,"u5",12,14
84,"u5",17,24
84,"u5",22,35
84,"u5",27,57
84,"u5",32,72
84,"u5",37,13
84,"u5",42,35
84,"u5",47,27
84,"u5",52,13
84,"u6",7,1
84,"u6",12,3
84,"u6",17,22
84,"u6",22,33
84,"u6",27,9
84,"u6",32,8
84,"u6",37,78
84,"u6",42,34
84,"u6",47,6
84,"u6",52,8
84,"u7",7,2
84,"u7",12,17
84,"u7",17,5
84,"u7",22,15
84,"u7",27,7
84,"u7",32,118
84,"u7",37,90
84,"u7",42,9
84,"u7",47,16
84,"u7",52,6
84,"u8",7,2
84,"u8",12,10
84,"u8",17,10
84,"u8",22,32
84,"u8",27,38
84,"u8",32,73
84,"u8",37,18
84,"u8",42,4
84,"u8",47,12
84,"u8",52,17
84,"u9",7,2
84,"u9",12,5
84,"u9",17,11
84,"u9",22,73
84,"u9",27,45
84,"u9",32,16
84,"u9",37,7
84,"u9",42,21
84,"u9",47,7
84,"u9",52,9
84,"u10",7,6
84,"u10",12,10
84,"u10",17,26
84,"u10",22,14
84,"u10",27,28
84,"u10",32,34
84,"u10",37,15
84,"u10",42,81
84,"u10",47,54
84,"u10",52,3
85,"u1",7,1
85,"u1",12,11
85,"u1",17,28
85,"u1",22,40
85,"u1",27,40
85,"u1",32,22
85,"u1",37,79
85,"u1",42,42
85,"u1",47,28
85,"u1",52,12
85,"u2",7,0
85,"u2",12,6
85,"u2",17,12
85,"u2",22,5
85,"u2",27,40
85,"u2",32,34
85,"u2",37,82
85,"u2",42,44
85,"u2",47,107
85,"u2",52,217
85,"u3",7,1
85,"u3",12,6
85,"u3",17,16
85,"u3",22,13
85,"u3",27,110
85,"u3",32,100
85,"u3",37,49
85,"u3",42,4
85,"u3",47,56
85,"u3",52,27
85,"u4",7,10
85,"u4",12,9
85,"u4",17,20
85,"u4",22,45
85,"u4",27,26
85,"u4",32,53
85,"u4",37,119
85,"u4",42,51
85,"u4",47,29
85,"u4",52,67
85,"u5",7,0
85,"u5",12,2
85,"u5",17,5
85,"u5",22,17
85,"u5",27,6
85,"u5",32,34
85,"u5",37,16
85,"u5",42,24
85,"u5",47,37
85,"u5",52,14
85,"u6",7,4
85,"u6",12,2
85,"u6",17,3
85,"u6",22,11
85,"u6",27,1
85,"u6",32,16
85,"u6",37,34
85,"u6",42,33
85,"u6",47,29
85,"u6",52,18
85,"u7",7,1
85,"u7",12,5
85,"u7",17,72
85,"u7",22,18
85,"u7",27,217
85,"u7",32,67
85,"u7",37,103
85,"u7",42,5
85,"u7",47,42
85,"u7",52,40
85,"u8",7,2
85,"u8",12,9
85,"u8",17,1
85,"u8",22,3
85,"u8",27,30
85,"u8",32,25
85,"u8",37,13
85,"u8",42,22
85,"u8",47,31
85,"u8",52,24
85,"u9",7,1
85,"u9",12,2
85,"u9",17,5
85,"u9",22,20
85,"u9",27,13
85,"u9",32,6
85,"u9",37,13
85,"u9",42,59
85,"u9",47,12
85,"u9",52,184
85,"u10",7,7
85,"u10",12,7
85,"u10",17,10
85,"u10",22,79
85,"u10",27,145
85,"u10",32,17
85,"u10",37,16
85,"u10",42,13
85,"u10",47,28
85,"u10",52,31
86,"u1",7,6
86,"u1",12,30
86,"u1",17,141
86,"u1",22,127
86,"u1",27,86
86,"u1",32,173
86,"u1",37,17
86,"u1",42,32
86,"u1",47,0
86,"u1",52,8
86,"u2",7,0
86,"u2",12,15
86,"u2",17,28
86,"u2",22,218
86,"u2",27,22
86,"u2",32,66
86,"u2",37,108
86,"u2",42,35
86,"u2",47,33
86,"u2",52,22
86,"u3",7,10
86,"u3",12,24
86,"u3",17,20
86,"u3",22,15
86,"u3",27,7
86,"u3",32,73
86,"u3",37,26
86,"u3",42,19
86,"u3",47,44
86,"u3",52,27
86,"u4",7,6
86,"u4",12,5
86,"u4",17,1
86,"u4",22,17
86,"u4",27,6
86,"u4",32,23
86,"u4",37,25
86,"u4",42,56
86,"u4",47,36
86,"u4",52,72
86,"u5",7,4
86,"u5",12,7
86,"u5",17,15
86,"u5",22,26
86,"u5",27,12
86,"u5",32,19
86,"u5",37,41
86,"u5",42,18
86,"u5",47,10
86,"u5",52,44
86,"u6",7,8
86,"u6",12,3
86,"u6",17,65
86,"u6",22,57
86,"u6",27,31
86,"u6",32,105
86,"u6",37,70
86,"u6",42,124
86,"u6",47,114
86,"u6",52,74
86,"u7",7,7
86,"u7",12,14
86,"u7",17,34
86,"u7",22,25
86,"u7",27,47
86,"u7",32,90
86,"u7",37,4
86,"u7",42,51
86,"u7",47,12
86,"u7",52,22
86,"u8",7,3
86,"u8",12,10
86,"u8",17,18
86,"u8",22,62
86,"u8",27,58
86,"u8",32,50
86,"u8",37,66
86,"u8",42,16
86,"u8",47,43
86,"u8",52,6
86,"u9",7,4
86,"u9",12,18
86,"u9",17,14
86,"u9",22,151
86,"u9",27,31
86,"u9",32,17
86,"u9",37,16
86,"u9",42,29
86,"u9",47,18
86,"u9",52,16
86,"u10",7,2
86,"u10",12,27
86,"u10",17,206
86,"u10",22,141
86,"u10",27,61
86,"u10",32,21
86,"u10",37,56
86,"u10",42,50
86,"u10",47,15
86,"u10",52,13
87,"u1",7,1
87,"u1",12,61
87,"u1",17,33
87,"u1",22,29
87,"u1",27,5
87,"u1",32,6
87,"u1",37,29
87,"u1",42,19
87,"u1",47,6
87,"u1",52,36
87,"u2",7,4
87,"u2",12,18
87,"u2",17,53
87,"u2",22,61
87,"u2",27,131
87,"u2",32,21
87,"u2",37,77
87,"u2",42,13
87,"u2",47,3
87,"u2",52,11
87,"u3",7,2
87,"u3",12,4
87,"u3",17,28
87,"u3",22,66
87,"u3",27,201
87,"u3",32,74
87,"u3",37,2
87,"u3",42,103
87,"u3",47,22
87,"u3",52,98
87,"u4",7,1
87,"u4",12,10
87,"u4",17,35
87,"u4",22,74
87,"u4",27,104
87,"u4",32,188
87,"u4",37,34
87,"u4",42,4
87,"u4",47,27
87,"u4",52,14
87,"u5",7,5
87,"u5",12,17
87,"u5",17,60
87,"u5",22,172
87,"u5",27,53
87,"u5",32,37
87,"u5",37,39
87,"u5",42,42
87,"u5",47,15
87,"u5",52,2
87,"u6",7,3
87,"u6",12,2
87,"u6",17,7
87,"u6",22,78
87,"u6",27,44
87,"u6",32,13
87,"u6",37,87
87,"u6",42,123
87,"u6",47,7
87,"u6",52,23
87,"u7",7,5
87,"u7",12,3
87,"u7",17,0
87,"u7",22,15
87,"u7",27,36
87,"u7",32,118
87,"u7",37,32
87,"u7",42,52
87,"u7",47,12
87,"u7",52,18
87,"u8",7,3
87,"u8",12,9
87,"u8",17,5
87,"u8",22,5
87,"u8",27,55
87,"u8",32,75
87,"u8",37,181
87,"u8",42,44
87,"u8",47,48
87,"u8",52,2
87,"u9",7,6
87,"u9",12,5
87,"u9",17,12
87,"u9",22,6
87,"u9",27,29
87,"u9",32,38
87,"u9",37,134
87,"u9",42,164
87,"u9",47,218
87,"u9",52,119
87,"u10",7,3
87,"u10",12,1
87,"u10",17,9
87,"u10",22,11
87,"u10",27,6
87,"u10",32,19
87,"u10",37,26
87,"u10",42,11
87,"u10",47,33
87,"u10",52,70
88,"u1",7,1
88,"u1",12,10
88,"u1",17,27
88,"u1",22,7
88,"u1",27,26
88,"u1",32,26
88,"u1",37,53
88,"u1",42,56
88,"u1",47,63
88,"u1",52,9
88,"u2",7,2
88,"u2",12,1
88,"u2",17,3
88,"u2",22,0
88,"u2",27,3
88,"u2",32,99
88,"u2",37,23
88,"u2",42,35
88,"u2",47,145
88,"u2",52,52
88,"u3",7,2
88,"u3",12,6
88,"u3",17,27
88,"u3",22,96
88,"u3",27,124
88,"u3",32,24
88,"u3",37,22
88,"u3",42,12
88,"u3",47,21
88,"u3",52,14
88,"u4",7,0
88,"u4",12,2
88,"u4",17,7
88,"u4",22,25
88,"u4",27,75
88,"u4",32,70
88,"u4",37,40
88,"u4",42,33
88,"u4",47,8
88,"u4",52,16
88,"u5",7,0
88,"u5",12,2
88,"u5",17,16
88,"u5",22,3
88,"u5",27,13
88,"u5",32,57
88,"u5",37,33
88,"u5",42,71
88,"u5",47,40
88,"u5",52,4
88,"u6",7,0
88,"u6",12,14
88,"u6",17,5
88,"u6",22,13
88,"u6",27,42
88,"u6",32,51
88,"u6",37,30
88,"u6",42,66
88,"u6",47,21
88,"u6",52,10
88,"u7",7,4
88,"u7",12,3
88,"u7",17,10
88,"u7",22,46
88,"u7",27,81
88,"u7",32,16
88,"u7",37,26
88,"u7",42,37
88,"u7",47,40
88,"u7",52,10
88,"u8",7,4
88,"u8",12,4
88,"u8",17,31
88,"u8",22,37
88,"u8",27,114
88,"u8",32,31
88,"u8",37,5
88,"u8",42,14
88,"u8",47,33
88,"u8",52,29
88,"u9",7,1
88,"u9",12,2
88,"u9",17,12
88,"u9",22,23
88,"u9",27,78
88,"u9",32,90
88,"u9",37,43
88,"u9",42,230
88,"u9",47,47
88,"u9",52,29
88,"u10",7,1
88,"u10",12,4
88,"u10",17,32
88,"u10",22,30
88,"u10",27,70
88,"u10",32,18
88,"u10",37,33
88,"u10",42,16
88,"u10",47,26
88,"u10",52,2
89,"u1",7,1
89,"u1",12,4
89,"u1",17,1
89,"u1",22,16
89,"u1",27,7
89,"u1",32,94
89,"u1",37,27
89,"u1",42,32
89,"u1",47,4
89,"u1",52,44
89,"u2",7,8
89,"u2",12,27
89,"u2",17,22
89,"u2",22,81
89,"u2",27,205
89,"u2",32,203
89,"u2",37,40
89,"u2",42,13
89,"u2",47,48
89,"u2",52,44
89,"u3",7,0
89,"u3",12,42
89,"u3",17,4
89,"u3",22,4
89,"u3",27,60
89,"u3",32,14
89,"u3",37,7
89,"u3",42,30
89,"u3",47,9
89,"u3",52,8
89,"u4",7,10
89,"u4",12,3
89,"u4",17,7
89,"u4",22,7
89,"u4",27,35
89,"u4",32,3
89,"u4",37,4
89,"u4",42,5
89,"u4",47,6
89,"u4",52,23
89,"u5",7,3
89,"u5",12,36
89,"u5",17,41
89,"u5",22,29
89,"u5",27,45
89,"u5",32,42
89,"u5",37,74
89,"u5",42,25
89,"u5",47,113
89,"u5",52,22
89,"u6",7,2
89,"u6",12,2
89,"u6",17,8
89,"u6",22,9
89,"u6",27,65
89,"u6",32,45
89,"u6",37,28
89,"u6",42,62
89,"u6",47,230
89,"u6",52,194
89,"u7",7,2
89,"u7",12,5
89,"u7",17,4
89,"u7",22,28
89,"u7",27,11
89,"u7",32,12
89,"u7",37,13
89,"u7",42,14
89,"u7",47,3
89,"u7",52,7
89,"u8",7,3
89,"u8",12,7
89,"u8",17,7
89,"u8",22,47
89,"u8",27,58
89,"u8",32,40
89,"u8",37,34
89,"u8",42,11
89,"u8",47,48
89,"u8",52,12
89,"u9",7,2
89,"u9",12,11
89,"u9",17,37
89,"u9",22,110
89,"u9",27,61
89,"u9",32,55
89,"u9",37,30
89,"u9",42,18
89,"u9",47,5
89,"u9",52,6
89,"u10",7,6
89,"u10",12,8
89,"u10",17,19
89,"u10",22,45
89,"u10",27,16
89,"u10",32,43
89,"u10",37,70
89,"u10",42,15
89,"u10",47,12
89,"u10",52,1
90,"u1",7,1
90,"u1",12,12
90,"u1",17,48
90,"u1",22,92
90,"u1",27,121
90,"u1",32,67
90,"u1",37,61
90,"u1",42,122
90,"u1",47,70
90,"u1",52,6
90,"u2",7,2
90,"u2",12,1
90,"u2",17,3
90,"u2",22,13
90,"u2",27,4
90,"u2",32,13
90,"u2",37,4
90,"u2",42,39
90,"u2",47,23
90,"u2",52,15
90,"u3",7,1
90,"u3",12,20
90,"u3",17,7
90,"u3",22,37
90,"u3",27,171
90,"u3",32,50
90,"u3",37,24
90,"u3",42,13
90,"u3",47,55
90,"u3",52,48
90,"u4",7,0
90,"u4",12,8
90,"u4",17,70
90,"u4",22,72
90,"u4",27,161
90,"u4",32,38
90,"u4",37,239
90,"u4",42,23
90,"u4",47,7
90,"u4",52,7
90,"u5",7,2
90,"u5",12,2
90,"u5",17,5
90,"u5",22,11
90,"u5",27,30
90,"u5",32,11
90,"u5",37,12
90,"u5",42,84
90,"u5",47,71
90,"u5",52,443
90,"u6",7,4
90,"u6",12,0
90,"u6",17,0
90,"u6",22,11
90,"u6",27,10
90,"u6",32,15
90,"u6",37,14
90,"u6",42,6
90,"u6",47,39
90,"u6",52,38
90,"u7",7,3
90,"u7",12,4
90,"u7",17,28
90,"u7",22,20
90,"u7",27,25
90,"u7",32,9
90,"u7",37,10
90,"u7",42,20
90,"u7",47,21
90,"u7",52,2
90,"u8",7,0
90,"u8",12,3
90,"u8",17,11
90,"u8",22,55
90,"u8",27,94
90,"u8",32,56
90,"u8",37,22
90,"u8",42,9
90,"u8",47,9
90,"u8",52,4
90,"u9",7,1
90,"u9",12,2
90,"u9",17,16
90,"u9",22,7
90,"u9",27,26
90,"u9",32,106
90,"u9",37,30
90,"u9",42,12
90,"u9",47,19
90,"u9",52,29
90,"u10",7,0
90,"u10",12,12
90,"u10",17,18
90,"u10",22,38
90,"u10",27,14
90,"u10",32,10
90,"u10",37,9
90,"u10",42,16
90,"u10",47,14
90,"u10",52,15
91,"u1",7,6
91,"u1",12,27
91,"u1",17,38
91,"u1",22,103
91,"u1",27,26
91,"u1",32,18
91,"u1",37,11
91,"u1",42,7
91,"u1",47,20
91,"u1",52,15
91,"u2",7,5
91,"u2",12,3
91,"u2",17,6
91,"u2",22,47
91,"u2",27,33
91,"u2",32,30
91,"u2",37,47
91,"u2",42,98
91,"u2",47,29
91,"u2",52,65
91,"u3",7,2
91,"u3",12,5
91,"u3",17,27
91,"u3",22,8
91,"u3",27,22
91,"u3",32,101
91,"u3",37,34
91,"u3",42,16
91,"u3",47,37
91,"u3",52,94
91,"u4",7,5
91,"u4",12,6
91,"u4",17,10
91,"u4",22,14
91,"u4",27,16
91,"u4",32,15
91,"u4",37,34
91,"u4",42,26
91,"u4",47,38
91,"u4",52,16
91,"u5",7,1
91,"u5",12,2
91,"u5",17,3
91,"u5",22,9
91,"u5",27,9
91,"u5",32,24
91,"u5",37,12
91,"u5",42,39
91,"u5",47,46
91,"u5",52,20
91,"u6",7,1
91,"u6",12,5
91,"u6",17,3
91,"u6",22,41
91,"u6",27,55
91,"u6",32,50
91,"u6",37,21
91,"u6",42,90
91,"u6",47,18
91,"u6",52,12
91,"u7",7,10
91,"u7",12,10
91,"u7",17,18
91,"u7",22,47
91,"u7",27,66
91,"u7",32,16
91,"u7",37,2
91,"u7",42,5
91,"u7",47,2
91,"u7",52,3
91,"u8",7,5
91,"u8",12,3
91,"u8",17,36
91,"u8",22,105
91,"u8",27,191
91,"u8",32,130
91,"u8",37,90
91,"u8",42,59
91,"u8",47,68
91,"u8",52,83
91,"u9",7,3
91,"u9",12,8
91,"u9",17,12
91,"u9",22,47
91,"u9",27,76
91,"u9",32,136
91,"u9",37,12
91,"u9",42,9
91,"u9",47,6
91,"u9",52,3
91,"u10",7,14
91,"u10",12,13
91,"u10",17,21
91,"u10",22,31
91,"u10",27,6
91,"u10",32,31
91,"u10",37,8
91,"u10",42,42
91,"u10",47,153
91,"u10",52,13
92,"u1",7,4
92,"u1",12,2
92,"u1",17,14
92,"u1",22,28
92,"u1",27,73
92,"u1",32,55
92,"u1",37,9
92,"u1",42,4
92,"u1",47,37
92,"u1",52,21
92,"u2",7,3
92,"u2",12,5
92,"u2",17,3
92,"u2",22,5
92,"u2",27,26
92,"u2",32,19
92,"u2",37,101
92,"u2",42,80
92,"u2",47,22
92,"u2",52,9
92,"u3",7,10
92,"u3",12,5
92,"u3",17,17
92,"u3",22,42
92,"u3",27,470
92,"u3",32,191
92,"u3",37,437
92,"u3",42,253
92,"u3",47,46
92,"u3",52,31
92,"u4",7,8
92,"u4",12,5
92,"u4",17,12
92,"u4",22,41
92,"u4",27,47
92,"u4",32,146
92,"u4",37,74
92,"u4",42,38
92,"u4",47,81
92,"u4",52,12
92,"u5",7,5
92,"u5",12,6
92,"u5",17,14
92,"u5",22,39
92,"u5",27,25
92,"u5",32,153
92,"u5",37,224
92,"u5",42,38
92,"u5",47,61
92,"u5",52,24
92,"u6",7,0
92,"u6",12,3
92,"u6",17,13
92,"u6",22,1
92,"u6",27,21
92,"u6",32,7
92,"u6",37,24
92,"u6",42,15
92,"u6",47,4
92,"u6",52,2
92,"u7",7,0
92,"u7",12,2
92,"u7",17,7
92,"u7",22,70
92,"u7",27,48
92,"u7",32,343
92,"u7",37,122
92,"u7",42,44
92,"u7",47,32
92,"u7",52,11
92,"u8",7,2
92,"u8",12,11
92,"u8",17,7
92,"u8",22,16
92,"u8",27,66
92,"u8",32,183
92,"u8",37,45
92,"u8",42,33
92,"u8",47,171
92,"u8",52,121
92,"u9",7,5
92,"u9",12,2
92,"u9",17,26
92,"u9",22,39
92,"u9",27,10
92,"u9",32,47
92,"u9",37,50
92,"u9",42,61
92,"u9",47,18
92,"u9",52,20
92,"u10",7,7
92,"u10",12,19
92,"u10",17,14
92,"u10",22,228
92,"u10",27,25
92,"u10",32,74
92,"u10",37,60
92,"u10",42,49
92,"u10",47,67
92,"u10",52,71
93,"u1",7,3
93,"u1",12,12
93,"u1",17,7
93,"u1",22,80
93,"u1",27,23
93,"u1",32,35
93,"u1",37,5
93,"u1",42,54
93,"u1",47,22
93,"u1",52,26
93,"u2",7,1
93,"u2",12,8
93,"u2",17,3
93,"u2",22,9
93,"u2",27,59
93,"u2",32,448
93,"u2",37,89
93,"u2",42,31
93,"u2",47,75
93,"u2",52,39
93,"u3",7,1
93,"u3",12,2
93,"u3",17,8
93,"u3",22,47
93,"u3",27,28
93,"u3",32,11
93,"u3",37,71
93,"u3",42,34
93,"u3",47,26
93,"u3",52,145
93,"u4",7,2
93,"u4",12,2
93,"u4",17,6
93,"u4",22,7
93,"u4",27,24
93,"u4",32,107
93,"u4",37,120
93,"u4",42,236
93,"u4",47,29
93,"u4",52,3
93,"u5",7,5
93,"u5",12,2
93,"u5",17,26
93,"u5",22,14
93,"u5",27,45
93,"u5",32,5
93,"u5",37,77
93,"u5",42,9
93,"u5",47,36
93,"u5",52,52
93,"u6",7,4
93,"u6",12,3
93,"u6",17,27
93,"u6",22,76
93,"u6",27,36
93,"u6",32,13
93,"u6",37,7
93,"u6",42,21
93,"u6",47,22
93,"u6",52,2
93,"u7",7,4
93,"u7",12,1
93,"u7",17,12
93,"u7",22,15
93,"u7",27,11
93,"u7",32,14
93,"u7",37,16
93,"u7",42,50
93,"u7",47,29
93,"u7",52,5
93,"u8",7,3
93,"u8",12,3
93,"u8",17,15
93,"u8",22,119
93,"u8",27,58
93,"u8",32,158
93,"u8",37,87
93,"u8",42,70
93,"u8",47,125
93,"u8",52,52
93,"u9",7,1
93,"u9",12,13
93,"u9",17,13
93,"u9",22,71
93,"u9",27,25
93,"u9",32,11
93,"u9",37,37
93,"u9",42,85
93,"u9",47,62
93,"u9",52,110
93,"u10",7,2
93,"u10",12,2
93,"u10",17,1
93,"u10",22,54
93,"u10",27,31
93,"u10",32,25
93,"u10",37,91
93,"u10",42,12
93,"u10",47,22
93,"u10",52,10
94,"u1",7,1
94,"u1",12,6
94,"u1",17,16
94,"u1",22,33
94,"u1",27,74
94,"u1",32,22
94,"u1",37,57
94,"u1",42,13
94,"u1",47,105
94,"u1",52,59
94,"u2",7,0
94,"u2",12,35
94,"u2",17,9
94,"u2",22,46
94,"u2",27,26
94,"u2",32,62
94,"u2",37,62
94,"u2",42,51
94,"u2",47,70
94,"u2",52,24
94,"u3",7,1
94,"u3",12,18
94,"u3",17,13
94,"u3",22,22
94,"u3",27,49
94,"u3",32,97
94,"u3",37,85
94,"u3",42,91
94,"u3",47,28
94,"u3",52,7
94,"u4",7,3
94,"u4",12,7
94,"u4",17,3
94,"u4",22,12
94,"u4",27,9
94,"u4",32,10
94,"u4",37,8
94,"u4",42,336
94,"u4",47,130
94,"u4",52,66
94,"u5",7,2
94,"u5",12,4
94,"u5",17,0
94,"u5",22,20
94,"u5",27,54
94,"u5",32,66
94,"u5",37,130
94,"u5",42,51
94,"u5",47,45
94,"u5",52,26
94,"u6",7,2
94,"u6",12,0
94,"u6",17,9
94,"u6",22,12
94,"u6",27,321
94,"u6",32,2
94,"u6",37,31
94,"u6",42,3
94,"u6",47,29
94,"u6",52,15
94,"u7",7,1
94,"u7",12,0
94,"u7",17,10
94,"u7",22,1
94,"u7",27,9
94,"u7",32,55
94,"u7",37,38
94,"u7",42,87
94,"u7",47,86
94,"u7",52,23
94,"u8",7,6
94,"u8",12,7
94,"u8",17,56
94,"u8",22,164
94,"u8",27,19
94,"u8",32,15
94,"u8",37,27
94,"u8",42,27
94,"u8",47,10
94,"u8",52,15
94,"u9",7,5
94,"u9",12,2
94,"u9",17,50
94,"u9",22,59
94,"u9",27,29
94,"u9",32,126
94,"u9",37,58
94,"u9",42,208
94,"u9",47,127
94,"u9",52,34
94,"u10",7,0
94,"u10",12,1
94,"u10",17,17
94,"u10",22,7
94,"u10",27,11
94,"u10",32,21
94,"u10",37,7
94,"u10",42,50
94,"u10",47,11
94,"u10",52,0
95,"u1",7,0
95,"u1",12,6
95,"u1",17,0
95,"u1",22,9
95,"u1",27,7
95,"u1",32,29
95,"u1",37,67
95,"u1",42,1
95,"u1",47,32
95,"u1",52,10
95,"u2",7,1
95,"u2",12,6
95,"u2",17,23
95,"u2",22,5
95,"u2",27,152
95,"u2",32,87
95,"u2",37,29
95,"u2",42,52
95,"u2",47,58
95,"u2",52,83
95,"u3",7,3
95,"u3",12,18
95,"u3",17,30
95,"u3",22,81
95,"u3",27,67
95,"u3",32,62
95,"u3",37,16
95,"u3",42,25
95,"u3",47,84
95,"u3",52,163
95,"u4",7,3
95,"u4",12,0
95,"u4",17,27
95,"u4",22,49
95,"u4",27,83
95,"u4",32,64
95,"u4",37,95
95,"u4",42,94
95,"u4",47,49
95,"u4",52,39
95,"u5",7,6
95,"u5",12,5
95,"u5",17,18
95,"u5",22,197
95,"u5",27,13
95,"u5",32,22
95,"u5",37,12
95,"u5",42,21
95,"u5",47,7
95,"u5",52,10
95,"u6",7,0
95,"u6",12,3
95,"u6",17,3
95,"u6",22,14
95,"u6",27,33
95,"u6",32,29
95,"u6",37,48
95,"u6",42,99
95,"u6",47,55
95,"u6",52,10
95,"u7",7,1
95,"u7",12,1
95,"u7",17,19
95,"u7",22,12
95,"u7",27,34
95,"u7",32,67
95,"u7",37,21
95,"u7",42,17
95,"u7",47,16
95,"u7",52,25
95,"u8",7,2
95,"u8",12,15
95,"u8",17,56
95,"u8",22,79
95,"u8",27,33
95,"u8",32,9
95,"u8",37,52
95,"u8",42,18
95,"u8",47,5
95,"u8",52,11
95,"u9",7,0
95,"u9",12,6
95,"u9",17,4
95,"u9",22,144
95,"u9",27,234
95,"u9",32,14
95,"u9",37,328
95,"u9",42,35
95,"u9",47,15
95,"u9",52,8
95,"u10",7,1
95,"u10",12,2
95,"u10",17,2
95,"u10",22,12
95,"u10",27,6
95,"u10",32,114
95,"u10",37,547
95,"u10",42,359
95,"u10",47,41
95,"u10",52,31
96,"u1",7,0
96,"u1",12,1
96,"u1",17,30
96,"u1",22,4
96,"u1",27,13
96,"u1",32,43
96,"u1",37,98
96,"u1",42,56
96,"u1",47,26
96,"u1",52,135
96,"u2",7,7
96,"u2",12,6
96,"u2",17,39
96,"u2",22,24
96,"u2",27,18
96,"u2",32,8
96,"u2",37,36
96,"u2",42,23
96,"u2",47,22
96,"u2",52,71
96,"u3",7,1
96,"u3",12,4
96,"u3",17,20
96,"u3",22,5
96,"u3",27,18
96,"u3",32,32
96,"u3",37,92
96,"u3",42,30
96,"u3",47,25
96,"u3",52,39
96,"u4",7,2
96,"u4",12,0
96,"u4",17,24
96,"u4",22,74
96,"u4",27,223
96,"u4",32,201
96,"u4",37,186
96,"u4",42,219
96,"u4",47,37
96,"u4",52,40
96,"u5",7,2
96,"u5",12,8
96,"u5",17,29
96,"u5",22,68
96,"u5",27,96
96,"u5",32,51
96,"u5",37,12
96,"u5",42,10
96,"u5",47,28
96,"u5",52,53
96,"u6",7,5
96,"u6",12,17
96,"u6",17,5
96,"u6",22,30
96,"u6",27,26
96,"u6",32,27
96,"u6",37,205
96,"u6",42,100
96,"u6",47,99
96,"u6",52,33
96,"u7",7,2
96,"u7",12,8
96,"u7",17,42
96,"u7",22,37
96,"u7",27,52
96,"u7",32,42
96,"u7",37,52
96,"u7",42,6
96,"u7",47,22
96,"u7",52,19
96,"u8",7,2
96,"u8",12,5
96,"u8",17,30
96,"u8",22,22
96,"u8",27,13
96,"u8",32,40
96,"u8",37,5
96,"u8",42,23
96,"u8",47,15
96,"u8",52,64
96,"u9",7,9
96,"u9",12,4
96,"u9",17,13
96,"u9",22,32
96,"u9",27,14
96,"u9",32,19
96,"u9",37,19
96,"u9",42,13
96,"u9",47,7
96,"u9",52,3
96,"u10",7,0
96,"u10",12,6
96,"u10",17,23
96,"u10",22,81
96,"u10",27,46
96,"u10",32,26
96,"u10",37,121
96,"u10",42,65
96,"u10",47,13
96,"u10",52,54
97,"u1",7,2
97,"u1",12,7
97,"u1",17,6
97,"u1",22,22
97,"u1",27,31
97,"u1",32,38
97,"u1",37,57
97,"u1",42,19
97,"u1",47,22
97,"u1",52,45
97,"u2",7,0
97,"u2",12,3
97,"u2",17,1
97,"u2",22,2
97,"u2",27,1
97,"u2",32,15
97,"u2",37,47
97,"u2",42,178
97,"u2",47,85
97,"u2",52,112
97,"u3",7,5
97,"u3",12,10
97,"u3",17,4
97,"u3",22,3
97,"u3",27,1
97,"u3",32,16
97,"u3",37,14
97,"u3",42,17
97,"u3",47,36
97,"u3",52,20
97,"u4",7,4
97,"u4",12,2
97,"u4",17,2
97,"u4",22,17
97,"u4",27,2
97,"u4",32,78
97,"u4",37,48
97,"u4",42,19
97,"u4",47,9
97,"u4",52,103
97,"u5",7,0
97,"u5",12,0
97,"u5",17,6
97,"u5",22,3
97,"u5",27,23
97,"u5",32,6
97,"u5",37,29
97,"u5",42,45
97,"u5",47,13
97,"u5",52,40
97,"u6",7,1
97,"u6",12,3
97,"u6",17,5
97,"u6",22,6
97,"u6",27,10
97,"u6",32,39
97,"u6",37,165
97,"u6",42,26
97,"u6",47,34
97,"u6",52,58
97,"u7",7,4
97,"u7",12,3
97,"u7",17,1
97,"u7",22,4
97,"u7",27,0
97,"u7",32,7
97,"u7",37,11
97,"u7",42,2
97,"u7",47,26
97,"u7",52,50
97,"u8",7,1
97,"u8",12,0
97,"u8",17,14
97,"u8",22,8
97,"u8",27,32
97,"u8",32,156
97,"u8",37,195
97,"u8",42,243
97,"u8",47,249
97,"u8",52,406
97,"u9",7,5
97,"u9",12,5
97,"u9",17,6
97,"u9",22,14
97,"u9",27,13
97,"u9",32,226
97,"u9",37,51
97,"u9",42,6
97,"u9",47,10
97,"u9",52,36
97,"u10",7,0
97,"u10",12,5
97,"u10",17,2
97,"u10",22,3
97,"u10",27,29
97,"u10",32,29
97,"u10",37,50
97,"u10",42,24
97,"u10",47,203
97,"u10",52,62
98,"u1",7,0
98,"u1",12,4
98,"u1",17,16
98,"u1",22,12
98,"u1",27,76
98,"u1",32,80
98,"u1",37,263
98,"u1",42,126
98,"u1",47,40
98,"u1",52,50
98,"u2",7,2
98,"u2",12,5
98,"u2",17,8
98,"u2",22,2
98,"u2",27,16
98,"u2",32,34
98,"u2",37,156
98,"u2",42,20
98,"u2",47,24
98,"u2",52,22
98,"u3",7,0
98,"u3",12,1
98,"u3",17,0
98,"u3",22,3
98,"u3",27,5
98,"u3",32,36
98,"u3",37,35
98,"u3",42,4
98,"u3",47,44
98,"u3",52,19
98,"u4",7,4
98,"u4",12,10
98,"u4",17,10
98,"u4",22,19
98,"u4",27,66
98,"u4",32,42
98,"u4",37,39
98,"u4",42,30
98,"u4",47,59
98,"u4",52,57
98,"u5",7,1
98,"u5",12,3
98,"u5",17,1
98,"u5",22,35
98,"u5",27,2
98,"u5",32,276
98,"u5",37,93
98,"u5",42,80
98,"u5",47,67
98,"u5",52,7
98,"u6",7,10
98,"u6",12,15
98,"u6",17,36
98,"u6",22,90
98,"u6",27,75
98,"u6",32,13
98,"u6",37,123
98,"u6",42,41
98,"u6",47,1
98,"u6",52,0
98,"u7",7,6
98,"u7",12,7
98,"u7",17,16
98,"u7",22,75
98,"u7",27,123
98,"u7",32,114
98,"u7",37,31
98,"u7",42,83
98,"u7",47,85
98,"u7",52,112
98,"u8",7,2
98,"u8",12,0
98,"u8",17,13
98,"u8",22,39
98,"u8",27,45
98,"u8",32,220
98,"u8",37,72
98,"u8",42,16
98,"u8",47,43
98,"u8",52,8
98,"u9",7,3
98,"u9",12,4
98,"u9",17,5
98,"u9",22,6
98,"u9",27,36
98,"u9",32,19
98,"u9",37,56
98,"u9",42,66
98,"u9",47,34
98,"u9",52,15
98,"u10",7,23
98,"u10",12,47
98,"u10",17,83
98,"u10",22,91
98,"u10",27,29
98,"u10",32,30
98,"u10",37,74
98,"u10",42,38
98,"u10",47,26
98,"u10",52,35
99,"u1",7,1
99,"u1",12,3
99,"u1",17,7
99,"u1",22,18
99,"u1",27,49
99,"u1",32,53
99,"u1",37,33
99,"u1",42,44
99,"u1",47,62
99,"u1",52,21
99,"u2",7,2
99,"u2",12,8
99,"u2",17,8
99,"u2",22,51
99,"u2",27,48
99,"u2",32,205
99,"u2",37,110
99,"u2",42,14
99,"u2",47,7
99,"u2",52,5
99,"u3",7,0
99,"u3",12,1
99,"u3",17,2
99,"u3",22,24
99,"u3",27,5
99,"u3",32,110
99,"u3",37,27
99,"u3",42,30
99,"u3",47,42
99,"u3",52,48
99,"u4",7,0
99,"u4",12,2
99,"u4",17,11
99,"u4",22,25
99,"u4",27,14
99,"u4",32,152
99,"u4",37,89
99,"u4",42,70
99,"u4",47,85
99,"u4",52,97
99,"u5",7,3
99,"u5",12,16
99,"u5",17,26
99,"u5",22,9
99,"u5",27,37
99,"u5",32,7
99,"u5",37,18
99,"u5",42,25
99,"u5",47,2
99,"u5",52,44
99,"u6",7,0
99,"u6",12,3
99,"u6",17,12
99,"u6",22,32
99,"u6",27,23
99,"u6",32,30
99,"u6",37,31
99,"u6",42,33
99,"u6",47,27
99,"u6",52,10
99,"u7",7,1
99,"u7",12,6
99,"u7",17,28
99,"u7",22,21
99,"u7",27,68
99,"u7",32,44
99,"u7",37,16
99,"u7",42,44
99,"u7",47,23
99,"u7",52,10
99,"u8",7,2
99,"u8",12,13
99,"u8",17,20
99,"u8",22,13
99,"u8",27,97
99,"u8",32,53
99,"u8",37,14
99,"u8",42,6
99,"u8",47,16
99,"u8",52,53
99,"u9",7,10
99,"u9",12,3
99,"u9",17,17
99,"u9",22,21
99,"u9",27,37
99,"u9",32,55
99,"u9",37,13
99,"u9",42,90
99,"u9",47,38
99,"u9",52,318
99,"u10",7,0
99,"u10",12,1
99,"u10",17,14
99,"u10",22,6
99,"u10",27,4
99,"u10",32,14
99,"u10",37,21
99,"u10",42,24
99,"u10",47,28
99,"u10",52,20
100,"u1",7,0
100,"u1",12,0
100,"u1",17,4
100,"u1",22,3
100,"u1",27,3
100,"u1",32,47
100,"u1",37,56
100,"u1",42,23
100,"u1",47,20
100,"u1",52,86
100,"u2",7,8
100,"u2",12,3
100,"u2",17,7
100,"u2",22,52
100,"u2",27,34
100,"u2",32,11
100,"u2",37,26
100,"u2",42,49
100,"u2",47,95
100,"u2",52,21
100,"u3",7,1
100,"u3",12,9
100,"u3",17,11
100,"u3",22,30
100,"u3",27,23
100,"u3",32,183
100,"u3",37,61
100,"u3",42,33
100,"u3",47,9
100,"u3",52,2
100,"u4",7,2
100,"u4",12,5
100,"u4",17,4
100,"u4",22,6
100,"u4",27,43
100,"u4",32,59
100,"u4",37,88
100,"u4",42,48
100,"u4",47,64
100,"u4",52,18
100,"u5",7,3
100,"u5",12,5
100,"u5",17,8
100,"u5",22,5
100,"u5",27,1
100,"u5",32,1
100,"u5",37,10
100,"u5",42,3
100,"u5",47,18
100,"u5",52,68
100,"u6",7,4
100,"u6",12,4
100,"u6",17,113
100,"u6",22,125
100,"u6",27,5
100,"u6",32,33
100,"u6",37,12
100,"u6",42,6
100,"u6",47,3
100,"u6",52,1
100,"u7",7,3
100,"u7",12,2
100,"u7",17,3
100,"u7",22,7
100,"u7",27,22
100,"u7",32,38
100,"u7",37,255
100,"u7",42,140
100,"u7",47,11
100,"u7",52,8
100,"u8",7,1
100,"u8",12,2
100,"u8",17,9
100,"u8",22,4
100,"u8",27,43
100,"u8",32,25
100,"u8",37,11
100,"u8",42,18
100,"u8",47,29
100,"u8",52,3
100,"u9",7,4
100,"u9",12,3
100,"u9",17,20
100,"u9",22,3
100,"u9",27,116
100,"u9",32,60
100,"u9",37,15
100,"u9",42,19
100,"u9",47,30
100,"u9",52,59
100,"u10",7,1
100,"u10",12,3
100,"u10",17,19
100,"u10",22,7
100,"u10",27,14
100,"u10",32,74
100,"u10",37,54
100,"u10",42,19
100,"u10",47,6
100,"u10",52,57
