b,unit,day,dentadult,dentinf,lumadult,luminf
1,u1,7.0,1.0,0.0,0.0,0.0
1,u1,12.0,10.0,0.0,5.0,0.0
1,u1,17.0,2.0,0.0,3.0,0.0
1,u1,22.0,25.0,3.0,6.0,0.0
1,u1,27.0,26.0,6.0,5.0,0.0
1,u1,32.0,76.0,2.0,6.0,7.0
1,u1,37.0,8.0,8.0,1.0,3.0
1,u1,42.0,16.0,0.0,5.0,1.0
1,u1,47.0,2.0,9.0,10.0,1.0
1,u1,52.0,14.0,2.0,3.0,1.0
1,u2,7.0,3.0,0.0,0.0,0.0
1,u2,12.0,4.0,0.0,4.0,0.0
1,u2,17.0,6.0,0.0,4.0,0.0
1,u2,22.0,20.0,0.0,13.0,3.0
1,u2,27.0,39.0,0.0,23.0,8.0
1,u2,32.0,21.0,1.0,7.0,23.0
1,u2,37.0,1.0,5.0,0.0,3.0
1,u2,42.0,7.0,2.0,0.0,6.0
1,u2,47.0,3.0,1.0,0.0,1.0
1,u2,52.0,1.0,0.0,1.0,1.0
1,u3,7.0,1.0,0.0,0.0,0.0
1,u3,12.0,3.0,1.0,6.0,0.0
1,u3,17.0,28.0,2.0,10.0,2.0
1,u3,22.0,30.0,12.0,11.0,3.0
1,u3,27.0,127.0,9.0,22.0,3.0
1,u3,32.0,38.0,11.0,14.0,6.0
1,u3,37.0,9.0,2.0,3.0,9.0
1,u3,42.0,7.0,6.0,3.0,32.0
1,u3,47.0,1.0,2.0,1.0,18.0
1,u3,52.0,0.0,1.0,0.0,0.0
1,u4,7.0,17.0,1.0,1.0,0.0
1,u4,12.0,2.0,2.0,1.0,0.0
1,u4,17.0,17.0,1.0,9.0,0.0
1,u4,22.0,16.0,0.0,8.0,1.0
1,u4,27.0,29.0,0.0,17.0,0.0
1,u4,32.0,32.0,4.0,37.0,0.0
1,u4,37.0,43.0,19.0,13.0,12.0
1,u4,42.0,59.0,61.0,7.0,7.0
1,u4,47.0,13.0,21.0,3.0,2.0
1,u4,52.0,6.0,2.0,7.0,0.0
1,u5,7.0,2.0,0.0,5.0,0.0
1,u5,12.0,14.0,0.0,5.0,0.0
1,u5,17.0,79.0,2.0,34.0,0.0
1,u5,22.0,154.0,45.0,91.0,50.0
1,u5,27.0,55.0,25.0,54.0,42.0
1,u5,32.0,32.0,60.0,20.0,27.0
1,u5,37.0,18.0,1.0,6.0,12.0
1,u5,42.0,8.0,29.0,1.0,0.0
1,u5,47.0,0.0,1.0,0.0,1.0
1,u5,52.0,3.0,1.0,0.0,0.0
1,u6,7.0,4.0,0.0,0.0,0.0
1,u6,12.0,27.0,0.0,9.0,0.0
1,u6,17.0,18.0,0.0,3.0,0.0
1,u6,22.0,22.0,0.0,14.0,0.0
1,u6,27.0,89.0,3.0,12.0,0.0
1,u6,32.0,62.0,5.0,34.0,28.0
1,u6,37.0,46.0,8.0,6.0,11.0
1,u6,42.0,17.0,16.0,0.0,9.0
1,u6,47.0,2.0,7.0,2.0,5.0
1,u6,52.0,2.0,1.0,4.0,1.0
1,u7,7.0,3.0,0.0,3.0,0.0
1,u7,12.0,9.0,0.0,10.0,0.0
1,u7,17.0,24.0,1.0,18.0,0.0
1,u7,22.0,33.0,1.0,14.0,0.0
1,u7,27.0,21.0,5.0,19.0,0.0
1,u7,32.0,64.0,27.0,45.0,15.0
1,u7,37.0,34.0,76.0,15.0,6.0
1,u7,42.0,8.0,0.0,8.0,9.0
1,u7,47.0,13.0,3.0,5.0,1.0
1,u7,52.0,1.0,4.0,0.0,10.0
1,u8,7.0,6.0,0.0,0.0,0.0
1,u8,12.0,6.0,0.0,3.0,0.0
1,u8,17.0,9.0,0.0,4.0,0.0
1,u8,22.0,10.0,0.0,10.0,0.0
1,u8,27.0,61.0,5.0,14.0,0.0
1,u8,32.0,92.0,2.0,33.0,1.0
1,u8,37.0,62.0,2.0,24.0,0.0
1,u8,42.0,51.0,18.0,28.0,7.0
1,u8,47.0,14.0,0.0,5.0,2.0
1,u8,52.0,2.0,3.0,1.0,1.0
2,u1,7.0,3.0,0.0,0.0,0.0
2,u1,12.0,10.0,0.0,0.0,0.0
2,u1,17.0,29.0,0.0,11.0,0.0
2,u1,22.0,148.0,1.0,49.0,0.0
2,u1,27.0,95.0,1.0,32.0,0.0
2,u1,32.0,30.0,5.0,28.0,10.0
2,u1,37.0,15.0,43.0,15.0,27.0
2,u1,42.0,10.0,8.0,2.0,4.0
2,u1,47.0,3.0,0.0,1.0,3.0
2,u1,52.0,2.0,1.0,0.0,2.0
2,u2,7.0,0.0,0.0,2.0,0.0
2,u2,12.0,27.0,0.0,12.0,0.0
2,u2,17.0,118.0,1.0,11.0,0.0
2,u2,22.0,41.0,1.0,14.0,3.0
2,u2,27.0,13.0,15.0,15.0,12.0
2,u2,32.0,28.0,18.0,6.0,0.0
2,u2,37.0,3.0,2.0,2.0,1.0
2,u2,42.0,11.0,1.0,2.0,1.0
2,u2,47.0,11.0,1.0,6.0,1.0
2,u2,52.0,7.0,2.0,13.0,3.0
2,u3,7.0,2.0,0.0,0.0,0.0
2,u3,12.0,7.0,0.0,9.0,0.0
2,u3,17.0,13.0,0.0,12.0,0.0
2,u3,22.0,17.0,0.0,57.0,1.0
2,u3,27.0,25.0,2.0,24.0,14.0
2,u3,32.0,0.0,2.0,41.0,27.0
2,u3,37.0,2.0,4.0,10.0,14.0
2,u3,42.0,0.0,0.0,3.0,5.0
2,u3,47.0,0.0,0.0,1.0,4.0
2,u3,52.0,0.0,0.0,0.0,0.0
2,u4,7.0,9.0,0.0,1.0,0.0
2,u4,12.0,6.0,0.0,2.0,0.0
2,u4,17.0,41.0,0.0,18.0,0.0
2,u4,22.0,44.0,3.0,18.0,11.0
2,u4,27.0,48.0,13.0,22.0,8.0
2,u4,32.0,15.0,14.0,17.0,11.0
2,u4,37.0,9.0,0.0,0.0,18.0
2,u4,42.0,19.0,0.0,7.0,3.0
2,u4,47.0,7.0,5.0,1.0,2.0
2,u4,52.0,5.0,1.0,5.0,1.0
2,u5,7.0,0.0,0.0,4.0,0.0
2,u5,12.0,14.0,0.0,4.0,0.0
2,u5,17.0,5.0,1.0,12.0,3.0
2,u5,22.0,57.0,3.0,7.0,1.0
2,u5,27.0,102.0,5.0,61.0,2.0
2,u5,32.0,66.0,13.0,10.0,4.0
2,u5,37.0,19.0,31.0,18.0,12.0
2,u5,42.0,13.0,4.0,21.0,0.0
2,u5,47.0,3.0,5.0,4.0,4.0
2,u5,52.0,1.0,6.0,1.0,0.0
2,u6,7.0,2.0,0.0,1.0,0.0
2,u6,12.0,2.0,1.0,1.0,0.0
2,u6,17.0,5.0,0.0,5.0,0.0
2,u6,22.0,36.0,0.0,9.0,0.0
2,u6,27.0,45.0,4.0,8.0,0.0
2,u6,32.0,28.0,12.0,7.0,2.0
2,u6,37.0,21.0,12.0,10.0,0.0
2,u6,42.0,7.0,3.0,2.0,2.0
2,u6,47.0,26.0,14.0,2.0,9.0
2,u6,52.0,3.0,8.0,4.0,3.0
2,u7,7.0,0.0,0.0,1.0,0.0
2,u7,12.0,7.0,0.0,2.0,0.0
2,u7,17.0,12.0,0.0,3.0,0.0
2,u7,22.0,41.0,0.0,6.0,0.0
2,u7,27.0,48.0,0.0,22.0,2.0
2,u7,32.0,96.0,6.0,18.0,0.0
2,u7,37.0,73.0,0.0,6.0,1.0
2,u7,42.0,30.0,19.0,19.0,10.0
2,u7,47.0,19.0,4.0,9.0,2.0
2,u7,52.0,5.0,2.0,0.0,1.0
2,u8,7.0,6.0,0.0,1.0,0.0
2,u8,12.0,5.0,0.0,2.0,0.0
2,u8,17.0,14.0,0.0,8.0,0.0
2,u8,22.0,33.0,2.0,8.0,0.0
2,u8,27.0,31.0,1.0,11.0,2.0
2,u8,32.0,10.0,4.0,27.0,8.0
2,u8,37.0,32.0,7.0,4.0,18.0
2,u8,42.0,4.0,3.0,4.0,0.0
2,u8,47.0,1.0,2.0,11.0,3.0
2,u8,52.0,3.0,0.0,1.0,6.0
3,u1,7.0,4.0,0.0,3.0,0.0
3,u1,12.0,21.0,0.0,10.0,0.0
3,u1,17.0,30.0,0.0,5.0,2.0
3,u1,22.0,58.0,1.0,3.0,3.0
3,u1,27.0,61.0,0.0,14.0,1.0
3,u1,32.0,26.0,22.0,3.0,4.0
3,u1,37.0,7.0,4.0,5.0,0.0
3,u1,42.0,13.0,0.0,3.0,1.0
3,u1,47.0,10.0,2.0,1.0,0.0
3,u1,52.0,3.0,6.0,0.0,0.0
3,u2,7.0,5.0,0.0,1.0,0.0
3,u2,12.0,33.0,0.0,2.0,0.0
3,u2,17.0,18.0,0.0,6.0,0.0
3,u2,22.0,40.0,6.0,31.0,10.0
3,u2,27.0,18.0,0.0,28.0,14.0
3,u2,32.0,15.0,23.0,26.0,4.0
3,u2,37.0,8.0,0.0,26.0,0.0
3,u2,42.0,0.0,0.0,16.0,8.0
3,u2,47.0,2.0,0.0,0.0,10.0
3,u2,52.0,0.0,1.0,4.0,0.0
3,u3,7.0,4.0,0.0,1.0,0.0
3,u3,12.0,4.0,0.0,15.0,0.0
3,u3,17.0,17.0,0.0,6.0,1.0
3,u3,22.0,79.0,2.0,25.0,2.0
3,u3,27.0,19.0,0.0,80.0,3.0
3,u3,32.0,38.0,0.0,18.0,53.0
3,u3,37.0,3.0,2.0,3.0,17.0
3,u3,42.0,13.0,3.0,7.0,7.0
3,u3,47.0,32.0,1.0,8.0,1.0
3,u3,52.0,7.0,1.0,4.0,1.0
3,u4,7.0,2.0,0.0,0.0,0.0
3,u4,12.0,8.0,0.0,1.0,0.0
3,u4,17.0,10.0,1.0,19.0,1.0
3,u4,22.0,20.0,0.0,6.0,1.0
3,u4,27.0,26.0,2.0,18.0,1.0
3,u4,32.0,28.0,18.0,4.0,0.0
3,u4,37.0,13.0,4.0,3.0,4.0
3,u4,42.0,17.0,1.0,1.0,0.0
3,u4,47.0,10.0,2.0,2.0,0.0
3,u4,52.0,21.0,1.0,4.0,0.0
3,u5,7.0,6.0,0.0,4.0,0.0
3,u5,12.0,25.0,0.0,1.0,0.0
3,u5,17.0,30.0,3.0,4.0,0.0
3,u5,22.0,78.0,1.0,27.0,7.0
3,u5,27.0,41.0,22.0,50.0,10.0
3,u5,32.0,8.0,10.0,32.0,68.0
3,u5,37.0,0.0,6.0,5.0,2.0
3,u5,42.0,2.0,2.0,5.0,5.0
3,u5,47.0,1.0,1.0,1.0,7.0
3,u5,52.0,0.0,0.0,3.0,8.0
3,u6,7.0,6.0,0.0,4.0,0.0
3,u6,12.0,12.0,0.0,3.0,0.0
3,u6,17.0,31.0,0.0,17.0,0.0
3,u6,22.0,49.0,0.0,29.0,6.0
3,u6,27.0,137.0,10.0,30.0,13.0
3,u6,32.0,47.0,7.0,16.0,33.0
3,u6,37.0,18.0,12.0,12.0,5.0
3,u6,42.0,1.0,1.0,5.0,4.0
3,u6,47.0,0.0,3.0,0.0,1.0
3,u6,52.0,0.0,1.0,1.0,5.0
3,u7,7.0,4.0,0.0,1.0,0.0
3,u7,12.0,4.0,0.0,1.0,0.0
3,u7,17.0,0.0,0.0,3.0,0.0
3,u7,22.0,41.0,1.0,6.0,2.0
3,u7,27.0,60.0,5.0,29.0,7.0
3,u7,32.0,22.0,1.0,14.0,5.0
3,u7,37.0,6.0,0.0,1.0,5.0
3,u7,42.0,1.0,2.0,1.0,0.0
3,u7,47.0,0.0,1.0,3.0,1.0
3,u7,52.0,2.0,0.0,5.0,3.0
3,u8,7.0,3.0,0.0,0.0,0.0
3,u8,12.0,18.0,0.0,7.0,0.0
3,u8,17.0,23.0,0.0,5.0,1.0
3,u8,22.0,11.0,1.0,39.0,0.0
3,u8,27.0,28.0,4.0,41.0,3.0
3,u8,32.0,8.0,14.0,52.0,35.0
3,u8,37.0,28.0,31.0,34.0,29.0
3,u8,42.0,28.0,7.0,5.0,12.0
3,u8,47.0,3.0,6.0,4.0,0.0
3,u8,52.0,4.0,1.0,0.0,11.0
4,u1,7.0,9.0,0.0,0.0,0.0
4,u1,12.0,12.0,0.0,1.0,0.0
4,u1,17.0,27.0,0.0,9.0,0.0
4,u1,22.0,27.0,0.0,1.0,0.0
4,u1,27.0,49.0,0.0,2.0,0.0
4,u1,32.0,42.0,0.0,14.0,0.0
4,u1,37.0,92.0,1.0,16.0,1.0
4,u1,42.0,144.0,3.0,14.0,8.0
4,u1,47.0,30.0,25.0,13.0,7.0
4,u1,52.0,26.0,3.0,2.0,3.0
4,u2,7.0,3.0,0.0,0.0,0.0
4,u2,12.0,20.0,0.0,7.0,0.0
4,u2,17.0,11.0,2.0,9.0,0.0
4,u2,22.0,34.0,1.0,17.0,0.0
4,u2,27.0,40.0,10.0,15.0,8.0
4,u2,32.0,60.0,7.0,4.0,6.0
4,u2,37.0,21.0,9.0,3.0,6.0
4,u2,42.0,6.0,0.0,6.0,2.0
4,u2,47.0,8.0,0.0,1.0,1.0
4,u2,52.0,14.0,1.0,0.0,0.0
4,u3,7.0,4.0,0.0,1.0,0.0
4,u3,12.0,15.0,0.0,5.0,0.0
4,u3,17.0,51.0,0.0,17.0,0.0
4,u3,22.0,103.0,0.0,78.0,2.0
4,u3,27.0,184.0,11.0,63.0,16.0
4,u3,32.0,22.0,3.0,34.0,22.0
4,u3,37.0,24.0,10.0,10.0,8.0
4,u3,42.0,6.0,3.0,1.0,0.0
4,u3,47.0,2.0,1.0,1.0,9.0
4,u3,52.0,5.0,0.0,5.0,4.0
4,u4,7.0,8.0,0.0,1.0,0.0
4,u4,12.0,16.0,0.0,9.0,0.0
4,u4,17.0,26.0,1.0,7.0,0.0
4,u4,22.0,68.0,2.0,6.0,0.0
4,u4,27.0,111.0,9.0,8.0,2.0
4,u4,32.0,12.0,6.0,21.0,9.0
4,u4,37.0,65.0,26.0,2.0,7.0
4,u4,42.0,64.0,0.0,4.0,1.0
4,u4,47.0,27.0,42.0,3.0,3.0
4,u4,52.0,17.0,8.0,2.0,0.0
4,u5,7.0,3.0,0.0,1.0,0.0
4,u5,12.0,10.0,0.0,14.0,0.0
4,u5,17.0,50.0,1.0,10.0,0.0
4,u5,22.0,88.0,0.0,8.0,0.0
4,u5,27.0,52.0,4.0,20.0,0.0
4,u5,32.0,64.0,1.0,17.0,6.0
4,u5,37.0,48.0,2.0,12.0,1.0
4,u5,42.0,7.0,2.0,11.0,3.0
4,u5,47.0,15.0,7.0,14.0,6.0
4,u5,52.0,6.0,0.0,4.0,2.0
4,u6,7.0,9.0,0.0,0.0,0.0
4,u6,12.0,22.0,4.0,5.0,0.0
4,u6,17.0,37.0,0.0,2.0,1.0
4,u6,22.0,53.0,2.0,19.0,0.0
4,u6,27.0,70.0,25.0,21.0,12.0
4,u6,32.0,24.0,21.0,5.0,6.0
4,u6,37.0,11.0,0.0,2.0,2.0
4,u6,42.0,6.0,6.0,1.0,3.0
4,u6,47.0,12.0,10.0,0.0,0.0
4,u6,52.0,33.0,4.0,2.0,0.0
4,u7,7.0,4.0,0.0,2.0,0.0
4,u7,12.0,15.0,1.0,2.0,0.0
4,u7,17.0,113.0,1.0,15.0,0.0
4,u7,22.0,102.0,13.0,22.0,0.0
4,u7,27.0,67.0,15.0,4.0,0.0
4,u7,32.0,2.0,49.0,3.0,1.0
4,u7,37.0,12.0,6.0,0.0,4.0
4,u7,42.0,5.0,1.0,3.0,0.0
4,u7,47.0,20.0,6.0,2.0,0.0
4,u7,52.0,2.0,7.0,1.0,0.0
4,u8,7.0,5.0,0.0,4.0,0.0
4,u8,12.0,4.0,0.0,0.0,0.0
4,u8,17.0,5.0,0.0,3.0,0.0
4,u8,22.0,9.0,1.0,14.0,0.0
4,u8,27.0,102.0,1.0,30.0,4.0
4,u8,32.0,31.0,6.0,23.0,25.0
4,u8,37.0,56.0,69.0,21.0,2.0
4,u8,42.0,34.0,4.0,8.0,0.0
4,u8,47.0,26.0,5.0,5.0,0.0
4,u8,52.0,30.0,2.0,4.0,1.0
5,u1,7.0,3.0,0.0,4.0,0.0
5,u1,12.0,2.0,0.0,3.0,0.0
5,u1,17.0,19.0,2.0,6.0,1.0
5,u1,22.0,51.0,3.0,11.0,0.0
5,u1,27.0,27.0,1.0,23.0,9.0
5,u1,32.0,25.0,5.0,29.0,25.0
5,u1,37.0,18.0,9.0,15.0,41.0
5,u1,42.0,5.0,2.0,3.0,10.0
5,u1,47.0,6.0,11.0,0.0,1.0
5,u1,52.0,4.0,1.0,1.0,2.0
5,u2,7.0,10.0,0.0,3.0,0.0
5,u2,12.0,40.0,0.0,4.0,0.0
5,u2,17.0,110.0,1.0,11.0,0.0
5,u2,22.0,44.0,19.0,5.0,19.0
5,u2,27.0,120.0,0.0,9.0,5.0
5,u2,32.0,28.0,0.0,5.0,3.0
5,u2,37.0,17.0,2.0,1.0,0.0
5,u2,42.0,0.0,0.0,0.0,0.0
5,u2,47.0,0.0,0.0,0.0,0.0
5,u2,52.0,0.0,0.0,0.0,0.0
5,u3,7.0,3.0,1.0,2.0,0.0
5,u3,12.0,2.0,0.0,4.0,0.0
5,u3,17.0,14.0,0.0,9.0,0.0
5,u3,22.0,39.0,0.0,47.0,1.0
5,u3,27.0,44.0,0.0,52.0,4.0
5,u3,32.0,21.0,43.0,21.0,19.0
5,u3,37.0,14.0,1.0,4.0,3.0
5,u3,42.0,33.0,7.0,0.0,3.0
5,u3,47.0,25.0,5.0,0.0,1.0
5,u3,52.0,3.0,4.0,0.0,3.0
5,u4,7.0,5.0,0.0,1.0,0.0
5,u4,12.0,12.0,0.0,3.0,0.0
5,u4,17.0,86.0,0.0,14.0,0.0
5,u4,22.0,122.0,3.0,9.0,1.0
5,u4,27.0,69.0,25.0,20.0,2.0
5,u4,32.0,14.0,45.0,7.0,63.0
5,u4,37.0,47.0,4.0,13.0,5.0
5,u4,42.0,3.0,7.0,4.0,0.0
5,u4,47.0,33.0,17.0,1.0,2.0
5,u4,52.0,17.0,0.0,2.0,0.0
5,u5,7.0,4.0,0.0,1.0,0.0
5,u5,12.0,2.0,0.0,2.0,0.0
5,u5,17.0,29.0,2.0,14.0,0.0
5,u5,22.0,31.0,3.0,19.0,0.0
5,u5,27.0,19.0,0.0,32.0,8.0
5,u5,32.0,22.0,7.0,23.0,17.0
5,u5,37.0,11.0,0.0,2.0,0.0
5,u5,42.0,9.0,0.0,1.0,2.0
5,u5,47.0,3.0,0.0,1.0,0.0
5,u5,52.0,0.0,1.0,0.0,0.0
5,u6,7.0,5.0,1.0,0.0,0.0
5,u6,12.0,24.0,1.0,7.0,0.0
5,u6,17.0,11.0,0.0,15.0,0.0
5,u6,22.0,155.0,10.0,36.0,2.0
5,u6,27.0,47.0,2.0,19.0,11.0
5,u6,32.0,23.0,19.0,8.0,12.0
5,u6,37.0,25.0,23.0,3.0,0.0
5,u6,42.0,55.0,5.0,5.0,2.0
5,u6,47.0,28.0,1.0,0.0,0.0
5,u6,52.0,4.0,14.0,0.0,0.0
5,u7,7.0,6.0,0.0,0.0,0.0
5,u7,12.0,4.0,0.0,6.0,0.0
5,u7,17.0,54.0,0.0,15.0,0.0
5,u7,22.0,77.0,4.0,44.0,3.0
5,u7,27.0,74.0,24.0,27.0,0.0
5,u7,32.0,51.0,12.0,14.0,1.0
5,u7,37.0,9.0,17.0,8.0,12.0
5,u7,42.0,9.0,7.0,2.0,2.0
5,u7,47.0,3.0,0.0,3.0,0.0
5,u7,52.0,7.0,1.0,1.0,0.0
5,u8,7.0,4.0,0.0,0.0,0.0
5,u8,12.0,22.0,0.0,0.0,0.0
5,u8,17.0,8.0,3.0,7.0,4.0
5,u8,22.0,35.0,0.0,9.0,4.0
5,u8,27.0,16.0,3.0,17.0,1.0
5,u8,32.0,23.0,1.0,37.0,6.0
5,u8,37.0,39.0,7.0,49.0,4.0
5,u8,42.0,7.0,26.0,9.0,2.0
5,u8,47.0,8.0,2.0,3.0,7.0
5,u8,52.0,4.0,0.0,0.0,0.0
6,u1,7.0,10.0,0.0,0.0,0.0
6,u1,12.0,6.0,0.0,3.0,0.0
6,u1,17.0,5.0,0.0,4.0,0.0
6,u1,22.0,27.0,0.0,11.0,1.0
6,u1,27.0,36.0,5.0,18.0,11.0
6,u1,32.0,24.0,6.0,9.0,13.0
6,u1,37.0,7.0,8.0,17.0,2.0
6,u1,42.0,3.0,12.0,6.0,0.0
6,u1,47.0,2.0,0.0,1.0,8.0
6,u1,52.0,2.0,0.0,3.0,2.0
6,u2,7.0,2.0,0.0,2.0,0.0
6,u2,12.0,13.0,0.0,2.0,1.0
6,u2,17.0,9.0,0.0,5.0,5.0
6,u2,22.0,36.0,4.0,21.0,8.0
6,u2,27.0,79.0,24.0,30.0,0.0
6,u2,32.0,9.0,16.0,13.0,7.0
6,u2,37.0,7.0,12.0,10.0,0.0
6,u2,42.0,4.0,1.0,4.0,1.0
6,u2,47.0,1.0,2.0,1.0,1.0
6,u2,52.0,0.0,0.0,0.0,0.0
6,u3,7.0,4.0,0.0,2.0,0.0
6,u3,12.0,8.0,1.0,4.0,0.0
6,u3,17.0,49.0,2.0,24.0,0.0
6,u3,22.0,35.0,4.0,18.0,0.0
6,u3,27.0,27.0,13.0,20.0,0.0
6,u3,32.0,32.0,11.0,2.0,4.0
6,u3,37.0,5.0,0.0,2.0,1.0
6,u3,42.0,5.0,16.0,1.0,2.0
6,u3,47.0,4.0,4.0,0.0,0.0
6,u3,52.0,0.0,0.0,0.0,0.0
6,u4,7.0,8.0,0.0,1.0,0.0
6,u4,12.0,9.0,0.0,12.0,0.0
6,u4,17.0,29.0,0.0,0.0,0.0
6,u4,22.0,43.0,2.0,6.0,0.0
6,u4,27.0,189.0,9.0,31.0,3.0
6,u4,32.0,22.0,9.0,13.0,4.0
6,u4,37.0,43.0,17.0,9.0,1.0
6,u4,42.0,7.0,2.0,15.0,0.0
6,u4,47.0,4.0,2.0,3.0,10.0
6,u4,52.0,1.0,1.0,3.0,2.0
6,u5,7.0,2.0,0.0,1.0,0.0
6,u5,12.0,22.0,0.0,4.0,1.0
6,u5,17.0,17.0,0.0,12.0,0.0
6,u5,22.0,47.0,0.0,42.0,0.0
6,u5,27.0,22.0,2.0,45.0,17.0
6,u5,32.0,32.0,12.0,24.0,48.0
6,u5,37.0,7.0,1.0,12.0,11.0
6,u5,42.0,2.0,0.0,5.0,37.0
6,u5,47.0,1.0,1.0,4.0,4.0
6,u5,52.0,4.0,0.0,10.0,6.0
6,u6,7.0,13.0,0.0,3.0,0.0
6,u6,12.0,10.0,0.0,7.0,0.0
6,u6,17.0,35.0,0.0,12.0,0.0
6,u6,22.0,87.0,23.0,24.0,12.0
6,u6,27.0,58.0,14.0,18.0,8.0
6,u6,32.0,90.0,47.0,18.0,14.0
6,u6,37.0,19.0,10.0,15.0,5.0
6,u6,42.0,37.0,3.0,3.0,1.0
6,u6,47.0,33.0,1.0,0.0,5.0
6,u6,52.0,4.0,1.0,1.0,0.0
6,u7,7.0,1.0,0.0,1.0,0.0
6,u7,12.0,11.0,0.0,12.0,0.0
6,u7,17.0,47.0,0.0,43.0,1.0
6,u7,22.0,55.0,16.0,79.0,19.0
6,u7,27.0,52.0,4.0,38.0,70.0
6,u7,32.0,10.0,11.0,19.0,14.0
6,u7,37.0,4.0,4.0,2.0,7.0
6,u7,42.0,6.0,0.0,4.0,4.0
6,u7,47.0,0.0,0.0,2.0,2.0
6,u7,52.0,0.0,0.0,4.0,3.0
6,u8,7.0,1.0,0.0,1.0,0.0
6,u8,12.0,15.0,0.0,9.0,0.0
6,u8,17.0,25.0,0.0,12.0,0.0
6,u8,22.0,88.0,0.0,17.0,2.0
6,u8,27.0,115.0,4.0,47.0,1.0
6,u8,32.0,67.0,0.0,22.0,8.0
6,u8,37.0,64.0,89.0,5.0,14.0
6,u8,42.0,13.0,22.0,9.0,4.0
6,u8,47.0,14.0,10.0,4.0,1.0
6,u8,52.0,7.0,1.0,0.0,1.0
7,u1,7.0,8.0,0.0,5.0,0.0
7,u1,12.0,20.0,0.0,10.0,0.0
7,u1,17.0,134.0,0.0,6.0,0.0
7,u1,22.0,156.0,0.0,17.0,0.0
7,u1,27.0,82.0,4.0,32.0,6.0
7,u1,32.0,16.0,50.0,5.0,7.0
7,u1,37.0,5.0,17.0,3.0,4.0
7,u1,42.0,3.0,8.0,1.0,3.0
7,u1,47.0,0.0,1.0,0.0,0.0
7,u1,52.0,0.0,1.0,1.0,1.0
7,u2,7.0,4.0,0.0,1.0,0.0
7,u2,12.0,16.0,0.0,2.0,0.0
7,u2,17.0,27.0,0.0,5.0,0.0
7,u2,22.0,12.0,0.0,5.0,0.0
7,u2,27.0,4.0,1.0,12.0,2.0
7,u2,32.0,24.0,14.0,8.0,5.0
7,u2,37.0,38.0,7.0,10.0,2.0
7,u2,42.0,2.0,5.0,4.0,3.0
7,u2,47.0,3.0,0.0,7.0,6.0
7,u2,52.0,0.0,0.0,0.0,1.0
7,u3,7.0,2.0,0.0,1.0,0.0
7,u3,12.0,16.0,1.0,1.0,0.0
7,u3,17.0,40.0,0.0,2.0,0.0
7,u3,22.0,53.0,0.0,2.0,0.0
7,u3,27.0,63.0,1.0,11.0,3.0
7,u3,32.0,29.0,33.0,14.0,4.0
7,u3,37.0,18.0,1.0,4.0,13.0
7,u3,42.0,35.0,22.0,18.0,7.0
7,u3,47.0,30.0,0.0,10.0,14.0
7,u3,52.0,9.0,1.0,10.0,6.0
7,u4,7.0,4.0,0.0,3.0,0.0
7,u4,12.0,17.0,0.0,0.0,0.0
7,u4,17.0,41.0,0.0,7.0,0.0
7,u4,22.0,44.0,0.0,8.0,3.0
7,u4,27.0,39.0,1.0,26.0,0.0
7,u4,32.0,39.0,2.0,27.0,0.0
7,u4,37.0,41.0,34.0,18.0,12.0
7,u4,42.0,7.0,3.0,4.0,2.0
7,u4,47.0,1.0,3.0,0.0,3.0
7,u4,52.0,1.0,2.0,1.0,1.0
7,u5,7.0,0.0,0.0,1.0,0.0
7,u5,12.0,10.0,0.0,2.0,0.0
7,u5,17.0,114.0,2.0,15.0,1.0
7,u5,22.0,67.0,21.0,33.0,4.0
7,u5,27.0,57.0,77.0,9.0,7.0
7,u5,32.0,58.0,24.0,5.0,5.0
7,u5,37.0,31.0,5.0,1.0,3.0
7,u5,42.0,29.0,17.0,1.0,0.0
7,u5,47.0,16.0,7.0,1.0,0.0
7,u5,52.0,6.0,1.0,0.0,0.0
7,u6,7.0,2.0,0.0,0.0,0.0
7,u6,12.0,10.0,0.0,13.0,0.0
7,u6,17.0,10.0,0.0,23.0,1.0
7,u6,22.0,117.0,7.0,37.0,9.0
7,u6,27.0,101.0,5.0,23.0,9.0
7,u6,32.0,10.0,0.0,9.0,28.0
7,u6,37.0,7.0,1.0,0.0,2.0
7,u6,42.0,7.0,3.0,1.0,0.0
7,u6,47.0,0.0,2.0,0.0,0.0
7,u6,52.0,2.0,0.0,0.0,0.0
7,u7,7.0,2.0,0.0,0.0,0.0
7,u7,12.0,2.0,0.0,6.0,0.0
7,u7,17.0,24.0,0.0,6.0,0.0
7,u7,22.0,100.0,27.0,30.0,13.0
7,u7,27.0,54.0,43.0,16.0,15.0
7,u7,32.0,23.0,11.0,5.0,5.0
7,u7,37.0,15.0,1.0,0.0,0.0
7,u7,42.0,11.0,1.0,0.0,0.0
7,u7,47.0,13.0,0.0,0.0,1.0
7,u7,52.0,1.0,0.0,1.0,0.0
7,u8,7.0,13.0,0.0,1.0,0.0
7,u8,12.0,23.0,1.0,4.0,0.0
7,u8,17.0,49.0,3.0,7.0,0.0
7,u8,22.0,23.0,4.0,7.0,4.0
7,u8,27.0,76.0,25.0,3.0,2.0
7,u8,32.0,5.0,2.0,1.0,0.0
7,u8,37.0,7.0,0.0,7.0,9.0
7,u8,42.0,7.0,0.0,4.0,3.0
7,u8,47.0,2.0,0.0,2.0,2.0
7,u8,52.0,0.0,3.0,7.0,8.0
8,u1,7.0,4.0,0.0,0.0,0.0
8,u1,12.0,5.0,0.0,2.0,0.0
8,u1,17.0,8.0,1.0,1.0,0.0
8,u1,22.0,24.0,0.0,7.0,0.0
8,u1,27.0,11.0,1.0,13.0,2.0
8,u1,32.0,14.0,7.0,15.0,6.0
8,u1,37.0,14.0,18.0,25.0,1.0
8,u1,42.0,2.0,2.0,3.0,0.0
8,u1,47.0,0.0,0.0,2.0,0.0
8,u1,52.0,7.0,1.0,3.0,0.0
8,u2,7.0,4.0,0.0,0.0,0.0
8,u2,12.0,5.0,0.0,3.0,0.0
8,u2,17.0,25.0,0.0,18.0,0.0
8,u2,22.0,45.0,0.0,29.0,0.0
8,u2,27.0,42.0,14.0,18.0,2.0
8,u2,32.0,47.0,10.0,21.0,12.0
8,u2,37.0,4.0,4.0,20.0,17.0
8,u2,42.0,0.0,3.0,5.0,17.0
8,u2,47.0,0.0,0.0,1.0,5.0
8,u2,52.0,0.0,0.0,0.0,10.0
8,u3,7.0,3.0,0.0,1.0,0.0
8,u3,12.0,8.0,1.0,4.0,0.0
8,u3,17.0,55.0,0.0,2.0,0.0
8,u3,22.0,46.0,2.0,4.0,0.0
8,u3,27.0,104.0,9.0,1.0,0.0
8,u3,32.0,190.0,4.0,5.0,1.0
8,u3,37.0,47.0,28.0,0.0,2.0
8,u3,42.0,11.0,25.0,0.0,1.0
8,u3,47.0,6.0,9.0,0.0,0.0
8,u3,52.0,0.0,1.0,0.0,1.0
8,u4,7.0,1.0,0.0,1.0,0.0
8,u4,12.0,4.0,0.0,1.0,0.0
8,u4,17.0,6.0,0.0,7.0,0.0
8,u4,22.0,22.0,0.0,17.0,0.0
8,u4,27.0,43.0,0.0,64.0,1.0
8,u4,32.0,41.0,12.0,50.0,11.0
8,u4,37.0,26.0,67.0,23.0,21.0
8,u4,42.0,48.0,1.0,52.0,0.0
8,u4,47.0,22.0,0.0,10.0,4.0
8,u4,52.0,18.0,0.0,5.0,4.0
8,u5,7.0,1.0,0.0,0.0,0.0
8,u5,12.0,5.0,0.0,4.0,0.0
8,u5,17.0,24.0,1.0,2.0,0.0
8,u5,22.0,18.0,7.0,26.0,2.0
8,u5,27.0,35.0,6.0,5.0,7.0
8,u5,32.0,31.0,4.0,9.0,3.0
8,u5,37.0,14.0,1.0,1.0,0.0
8,u5,42.0,3.0,0.0,1.0,1.0
8,u5,47.0,7.0,2.0,5.0,0.0
8,u5,52.0,5.0,0.0,2.0,1.0
8,u6,7.0,4.0,0.0,2.0,0.0
8,u6,12.0,9.0,0.0,5.0,0.0
8,u6,17.0,53.0,0.0,2.0,1.0
8,u6,22.0,59.0,5.0,1.0,3.0
8,u6,27.0,60.0,20.0,14.0,2.0
8,u6,32.0,100.0,30.0,8.0,2.0
8,u6,37.0,46.0,37.0,3.0,0.0
8,u6,42.0,76.0,3.0,0.0,1.0
8,u6,47.0,32.0,9.0,5.0,1.0
8,u6,52.0,9.0,6.0,1.0,0.0
8,u7,7.0,5.0,0.0,2.0,0.0
8,u7,12.0,9.0,0.0,2.0,0.0
8,u7,17.0,20.0,0.0,4.0,0.0
8,u7,22.0,42.0,1.0,9.0,0.0
8,u7,27.0,100.0,1.0,2.0,0.0
8,u7,32.0,43.0,17.0,0.0,3.0
8,u7,37.0,20.0,23.0,0.0,0.0
8,u7,42.0,16.0,3.0,1.0,5.0
8,u7,47.0,6.0,2.0,0.0,1.0
8,u7,52.0,21.0,1.0,0.0,0.0
8,u8,7.0,5.0,0.0,2.0,0.0
8,u8,12.0,11.0,0.0,35.0,0.0
8,u8,17.0,128.0,0.0,64.0,0.0
8,u8,22.0,117.0,7.0,39.0,1.0
8,u8,27.0,61.0,20.0,42.0,11.0
8,u8,32.0,16.0,19.0,9.0,13.0
8,u8,37.0,18.0,5.0,2.0,5.0
8,u8,42.0,12.0,1.0,5.0,0.0
8,u8,47.0,13.0,1.0,0.0,2.0
8,u8,52.0,3.0,0.0,1.0,0.0
9,u1,7.0,6.0,0.0,2.0,0.0
9,u1,12.0,13.0,0.0,2.0,0.0
9,u1,17.0,53.0,2.0,10.0,0.0
9,u1,22.0,87.0,1.0,19.0,0.0
9,u1,27.0,229.0,2.0,12.0,2.0
9,u1,32.0,49.0,41.0,15.0,2.0
9,u1,37.0,106.0,52.0,9.0,1.0
9,u1,42.0,8.0,2.0,9.0,4.0
9,u1,47.0,9.0,3.0,2.0,1.0
9,u1,52.0,14.0,0.0,1.0,0.0
9,u2,7.0,4.0,0.0,1.0,0.0
9,u2,12.0,21.0,0.0,10.0,0.0
9,u2,17.0,29.0,1.0,5.0,0.0
9,u2,22.0,41.0,0.0,7.0,0.0
9,u2,27.0,108.0,1.0,11.0,0.0
9,u2,32.0,22.0,1.0,8.0,6.0
9,u2,37.0,20.0,14.0,5.0,4.0
9,u2,42.0,15.0,4.0,2.0,4.0
9,u2,47.0,30.0,2.0,15.0,4.0
9,u2,52.0,6.0,1.0,16.0,1.0
9,u3,7.0,11.0,1.0,3.0,0.0
9,u3,12.0,5.0,0.0,3.0,0.0
9,u3,17.0,22.0,0.0,9.0,1.0
9,u3,22.0,62.0,9.0,19.0,2.0
9,u3,27.0,39.0,29.0,35.0,5.0
9,u3,32.0,28.0,10.0,9.0,21.0
9,u3,37.0,34.0,0.0,13.0,3.0
9,u3,42.0,17.0,0.0,0.0,2.0
9,u3,47.0,2.0,4.0,1.0,0.0
9,u3,52.0,1.0,0.0,0.0,0.0
9,u4,7.0,5.0,0.0,2.0,0.0
9,u4,12.0,8.0,0.0,6.0,0.0
9,u4,17.0,12.0,0.0,7.0,0.0
9,u4,22.0,24.0,2.0,12.0,0.0
9,u4,27.0,73.0,0.0,46.0,4.0
9,u4,32.0,106.0,3.0,31.0,5.0
9,u4,37.0,25.0,4.0,6.0,18.0
9,u4,42.0,8.0,15.0,17.0,3.0
9,u4,47.0,9.0,2.0,0.0,27.0
9,u4,52.0,4.0,0.0,2.0,0.0
9,u5,7.0,5.0,0.0,3.0,0.0
9,u5,12.0,16.0,0.0,6.0,0.0
9,u5,17.0,51.0,0.0,10.0,0.0
9,u5,22.0,57.0,1.0,27.0,0.0
9,u5,27.0,36.0,10.0,36.0,0.0
9,u5,32.0,33.0,15.0,3.0,3.0
9,u5,37.0,30.0,12.0,4.0,3.0
9,u5,42.0,12.0,5.0,2.0,0.0
9,u5,47.0,8.0,8.0,3.0,0.0
9,u5,52.0,8.0,0.0,0.0,1.0
9,u6,7.0,1.0,0.0,0.0,0.0
9,u6,12.0,17.0,0.0,4.0,0.0
9,u6,17.0,23.0,0.0,7.0,0.0
9,u6,22.0,45.0,4.0,5.0,2.0
9,u6,27.0,43.0,5.0,9.0,2.0
9,u6,32.0,47.0,1.0,9.0,1.0
9,u6,37.0,7.0,14.0,28.0,4.0
9,u6,42.0,21.0,5.0,30.0,29.0
9,u6,47.0,2.0,1.0,9.0,6.0
9,u6,52.0,2.0,3.0,13.0,3.0
9,u7,7.0,7.0,0.0,2.0,0.0
9,u7,12.0,2.0,0.0,4.0,1.0
9,u7,17.0,18.0,0.0,7.0,0.0
9,u7,22.0,20.0,0.0,14.0,1.0
9,u7,27.0,21.0,6.0,6.0,0.0
9,u7,32.0,64.0,19.0,5.0,0.0
9,u7,37.0,65.0,3.0,2.0,1.0
9,u7,42.0,26.0,11.0,0.0,0.0
9,u7,47.0,53.0,0.0,1.0,0.0
9,u7,52.0,19.0,3.0,1.0,0.0
9,u8,7.0,5.0,1.0,0.0,0.0
9,u8,12.0,14.0,0.0,8.0,0.0
9,u8,17.0,26.0,0.0,21.0,0.0
9,u8,22.0,14.0,0.0,25.0,1.0
9,u8,27.0,39.0,10.0,39.0,2.0
9,u8,32.0,58.0,0.0,12.0,23.0
9,u8,37.0,43.0,62.0,6.0,1.0
9,u8,42.0,17.0,3.0,6.0,4.0
9,u8,47.0,4.0,2.0,1.0,0.0
9,u8,52.0,0.0,2.0,2.0,1.0
10,u1,7.0,3.0,0.0,2.0,0.0
10,u1,12.0,40.0,0.0,14.0,0.0
10,u1,17.0,99.0,1.0,74.0,3.0
10,u1,22.0,98.0,6.0,44.0,7.0
10,u1,27.0,78.0,3.0,52.0,60.0
10,u1,32.0,36.0,5.0,85.0,38.0
10,u1,37.0,7.0,4.0,8.0,18.0
10,u1,42.0,7.0,3.0,23.0,0.0
10,u1,47.0,0.0,4.0,18.0,5.0
10,u1,52.0,0.0,0.0,7.0,19.0
10,u2,7.0,3.0,0.0,0.0,0.0
10,u2,12.0,7.0,0.0,2.0,0.0
10,u2,17.0,50.0,1.0,12.0,2.0
10,u2,22.0,34.0,6.0,16.0,1.0
10,u2,27.0,61.0,13.0,16.0,0.0
10,u2,32.0,10.0,9.0,9.0,5.0
10,u2,37.0,2.0,0.0,0.0,2.0
10,u2,42.0,12.0,0.0,3.0,0.0
10,u2,47.0,4.0,2.0,0.0,1.0
10,u2,52.0,8.0,2.0,2.0,0.0
10,u3,7.0,2.0,0.0,2.0,0.0
10,u3,12.0,6.0,0.0,0.0,0.0
10,u3,17.0,26.0,0.0,2.0,1.0
10,u3,22.0,15.0,0.0,6.0,0.0
10,u3,27.0,12.0,1.0,7.0,0.0
10,u3,32.0,55.0,1.0,21.0,1.0
10,u3,37.0,38.0,3.0,22.0,9.0
10,u3,42.0,1.0,0.0,10.0,7.0
10,u3,47.0,23.0,0.0,5.0,1.0
10,u3,52.0,18.0,2.0,4.0,3.0
10,u4,7.0,5.0,0.0,1.0,0.0
10,u4,12.0,4.0,0.0,2.0,1.0
10,u4,17.0,24.0,4.0,12.0,0.0
10,u4,22.0,26.0,0.0,14.0,3.0
10,u4,27.0,42.0,29.0,20.0,9.0
10,u4,32.0,17.0,8.0,33.0,23.0
10,u4,37.0,19.0,5.0,21.0,11.0
10,u4,42.0,21.0,9.0,8.0,1.0
10,u4,47.0,9.0,26.0,5.0,13.0
10,u4,52.0,1.0,0.0,1.0,0.0
10,u5,7.0,11.0,0.0,1.0,0.0
10,u5,12.0,7.0,0.0,0.0,0.0
10,u5,17.0,5.0,0.0,2.0,0.0
10,u5,22.0,6.0,0.0,5.0,0.0
10,u5,27.0,14.0,0.0,14.0,2.0
10,u5,32.0,14.0,0.0,10.0,0.0
10,u5,37.0,12.0,1.0,32.0,3.0
10,u5,42.0,15.0,1.0,7.0,8.0
10,u5,47.0,16.0,0.0,9.0,2.0
10,u5,52.0,8.0,11.0,15.0,7.0
10,u6,7.0,5.0,0.0,1.0,0.0
10,u6,12.0,32.0,0.0,2.0,0.0
10,u6,17.0,10.0,0.0,7.0,0.0
10,u6,22.0,22.0,2.0,8.0,0.0
10,u6,27.0,34.0,9.0,26.0,0.0
10,u6,32.0,13.0,7.0,11.0,7.0
10,u6,37.0,4.0,1.0,6.0,3.0
10,u6,42.0,2.0,0.0,9.0,3.0
10,u6,47.0,0.0,2.0,7.0,3.0
10,u6,52.0,0.0,0.0,1.0,1.0
10,u7,7.0,4.0,0.0,2.0,0.0
10,u7,12.0,8.0,0.0,2.0,0.0
10,u7,17.0,12.0,0.0,4.0,0.0
10,u7,22.0,54.0,2.0,10.0,0.0
10,u7,27.0,21.0,1.0,22.0,3.0
10,u7,32.0,45.0,25.0,23.0,2.0
10,u7,37.0,40.0,2.0,7.0,6.0
10,u7,42.0,28.0,15.0,0.0,4.0
10,u7,47.0,29.0,27.0,1.0,1.0
10,u7,52.0,12.0,14.0,0.0,1.0
10,u8,7.0,3.0,0.0,0.0,0.0
10,u8,12.0,13.0,1.0,4.0,0.0
10,u8,17.0,30.0,0.0,8.0,0.0
10,u8,22.0,55.0,0.0,7.0,0.0
10,u8,27.0,78.0,9.0,20.0,0.0
10,u8,32.0,86.0,11.0,10.0,0.0
10,u8,37.0,59.0,6.0,9.0,4.0
10,u8,42.0,86.0,1.0,1.0,5.0
10,u8,47.0,37.0,2.0,1.0,0.0
10,u8,52.0,37.0,2.0,0.0,0.0
11,u1,7.0,4.0,0.0,0.0,0.0
11,u1,12.0,18.0,0.0,5.0,0.0
11,u1,17.0,38.0,0.0,14.0,0.0
11,u1,22.0,65.0,4.0,13.0,0.0
11,u1,27.0,55.0,14.0,11.0,0.0
11,u1,32.0,54.0,20.0,5.0,2.0
11,u1,37.0,23.0,19.0,5.0,0.0
11,u1,42.0,2.0,2.0,1.0,4.0
11,u1,47.0,1.0,3.0,0.0,0.0
11,u1,52.0,3.0,0.0,5.0,1.0
11,u2,7.0,5.0,0.0,3.0,0.0
11,u2,12.0,3.0,0.0,1.0,0.0
11,u2,17.0,5.0,1.0,24.0,0.0
11,u2,22.0,42.0,0.0,36.0,4.0
11,u2,27.0,14.0,5.0,49.0,6.0
11,u2,32.0,18.0,10.0,15.0,18.0
11,u2,37.0,8.0,6.0,8.0,3.0
11,u2,42.0,5.0,0.0,6.0,11.0
11,u2,47.0,3.0,1.0,2.0,5.0
11,u2,52.0,4.0,2.0,0.0,3.0
11,u3,7.0,4.0,0.0,1.0,0.0
11,u3,12.0,10.0,0.0,0.0,0.0
11,u3,17.0,31.0,0.0,2.0,0.0
11,u3,22.0,66.0,4.0,5.0,0.0
11,u3,27.0,30.0,10.0,1.0,0.0
11,u3,32.0,29.0,0.0,7.0,0.0
11,u3,37.0,10.0,0.0,7.0,1.0
11,u3,42.0,4.0,1.0,2.0,1.0
11,u3,47.0,13.0,0.0,1.0,1.0
11,u3,52.0,13.0,4.0,1.0,0.0
11,u4,7.0,3.0,0.0,3.0,0.0
11,u4,12.0,17.0,1.0,6.0,0.0
11,u4,17.0,2.0,0.0,9.0,0.0
11,u4,22.0,12.0,2.0,29.0,6.0
11,u4,27.0,20.0,0.0,22.0,2.0
11,u4,32.0,9.0,6.0,23.0,8.0
11,u4,37.0,11.0,1.0,11.0,17.0
11,u4,42.0,15.0,2.0,6.0,4.0
11,u4,47.0,3.0,1.0,5.0,5.0
11,u4,52.0,0.0,3.0,1.0,2.0
11,u5,7.0,2.0,0.0,1.0,0.0
11,u5,12.0,11.0,0.0,4.0,0.0
11,u5,17.0,28.0,0.0,9.0,0.0
11,u5,22.0,28.0,0.0,8.0,0.0
11,u5,27.0,48.0,11.0,11.0,3.0
11,u5,32.0,58.0,12.0,16.0,4.0
11,u5,37.0,5.0,11.0,11.0,28.0
11,u5,42.0,2.0,6.0,2.0,3.0
11,u5,47.0,7.0,3.0,8.0,0.0
11,u5,52.0,2.0,3.0,1.0,0.0
11,u6,7.0,3.0,0.0,1.0,0.0
11,u6,12.0,15.0,0.0,1.0,0.0
11,u6,17.0,28.0,0.0,9.0,0.0
11,u6,22.0,34.0,1.0,20.0,0.0
11,u6,27.0,91.0,0.0,26.0,2.0
11,u6,32.0,39.0,4.0,13.0,0.0
11,u6,37.0,63.0,13.0,19.0,6.0
11,u6,42.0,22.0,11.0,33.0,10.0
11,u6,47.0,10.0,0.0,9.0,2.0
11,u6,52.0,12.0,1.0,1.0,1.0
11,u7,7.0,7.0,0.0,2.0,0.0
11,u7,12.0,0.0,1.0,4.0,0.0
11,u7,17.0,56.0,0.0,15.0,0.0
11,u7,22.0,80.0,0.0,15.0,1.0
11,u7,27.0,65.0,4.0,45.0,5.0
11,u7,32.0,68.0,9.0,22.0,0.0
11,u7,37.0,18.0,10.0,4.0,4.0
11,u7,42.0,51.0,9.0,21.0,3.0
11,u7,47.0,11.0,9.0,5.0,1.0
11,u7,52.0,0.0,0.0,0.0,0.0
11,u8,7.0,1.0,0.0,1.0,0.0
11,u8,12.0,17.0,0.0,2.0,0.0
11,u8,17.0,17.0,0.0,20.0,0.0
11,u8,22.0,52.0,1.0,21.0,2.0
11,u8,27.0,49.0,3.0,24.0,2.0
11,u8,32.0,32.0,13.0,12.0,3.0
11,u8,37.0,26.0,1.0,3.0,3.0
11,u8,42.0,16.0,16.0,8.0,0.0
11,u8,47.0,5.0,3.0,3.0,3.0
11,u8,52.0,21.0,2.0,6.0,1.0
12,u1,7.0,0.0,0.0,3.0,0.0
12,u1,12.0,10.0,1.0,6.0,0.0
12,u1,17.0,34.0,4.0,7.0,0.0
12,u1,22.0,105.0,12.0,39.0,5.0
12,u1,27.0,38.0,33.0,7.0,14.0
12,u1,32.0,15.0,14.0,5.0,0.0
12,u1,37.0,4.0,2.0,1.0,1.0
12,u1,42.0,39.0,2.0,1.0,0.0
12,u1,47.0,8.0,15.0,2.0,0.0
12,u1,52.0,2.0,1.0,10.0,5.0
12,u2,7.0,0.0,0.0,3.0,0.0
12,u2,12.0,8.0,0.0,10.0,0.0
12,u2,17.0,29.0,0.0,12.0,0.0
12,u2,22.0,110.0,0.0,32.0,0.0
12,u2,27.0,87.0,21.0,30.0,17.0
12,u2,32.0,22.0,13.0,7.0,28.0
12,u2,37.0,69.0,2.0,8.0,2.0
12,u2,42.0,29.0,36.0,7.0,0.0
12,u2,47.0,3.0,13.0,0.0,0.0
12,u2,52.0,5.0,9.0,3.0,0.0
12,u3,7.0,3.0,0.0,0.0,0.0
12,u3,12.0,10.0,0.0,3.0,0.0
12,u3,17.0,27.0,2.0,3.0,0.0
12,u3,22.0,25.0,0.0,8.0,1.0
12,u3,27.0,36.0,1.0,1.0,2.0
12,u3,32.0,20.0,0.0,11.0,4.0
12,u3,37.0,28.0,0.0,2.0,6.0
12,u3,42.0,30.0,15.0,5.0,3.0
12,u3,47.0,30.0,14.0,0.0,0.0
12,u3,52.0,11.0,0.0,1.0,0.0
12,u4,7.0,6.0,0.0,1.0,0.0
12,u4,12.0,15.0,0.0,4.0,0.0
12,u4,17.0,10.0,0.0,4.0,0.0
12,u4,22.0,24.0,9.0,15.0,1.0
12,u4,27.0,24.0,6.0,11.0,7.0
12,u4,32.0,16.0,0.0,36.0,4.0
12,u4,37.0,12.0,3.0,7.0,3.0
12,u4,42.0,1.0,2.0,7.0,7.0
12,u4,47.0,0.0,1.0,2.0,3.0
12,u4,52.0,0.0,0.0,1.0,20.0
12,u5,7.0,8.0,0.0,2.0,0.0
12,u5,12.0,43.0,0.0,6.0,0.0
12,u5,17.0,46.0,6.0,19.0,0.0
12,u5,22.0,117.0,5.0,16.0,1.0
12,u5,27.0,62.0,25.0,20.0,5.0
12,u5,32.0,40.0,12.0,24.0,6.0
12,u5,37.0,43.0,41.0,8.0,3.0
12,u5,42.0,11.0,5.0,10.0,1.0
12,u5,47.0,31.0,3.0,5.0,3.0
12,u5,52.0,4.0,6.0,3.0,5.0
12,u6,7.0,5.0,0.0,1.0,0.0
12,u6,12.0,14.0,0.0,1.0,0.0
12,u6,17.0,28.0,0.0,3.0,0.0
12,u6,22.0,46.0,0.0,16.0,0.0
12,u6,27.0,28.0,1.0,23.0,0.0
12,u6,32.0,32.0,6.0,16.0,5.0
12,u6,37.0,91.0,3.0,18.0,11.0
12,u6,42.0,14.0,10.0,4.0,0.0
12,u6,47.0,14.0,6.0,13.0,0.0
12,u6,52.0,31.0,2.0,2.0,1.0
12,u7,7.0,4.0,0.0,1.0,0.0
12,u7,12.0,9.0,0.0,3.0,0.0
12,u7,17.0,46.0,0.0,8.0,0.0
12,u7,22.0,74.0,0.0,29.0,25.0
12,u7,27.0,28.0,45.0,29.0,27.0
12,u7,32.0,9.0,26.0,5.0,16.0
12,u7,37.0,11.0,3.0,1.0,21.0
12,u7,42.0,4.0,1.0,4.0,0.0
12,u7,47.0,18.0,1.0,12.0,1.0
12,u7,52.0,8.0,0.0,2.0,1.0
12,u8,7.0,6.0,0.0,2.0,0.0
12,u8,12.0,5.0,0.0,1.0,0.0
12,u8,17.0,52.0,4.0,20.0,0.0
12,u8,22.0,41.0,3.0,62.0,0.0
12,u8,27.0,91.0,24.0,35.0,18.0
12,u8,32.0,113.0,13.0,12.0,3.0
12,u8,37.0,15.0,8.0,4.0,6.0
12,u8,42.0,27.0,1.0,0.0,3.0
12,u8,47.0,9.0,9.0,2.0,3.0
12,u8,52.0,4.0,1.0,2.0,0.0
13,u1,7.0,2.0,0.0,1.0,0.0
13,u1,12.0,3.0,0.0,1.0,0.0
13,u1,17.0,37.0,0.0,5.0,0.0
13,u1,22.0,78.0,1.0,3.0,2.0
13,u1,27.0,118.0,5.0,4.0,0.0
13,u1,32.0,86.0,25.0,4.0,11.0
13,u1,37.0,24.0,18.0,2.0,1.0
13,u1,42.0,16.0,4.0,0.0,1.0
13,u1,47.0,8.0,0.0,0.0,0.0
13,u1,52.0,9.0,0.0,0.0,0.0
13,u2,7.0,0.0,0.0,3.0,0.0
13,u2,12.0,1.0,0.0,2.0,0.0
13,u2,17.0,11.0,0.0,5.0,0.0
13,u2,22.0,36.0,0.0,25.0,1.0
13,u2,27.0,54.0,3.0,21.0,27.0
13,u2,32.0,27.0,5.0,28.0,8.0
13,u2,37.0,30.0,4.0,20.0,50.0
13,u2,42.0,1.0,1.0,5.0,5.0
13,u2,47.0,1.0,2.0,2.0,2.0
13,u2,52.0,0.0,0.0,0.0,1.0
13,u3,7.0,3.0,0.0,1.0,0.0
13,u3,12.0,12.0,0.0,3.0,0.0
13,u3,17.0,18.0,2.0,9.0,0.0
13,u3,22.0,16.0,2.0,9.0,0.0
13,u3,27.0,70.0,3.0,5.0,10.0
13,u3,32.0,25.0,3.0,34.0,4.0
13,u3,37.0,5.0,25.0,15.0,10.0
13,u3,42.0,12.0,5.0,4.0,7.0
13,u3,47.0,14.0,1.0,6.0,4.0
13,u3,52.0,6.0,0.0,2.0,0.0
13,u4,7.0,8.0,0.0,1.0,0.0
13,u4,12.0,20.0,0.0,6.0,0.0
13,u4,17.0,8.0,0.0,3.0,0.0
13,u4,22.0,19.0,5.0,6.0,6.0
13,u4,27.0,18.0,11.0,9.0,1.0
13,u4,32.0,2.0,4.0,9.0,5.0
13,u4,37.0,1.0,0.0,3.0,11.0
13,u4,42.0,1.0,0.0,0.0,3.0
13,u4,47.0,2.0,0.0,1.0,3.0
13,u4,52.0,5.0,2.0,4.0,1.0
13,u5,7.0,2.0,0.0,0.0,0.0
13,u5,12.0,7.0,1.0,2.0,0.0
13,u5,17.0,98.0,0.0,13.0,0.0
13,u5,22.0,74.0,2.0,34.0,2.0
13,u5,27.0,79.0,3.0,27.0,0.0
13,u5,32.0,28.0,5.0,20.0,2.0
13,u5,37.0,6.0,3.0,10.0,23.0
13,u5,42.0,6.0,19.0,4.0,0.0
13,u5,47.0,9.0,0.0,2.0,1.0
13,u5,52.0,2.0,0.0,2.0,3.0
13,u6,7.0,5.0,0.0,1.0,0.0
13,u6,12.0,2.0,1.0,5.0,0.0
13,u6,17.0,20.0,0.0,9.0,0.0
13,u6,22.0,141.0,0.0,50.0,0.0
13,u6,27.0,76.0,1.0,23.0,5.0
13,u6,32.0,153.0,35.0,25.0,24.0
13,u6,37.0,31.0,54.0,50.0,24.0
13,u6,42.0,7.0,4.0,22.0,35.0
13,u6,47.0,3.0,0.0,6.0,14.0
13,u6,52.0,0.0,4.0,1.0,3.0
13,u7,7.0,11.0,0.0,3.0,0.0
13,u7,12.0,6.0,0.0,6.0,0.0
13,u7,17.0,66.0,0.0,4.0,0.0
13,u7,22.0,68.0,0.0,9.0,0.0
13,u7,27.0,68.0,1.0,22.0,0.0
13,u7,32.0,200.0,9.0,13.0,7.0
13,u7,37.0,85.0,48.0,4.0,2.0
13,u7,42.0,29.0,0.0,1.0,2.0
13,u7,47.0,9.0,1.0,1.0,0.0
13,u7,52.0,10.0,0.0,0.0,2.0
13,u8,7.0,2.0,0.0,1.0,0.0
13,u8,12.0,5.0,0.0,2.0,0.0
13,u8,17.0,14.0,0.0,17.0,1.0
13,u8,22.0,72.0,6.0,7.0,4.0
13,u8,27.0,78.0,14.0,22.0,4.0
13,u8,32.0,22.0,7.0,6.0,10.0
13,u8,37.0,6.0,69.0,8.0,19.0
13,u8,42.0,5.0,4.0,6.0,15.0
13,u8,47.0,7.0,6.0,5.0,2.0
13,u8,52.0,2.0,0.0,2.0,1.0
14,u1,7.0,0.0,0.0,3.0,0.0
14,u1,12.0,7.0,0.0,1.0,0.0
14,u1,17.0,19.0,0.0,6.0,1.0
14,u1,22.0,21.0,0.0,13.0,0.0
14,u1,27.0,13.0,1.0,51.0,2.0
14,u1,32.0,46.0,11.0,50.0,7.0
14,u1,37.0,1.0,1.0,26.0,5.0
14,u1,42.0,7.0,0.0,16.0,5.0
14,u1,47.0,6.0,1.0,1.0,3.0
14,u1,52.0,7.0,5.0,2.0,0.0
14,u2,7.0,12.0,0.0,1.0,0.0
14,u2,12.0,10.0,0.0,7.0,0.0
14,u2,17.0,10.0,0.0,10.0,0.0
14,u2,22.0,118.0,23.0,10.0,0.0
14,u2,27.0,89.0,14.0,6.0,0.0
14,u2,32.0,40.0,28.0,6.0,3.0
14,u2,37.0,27.0,7.0,1.0,2.0
14,u2,42.0,19.0,4.0,1.0,0.0
14,u2,47.0,10.0,2.0,0.0,3.0
14,u2,52.0,41.0,10.0,2.0,0.0
14,u3,7.0,2.0,0.0,1.0,0.0
14,u3,12.0,14.0,0.0,8.0,0.0
14,u3,17.0,30.0,0.0,21.0,0.0
14,u3,22.0,126.0,6.0,41.0,1.0
14,u3,27.0,54.0,8.0,5.0,8.0
14,u3,32.0,20.0,1.0,10.0,7.0
14,u3,37.0,30.0,0.0,5.0,5.0
14,u3,42.0,13.0,0.0,3.0,1.0
14,u3,47.0,6.0,0.0,1.0,1.0
14,u3,52.0,2.0,0.0,0.0,1.0
14,u4,7.0,23.0,0.0,2.0,0.0
14,u4,12.0,50.0,2.0,45.0,0.0
14,u4,17.0,107.0,2.0,31.0,12.0
14,u4,22.0,86.0,26.0,9.0,5.0
14,u4,27.0,41.0,50.0,21.0,4.0
14,u4,32.0,21.0,2.0,2.0,6.0
14,u4,37.0,2.0,9.0,6.0,7.0
14,u4,42.0,4.0,0.0,3.0,10.0
14,u4,47.0,7.0,2.0,3.0,0.0
14,u4,52.0,1.0,1.0,2.0,0.0
14,u5,7.0,8.0,0.0,1.0,0.0
14,u5,12.0,29.0,0.0,5.0,0.0
14,u5,17.0,51.0,1.0,17.0,0.0
14,u5,22.0,175.0,4.0,13.0,1.0
14,u5,27.0,141.0,4.0,23.0,22.0
14,u5,32.0,113.0,13.0,13.0,1.0
14,u5,37.0,30.0,6.0,21.0,2.0
14,u5,42.0,19.0,3.0,9.0,6.0
14,u5,47.0,28.0,12.0,11.0,2.0
14,u5,52.0,6.0,1.0,1.0,5.0
14,u6,7.0,7.0,1.0,0.0,0.0
14,u6,12.0,8.0,0.0,6.0,0.0
14,u6,17.0,19.0,0.0,4.0,0.0
14,u6,22.0,20.0,0.0,17.0,0.0
14,u6,27.0,12.0,2.0,8.0,0.0
14,u6,32.0,46.0,7.0,40.0,11.0
14,u6,37.0,16.0,2.0,20.0,20.0
14,u6,42.0,12.0,1.0,2.0,11.0
14,u6,47.0,5.0,10.0,0.0,0.0
14,u6,52.0,1.0,20.0,0.0,0.0
14,u7,7.0,7.0,0.0,5.0,0.0
14,u7,12.0,11.0,0.0,5.0,0.0
14,u7,17.0,30.0,0.0,0.0,0.0
14,u7,22.0,82.0,1.0,8.0,3.0
14,u7,27.0,79.0,18.0,14.0,11.0
14,u7,32.0,39.0,26.0,7.0,16.0
14,u7,37.0,9.0,12.0,2.0,9.0
14,u7,42.0,7.0,8.0,0.0,7.0
14,u7,47.0,5.0,2.0,2.0,1.0
14,u7,52.0,6.0,2.0,1.0,0.0
14,u8,7.0,9.0,0.0,2.0,0.0
14,u8,12.0,17.0,0.0,6.0,0.0
14,u8,17.0,19.0,0.0,1.0,0.0
14,u8,22.0,21.0,0.0,15.0,0.0
14,u8,27.0,112.0,3.0,10.0,1.0
14,u8,32.0,98.0,23.0,27.0,0.0
14,u8,37.0,46.0,28.0,28.0,18.0
14,u8,42.0,29.0,23.0,4.0,13.0
14,u8,47.0,18.0,6.0,6.0,1.0
14,u8,52.0,21.0,0.0,1.0,0.0
15,u1,7.0,7.0,0.0,2.0,0.0
15,u1,12.0,7.0,0.0,4.0,0.0
15,u1,17.0,11.0,1.0,8.0,0.0
15,u1,22.0,38.0,2.0,17.0,1.0
15,u1,27.0,63.0,1.0,36.0,3.0
15,u1,32.0,52.0,40.0,15.0,8.0
15,u1,37.0,17.0,8.0,15.0,6.0
15,u1,42.0,11.0,0.0,7.0,0.0
15,u1,47.0,5.0,0.0,3.0,0.0
15,u1,52.0,5.0,0.0,2.0,1.0
15,u2,7.0,13.0,0.0,1.0,0.0
15,u2,12.0,6.0,0.0,0.0,0.0
15,u2,17.0,11.0,0.0,7.0,0.0
15,u2,22.0,34.0,2.0,13.0,0.0
15,u2,27.0,36.0,3.0,39.0,3.0
15,u2,32.0,38.0,2.0,16.0,3.0
15,u2,37.0,14.0,4.0,13.0,1.0
15,u2,42.0,2.0,11.0,1.0,1.0
15,u2,47.0,7.0,1.0,1.0,3.0
15,u2,52.0,4.0,2.0,0.0,1.0
15,u3,7.0,4.0,0.0,1.0,0.0
15,u3,12.0,7.0,0.0,0.0,0.0
15,u3,17.0,16.0,0.0,13.0,0.0
15,u3,22.0,44.0,1.0,13.0,1.0
15,u3,27.0,110.0,0.0,44.0,8.0
15,u3,32.0,112.0,9.0,6.0,0.0
15,u3,37.0,9.0,2.0,10.0,0.0
15,u3,42.0,17.0,0.0,11.0,8.0
15,u3,47.0,8.0,3.0,8.0,0.0
15,u3,52.0,1.0,4.0,2.0,7.0
15,u4,7.0,16.0,0.0,0.0,0.0
15,u4,12.0,8.0,0.0,2.0,3.0
15,u4,17.0,10.0,0.0,15.0,0.0
15,u4,22.0,33.0,0.0,8.0,1.0
15,u4,27.0,25.0,0.0,23.0,0.0
15,u4,32.0,35.0,10.0,15.0,3.0
15,u4,37.0,50.0,1.0,14.0,2.0
15,u4,42.0,16.0,1.0,0.0,0.0
15,u4,47.0,13.0,1.0,3.0,6.0
15,u4,52.0,3.0,1.0,0.0,3.0
15,u5,7.0,4.0,0.0,0.0,0.0
15,u5,12.0,12.0,0.0,0.0,0.0
15,u5,17.0,6.0,0.0,3.0,0.0
15,u5,22.0,5.0,0.0,1.0,0.0
15,u5,27.0,22.0,0.0,2.0,0.0
15,u5,32.0,112.0,0.0,12.0,0.0
15,u5,37.0,53.0,6.0,9.0,0.0
15,u5,42.0,18.0,9.0,14.0,2.0
15,u5,47.0,16.0,13.0,3.0,5.0
15,u5,52.0,5.0,3.0,0.0,0.0
15,u6,7.0,2.0,0.0,2.0,0.0
15,u6,12.0,17.0,0.0,4.0,0.0
15,u6,17.0,32.0,0.0,4.0,1.0
15,u6,22.0,35.0,0.0,10.0,0.0
15,u6,27.0,110.0,2.0,28.0,3.0
15,u6,32.0,125.0,3.0,10.0,3.0
15,u6,37.0,24.0,7.0,16.0,3.0
15,u6,42.0,21.0,8.0,10.0,7.0
15,u6,47.0,20.0,5.0,2.0,1.0
15,u6,52.0,8.0,14.0,3.0,2.0
15,u7,7.0,2.0,0.0,0.0,0.0
15,u7,12.0,13.0,0.0,5.0,2.0
15,u7,17.0,34.0,1.0,8.0,0.0
15,u7,22.0,50.0,5.0,20.0,4.0
15,u7,27.0,33.0,19.0,43.0,0.0
15,u7,32.0,58.0,41.0,34.0,58.0
15,u7,37.0,60.0,21.0,37.0,27.0
15,u7,42.0,76.0,1.0,17.0,21.0
15,u7,47.0,21.0,31.0,6.0,2.0
15,u7,52.0,15.0,3.0,3.0,3.0
15,u8,7.0,2.0,0.0,3.0,0.0
15,u8,12.0,3.0,0.0,2.0,0.0
15,u8,17.0,26.0,0.0,16.0,0.0
15,u8,22.0,49.0,9.0,33.0,2.0
15,u8,27.0,78.0,6.0,26.0,18.0
15,u8,32.0,35.0,25.0,21.0,7.0
15,u8,37.0,21.0,1.0,5.0,16.0
15,u8,42.0,1.0,0.0,11.0,12.0
15,u8,47.0,1.0,0.0,3.0,7.0
15,u8,52.0,0.0,2.0,0.0,1.0
16,u1,7.0,10.0,0.0,0.0,0.0
16,u1,12.0,2.0,1.0,3.0,0.0
16,u1,17.0,5.0,2.0,3.0,1.0
16,u1,22.0,7.0,2.0,1.0,1.0
16,u1,27.0,5.0,1.0,1.0,0.0
16,u1,32.0,2.0,3.0,0.0,1.0
16,u1,37.0,0.0,0.0,0.0,0.0
16,u1,42.0,0.0,0.0,0.0,0.0
16,u1,47.0,2.0,0.0,4.0,0.0
16,u1,52.0,2.0,0.0,7.0,0.0
16,u2,7.0,4.0,0.0,0.0,0.0
16,u2,12.0,21.0,0.0,5.0,0.0
16,u2,17.0,34.0,0.0,10.0,0.0
16,u2,22.0,31.0,0.0,7.0,0.0
16,u2,27.0,67.0,2.0,22.0,5.0
16,u2,32.0,36.0,3.0,17.0,19.0
16,u2,37.0,25.0,4.0,6.0,0.0
16,u2,42.0,20.0,0.0,8.0,5.0
16,u2,47.0,4.0,5.0,2.0,0.0
16,u2,52.0,7.0,2.0,2.0,1.0
16,u3,7.0,3.0,0.0,5.0,0.0
16,u3,12.0,10.0,0.0,1.0,0.0
16,u3,17.0,59.0,1.0,14.0,0.0
16,u3,22.0,108.0,18.0,51.0,1.0
16,u3,27.0,66.0,10.0,30.0,8.0
16,u3,32.0,10.0,28.0,7.0,12.0
16,u3,37.0,11.0,4.0,4.0,0.0
16,u3,42.0,4.0,4.0,0.0,8.0
16,u3,47.0,13.0,1.0,0.0,2.0
16,u3,52.0,0.0,0.0,1.0,0.0
16,u4,7.0,7.0,0.0,2.0,0.0
16,u4,12.0,11.0,0.0,7.0,0.0
16,u4,17.0,17.0,0.0,10.0,1.0
16,u4,22.0,33.0,0.0,8.0,3.0
16,u4,27.0,43.0,33.0,12.0,8.0
16,u4,32.0,4.0,3.0,0.0,1.0
16,u4,37.0,5.0,0.0,0.0,1.0
16,u4,42.0,2.0,0.0,1.0,1.0
16,u4,47.0,1.0,1.0,0.0,0.0
16,u4,52.0,0.0,0.0,0.0,0.0
16,u5,7.0,9.0,0.0,1.0,0.0
16,u5,12.0,3.0,0.0,4.0,0.0
16,u5,17.0,18.0,7.0,14.0,0.0
16,u5,22.0,22.0,3.0,6.0,0.0
16,u5,27.0,48.0,1.0,10.0,2.0
16,u5,32.0,30.0,36.0,18.0,6.0
16,u5,37.0,16.0,3.0,3.0,5.0
16,u5,42.0,14.0,0.0,2.0,3.0
16,u5,47.0,5.0,6.0,10.0,2.0
16,u5,52.0,5.0,0.0,4.0,2.0
16,u6,7.0,3.0,0.0,2.0,0.0
16,u6,12.0,3.0,0.0,2.0,0.0
16,u6,17.0,14.0,0.0,6.0,0.0
16,u6,22.0,24.0,0.0,9.0,0.0
16,u6,27.0,172.0,0.0,12.0,1.0
16,u6,32.0,47.0,56.0,11.0,7.0
16,u6,37.0,81.0,6.0,6.0,9.0
16,u6,42.0,21.0,10.0,1.0,0.0
16,u6,47.0,9.0,3.0,1.0,0.0
16,u6,52.0,4.0,2.0,0.0,0.0
16,u7,7.0,6.0,0.0,3.0,0.0
16,u7,12.0,6.0,0.0,3.0,0.0
16,u7,17.0,14.0,0.0,9.0,0.0
16,u7,22.0,17.0,5.0,26.0,4.0
16,u7,27.0,48.0,12.0,16.0,28.0
16,u7,32.0,44.0,12.0,6.0,20.0
16,u7,37.0,152.0,53.0,9.0,6.0
16,u7,42.0,23.0,1.0,9.0,4.0
16,u7,47.0,13.0,23.0,2.0,1.0
16,u7,52.0,2.0,5.0,4.0,0.0
16,u8,7.0,1.0,0.0,0.0,0.0
16,u8,12.0,13.0,0.0,5.0,0.0
16,u8,17.0,18.0,0.0,6.0,1.0
16,u8,22.0,96.0,10.0,3.0,0.0
16,u8,27.0,60.0,3.0,9.0,4.0
16,u8,32.0,31.0,11.0,2.0,0.0
16,u8,37.0,24.0,5.0,1.0,3.0
16,u8,42.0,6.0,6.0,1.0,2.0
16,u8,47.0,8.0,0.0,1.0,1.0
16,u8,52.0,23.0,5.0,2.0,0.0
17,u1,7.0,4.0,0.0,3.0,0.0
17,u1,12.0,20.0,0.0,4.0,0.0
17,u1,17.0,24.0,0.0,25.0,1.0
17,u1,22.0,31.0,17.0,87.0,9.0
17,u1,27.0,76.0,30.0,17.0,13.0
17,u1,32.0,90.0,30.0,8.0,7.0
17,u1,37.0,22.0,38.0,2.0,8.0
17,u1,42.0,54.0,25.0,1.0,2.0
17,u1,47.0,65.0,7.0,0.0,0.0
17,u1,52.0,64.0,14.0,1.0,0.0
17,u2,7.0,2.0,0.0,4.0,0.0
17,u2,12.0,7.0,0.0,11.0,0.0
17,u2,17.0,49.0,0.0,18.0,0.0
17,u2,22.0,55.0,10.0,65.0,1.0
17,u2,27.0,44.0,15.0,60.0,15.0
17,u2,32.0,7.0,4.0,16.0,20.0
17,u2,37.0,2.0,1.0,3.0,7.0
17,u2,42.0,8.0,1.0,1.0,4.0
17,u2,47.0,7.0,6.0,1.0,1.0
17,u2,52.0,5.0,2.0,2.0,3.0
17,u3,7.0,3.0,0.0,1.0,1.0
17,u3,12.0,0.0,0.0,2.0,0.0
17,u3,17.0,5.0,0.0,11.0,0.0
17,u3,22.0,93.0,0.0,14.0,0.0
17,u3,27.0,71.0,0.0,18.0,1.0
17,u3,32.0,166.0,34.0,15.0,7.0
17,u3,37.0,49.0,9.0,12.0,23.0
17,u3,42.0,23.0,13.0,5.0,1.0
17,u3,47.0,12.0,1.0,4.0,2.0
17,u3,52.0,6.0,1.0,1.0,0.0
17,u4,7.0,3.0,0.0,1.0,0.0
17,u4,12.0,7.0,1.0,2.0,0.0
17,u4,17.0,7.0,0.0,9.0,1.0
17,u4,22.0,32.0,6.0,8.0,0.0
17,u4,27.0,16.0,3.0,28.0,0.0
17,u4,32.0,27.0,0.0,9.0,4.0
17,u4,37.0,41.0,38.0,6.0,8.0
17,u4,42.0,20.0,10.0,4.0,4.0
17,u4,47.0,16.0,6.0,1.0,1.0
17,u4,52.0,14.0,12.0,0.0,2.0
17,u5,7.0,1.0,0.0,1.0,0.0
17,u5,12.0,10.0,0.0,10.0,0.0
17,u5,17.0,31.0,0.0,3.0,0.0
17,u5,22.0,33.0,0.0,37.0,0.0
17,u5,27.0,29.0,1.0,50.0,1.0
17,u5,32.0,115.0,3.0,49.0,5.0
17,u5,37.0,41.0,0.0,33.0,6.0
17,u5,42.0,11.0,21.0,10.0,4.0
17,u5,47.0,3.0,3.0,2.0,14.0
17,u5,52.0,0.0,1.0,1.0,4.0
17,u6,7.0,6.0,0.0,3.0,0.0
17,u6,12.0,21.0,0.0,0.0,0.0
17,u6,17.0,37.0,0.0,2.0,0.0
17,u6,22.0,58.0,0.0,21.0,0.0
17,u6,27.0,10.0,2.0,5.0,0.0
17,u6,32.0,134.0,0.0,10.0,0.0
17,u6,37.0,15.0,24.0,25.0,44.0
17,u6,42.0,6.0,3.0,6.0,16.0
17,u6,47.0,13.0,1.0,1.0,5.0
17,u6,52.0,14.0,10.0,1.0,7.0
17,u7,7.0,0.0,0.0,0.0,0.0
17,u7,12.0,7.0,0.0,1.0,0.0
17,u7,17.0,46.0,0.0,6.0,0.0
17,u7,22.0,35.0,0.0,11.0,0.0
17,u7,27.0,73.0,0.0,23.0,0.0
17,u7,32.0,50.0,2.0,38.0,1.0
17,u7,37.0,114.0,3.0,13.0,1.0
17,u7,42.0,32.0,6.0,12.0,2.0
17,u7,47.0,26.0,5.0,10.0,2.0
17,u7,52.0,15.0,27.0,3.0,1.0
17,u8,7.0,2.0,0.0,0.0,0.0
17,u8,12.0,3.0,0.0,5.0,0.0
17,u8,17.0,17.0,0.0,4.0,1.0
17,u8,22.0,4.0,0.0,26.0,0.0
17,u8,27.0,58.0,0.0,63.0,0.0
17,u8,32.0,32.0,1.0,42.0,7.0
17,u8,37.0,38.0,8.0,38.0,52.0
17,u8,42.0,43.0,2.0,37.0,8.0
17,u8,47.0,7.0,8.0,3.0,10.0
17,u8,52.0,2.0,0.0,3.0,6.0
18,u1,7.0,4.0,0.0,2.0,0.0
18,u1,12.0,8.0,0.0,8.0,0.0
18,u1,17.0,16.0,0.0,12.0,0.0
18,u1,22.0,34.0,0.0,19.0,1.0
18,u1,27.0,33.0,2.0,63.0,1.0
18,u1,32.0,78.0,0.0,69.0,15.0
18,u1,37.0,13.0,8.0,26.0,9.0
18,u1,42.0,3.0,17.0,7.0,2.0
18,u1,47.0,0.0,5.0,9.0,33.0
18,u1,52.0,0.0,0.0,5.0,10.0
18,u2,7.0,5.0,0.0,1.0,0.0
18,u2,12.0,41.0,0.0,4.0,0.0
18,u2,17.0,22.0,0.0,17.0,0.0
18,u2,22.0,82.0,13.0,9.0,1.0
18,u2,27.0,22.0,11.0,5.0,1.0
18,u2,32.0,57.0,7.0,14.0,17.0
18,u2,37.0,27.0,0.0,8.0,16.0
18,u2,42.0,7.0,3.0,9.0,0.0
18,u2,47.0,0.0,0.0,8.0,8.0
18,u2,52.0,6.0,0.0,4.0,3.0
18,u3,7.0,5.0,0.0,4.0,0.0
18,u3,12.0,30.0,0.0,19.0,0.0
18,u3,17.0,55.0,1.0,36.0,0.0
18,u3,22.0,123.0,9.0,90.0,4.0
18,u3,27.0,104.0,10.0,19.0,3.0
18,u3,32.0,51.0,6.0,12.0,17.0
18,u3,37.0,15.0,19.0,3.0,10.0
18,u3,42.0,9.0,13.0,1.0,1.0
18,u3,47.0,1.0,0.0,0.0,0.0
18,u3,52.0,5.0,0.0,1.0,1.0
18,u4,7.0,1.0,0.0,6.0,0.0
18,u4,12.0,12.0,0.0,0.0,0.0
18,u4,17.0,34.0,0.0,5.0,0.0
18,u4,22.0,48.0,3.0,17.0,1.0
18,u4,27.0,30.0,1.0,20.0,3.0
18,u4,32.0,47.0,12.0,7.0,3.0
18,u4,37.0,54.0,2.0,6.0,2.0
18,u4,42.0,26.0,14.0,0.0,1.0
18,u4,47.0,8.0,1.0,1.0,0.0
18,u4,52.0,5.0,1.0,3.0,1.0
18,u5,7.0,9.0,0.0,2.0,0.0
18,u5,12.0,29.0,0.0,5.0,0.0
18,u5,17.0,25.0,0.0,4.0,0.0
18,u5,22.0,22.0,0.0,47.0,0.0
18,u5,27.0,119.0,56.0,23.0,10.0
18,u5,32.0,47.0,9.0,10.0,3.0
18,u5,37.0,11.0,4.0,9.0,4.0
18,u5,42.0,11.0,4.0,3.0,2.0
18,u5,47.0,0.0,2.0,2.0,5.0
18,u5,52.0,0.0,0.0,5.0,0.0
18,u6,7.0,2.0,0.0,3.0,0.0
18,u6,12.0,3.0,0.0,2.0,0.0
18,u6,17.0,8.0,0.0,9.0,0.0
18,u6,22.0,22.0,0.0,15.0,0.0
18,u6,27.0,13.0,1.0,65.0,1.0
18,u6,32.0,36.0,3.0,15.0,11.0
18,u6,37.0,25.0,15.0,38.0,5.0
18,u6,42.0,0.0,7.0,16.0,11.0
18,u6,47.0,0.0,4.0,8.0,5.0
18,u6,52.0,0.0,1.0,2.0,8.0
18,u7,7.0,12.0,1.0,1.0,0.0
18,u7,12.0,9.0,0.0,0.0,0.0
18,u7,17.0,26.0,0.0,6.0,0.0
18,u7,22.0,56.0,2.0,8.0,0.0
18,u7,27.0,14.0,13.0,2.0,3.0
18,u7,32.0,67.0,26.0,0.0,1.0
18,u7,37.0,17.0,4.0,1.0,2.0
18,u7,42.0,29.0,10.0,1.0,1.0
18,u7,47.0,29.0,5.0,1.0,2.0
18,u7,52.0,16.0,5.0,0.0,0.0
18,u8,7.0,6.0,0.0,2.0,0.0
18,u8,12.0,5.0,2.0,4.0,2.0
18,u8,17.0,32.0,0.0,7.0,0.0
18,u8,22.0,35.0,2.0,14.0,0.0
18,u8,27.0,22.0,10.0,29.0,18.0
18,u8,32.0,5.0,8.0,8.0,2.0
18,u8,37.0,15.0,13.0,7.0,10.0
18,u8,42.0,6.0,3.0,0.0,18.0
18,u8,47.0,3.0,0.0,1.0,0.0
18,u8,52.0,1.0,0.0,0.0,0.0
19,u1,7.0,1.0,1.0,2.0,0.0
19,u1,12.0,11.0,0.0,2.0,0.0
19,u1,17.0,12.0,0.0,4.0,0.0
19,u1,22.0,19.0,0.0,20.0,0.0
19,u1,27.0,50.0,0.0,21.0,0.0
19,u1,32.0,20.0,0.0,33.0,7.0
19,u1,37.0,26.0,7.0,43.0,15.0
19,u1,42.0,22.0,24.0,43.0,8.0
19,u1,47.0,2.0,1.0,10.0,2.0
19,u1,52.0,0.0,1.0,1.0,8.0
19,u2,7.0,9.0,0.0,2.0,0.0
19,u2,12.0,12.0,0.0,1.0,0.0
19,u2,17.0,20.0,0.0,7.0,0.0
19,u2,22.0,50.0,1.0,4.0,1.0
19,u2,27.0,60.0,2.0,13.0,1.0
19,u2,32.0,47.0,6.0,44.0,34.0
19,u2,37.0,36.0,2.0,8.0,1.0
19,u2,42.0,14.0,2.0,3.0,6.0
19,u2,47.0,7.0,1.0,2.0,11.0
19,u2,52.0,28.0,1.0,2.0,0.0
19,u3,7.0,4.0,0.0,6.0,0.0
19,u3,12.0,7.0,0.0,4.0,0.0
19,u3,17.0,24.0,0.0,17.0,0.0
19,u3,22.0,9.0,1.0,49.0,9.0
19,u3,27.0,52.0,4.0,92.0,13.0
19,u3,32.0,99.0,3.0,71.0,30.0
19,u3,37.0,19.0,21.0,25.0,87.0
19,u3,42.0,11.0,6.0,20.0,29.0
19,u3,47.0,0.0,1.0,8.0,15.0
19,u3,52.0,0.0,1.0,0.0,7.0
19,u4,7.0,7.0,0.0,1.0,0.0
19,u4,12.0,43.0,0.0,11.0,0.0
19,u4,17.0,45.0,0.0,8.0,0.0
19,u4,22.0,126.0,9.0,17.0,2.0
19,u4,27.0,78.0,5.0,10.0,1.0
19,u4,32.0,28.0,16.0,2.0,1.0
19,u4,37.0,29.0,51.0,3.0,0.0
19,u4,42.0,6.0,30.0,2.0,0.0
19,u4,47.0,24.0,0.0,2.0,1.0
19,u4,52.0,8.0,4.0,0.0,0.0
19,u5,7.0,5.0,0.0,1.0,0.0
19,u5,12.0,4.0,0.0,15.0,1.0
19,u5,17.0,138.0,2.0,58.0,4.0
19,u5,22.0,224.0,45.0,17.0,9.0
19,u5,27.0,68.0,1.0,8.0,5.0
19,u5,32.0,8.0,28.0,10.0,11.0
19,u5,37.0,10.0,18.0,4.0,0.0
19,u5,42.0,1.0,0.0,0.0,3.0
19,u5,47.0,0.0,0.0,0.0,0.0
19,u5,52.0,0.0,1.0,0.0,0.0
19,u6,7.0,4.0,0.0,11.0,0.0
19,u6,12.0,32.0,0.0,0.0,0.0
19,u6,17.0,38.0,3.0,14.0,3.0
19,u6,22.0,77.0,61.0,25.0,8.0
19,u6,27.0,67.0,4.0,8.0,1.0
19,u6,32.0,7.0,2.0,11.0,7.0
19,u6,37.0,6.0,8.0,3.0,6.0
19,u6,42.0,4.0,2.0,1.0,3.0
19,u6,47.0,4.0,1.0,3.0,1.0
19,u6,52.0,2.0,1.0,2.0,1.0
19,u7,7.0,13.0,0.0,0.0,0.0
19,u7,12.0,14.0,0.0,9.0,0.0
19,u7,17.0,55.0,0.0,15.0,0.0
19,u7,22.0,114.0,0.0,21.0,2.0
19,u7,27.0,124.0,3.0,11.0,0.0
19,u7,32.0,52.0,8.0,6.0,0.0
19,u7,37.0,48.0,38.0,3.0,0.0
19,u7,42.0,28.0,89.0,1.0,0.0
19,u7,47.0,17.0,14.0,0.0,1.0
19,u7,52.0,11.0,21.0,0.0,0.0
19,u8,7.0,6.0,0.0,2.0,0.0
19,u8,12.0,14.0,1.0,1.0,0.0
19,u8,17.0,42.0,1.0,2.0,0.0
19,u8,22.0,134.0,0.0,43.0,0.0
19,u8,27.0,71.0,1.0,25.0,1.0
19,u8,32.0,101.0,24.0,9.0,17.0
19,u8,37.0,58.0,31.0,15.0,24.0
19,u8,42.0,14.0,1.0,3.0,5.0
19,u8,47.0,17.0,7.0,1.0,2.0
19,u8,52.0,2.0,7.0,1.0,0.0
20,u1,7.0,2.0,0.0,1.0,0.0
20,u1,12.0,27.0,0.0,10.0,0.0
20,u1,17.0,34.0,2.0,14.0,1.0
20,u1,22.0,93.0,7.0,40.0,1.0
20,u1,27.0,17.0,7.0,11.0,12.0
20,u1,32.0,77.0,22.0,12.0,2.0
20,u1,37.0,20.0,8.0,18.0,7.0
20,u1,42.0,7.0,9.0,6.0,0.0
20,u1,47.0,4.0,3.0,3.0,0.0
20,u1,52.0,7.0,0.0,7.0,2.0
20,u2,7.0,1.0,0.0,1.0,0.0
20,u2,12.0,13.0,0.0,10.0,0.0
20,u2,17.0,27.0,0.0,26.0,0.0
20,u2,22.0,41.0,1.0,38.0,0.0
20,u2,27.0,126.0,1.0,42.0,3.0
20,u2,32.0,66.0,1.0,93.0,35.0
20,u2,37.0,20.0,1.0,9.0,2.0
20,u2,42.0,5.0,14.0,2.0,28.0
20,u2,47.0,0.0,0.0,1.0,9.0
20,u2,52.0,0.0,0.0,0.0,0.0
20,u3,7.0,12.0,0.0,0.0,0.0
20,u3,12.0,12.0,1.0,7.0,0.0
20,u3,17.0,53.0,0.0,12.0,0.0
20,u3,22.0,82.0,3.0,18.0,0.0
20,u3,27.0,115.0,60.0,33.0,0.0
20,u3,32.0,18.0,30.0,16.0,3.0
20,u3,37.0,15.0,1.0,3.0,8.0
20,u3,42.0,4.0,0.0,3.0,1.0
20,u3,47.0,1.0,2.0,0.0,1.0
20,u3,52.0,2.0,2.0,0.0,0.0
20,u4,7.0,5.0,0.0,4.0,1.0
20,u4,12.0,4.0,0.0,3.0,0.0
20,u4,17.0,10.0,1.0,5.0,0.0
20,u4,22.0,13.0,4.0,11.0,0.0
20,u4,27.0,41.0,17.0,7.0,0.0
20,u4,32.0,106.0,32.0,8.0,5.0
20,u4,37.0,45.0,56.0,2.0,1.0
20,u4,42.0,78.0,11.0,1.0,0.0
20,u4,47.0,21.0,17.0,1.0,0.0
20,u4,52.0,25.0,24.0,1.0,1.0
20,u5,7.0,4.0,0.0,3.0,0.0
20,u5,12.0,16.0,0.0,5.0,0.0
20,u5,17.0,15.0,0.0,9.0,0.0
20,u5,22.0,86.0,2.0,42.0,0.0
20,u5,27.0,65.0,11.0,15.0,19.0
20,u5,32.0,66.0,12.0,22.0,17.0
20,u5,37.0,64.0,13.0,5.0,9.0
20,u5,42.0,20.0,28.0,2.0,1.0
20,u5,47.0,11.0,21.0,1.0,0.0
20,u5,52.0,24.0,10.0,2.0,0.0
20,u6,7.0,3.0,0.0,1.0,0.0
20,u6,12.0,8.0,0.0,7.0,0.0
20,u6,17.0,6.0,0.0,17.0,0.0
20,u6,22.0,18.0,1.0,22.0,0.0
20,u6,27.0,107.0,11.0,25.0,7.0
20,u6,32.0,97.0,19.0,36.0,20.0
20,u6,37.0,22.0,23.0,7.0,3.0
20,u6,42.0,25.0,1.0,2.0,7.0
20,u6,47.0,87.0,4.0,3.0,7.0
20,u6,52.0,35.0,25.0,1.0,0.0
20,u7,7.0,3.0,0.0,1.0,0.0
20,u7,12.0,6.0,1.0,1.0,0.0
20,u7,17.0,21.0,1.0,5.0,2.0
20,u7,22.0,12.0,5.0,6.0,0.0
20,u7,27.0,10.0,2.0,0.0,1.0
20,u7,32.0,24.0,14.0,1.0,0.0
20,u7,37.0,9.0,9.0,0.0,0.0
20,u7,42.0,19.0,11.0,0.0,1.0
20,u7,47.0,11.0,2.0,0.0,0.0
20,u7,52.0,13.0,0.0,0.0,0.0
20,u8,7.0,3.0,0.0,0.0,0.0
20,u8,12.0,13.0,0.0,2.0,0.0
20,u8,17.0,12.0,1.0,16.0,0.0
20,u8,22.0,74.0,0.0,16.0,0.0
20,u8,27.0,71.0,4.0,19.0,7.0
20,u8,32.0,12.0,3.0,13.0,14.0
20,u8,37.0,40.0,2.0,26.0,3.0
20,u8,42.0,52.0,9.0,5.0,4.0
20,u8,47.0,12.0,2.0,2.0,3.0
20,u8,52.0,11.0,1.0,0.0,3.0
21,u1,7.0,4.0,0.0,0.0,0.0
21,u1,12.0,5.0,0.0,8.0,0.0
21,u1,17.0,25.0,0.0,11.0,0.0
21,u1,22.0,109.0,2.0,14.0,0.0
21,u1,27.0,36.0,4.0,14.0,3.0
21,u1,32.0,63.0,6.0,14.0,8.0
21,u1,37.0,29.0,88.0,6.0,8.0
21,u1,42.0,14.0,0.0,5.0,0.0
21,u1,47.0,3.0,4.0,6.0,6.0
21,u1,52.0,4.0,0.0,1.0,0.0
21,u2,7.0,1.0,0.0,1.0,0.0
21,u2,12.0,10.0,0.0,1.0,0.0
21,u2,17.0,10.0,0.0,5.0,0.0
21,u2,22.0,21.0,0.0,9.0,0.0
21,u2,27.0,20.0,0.0,25.0,5.0
21,u2,32.0,43.0,16.0,3.0,7.0
21,u2,37.0,19.0,22.0,8.0,9.0
21,u2,42.0,35.0,3.0,2.0,8.0
21,u2,47.0,19.0,15.0,6.0,2.0
21,u2,52.0,2.0,21.0,4.0,0.0
21,u3,7.0,5.0,0.0,1.0,0.0
21,u3,12.0,14.0,0.0,3.0,0.0
21,u3,17.0,81.0,0.0,7.0,1.0
21,u3,22.0,98.0,0.0,8.0,1.0
21,u3,27.0,99.0,52.0,9.0,1.0
21,u3,32.0,50.0,24.0,9.0,11.0
21,u3,37.0,91.0,4.0,1.0,1.0
21,u3,42.0,26.0,18.0,6.0,9.0
21,u3,47.0,7.0,16.0,1.0,1.0
21,u3,52.0,5.0,0.0,1.0,3.0
21,u4,7.0,2.0,0.0,0.0,0.0
21,u4,12.0,22.0,0.0,2.0,1.0
21,u4,17.0,13.0,0.0,4.0,0.0
21,u4,22.0,24.0,0.0,34.0,0.0
21,u4,27.0,12.0,8.0,15.0,2.0
21,u4,32.0,55.0,22.0,15.0,5.0
21,u4,37.0,15.0,3.0,12.0,9.0
21,u4,42.0,25.0,1.0,3.0,11.0
21,u4,47.0,4.0,1.0,4.0,0.0
21,u4,52.0,4.0,0.0,2.0,1.0
21,u5,7.0,0.0,0.0,3.0,0.0
21,u5,12.0,10.0,0.0,4.0,0.0
21,u5,17.0,17.0,3.0,15.0,1.0
21,u5,22.0,52.0,5.0,25.0,0.0
21,u5,27.0,45.0,36.0,51.0,1.0
21,u5,32.0,65.0,1.0,47.0,11.0
21,u5,37.0,74.0,5.0,5.0,6.0
21,u5,42.0,19.0,2.0,2.0,5.0
21,u5,47.0,8.0,10.0,4.0,2.0
21,u5,52.0,3.0,1.0,0.0,1.0
21,u6,7.0,8.0,0.0,3.0,0.0
21,u6,12.0,5.0,0.0,3.0,0.0
21,u6,17.0,18.0,0.0,22.0,0.0
21,u6,22.0,13.0,0.0,27.0,0.0
21,u6,27.0,8.0,1.0,26.0,1.0
21,u6,32.0,161.0,7.0,39.0,4.0
21,u6,37.0,74.0,2.0,11.0,11.0
21,u6,42.0,5.0,11.0,13.0,13.0
21,u6,47.0,1.0,6.0,4.0,4.0
21,u6,52.0,2.0,2.0,1.0,0.0
21,u7,7.0,2.0,0.0,0.0,0.0
21,u7,12.0,23.0,0.0,6.0,0.0
21,u7,17.0,7.0,0.0,15.0,0.0
21,u7,22.0,118.0,0.0,39.0,0.0
21,u7,27.0,177.0,0.0,20.0,2.0
21,u7,32.0,57.0,3.0,20.0,14.0
21,u7,37.0,34.0,27.0,7.0,4.0
21,u7,42.0,13.0,7.0,3.0,2.0
21,u7,47.0,0.0,4.0,2.0,0.0
21,u7,52.0,0.0,0.0,0.0,0.0
21,u8,7.0,10.0,0.0,4.0,0.0
21,u8,12.0,7.0,0.0,8.0,0.0
21,u8,17.0,59.0,0.0,13.0,0.0
21,u8,22.0,123.0,0.0,25.0,2.0
21,u8,27.0,69.0,2.0,39.0,2.0
21,u8,32.0,25.0,25.0,11.0,0.0
21,u8,37.0,15.0,24.0,4.0,1.0
21,u8,42.0,13.0,5.0,2.0,4.0
21,u8,47.0,14.0,0.0,1.0,0.0
21,u8,52.0,5.0,2.0,0.0,0.0
22,u1,7.0,5.0,0.0,4.0,0.0
22,u1,12.0,11.0,0.0,3.0,0.0
22,u1,17.0,18.0,0.0,7.0,0.0
22,u1,22.0,36.0,2.0,13.0,0.0
22,u1,27.0,69.0,16.0,22.0,2.0
22,u1,32.0,23.0,9.0,16.0,8.0
22,u1,37.0,52.0,39.0,6.0,0.0
22,u1,42.0,16.0,5.0,8.0,12.0
22,u1,47.0,16.0,7.0,4.0,0.0
22,u1,52.0,3.0,2.0,4.0,0.0
22,u2,7.0,2.0,0.0,1.0,0.0
22,u2,12.0,11.0,0.0,3.0,1.0
22,u2,17.0,3.0,0.0,7.0,0.0
22,u2,22.0,26.0,1.0,13.0,0.0
22,u2,27.0,55.0,13.0,22.0,1.0
22,u2,32.0,10.0,10.0,24.0,11.0
22,u2,37.0,31.0,2.0,11.0,13.0
22,u2,42.0,12.0,30.0,6.0,7.0
22,u2,47.0,7.0,5.0,5.0,8.0
22,u2,52.0,3.0,0.0,1.0,2.0
22,u3,7.0,6.0,0.0,2.0,0.0
22,u3,12.0,8.0,0.0,2.0,0.0
22,u3,17.0,28.0,1.0,7.0,0.0
22,u3,22.0,48.0,6.0,15.0,2.0
22,u3,27.0,26.0,10.0,3.0,0.0
22,u3,32.0,38.0,2.0,7.0,4.0
22,u3,37.0,4.0,0.0,0.0,12.0
22,u3,42.0,4.0,6.0,1.0,2.0
22,u3,47.0,1.0,2.0,0.0,1.0
22,u3,52.0,0.0,1.0,0.0,1.0
22,u4,7.0,2.0,0.0,2.0,0.0
22,u4,12.0,18.0,0.0,2.0,0.0
22,u4,17.0,39.0,0.0,9.0,0.0
22,u4,22.0,111.0,6.0,5.0,0.0
22,u4,27.0,189.0,84.0,22.0,3.0
22,u4,32.0,119.0,0.0,12.0,0.0
22,u4,37.0,54.0,16.0,0.0,2.0
22,u4,42.0,22.0,16.0,5.0,0.0
22,u4,47.0,4.0,3.0,0.0,1.0
22,u4,52.0,10.0,1.0,5.0,4.0
22,u5,7.0,4.0,0.0,0.0,0.0
22,u5,12.0,3.0,0.0,4.0,0.0
22,u5,17.0,23.0,0.0,8.0,0.0
22,u5,22.0,0.0,0.0,37.0,0.0
22,u5,27.0,42.0,0.0,26.0,2.0
22,u5,32.0,57.0,48.0,28.0,16.0
22,u5,37.0,15.0,10.0,22.0,8.0
22,u5,42.0,8.0,0.0,3.0,27.0
22,u5,47.0,12.0,2.0,13.0,3.0
22,u5,52.0,16.0,1.0,8.0,0.0
22,u6,7.0,3.0,0.0,1.0,0.0
22,u6,12.0,13.0,0.0,6.0,0.0
22,u6,17.0,26.0,0.0,9.0,0.0
22,u6,22.0,61.0,0.0,8.0,0.0
22,u6,27.0,25.0,0.0,13.0,0.0
22,u6,32.0,59.0,61.0,31.0,14.0
22,u6,37.0,48.0,10.0,7.0,0.0
22,u6,42.0,41.0,0.0,1.0,0.0
22,u6,47.0,9.0,9.0,1.0,1.0
22,u6,52.0,27.0,2.0,0.0,0.0
22,u7,7.0,7.0,0.0,1.0,0.0
22,u7,12.0,15.0,0.0,4.0,0.0
22,u7,17.0,98.0,2.0,17.0,1.0
22,u7,22.0,33.0,0.0,25.0,1.0
22,u7,27.0,21.0,9.0,43.0,8.0
22,u7,32.0,34.0,16.0,37.0,12.0
22,u7,37.0,3.0,9.0,1.0,24.0
22,u7,42.0,4.0,1.0,9.0,9.0
22,u7,47.0,3.0,0.0,3.0,5.0
22,u7,52.0,1.0,1.0,4.0,4.0
22,u8,7.0,3.0,0.0,0.0,0.0
22,u8,12.0,8.0,0.0,0.0,0.0
22,u8,17.0,26.0,0.0,7.0,0.0
22,u8,22.0,24.0,1.0,45.0,0.0
22,u8,27.0,41.0,5.0,46.0,8.0
22,u8,32.0,22.0,11.0,86.0,38.0
22,u8,37.0,12.0,9.0,48.0,30.0
22,u8,42.0,9.0,2.0,10.0,47.0
22,u8,47.0,3.0,3.0,6.0,6.0
22,u8,52.0,2.0,2.0,1.0,0.0
23,u1,7.0,3.0,0.0,3.0,0.0
23,u1,12.0,13.0,0.0,7.0,0.0
23,u1,17.0,44.0,1.0,13.0,0.0
23,u1,22.0,65.0,8.0,24.0,1.0
23,u1,27.0,22.0,14.0,60.0,15.0
23,u1,32.0,8.0,26.0,27.0,50.0
23,u1,37.0,2.0,1.0,4.0,8.0
23,u1,42.0,4.0,1.0,5.0,0.0
23,u1,47.0,5.0,2.0,0.0,1.0
23,u1,52.0,4.0,0.0,0.0,1.0
23,u2,7.0,0.0,0.0,0.0,0.0
23,u2,12.0,8.0,0.0,0.0,0.0
23,u2,17.0,9.0,2.0,11.0,0.0
23,u2,22.0,55.0,0.0,26.0,0.0
23,u2,27.0,56.0,0.0,29.0,0.0
23,u2,32.0,42.0,23.0,29.0,8.0
23,u2,37.0,33.0,1.0,29.0,58.0
23,u2,42.0,5.0,13.0,33.0,16.0
23,u2,47.0,0.0,7.0,5.0,6.0
23,u2,52.0,3.0,1.0,2.0,4.0
23,u3,7.0,2.0,0.0,1.0,0.0
23,u3,12.0,12.0,0.0,14.0,0.0
23,u3,17.0,54.0,0.0,8.0,0.0
23,u3,22.0,88.0,0.0,98.0,4.0
23,u3,27.0,155.0,41.0,60.0,48.0
23,u3,32.0,51.0,41.0,14.0,38.0
23,u3,37.0,20.0,33.0,7.0,9.0
23,u3,42.0,12.0,0.0,17.0,12.0
23,u3,47.0,0.0,11.0,7.0,1.0
23,u3,52.0,0.0,22.0,4.0,15.0
23,u4,7.0,7.0,0.0,0.0,0.0
23,u4,12.0,21.0,0.0,8.0,0.0
23,u4,17.0,29.0,0.0,10.0,0.0
23,u4,22.0,58.0,2.0,51.0,0.0
23,u4,27.0,29.0,1.0,83.0,20.0
23,u4,32.0,23.0,46.0,26.0,21.0
23,u4,37.0,5.0,6.0,19.0,17.0
23,u4,42.0,12.0,9.0,31.0,12.0
23,u4,47.0,2.0,8.0,5.0,62.0
23,u4,52.0,0.0,0.0,5.0,27.0
23,u5,7.0,2.0,0.0,1.0,0.0
23,u5,12.0,8.0,0.0,3.0,0.0
23,u5,17.0,11.0,0.0,1.0,0.0
23,u5,22.0,1.0,0.0,19.0,0.0
23,u5,27.0,55.0,0.0,42.0,4.0
23,u5,32.0,36.0,1.0,43.0,0.0
23,u5,37.0,115.0,4.0,19.0,6.0
23,u5,42.0,21.0,9.0,15.0,21.0
23,u5,47.0,21.0,7.0,4.0,6.0
23,u5,52.0,65.0,3.0,4.0,1.0
23,u6,7.0,2.0,0.0,0.0,0.0
23,u6,12.0,26.0,0.0,3.0,0.0
23,u6,17.0,33.0,1.0,8.0,0.0
23,u6,22.0,44.0,2.0,18.0,0.0
23,u6,27.0,58.0,0.0,27.0,0.0
23,u6,32.0,37.0,31.0,7.0,8.0
23,u6,37.0,5.0,1.0,0.0,5.0
23,u6,42.0,6.0,0.0,1.0,2.0
23,u6,47.0,0.0,0.0,0.0,4.0
23,u6,52.0,0.0,0.0,0.0,0.0
23,u7,7.0,5.0,0.0,2.0,0.0
23,u7,12.0,11.0,0.0,3.0,0.0
23,u7,17.0,10.0,3.0,23.0,0.0
23,u7,22.0,64.0,1.0,26.0,5.0
23,u7,27.0,32.0,3.0,19.0,15.0
23,u7,32.0,8.0,10.0,12.0,32.0
23,u7,37.0,1.0,0.0,6.0,34.0
23,u7,42.0,0.0,3.0,0.0,17.0
23,u7,47.0,0.0,0.0,2.0,5.0
23,u7,52.0,0.0,0.0,2.0,4.0
23,u8,7.0,2.0,0.0,1.0,0.0
23,u8,12.0,11.0,0.0,4.0,0.0
23,u8,17.0,52.0,0.0,19.0,0.0
23,u8,22.0,40.0,0.0,25.0,0.0
23,u8,27.0,79.0,24.0,22.0,14.0
23,u8,32.0,21.0,16.0,13.0,1.0
23,u8,37.0,7.0,2.0,1.0,3.0
23,u8,42.0,6.0,2.0,7.0,0.0
23,u8,47.0,12.0,1.0,3.0,4.0
23,u8,52.0,8.0,1.0,3.0,4.0
24,u1,7.0,8.0,0.0,0.0,0.0
24,u1,12.0,13.0,0.0,3.0,0.0
24,u1,17.0,2.0,0.0,6.0,0.0
24,u1,22.0,26.0,0.0,5.0,0.0
24,u1,27.0,66.0,0.0,10.0,0.0
24,u1,32.0,89.0,2.0,11.0,5.0
24,u1,37.0,78.0,3.0,5.0,8.0
24,u1,42.0,30.0,6.0,5.0,2.0
24,u1,47.0,4.0,5.0,2.0,2.0
24,u1,52.0,15.0,2.0,2.0,2.0
24,u2,7.0,3.0,0.0,0.0,0.0
24,u2,12.0,6.0,0.0,3.0,1.0
24,u2,17.0,26.0,0.0,3.0,1.0
24,u2,22.0,67.0,0.0,19.0,0.0
24,u2,27.0,35.0,0.0,9.0,1.0
24,u2,32.0,61.0,45.0,23.0,0.0
24,u2,37.0,71.0,3.0,29.0,5.0
24,u2,42.0,31.0,15.0,5.0,0.0
24,u2,47.0,9.0,27.0,3.0,8.0
24,u2,52.0,43.0,0.0,1.0,1.0
24,u3,7.0,0.0,0.0,0.0,0.0
24,u3,12.0,13.0,0.0,1.0,0.0
24,u3,17.0,18.0,0.0,2.0,0.0
24,u3,22.0,27.0,0.0,17.0,1.0
24,u3,27.0,54.0,2.0,54.0,2.0
24,u3,32.0,29.0,2.0,44.0,19.0
24,u3,37.0,59.0,21.0,17.0,29.0
24,u3,42.0,6.0,0.0,17.0,24.0
24,u3,47.0,8.0,9.0,13.0,1.0
24,u3,52.0,0.0,3.0,2.0,7.0
24,u4,7.0,5.0,0.0,0.0,0.0
24,u4,12.0,12.0,1.0,2.0,0.0
24,u4,17.0,41.0,0.0,24.0,0.0
24,u4,22.0,60.0,3.0,14.0,1.0
24,u4,27.0,60.0,9.0,90.0,1.0
24,u4,32.0,99.0,66.0,78.0,1.0
24,u4,37.0,35.0,13.0,37.0,7.0
24,u4,42.0,12.0,14.0,5.0,33.0
24,u4,47.0,0.0,7.0,1.0,4.0
24,u4,52.0,0.0,3.0,0.0,3.0
24,u5,7.0,3.0,0.0,3.0,0.0
24,u5,12.0,16.0,0.0,9.0,0.0
24,u5,17.0,44.0,0.0,16.0,0.0
24,u5,22.0,88.0,3.0,23.0,2.0
24,u5,27.0,37.0,11.0,34.0,7.0
24,u5,32.0,53.0,5.0,18.0,3.0
24,u5,37.0,3.0,2.0,1.0,0.0
24,u5,42.0,11.0,0.0,5.0,10.0
24,u5,47.0,11.0,1.0,9.0,3.0
24,u5,52.0,4.0,1.0,1.0,2.0
24,u6,7.0,5.0,0.0,1.0,0.0
24,u6,12.0,7.0,0.0,2.0,0.0
24,u6,17.0,16.0,1.0,16.0,1.0
24,u6,22.0,75.0,1.0,23.0,0.0
24,u6,27.0,22.0,3.0,25.0,4.0
24,u6,32.0,15.0,5.0,15.0,5.0
24,u6,37.0,26.0,12.0,13.0,6.0
24,u6,42.0,58.0,41.0,6.0,2.0
24,u6,47.0,36.0,14.0,8.0,3.0
24,u6,52.0,7.0,5.0,1.0,2.0
24,u7,7.0,4.0,0.0,2.0,0.0
24,u7,12.0,16.0,0.0,3.0,1.0
24,u7,17.0,59.0,2.0,28.0,2.0
24,u7,22.0,35.0,78.0,43.0,4.0
24,u7,27.0,49.0,11.0,42.0,39.0
24,u7,32.0,12.0,0.0,12.0,4.0
24,u7,37.0,21.0,7.0,3.0,5.0
24,u7,42.0,12.0,11.0,4.0,0.0
24,u7,47.0,10.0,2.0,4.0,2.0
24,u7,52.0,14.0,2.0,1.0,4.0
24,u8,7.0,7.0,0.0,6.0,0.0
24,u8,12.0,3.0,0.0,3.0,1.0
24,u8,17.0,49.0,0.0,6.0,0.0
24,u8,22.0,25.0,0.0,21.0,3.0
24,u8,27.0,207.0,20.0,14.0,6.0
24,u8,32.0,31.0,3.0,15.0,1.0
24,u8,37.0,38.0,6.0,20.0,10.0
24,u8,42.0,12.0,1.0,2.0,8.0
24,u8,47.0,12.0,2.0,6.0,0.0
24,u8,52.0,5.0,1.0,2.0,0.0
25,u1,7.0,1.0,0.0,3.0,0.0
25,u1,12.0,8.0,0.0,0.0,0.0
25,u1,17.0,11.0,0.0,4.0,0.0
25,u1,22.0,71.0,0.0,10.0,0.0
25,u1,27.0,80.0,1.0,13.0,2.0
25,u1,32.0,53.0,15.0,66.0,4.0
25,u1,37.0,22.0,30.0,45.0,19.0
25,u1,42.0,3.0,0.0,21.0,68.0
25,u1,47.0,1.0,2.0,14.0,86.0
25,u1,52.0,0.0,0.0,4.0,2.0
25,u2,7.0,5.0,0.0,0.0,0.0
25,u2,12.0,37.0,0.0,6.0,1.0
25,u2,17.0,22.0,2.0,17.0,1.0
25,u2,22.0,75.0,13.0,23.0,4.0
25,u2,27.0,93.0,28.0,16.0,6.0
25,u2,32.0,34.0,25.0,8.0,5.0
25,u2,37.0,13.0,16.0,2.0,1.0
25,u2,42.0,6.0,4.0,0.0,4.0
25,u2,47.0,0.0,0.0,0.0,0.0
25,u2,52.0,1.0,0.0,0.0,0.0
25,u3,7.0,1.0,0.0,5.0,0.0
25,u3,12.0,1.0,0.0,7.0,0.0
25,u3,17.0,17.0,0.0,8.0,0.0
25,u3,22.0,88.0,2.0,27.0,0.0
25,u3,27.0,76.0,14.0,17.0,9.0
25,u3,32.0,34.0,2.0,8.0,10.0
25,u3,37.0,6.0,18.0,2.0,0.0
25,u3,42.0,17.0,4.0,5.0,0.0
25,u3,47.0,11.0,18.0,4.0,0.0
25,u3,52.0,11.0,0.0,6.0,0.0
25,u4,7.0,3.0,0.0,0.0,0.0
25,u4,12.0,11.0,1.0,3.0,0.0
25,u4,17.0,23.0,0.0,6.0,1.0
25,u4,22.0,13.0,1.0,21.0,2.0
25,u4,27.0,15.0,0.0,15.0,4.0
25,u4,32.0,55.0,19.0,17.0,0.0
25,u4,37.0,89.0,26.0,18.0,6.0
25,u4,42.0,70.0,6.0,10.0,1.0
25,u4,47.0,23.0,1.0,2.0,1.0
25,u4,52.0,7.0,31.0,8.0,5.0
25,u5,7.0,3.0,0.0,1.0,0.0
25,u5,12.0,5.0,0.0,6.0,0.0
25,u5,17.0,16.0,0.0,3.0,0.0
25,u5,22.0,33.0,0.0,10.0,0.0
25,u5,27.0,20.0,0.0,6.0,0.0
25,u5,32.0,34.0,14.0,24.0,1.0
25,u5,37.0,32.0,10.0,12.0,5.0
25,u5,42.0,9.0,0.0,2.0,0.0
25,u5,47.0,21.0,1.0,1.0,7.0
25,u5,52.0,11.0,2.0,3.0,7.0
25,u6,7.0,1.0,0.0,2.0,0.0
25,u6,12.0,18.0,0.0,1.0,0.0
25,u6,17.0,13.0,1.0,2.0,0.0
25,u6,22.0,51.0,0.0,10.0,0.0
25,u6,27.0,67.0,2.0,5.0,0.0
25,u6,32.0,225.0,5.0,12.0,0.0
25,u6,37.0,141.0,62.0,5.0,0.0
25,u6,42.0,92.0,9.0,3.0,0.0
25,u6,47.0,64.0,1.0,0.0,0.0
25,u6,52.0,15.0,22.0,0.0,0.0
25,u7,7.0,8.0,0.0,3.0,0.0
25,u7,12.0,6.0,0.0,2.0,0.0
25,u7,17.0,47.0,0.0,4.0,0.0
25,u7,22.0,63.0,1.0,25.0,0.0
25,u7,27.0,236.0,34.0,12.0,29.0
25,u7,32.0,206.0,7.0,11.0,17.0
25,u7,37.0,16.0,9.0,2.0,2.0
25,u7,42.0,13.0,10.0,4.0,5.0
25,u7,47.0,15.0,5.0,4.0,0.0
25,u7,52.0,12.0,0.0,3.0,2.0
25,u8,7.0,4.0,0.0,1.0,0.0
25,u8,12.0,60.0,0.0,7.0,0.0
25,u8,17.0,79.0,2.0,13.0,0.0
25,u8,22.0,66.0,27.0,28.0,1.0
25,u8,27.0,74.0,80.0,12.0,0.0
25,u8,32.0,10.0,78.0,25.0,6.0
25,u8,37.0,58.0,20.0,0.0,1.0
25,u8,42.0,25.0,5.0,2.0,2.0
25,u8,47.0,9.0,6.0,0.0,1.0
25,u8,52.0,4.0,4.0,0.0,0.0
26,u1,7.0,1.0,0.0,0.0,0.0
26,u1,12.0,4.0,0.0,8.0,0.0
26,u1,17.0,21.0,0.0,2.0,0.0
26,u1,22.0,77.0,0.0,8.0,1.0
26,u1,27.0,29.0,1.0,16.0,0.0
26,u1,32.0,67.0,9.0,23.0,1.0
26,u1,37.0,49.0,11.0,11.0,4.0
26,u1,42.0,22.0,11.0,3.0,24.0
26,u1,47.0,2.0,0.0,5.0,15.0
26,u1,52.0,3.0,1.0,0.0,1.0
26,u2,7.0,7.0,0.0,3.0,0.0
26,u2,12.0,6.0,0.0,3.0,0.0
26,u2,17.0,33.0,0.0,6.0,0.0
26,u2,22.0,42.0,1.0,18.0,1.0
26,u2,27.0,37.0,1.0,2.0,0.0
26,u2,32.0,44.0,0.0,50.0,1.0
26,u2,37.0,32.0,16.0,13.0,9.0
26,u2,42.0,12.0,20.0,2.0,4.0
26,u2,47.0,6.0,1.0,5.0,4.0
26,u2,52.0,2.0,2.0,5.0,1.0
26,u3,7.0,13.0,0.0,0.0,0.0
26,u3,12.0,12.0,0.0,6.0,0.0
26,u3,17.0,23.0,0.0,1.0,0.0
26,u3,22.0,78.0,2.0,11.0,3.0
26,u3,27.0,78.0,2.0,9.0,5.0
26,u3,32.0,88.0,4.0,10.0,1.0
26,u3,37.0,152.0,7.0,9.0,1.0
26,u3,42.0,6.0,2.0,1.0,6.0
26,u3,47.0,14.0,3.0,2.0,0.0
26,u3,52.0,5.0,4.0,0.0,0.0
26,u4,7.0,7.0,0.0,3.0,0.0
26,u4,12.0,9.0,0.0,2.0,0.0
26,u4,17.0,16.0,0.0,7.0,0.0
26,u4,22.0,52.0,1.0,6.0,0.0
26,u4,27.0,66.0,1.0,29.0,0.0
26,u4,32.0,53.0,35.0,18.0,1.0
26,u4,37.0,27.0,9.0,4.0,3.0
26,u4,42.0,27.0,16.0,0.0,10.0
26,u4,47.0,6.0,8.0,2.0,1.0
26,u4,52.0,11.0,2.0,0.0,8.0
26,u5,7.0,4.0,0.0,0.0,0.0
26,u5,12.0,10.0,0.0,3.0,0.0
26,u5,17.0,32.0,0.0,4.0,1.0
26,u5,22.0,57.0,10.0,48.0,4.0
26,u5,27.0,33.0,4.0,15.0,3.0
26,u5,32.0,12.0,1.0,11.0,8.0
26,u5,37.0,2.0,1.0,1.0,30.0
26,u5,42.0,6.0,2.0,1.0,0.0
26,u5,47.0,3.0,1.0,1.0,7.0
26,u5,52.0,4.0,0.0,2.0,0.0
26,u6,7.0,9.0,0.0,1.0,0.0
26,u6,12.0,39.0,2.0,7.0,0.0
26,u6,17.0,33.0,2.0,9.0,0.0
26,u6,22.0,65.0,4.0,18.0,2.0
26,u6,27.0,62.0,5.0,24.0,5.0
26,u6,32.0,16.0,8.0,4.0,7.0
26,u6,37.0,15.0,0.0,2.0,0.0
26,u6,42.0,10.0,3.0,1.0,0.0
26,u6,47.0,2.0,0.0,0.0,0.0
26,u6,52.0,0.0,0.0,0.0,0.0
26,u7,7.0,4.0,0.0,0.0,0.0
26,u7,12.0,9.0,0.0,3.0,0.0
26,u7,17.0,15.0,0.0,5.0,0.0
26,u7,22.0,19.0,8.0,13.0,1.0
26,u7,27.0,24.0,47.0,11.0,1.0
26,u7,32.0,71.0,20.0,4.0,2.0
26,u7,37.0,22.0,23.0,1.0,1.0
26,u7,42.0,28.0,46.0,2.0,3.0
26,u7,47.0,16.0,5.0,0.0,0.0
26,u7,52.0,7.0,2.0,0.0,0.0
26,u8,7.0,2.0,0.0,1.0,0.0
26,u8,12.0,15.0,0.0,7.0,0.0
26,u8,17.0,30.0,1.0,9.0,1.0
26,u8,22.0,72.0,4.0,14.0,1.0
26,u8,27.0,88.0,13.0,47.0,11.0
26,u8,32.0,53.0,96.0,18.0,6.0
26,u8,37.0,7.0,19.0,16.0,32.0
26,u8,42.0,9.0,0.0,9.0,25.0
26,u8,47.0,3.0,25.0,3.0,37.0
26,u8,52.0,0.0,3.0,0.0,5.0
27,u1,7.0,5.0,0.0,2.0,0.0
27,u1,12.0,18.0,0.0,8.0,0.0
27,u1,17.0,58.0,0.0,11.0,0.0
27,u1,22.0,65.0,1.0,33.0,2.0
27,u1,27.0,20.0,2.0,18.0,6.0
27,u1,32.0,27.0,33.0,0.0,2.0
27,u1,37.0,44.0,8.0,4.0,2.0
27,u1,42.0,14.0,2.0,3.0,5.0
27,u1,47.0,10.0,1.0,1.0,0.0
27,u1,52.0,7.0,0.0,1.0,0.0
27,u2,7.0,3.0,0.0,1.0,0.0
27,u2,12.0,8.0,0.0,5.0,0.0
27,u2,17.0,17.0,0.0,6.0,0.0
27,u2,22.0,45.0,1.0,7.0,2.0
27,u2,27.0,36.0,0.0,20.0,6.0
27,u2,32.0,35.0,3.0,35.0,7.0
27,u2,37.0,7.0,0.0,17.0,11.0
27,u2,42.0,8.0,17.0,1.0,15.0
27,u2,47.0,8.0,3.0,2.0,1.0
27,u2,52.0,2.0,0.0,2.0,4.0
27,u3,7.0,5.0,0.0,1.0,0.0
27,u3,12.0,9.0,0.0,2.0,0.0
27,u3,17.0,4.0,0.0,2.0,0.0
27,u3,22.0,10.0,1.0,11.0,0.0
27,u3,27.0,88.0,1.0,22.0,5.0
27,u3,32.0,40.0,3.0,6.0,7.0
27,u3,37.0,18.0,1.0,2.0,6.0
27,u3,42.0,19.0,10.0,12.0,9.0
27,u3,47.0,7.0,9.0,4.0,4.0
27,u3,52.0,0.0,4.0,4.0,0.0
27,u4,7.0,4.0,0.0,1.0,0.0
27,u4,12.0,5.0,0.0,3.0,0.0
27,u4,17.0,28.0,0.0,3.0,0.0
27,u4,22.0,18.0,1.0,11.0,0.0
27,u4,27.0,170.0,0.0,10.0,0.0
27,u4,32.0,80.0,53.0,12.0,13.0
27,u4,37.0,27.0,0.0,9.0,8.0
27,u4,42.0,27.0,11.0,5.0,0.0
27,u4,47.0,18.0,1.0,1.0,1.0
27,u4,52.0,1.0,0.0,0.0,0.0
27,u5,7.0,6.0,0.0,4.0,0.0
27,u5,12.0,8.0,0.0,2.0,0.0
27,u5,17.0,18.0,0.0,6.0,0.0
27,u5,22.0,3.0,0.0,5.0,1.0
27,u5,27.0,35.0,3.0,14.0,0.0
27,u5,32.0,66.0,4.0,8.0,0.0
27,u5,37.0,99.0,22.0,17.0,1.0
27,u5,42.0,62.0,3.0,11.0,19.0
27,u5,47.0,86.0,64.0,36.0,14.0
27,u5,52.0,41.0,10.0,15.0,3.0
27,u6,7.0,21.0,0.0,2.0,0.0
27,u6,12.0,13.0,1.0,6.0,0.0
27,u6,17.0,12.0,1.0,13.0,0.0
27,u6,22.0,31.0,1.0,13.0,1.0
27,u6,27.0,24.0,7.0,33.0,6.0
27,u6,32.0,7.0,1.0,30.0,27.0
27,u6,37.0,6.0,2.0,9.0,9.0
27,u6,42.0,10.0,2.0,6.0,4.0
27,u6,47.0,10.0,1.0,15.0,1.0
27,u6,52.0,22.0,0.0,6.0,0.0
27,u7,7.0,1.0,0.0,1.0,0.0
27,u7,12.0,19.0,0.0,3.0,0.0
27,u7,17.0,37.0,1.0,27.0,0.0
27,u7,22.0,97.0,5.0,10.0,5.0
27,u7,27.0,48.0,9.0,42.0,40.0
27,u7,32.0,20.0,40.0,11.0,12.0
27,u7,37.0,16.0,34.0,5.0,5.0
27,u7,42.0,6.0,1.0,1.0,8.0
27,u7,47.0,1.0,2.0,1.0,0.0
27,u7,52.0,1.0,1.0,0.0,0.0
27,u8,7.0,16.0,0.0,2.0,0.0
27,u8,12.0,25.0,0.0,3.0,0.0
27,u8,17.0,74.0,2.0,43.0,2.0
27,u8,22.0,28.0,2.0,76.0,0.0
27,u8,27.0,121.0,3.0,35.0,6.0
27,u8,32.0,3.0,2.0,7.0,21.0
27,u8,37.0,26.0,1.0,17.0,18.0
27,u8,42.0,5.0,6.0,3.0,0.0
27,u8,47.0,3.0,0.0,3.0,0.0
27,u8,52.0,3.0,0.0,1.0,3.0
28,u1,7.0,9.0,0.0,1.0,0.0
28,u1,12.0,7.0,0.0,1.0,0.0
28,u1,17.0,34.0,0.0,6.0,0.0
28,u1,22.0,35.0,4.0,6.0,0.0
28,u1,27.0,67.0,1.0,20.0,0.0
28,u1,32.0,130.0,62.0,20.0,2.0
28,u1,37.0,38.0,20.0,9.0,10.0
28,u1,42.0,22.0,21.0,17.0,2.0
28,u1,47.0,5.0,13.0,3.0,10.0
28,u1,52.0,1.0,4.0,0.0,5.0
28,u2,7.0,1.0,0.0,1.0,0.0
28,u2,12.0,3.0,0.0,1.0,0.0
28,u2,17.0,22.0,0.0,2.0,0.0
28,u2,22.0,18.0,1.0,13.0,0.0
28,u2,27.0,35.0,1.0,24.0,0.0
28,u2,32.0,59.0,0.0,23.0,2.0
28,u2,37.0,86.0,2.0,27.0,9.0
28,u2,42.0,87.0,69.0,17.0,15.0
28,u2,47.0,30.0,52.0,2.0,0.0
28,u2,52.0,35.0,0.0,9.0,7.0
28,u3,7.0,4.0,0.0,0.0,1.0
28,u3,12.0,2.0,0.0,2.0,0.0
28,u3,17.0,12.0,0.0,7.0,0.0
28,u3,22.0,23.0,0.0,2.0,0.0
28,u3,27.0,70.0,2.0,11.0,0.0
28,u3,32.0,73.0,1.0,37.0,6.0
28,u3,37.0,63.0,12.0,7.0,10.0
28,u3,42.0,57.0,60.0,9.0,7.0
28,u3,47.0,44.0,32.0,19.0,0.0
28,u3,52.0,37.0,6.0,9.0,1.0
28,u4,7.0,1.0,0.0,1.0,0.0
28,u4,12.0,12.0,0.0,4.0,0.0
28,u4,17.0,37.0,2.0,3.0,0.0
28,u4,22.0,18.0,5.0,6.0,2.0
28,u4,27.0,10.0,0.0,4.0,3.0
28,u4,32.0,25.0,0.0,6.0,2.0
28,u4,37.0,2.0,4.0,0.0,1.0
28,u4,42.0,0.0,0.0,0.0,1.0
28,u4,47.0,1.0,0.0,0.0,0.0
28,u4,52.0,2.0,1.0,0.0,0.0
28,u5,7.0,3.0,0.0,3.0,0.0
28,u5,12.0,2.0,0.0,0.0,0.0
28,u5,17.0,10.0,0.0,13.0,1.0
28,u5,22.0,21.0,0.0,15.0,0.0
28,u5,27.0,31.0,0.0,7.0,0.0
28,u5,32.0,58.0,4.0,20.0,1.0
28,u5,37.0,126.0,56.0,14.0,4.0
28,u5,42.0,77.0,24.0,38.0,3.0
28,u5,47.0,15.0,2.0,3.0,16.0
28,u5,52.0,0.0,3.0,6.0,8.0
28,u6,7.0,3.0,0.0,1.0,0.0
28,u6,12.0,5.0,0.0,2.0,1.0
28,u6,17.0,5.0,0.0,1.0,1.0
28,u6,22.0,20.0,1.0,11.0,2.0
28,u6,27.0,42.0,6.0,6.0,4.0
28,u6,32.0,40.0,6.0,9.0,0.0
28,u6,37.0,51.0,9.0,5.0,5.0
28,u6,42.0,4.0,17.0,5.0,0.0
28,u6,47.0,4.0,0.0,4.0,1.0
28,u6,52.0,3.0,0.0,5.0,0.0
28,u7,7.0,6.0,0.0,2.0,0.0
28,u7,12.0,15.0,0.0,2.0,0.0
28,u7,17.0,42.0,2.0,8.0,0.0
28,u7,22.0,39.0,0.0,14.0,1.0
28,u7,27.0,196.0,9.0,31.0,2.0
28,u7,32.0,183.0,2.0,24.0,22.0
28,u7,37.0,33.0,14.0,6.0,8.0
28,u7,42.0,25.0,2.0,5.0,1.0
28,u7,47.0,22.0,3.0,4.0,7.0
28,u7,52.0,33.0,2.0,0.0,0.0
28,u8,7.0,11.0,0.0,0.0,0.0
28,u8,12.0,8.0,0.0,6.0,0.0
28,u8,17.0,24.0,0.0,7.0,0.0
28,u8,22.0,33.0,1.0,25.0,0.0
28,u8,27.0,97.0,2.0,22.0,5.0
28,u8,32.0,47.0,33.0,43.0,15.0
28,u8,37.0,7.0,5.0,13.0,5.0
28,u8,42.0,3.0,0.0,0.0,1.0
28,u8,47.0,0.0,1.0,0.0,0.0
28,u8,52.0,0.0,1.0,0.0,4.0
29,u1,7.0,6.0,0.0,2.0,0.0
29,u1,12.0,26.0,1.0,4.0,0.0
29,u1,17.0,14.0,0.0,9.0,0.0
29,u1,22.0,123.0,1.0,3.0,0.0
29,u1,27.0,31.0,50.0,4.0,1.0
29,u1,32.0,78.0,27.0,3.0,2.0
29,u1,37.0,42.0,36.0,2.0,2.0
29,u1,42.0,11.0,41.0,0.0,0.0
29,u1,47.0,55.0,1.0,2.0,1.0
29,u1,52.0,8.0,7.0,0.0,0.0
29,u2,7.0,7.0,1.0,0.0,0.0
29,u2,12.0,37.0,0.0,3.0,0.0
29,u2,17.0,44.0,0.0,14.0,0.0
29,u2,22.0,51.0,3.0,35.0,0.0
29,u2,27.0,22.0,9.0,16.0,11.0
29,u2,32.0,4.0,33.0,7.0,13.0
29,u2,37.0,6.0,0.0,4.0,5.0
29,u2,42.0,0.0,2.0,0.0,0.0
29,u2,47.0,1.0,0.0,0.0,2.0
29,u2,52.0,0.0,0.0,3.0,0.0
29,u3,7.0,12.0,0.0,1.0,0.0
29,u3,12.0,2.0,0.0,1.0,0.0
29,u3,17.0,65.0,0.0,16.0,1.0
29,u3,22.0,114.0,4.0,11.0,0.0
29,u3,27.0,52.0,1.0,22.0,4.0
29,u3,32.0,48.0,5.0,6.0,20.0
29,u3,37.0,20.0,22.0,9.0,2.0
29,u3,42.0,13.0,1.0,10.0,15.0
29,u3,47.0,12.0,8.0,14.0,1.0
29,u3,52.0,7.0,17.0,0.0,0.0
29,u4,7.0,1.0,0.0,1.0,0.0
29,u4,12.0,9.0,0.0,3.0,0.0
29,u4,17.0,10.0,0.0,12.0,0.0
29,u4,22.0,33.0,0.0,27.0,0.0
29,u4,27.0,33.0,0.0,20.0,0.0
29,u4,32.0,29.0,0.0,38.0,0.0
29,u4,37.0,32.0,8.0,49.0,9.0
29,u4,42.0,84.0,10.0,23.0,2.0
29,u4,47.0,18.0,8.0,32.0,9.0
29,u4,52.0,7.0,7.0,5.0,7.0
29,u5,7.0,2.0,1.0,0.0,0.0
29,u5,12.0,4.0,0.0,8.0,0.0
29,u5,17.0,23.0,2.0,15.0,2.0
29,u5,22.0,83.0,5.0,23.0,4.0
29,u5,27.0,31.0,35.0,5.0,6.0
29,u5,32.0,9.0,2.0,7.0,4.0
29,u5,37.0,3.0,0.0,4.0,0.0
29,u5,42.0,2.0,5.0,4.0,1.0
29,u5,47.0,7.0,0.0,0.0,0.0
29,u5,52.0,8.0,0.0,2.0,1.0
29,u6,7.0,9.0,0.0,0.0,0.0
29,u6,12.0,15.0,1.0,12.0,0.0
29,u6,17.0,15.0,1.0,19.0,0.0
29,u6,22.0,61.0,0.0,17.0,12.0
29,u6,27.0,44.0,22.0,17.0,21.0
29,u6,32.0,9.0,10.0,14.0,28.0
29,u6,37.0,16.0,3.0,2.0,3.0
29,u6,42.0,6.0,1.0,1.0,0.0
29,u6,47.0,1.0,1.0,0.0,3.0
29,u6,52.0,0.0,0.0,0.0,1.0
29,u7,7.0,6.0,0.0,2.0,0.0
29,u7,12.0,8.0,0.0,1.0,0.0
29,u7,17.0,5.0,0.0,7.0,0.0
29,u7,22.0,26.0,0.0,11.0,0.0
29,u7,27.0,22.0,7.0,10.0,2.0
29,u7,32.0,14.0,7.0,5.0,1.0
29,u7,37.0,1.0,3.0,6.0,6.0
29,u7,42.0,5.0,0.0,5.0,2.0
29,u7,47.0,7.0,2.0,10.0,1.0
29,u7,52.0,11.0,0.0,2.0,0.0
29,u8,7.0,0.0,0.0,1.0,0.0
29,u8,12.0,11.0,0.0,10.0,0.0
29,u8,17.0,11.0,0.0,5.0,0.0
29,u8,22.0,43.0,0.0,28.0,1.0
29,u8,27.0,29.0,1.0,15.0,0.0
29,u8,32.0,11.0,14.0,13.0,30.0
29,u8,37.0,3.0,6.0,10.0,19.0
29,u8,42.0,1.0,0.0,3.0,4.0
29,u8,47.0,2.0,0.0,0.0,6.0
29,u8,52.0,0.0,1.0,0.0,0.0
30,u1,7.0,2.0,0.0,6.0,0.0
30,u1,12.0,9.0,0.0,17.0,0.0
30,u1,17.0,11.0,0.0,28.0,0.0
30,u1,22.0,68.0,5.0,22.0,3.0
30,u1,27.0,29.0,7.0,28.0,22.0
30,u1,32.0,41.0,62.0,10.0,15.0
30,u1,37.0,24.0,10.0,2.0,5.0
30,u1,42.0,10.0,13.0,2.0,2.0
30,u1,47.0,6.0,3.0,2.0,1.0
30,u1,52.0,28.0,5.0,3.0,1.0
30,u2,7.0,12.0,0.0,3.0,0.0
30,u2,12.0,3.0,1.0,5.0,0.0
30,u2,17.0,50.0,0.0,8.0,0.0
30,u2,22.0,16.0,3.0,39.0,1.0
30,u2,27.0,91.0,11.0,34.0,5.0
30,u2,32.0,53.0,3.0,15.0,1.0
30,u2,37.0,22.0,1.0,11.0,13.0
30,u2,42.0,11.0,6.0,5.0,16.0
30,u2,47.0,14.0,8.0,10.0,1.0
30,u2,52.0,3.0,0.0,0.0,2.0
30,u3,7.0,4.0,0.0,0.0,0.0
30,u3,12.0,8.0,0.0,4.0,0.0
30,u3,17.0,15.0,0.0,11.0,0.0
30,u3,22.0,8.0,0.0,6.0,2.0
30,u3,27.0,51.0,0.0,17.0,0.0
30,u3,32.0,11.0,2.0,33.0,1.0
30,u3,37.0,20.0,4.0,23.0,10.0
30,u3,42.0,40.0,4.0,5.0,7.0
30,u3,47.0,4.0,4.0,1.0,2.0
30,u3,52.0,8.0,6.0,0.0,2.0
30,u4,7.0,5.0,0.0,0.0,0.0
30,u4,12.0,14.0,0.0,4.0,0.0
30,u4,17.0,49.0,0.0,6.0,0.0
30,u4,22.0,53.0,0.0,40.0,0.0
30,u4,27.0,35.0,1.0,52.0,7.0
30,u4,32.0,10.0,35.0,26.0,42.0
30,u4,37.0,6.0,0.0,0.0,18.0
30,u4,42.0,18.0,8.0,2.0,2.0
30,u4,47.0,39.0,16.0,6.0,0.0
30,u4,52.0,19.0,15.0,1.0,6.0
30,u5,7.0,3.0,0.0,0.0,0.0
30,u5,12.0,13.0,0.0,3.0,0.0
30,u5,17.0,10.0,2.0,7.0,0.0
30,u5,22.0,4.0,2.0,8.0,0.0
30,u5,27.0,45.0,0.0,6.0,0.0
30,u5,32.0,69.0,22.0,7.0,1.0
30,u5,37.0,31.0,0.0,3.0,0.0
30,u5,42.0,5.0,22.0,0.0,5.0
30,u5,47.0,1.0,17.0,1.0,0.0
30,u5,52.0,7.0,1.0,1.0,0.0
30,u6,7.0,2.0,0.0,1.0,0.0
30,u6,12.0,25.0,0.0,1.0,0.0
30,u6,17.0,21.0,0.0,7.0,0.0
30,u6,22.0,61.0,0.0,13.0,0.0
30,u6,27.0,75.0,0.0,29.0,5.0
30,u6,32.0,84.0,30.0,8.0,13.0
30,u6,37.0,62.0,34.0,11.0,1.0
30,u6,42.0,12.0,48.0,6.0,1.0
30,u6,47.0,25.0,27.0,1.0,1.0
30,u6,52.0,25.0,6.0,3.0,1.0
30,u7,7.0,6.0,0.0,1.0,0.0
30,u7,12.0,9.0,1.0,2.0,0.0
30,u7,17.0,37.0,1.0,13.0,0.0
30,u7,22.0,62.0,0.0,23.0,0.0
30,u7,27.0,105.0,1.0,17.0,3.0
30,u7,32.0,38.0,14.0,54.0,25.0
30,u7,37.0,9.0,4.0,12.0,27.0
30,u7,42.0,1.0,5.0,29.0,24.0
30,u7,47.0,0.0,0.0,1.0,16.0
30,u7,52.0,0.0,0.0,1.0,7.0
30,u8,7.0,1.0,0.0,2.0,0.0
30,u8,12.0,6.0,0.0,1.0,0.0
30,u8,17.0,28.0,2.0,2.0,0.0
30,u8,22.0,29.0,6.0,33.0,3.0
30,u8,27.0,84.0,10.0,19.0,5.0
30,u8,32.0,19.0,82.0,24.0,38.0
30,u8,37.0,29.0,4.0,11.0,8.0
30,u8,42.0,8.0,2.0,12.0,18.0
30,u8,47.0,1.0,0.0,8.0,5.0
30,u8,52.0,0.0,6.0,15.0,4.0
31,u1,7.0,5.0,0.0,4.0,0.0
31,u1,12.0,9.0,0.0,6.0,0.0
31,u1,17.0,16.0,0.0,3.0,1.0
31,u1,22.0,6.0,2.0,6.0,0.0
31,u1,27.0,11.0,5.0,18.0,0.0
31,u1,32.0,32.0,0.0,14.0,2.0
31,u1,37.0,36.0,7.0,13.0,0.0
31,u1,42.0,10.0,0.0,8.0,8.0
31,u1,47.0,11.0,2.0,2.0,1.0
31,u1,52.0,10.0,3.0,3.0,0.0
31,u2,7.0,12.0,0.0,1.0,0.0
31,u2,12.0,7.0,0.0,2.0,0.0
31,u2,17.0,9.0,0.0,1.0,0.0
31,u2,22.0,9.0,1.0,11.0,0.0
31,u2,27.0,47.0,1.0,11.0,1.0
31,u2,32.0,45.0,7.0,6.0,0.0
31,u2,37.0,62.0,27.0,5.0,0.0
31,u2,42.0,34.0,14.0,2.0,3.0
31,u2,47.0,73.0,14.0,6.0,8.0
31,u2,52.0,61.0,9.0,3.0,0.0
31,u3,7.0,7.0,0.0,2.0,0.0
31,u3,12.0,11.0,0.0,1.0,1.0
31,u3,17.0,7.0,0.0,3.0,0.0
31,u3,22.0,50.0,1.0,8.0,0.0
31,u3,27.0,48.0,7.0,16.0,0.0
31,u3,32.0,32.0,13.0,26.0,2.0
31,u3,37.0,22.0,0.0,12.0,3.0
31,u3,42.0,37.0,29.0,4.0,2.0
31,u3,47.0,62.0,34.0,8.0,3.0
31,u3,52.0,59.0,6.0,3.0,0.0
31,u4,7.0,8.0,0.0,1.0,0.0
31,u4,12.0,21.0,0.0,2.0,0.0
31,u4,17.0,12.0,0.0,24.0,0.0
31,u4,22.0,123.0,0.0,19.0,1.0
31,u4,27.0,149.0,5.0,26.0,2.0
31,u4,32.0,34.0,9.0,54.0,36.0
31,u4,37.0,13.0,17.0,20.0,47.0
31,u4,42.0,7.0,14.0,7.0,15.0
31,u4,47.0,5.0,5.0,4.0,10.0
31,u4,52.0,0.0,0.0,0.0,20.0
31,u5,7.0,7.0,0.0,0.0,0.0
31,u5,12.0,9.0,1.0,14.0,0.0
31,u5,17.0,35.0,0.0,6.0,0.0
31,u5,22.0,44.0,0.0,50.0,1.0
31,u5,27.0,132.0,2.0,89.0,0.0
31,u5,32.0,35.0,7.0,46.0,1.0
31,u5,37.0,5.0,87.0,14.0,10.0
31,u5,42.0,5.0,8.0,6.0,7.0
31,u5,47.0,5.0,1.0,1.0,0.0
31,u5,52.0,4.0,0.0,0.0,1.0
31,u6,7.0,8.0,0.0,0.0,0.0
31,u6,12.0,33.0,0.0,2.0,0.0
31,u6,17.0,28.0,3.0,14.0,0.0
31,u6,22.0,70.0,10.0,11.0,7.0
31,u6,27.0,29.0,0.0,2.0,3.0
31,u6,32.0,6.0,0.0,4.0,0.0
31,u6,37.0,2.0,4.0,3.0,3.0
31,u6,42.0,0.0,4.0,1.0,2.0
31,u6,47.0,1.0,1.0,0.0,0.0
31,u6,52.0,0.0,0.0,0.0,0.0
31,u7,7.0,4.0,0.0,2.0,0.0
31,u7,12.0,17.0,0.0,1.0,0.0
31,u7,17.0,3.0,0.0,19.0,0.0
31,u7,22.0,68.0,0.0,15.0,0.0
31,u7,27.0,45.0,10.0,20.0,2.0
31,u7,32.0,43.0,7.0,26.0,4.0
31,u7,37.0,14.0,8.0,17.0,2.0
31,u7,42.0,11.0,1.0,9.0,6.0
31,u7,47.0,16.0,5.0,11.0,1.0
31,u7,52.0,3.0,0.0,7.0,0.0
31,u8,7.0,3.0,0.0,0.0,0.0
31,u8,12.0,14.0,0.0,7.0,0.0
31,u8,17.0,46.0,0.0,17.0,0.0
31,u8,22.0,91.0,0.0,13.0,1.0
31,u8,27.0,113.0,5.0,16.0,7.0
31,u8,32.0,22.0,1.0,20.0,10.0
31,u8,37.0,12.0,10.0,4.0,1.0
31,u8,42.0,11.0,0.0,7.0,2.0
31,u8,47.0,4.0,1.0,5.0,2.0
31,u8,52.0,8.0,2.0,9.0,4.0
32,u1,7.0,3.0,0.0,3.0,0.0
32,u1,12.0,17.0,1.0,4.0,0.0
32,u1,17.0,34.0,0.0,14.0,0.0
32,u1,22.0,128.0,2.0,7.0,3.0
32,u1,27.0,55.0,2.0,9.0,1.0
32,u1,32.0,5.0,21.0,1.0,14.0
32,u1,37.0,4.0,2.0,2.0,1.0
32,u1,42.0,6.0,1.0,2.0,1.0
32,u1,47.0,15.0,0.0,1.0,0.0
32,u1,52.0,23.0,4.0,2.0,0.0
32,u2,7.0,2.0,0.0,1.0,0.0
32,u2,12.0,6.0,0.0,6.0,0.0
32,u2,17.0,12.0,0.0,4.0,0.0
32,u2,22.0,24.0,0.0,3.0,0.0
32,u2,27.0,34.0,0.0,15.0,2.0
32,u2,32.0,35.0,5.0,11.0,5.0
32,u2,37.0,32.0,4.0,14.0,6.0
32,u2,42.0,6.0,4.0,26.0,43.0
32,u2,47.0,8.0,0.0,14.0,5.0
32,u2,52.0,4.0,0.0,13.0,2.0
32,u3,7.0,4.0,0.0,4.0,0.0
32,u3,12.0,22.0,0.0,17.0,1.0
32,u3,17.0,217.0,22.0,39.0,1.0
32,u3,22.0,225.0,45.0,48.0,28.0
32,u3,27.0,182.0,2.0,41.0,3.0
32,u3,32.0,11.0,45.0,30.0,34.0
32,u3,37.0,13.0,1.0,10.0,33.0
32,u3,42.0,24.0,3.0,4.0,16.0
32,u3,47.0,9.0,6.0,4.0,20.0
32,u3,52.0,3.0,0.0,10.0,14.0
32,u4,7.0,3.0,0.0,2.0,0.0
32,u4,12.0,3.0,0.0,4.0,0.0
32,u4,17.0,19.0,0.0,3.0,0.0
32,u4,22.0,43.0,0.0,17.0,0.0
32,u4,27.0,83.0,41.0,20.0,1.0
32,u4,32.0,16.0,3.0,39.0,0.0
32,u4,37.0,23.0,5.0,7.0,7.0
32,u4,42.0,9.0,5.0,7.0,2.0
32,u4,47.0,3.0,1.0,5.0,0.0
32,u4,52.0,6.0,1.0,4.0,0.0
32,u5,7.0,2.0,0.0,0.0,0.0
32,u5,12.0,36.0,0.0,4.0,0.0
32,u5,17.0,47.0,0.0,6.0,0.0
32,u5,22.0,64.0,0.0,10.0,0.0
32,u5,27.0,162.0,64.0,18.0,3.0
32,u5,32.0,106.0,94.0,7.0,11.0
32,u5,37.0,41.0,11.0,7.0,7.0
32,u5,42.0,22.0,21.0,0.0,0.0
32,u5,47.0,13.0,2.0,3.0,0.0
32,u5,52.0,3.0,0.0,1.0,0.0
32,u6,7.0,3.0,0.0,2.0,0.0
32,u6,12.0,11.0,0.0,11.0,0.0
32,u6,17.0,27.0,1.0,11.0,0.0
32,u6,22.0,33.0,1.0,5.0,0.0
32,u6,27.0,77.0,0.0,4.0,1.0
32,u6,32.0,23.0,12.0,6.0,5.0
32,u6,37.0,41.0,11.0,12.0,2.0
32,u6,42.0,8.0,8.0,2.0,4.0
32,u6,47.0,1.0,7.0,0.0,4.0
32,u6,52.0,28.0,4.0,3.0,1.0
32,u7,7.0,5.0,0.0,0.0,0.0
32,u7,12.0,14.0,0.0,5.0,0.0
32,u7,17.0,2.0,0.0,6.0,0.0
32,u7,22.0,11.0,0.0,26.0,0.0
32,u7,27.0,34.0,1.0,46.0,1.0
32,u7,32.0,99.0,0.0,11.0,2.0
32,u7,37.0,50.0,35.0,27.0,17.0
32,u7,42.0,6.0,0.0,6.0,4.0
32,u7,47.0,9.0,1.0,7.0,8.0
32,u7,52.0,5.0,1.0,2.0,7.0
32,u8,7.0,5.0,0.0,0.0,0.0
32,u8,12.0,8.0,0.0,0.0,0.0
32,u8,17.0,20.0,0.0,4.0,0.0
32,u8,22.0,13.0,1.0,7.0,1.0
32,u8,27.0,36.0,0.0,7.0,0.0
32,u8,32.0,36.0,18.0,12.0,4.0
32,u8,37.0,6.0,8.0,8.0,1.0
32,u8,42.0,7.0,26.0,2.0,0.0
32,u8,47.0,18.0,4.0,4.0,1.0
32,u8,52.0,4.0,1.0,2.0,0.0
33,u1,7.0,1.0,0.0,1.0,0.0
33,u1,12.0,3.0,0.0,9.0,0.0
33,u1,17.0,17.0,1.0,9.0,0.0
33,u1,22.0,15.0,7.0,4.0,8.0
33,u1,27.0,17.0,1.0,16.0,3.0
33,u1,32.0,13.0,0.0,1.0,2.0
33,u1,37.0,0.0,1.0,2.0,4.0
33,u1,42.0,1.0,0.0,2.0,3.0
33,u1,47.0,2.0,4.0,4.0,1.0
33,u1,52.0,9.0,0.0,3.0,0.0
33,u2,7.0,1.0,0.0,0.0,0.0
33,u2,12.0,25.0,0.0,4.0,0.0
33,u2,17.0,82.0,0.0,8.0,1.0
33,u2,22.0,144.0,6.0,63.0,4.0
33,u2,27.0,69.0,0.0,36.0,15.0
33,u2,32.0,28.0,16.0,20.0,59.0
33,u2,37.0,7.0,3.0,4.0,0.0
33,u2,42.0,3.0,0.0,0.0,0.0
33,u2,47.0,12.0,0.0,1.0,5.0
33,u2,52.0,6.0,3.0,0.0,1.0
33,u3,7.0,10.0,0.0,1.0,0.0
33,u3,12.0,31.0,0.0,5.0,0.0
33,u3,17.0,10.0,1.0,10.0,0.0
33,u3,22.0,45.0,5.0,17.0,1.0
33,u3,27.0,19.0,0.0,10.0,9.0
33,u3,32.0,5.0,0.0,2.0,2.0
33,u3,37.0,8.0,12.0,7.0,11.0
33,u3,42.0,12.0,8.0,2.0,2.0
33,u3,47.0,7.0,2.0,4.0,0.0
33,u3,52.0,5.0,1.0,0.0,2.0
33,u4,7.0,9.0,0.0,1.0,0.0
33,u4,12.0,16.0,0.0,1.0,0.0
33,u4,17.0,37.0,0.0,19.0,0.0
33,u4,22.0,190.0,7.0,19.0,2.0
33,u4,27.0,116.0,21.0,27.0,0.0
33,u4,32.0,87.0,62.0,6.0,1.0
33,u4,37.0,18.0,11.0,11.0,3.0
33,u4,42.0,23.0,27.0,2.0,0.0
33,u4,47.0,5.0,7.0,0.0,0.0
33,u4,52.0,4.0,2.0,0.0,0.0
33,u5,7.0,1.0,0.0,2.0,0.0
33,u5,12.0,12.0,0.0,2.0,0.0
33,u5,17.0,33.0,0.0,15.0,0.0
33,u5,22.0,145.0,11.0,43.0,0.0
33,u5,27.0,72.0,2.0,32.0,3.0
33,u5,32.0,63.0,49.0,6.0,8.0
33,u5,37.0,34.0,15.0,3.0,4.0
33,u5,42.0,42.0,1.0,0.0,1.0
33,u5,47.0,30.0,22.0,0.0,1.0
33,u5,52.0,3.0,2.0,0.0,1.0
33,u6,7.0,3.0,0.0,6.0,0.0
33,u6,12.0,11.0,1.0,13.0,0.0
33,u6,17.0,75.0,2.0,11.0,2.0
33,u6,22.0,81.0,2.0,19.0,10.0
33,u6,27.0,20.0,23.0,30.0,11.0
33,u6,32.0,6.0,12.0,9.0,17.0
33,u6,37.0,12.0,19.0,4.0,0.0
33,u6,42.0,22.0,0.0,1.0,3.0
33,u6,47.0,19.0,0.0,7.0,0.0
33,u6,52.0,7.0,9.0,4.0,2.0
33,u7,7.0,10.0,0.0,0.0,0.0
33,u7,12.0,15.0,0.0,5.0,0.0
33,u7,17.0,15.0,0.0,8.0,0.0
33,u7,22.0,27.0,0.0,12.0,1.0
33,u7,27.0,53.0,2.0,7.0,0.0
33,u7,32.0,35.0,2.0,18.0,0.0
33,u7,37.0,43.0,0.0,27.0,0.0
33,u7,42.0,22.0,11.0,31.0,0.0
33,u7,47.0,3.0,16.0,4.0,2.0
33,u7,52.0,7.0,3.0,0.0,3.0
33,u8,7.0,3.0,0.0,1.0,0.0
33,u8,12.0,35.0,0.0,7.0,0.0
33,u8,17.0,25.0,2.0,14.0,0.0
33,u8,22.0,57.0,5.0,23.0,0.0
33,u8,27.0,79.0,6.0,81.0,12.0
33,u8,32.0,68.0,2.0,32.0,24.0
33,u8,37.0,41.0,0.0,9.0,8.0
33,u8,42.0,12.0,14.0,2.0,1.0
33,u8,47.0,6.0,1.0,1.0,7.0
33,u8,52.0,7.0,0.0,0.0,0.0
34,u1,7.0,3.0,0.0,0.0,0.0
34,u1,12.0,9.0,0.0,3.0,0.0
34,u1,17.0,32.0,0.0,17.0,1.0
34,u1,22.0,49.0,11.0,31.0,0.0
34,u1,27.0,169.0,4.0,2.0,2.0
34,u1,32.0,55.0,3.0,24.0,1.0
34,u1,37.0,41.0,9.0,9.0,2.0
34,u1,42.0,9.0,0.0,3.0,3.0
34,u1,47.0,10.0,2.0,0.0,4.0
34,u1,52.0,26.0,0.0,1.0,0.0
34,u2,7.0,2.0,0.0,4.0,0.0
34,u2,12.0,10.0,0.0,4.0,0.0
34,u2,17.0,13.0,0.0,5.0,0.0
34,u2,22.0,59.0,0.0,14.0,0.0
34,u2,27.0,131.0,1.0,9.0,2.0
34,u2,32.0,101.0,1.0,22.0,7.0
34,u2,37.0,65.0,26.0,19.0,4.0
34,u2,42.0,8.0,1.0,4.0,6.0
34,u2,47.0,2.0,2.0,8.0,3.0
34,u2,52.0,2.0,2.0,1.0,0.0
34,u3,7.0,8.0,0.0,0.0,0.0
34,u3,12.0,3.0,0.0,4.0,0.0
34,u3,17.0,22.0,0.0,5.0,0.0
34,u3,22.0,73.0,0.0,14.0,0.0
34,u3,27.0,99.0,0.0,26.0,0.0
34,u3,32.0,139.0,26.0,32.0,2.0
34,u3,37.0,132.0,22.0,19.0,9.0
34,u3,42.0,12.0,24.0,3.0,2.0
34,u3,47.0,17.0,4.0,1.0,1.0
34,u3,52.0,1.0,2.0,0.0,0.0
34,u4,7.0,9.0,0.0,2.0,0.0
34,u4,12.0,19.0,0.0,2.0,0.0
34,u4,17.0,25.0,0.0,7.0,0.0
34,u4,22.0,156.0,0.0,6.0,0.0
34,u4,27.0,148.0,20.0,18.0,5.0
34,u4,32.0,148.0,4.0,4.0,4.0
34,u4,37.0,117.0,0.0,1.0,1.0
34,u4,42.0,76.0,42.0,1.0,1.0
34,u4,47.0,37.0,3.0,1.0,0.0
34,u4,52.0,14.0,1.0,1.0,0.0
34,u5,7.0,4.0,0.0,0.0,0.0
34,u5,12.0,13.0,1.0,4.0,0.0
34,u5,17.0,29.0,0.0,5.0,0.0
34,u5,22.0,19.0,3.0,19.0,3.0
34,u5,27.0,36.0,7.0,47.0,23.0
34,u5,32.0,40.0,11.0,45.0,27.0
34,u5,37.0,6.0,8.0,9.0,36.0
34,u5,42.0,3.0,5.0,10.0,1.0
34,u5,47.0,1.0,1.0,1.0,5.0
34,u5,52.0,0.0,0.0,0.0,3.0
34,u6,7.0,6.0,0.0,0.0,0.0
34,u6,12.0,7.0,0.0,3.0,0.0
34,u6,17.0,8.0,0.0,1.0,0.0
34,u6,22.0,32.0,0.0,5.0,0.0
34,u6,27.0,81.0,0.0,15.0,2.0
34,u6,32.0,99.0,2.0,35.0,5.0
34,u6,37.0,30.0,36.0,33.0,16.0
34,u6,42.0,153.0,24.0,9.0,9.0
34,u6,47.0,68.0,31.0,3.0,1.0
34,u6,52.0,20.0,36.0,2.0,0.0
34,u7,7.0,1.0,0.0,6.0,0.0
34,u7,12.0,54.0,0.0,2.0,0.0
34,u7,17.0,83.0,0.0,26.0,0.0
34,u7,22.0,26.0,0.0,30.0,1.0
34,u7,27.0,80.0,2.0,27.0,13.0
34,u7,32.0,129.0,13.0,9.0,3.0
34,u7,37.0,15.0,23.0,8.0,6.0
34,u7,42.0,22.0,7.0,4.0,6.0
34,u7,47.0,10.0,16.0,0.0,1.0
34,u7,52.0,6.0,3.0,1.0,1.0
34,u8,7.0,9.0,0.0,1.0,0.0
34,u8,12.0,23.0,0.0,1.0,0.0
34,u8,17.0,15.0,0.0,2.0,0.0
34,u8,22.0,43.0,0.0,14.0,0.0
34,u8,27.0,123.0,0.0,88.0,1.0
34,u8,32.0,48.0,11.0,44.0,4.0
34,u8,37.0,21.0,6.0,4.0,10.0
34,u8,42.0,12.0,5.0,11.0,1.0
34,u8,47.0,2.0,0.0,1.0,2.0
34,u8,52.0,2.0,1.0,4.0,0.0
35,u1,7.0,5.0,0.0,3.0,0.0
35,u1,12.0,14.0,0.0,2.0,0.0
35,u1,17.0,23.0,0.0,6.0,0.0
35,u1,22.0,35.0,0.0,4.0,0.0
35,u1,27.0,40.0,0.0,8.0,0.0
35,u1,32.0,23.0,3.0,11.0,0.0
35,u1,37.0,52.0,0.0,3.0,0.0
35,u1,42.0,37.0,2.0,11.0,0.0
35,u1,47.0,12.0,10.0,1.0,1.0
35,u1,52.0,20.0,5.0,4.0,11.0
35,u2,7.0,3.0,0.0,2.0,0.0
35,u2,12.0,10.0,2.0,9.0,0.0
35,u2,17.0,56.0,1.0,42.0,1.0
35,u2,22.0,52.0,2.0,68.0,9.0
35,u2,27.0,77.0,54.0,21.0,6.0
35,u2,32.0,44.0,2.0,15.0,0.0
35,u2,37.0,4.0,4.0,13.0,28.0
35,u2,42.0,8.0,0.0,3.0,26.0
35,u2,47.0,4.0,0.0,1.0,9.0
35,u2,52.0,2.0,1.0,1.0,0.0
35,u3,7.0,4.0,0.0,1.0,0.0
35,u3,12.0,20.0,0.0,5.0,0.0
35,u3,17.0,65.0,0.0,57.0,0.0
35,u3,22.0,144.0,1.0,30.0,5.0
35,u3,27.0,32.0,64.0,36.0,47.0
35,u3,32.0,64.0,3.0,23.0,11.0
35,u3,37.0,3.0,8.0,16.0,19.0
35,u3,42.0,9.0,0.0,8.0,8.0
35,u3,47.0,1.0,0.0,8.0,4.0
35,u3,52.0,1.0,0.0,0.0,0.0
35,u4,7.0,4.0,0.0,0.0,0.0
35,u4,12.0,9.0,0.0,2.0,0.0
35,u4,17.0,29.0,0.0,5.0,1.0
35,u4,22.0,85.0,32.0,5.0,0.0
35,u4,27.0,97.0,28.0,0.0,1.0
35,u4,32.0,84.0,11.0,0.0,1.0
35,u4,37.0,70.0,8.0,2.0,0.0
35,u4,42.0,30.0,22.0,0.0,0.0
35,u4,47.0,53.0,0.0,5.0,0.0
35,u4,52.0,40.0,4.0,1.0,0.0
35,u5,7.0,3.0,1.0,4.0,0.0
35,u5,12.0,9.0,0.0,3.0,0.0
35,u5,17.0,36.0,0.0,0.0,0.0
35,u5,22.0,65.0,0.0,18.0,0.0
35,u5,27.0,50.0,5.0,26.0,3.0
35,u5,32.0,17.0,26.0,5.0,2.0
35,u5,37.0,53.0,8.0,20.0,1.0
35,u5,42.0,40.0,5.0,7.0,8.0
35,u5,47.0,5.0,8.0,4.0,1.0
35,u5,52.0,3.0,0.0,0.0,0.0
35,u6,7.0,6.0,0.0,1.0,0.0
35,u6,12.0,44.0,0.0,7.0,0.0
35,u6,17.0,43.0,0.0,36.0,0.0
35,u6,22.0,104.0,6.0,69.0,2.0
35,u6,27.0,38.0,9.0,18.0,12.0
35,u6,32.0,31.0,0.0,9.0,14.0
35,u6,37.0,22.0,8.0,15.0,10.0
35,u6,42.0,32.0,16.0,6.0,10.0
35,u6,47.0,6.0,2.0,3.0,7.0
35,u6,52.0,7.0,1.0,8.0,1.0
35,u7,7.0,3.0,0.0,1.0,0.0
35,u7,12.0,31.0,0.0,0.0,0.0
35,u7,17.0,36.0,0.0,4.0,0.0
35,u7,22.0,90.0,2.0,8.0,2.0
35,u7,27.0,47.0,2.0,31.0,5.0
35,u7,32.0,60.0,2.0,11.0,0.0
35,u7,37.0,64.0,16.0,8.0,1.0
35,u7,42.0,37.0,40.0,1.0,2.0
35,u7,47.0,18.0,2.0,2.0,0.0
35,u7,52.0,7.0,0.0,0.0,1.0
35,u8,7.0,6.0,0.0,0.0,0.0
35,u8,12.0,12.0,0.0,0.0,0.0
35,u8,17.0,12.0,0.0,9.0,0.0
35,u8,22.0,88.0,0.0,19.0,0.0
35,u8,27.0,27.0,23.0,25.0,8.0
35,u8,32.0,24.0,0.0,25.0,34.0
35,u8,37.0,2.0,21.0,63.0,23.0
35,u8,42.0,1.0,12.0,4.0,62.0
35,u8,47.0,8.0,22.0,7.0,7.0
35,u8,52.0,19.0,31.0,5.0,7.0
36,u1,7.0,1.0,0.0,2.0,0.0
36,u1,12.0,4.0,0.0,2.0,0.0
36,u1,17.0,7.0,0.0,0.0,0.0
36,u1,22.0,70.0,0.0,4.0,0.0
36,u1,27.0,69.0,1.0,19.0,0.0
36,u1,32.0,97.0,0.0,11.0,1.0
36,u1,37.0,41.0,29.0,4.0,4.0
36,u1,42.0,42.0,4.0,7.0,2.0
36,u1,47.0,2.0,3.0,3.0,1.0
36,u1,52.0,2.0,6.0,0.0,0.0
36,u2,7.0,4.0,0.0,0.0,0.0
36,u2,12.0,17.0,0.0,2.0,0.0
36,u2,17.0,39.0,0.0,23.0,0.0
36,u2,22.0,128.0,1.0,55.0,6.0
36,u2,27.0,33.0,43.0,18.0,0.0
36,u2,32.0,11.0,28.0,31.0,76.0
36,u2,37.0,9.0,12.0,25.0,11.0
36,u2,42.0,4.0,0.0,16.0,9.0
36,u2,47.0,1.0,0.0,1.0,6.0
36,u2,52.0,0.0,0.0,2.0,5.0
36,u3,7.0,2.0,0.0,0.0,0.0
36,u3,12.0,7.0,0.0,7.0,1.0
36,u3,17.0,12.0,0.0,17.0,1.0
36,u3,22.0,36.0,0.0,44.0,0.0
36,u3,27.0,20.0,0.0,90.0,10.0
36,u3,32.0,19.0,5.0,18.0,34.0
36,u3,37.0,3.0,5.0,4.0,10.0
36,u3,42.0,0.0,1.0,0.0,3.0
36,u3,47.0,0.0,0.0,0.0,3.0
36,u3,52.0,0.0,0.0,0.0,2.0
36,u4,7.0,5.0,0.0,1.0,0.0
36,u4,12.0,7.0,1.0,1.0,0.0
36,u4,17.0,32.0,0.0,11.0,1.0
36,u4,22.0,29.0,0.0,49.0,1.0
36,u4,27.0,60.0,7.0,51.0,2.0
36,u4,32.0,70.0,7.0,38.0,12.0
36,u4,37.0,34.0,9.0,18.0,18.0
36,u4,42.0,20.0,2.0,4.0,12.0
36,u4,47.0,17.0,9.0,1.0,5.0
36,u4,52.0,6.0,1.0,1.0,0.0
36,u5,7.0,7.0,0.0,1.0,0.0
36,u5,12.0,1.0,0.0,2.0,0.0
36,u5,17.0,17.0,0.0,3.0,0.0
36,u5,22.0,30.0,0.0,12.0,0.0
36,u5,27.0,18.0,0.0,11.0,0.0
36,u5,32.0,74.0,2.0,14.0,0.0
36,u5,37.0,59.0,4.0,28.0,2.0
36,u5,42.0,30.0,44.0,11.0,19.0
36,u5,47.0,21.0,2.0,9.0,0.0
36,u5,52.0,7.0,5.0,3.0,2.0
36,u6,7.0,7.0,0.0,3.0,0.0
36,u6,12.0,15.0,0.0,3.0,0.0
36,u6,17.0,7.0,0.0,5.0,0.0
36,u6,22.0,51.0,0.0,20.0,2.0
36,u6,27.0,40.0,1.0,31.0,0.0
36,u6,32.0,59.0,1.0,70.0,38.0
36,u6,37.0,65.0,16.0,26.0,36.0
36,u6,42.0,56.0,2.0,13.0,2.0
36,u6,47.0,22.0,0.0,13.0,7.0
36,u6,52.0,6.0,0.0,3.0,3.0
36,u7,7.0,9.0,0.0,0.0,0.0
36,u7,12.0,5.0,0.0,7.0,0.0
36,u7,17.0,32.0,0.0,1.0,0.0
36,u7,22.0,16.0,9.0,18.0,1.0
36,u7,27.0,15.0,33.0,6.0,0.0
36,u7,32.0,4.0,9.0,9.0,4.0
36,u7,37.0,4.0,1.0,10.0,4.0
36,u7,42.0,4.0,2.0,9.0,7.0
36,u7,47.0,0.0,0.0,0.0,4.0
36,u7,52.0,7.0,3.0,0.0,0.0
36,u8,7.0,4.0,1.0,3.0,0.0
36,u8,12.0,4.0,0.0,1.0,0.0
36,u8,17.0,13.0,0.0,8.0,0.0
36,u8,22.0,52.0,1.0,6.0,0.0
36,u8,27.0,36.0,21.0,7.0,1.0
36,u8,32.0,40.0,12.0,6.0,3.0
36,u8,37.0,9.0,4.0,6.0,0.0
36,u8,42.0,2.0,2.0,6.0,2.0
36,u8,47.0,12.0,2.0,3.0,0.0
36,u8,52.0,6.0,9.0,5.0,3.0
37,u1,7.0,10.0,0.0,1.0,0.0
37,u1,12.0,6.0,0.0,5.0,0.0
37,u1,17.0,29.0,0.0,6.0,0.0
37,u1,22.0,65.0,0.0,2.0,0.0
37,u1,27.0,34.0,6.0,7.0,9.0
37,u1,32.0,46.0,39.0,3.0,0.0
37,u1,37.0,25.0,4.0,2.0,0.0
37,u1,42.0,18.0,7.0,1.0,0.0
37,u1,47.0,9.0,0.0,2.0,0.0
37,u1,52.0,0.0,0.0,0.0,0.0
37,u2,7.0,3.0,0.0,0.0,0.0
37,u2,12.0,2.0,0.0,3.0,0.0
37,u2,17.0,7.0,2.0,2.0,0.0
37,u2,22.0,38.0,0.0,3.0,0.0
37,u2,27.0,43.0,2.0,7.0,0.0
37,u2,32.0,101.0,6.0,10.0,6.0
37,u2,37.0,74.0,12.0,0.0,0.0
37,u2,42.0,36.0,1.0,2.0,1.0
37,u2,47.0,15.0,3.0,1.0,0.0
37,u2,52.0,4.0,1.0,0.0,1.0
37,u3,7.0,16.0,0.0,0.0,0.0
37,u3,12.0,9.0,0.0,0.0,0.0
37,u3,17.0,4.0,0.0,4.0,0.0
37,u3,22.0,30.0,4.0,6.0,0.0
37,u3,27.0,44.0,16.0,3.0,5.0
37,u3,32.0,11.0,0.0,6.0,1.0
37,u3,37.0,12.0,0.0,16.0,5.0
37,u3,42.0,4.0,0.0,16.0,15.0
37,u3,47.0,0.0,0.0,24.0,26.0
37,u3,52.0,1.0,0.0,12.0,21.0
37,u4,7.0,2.0,0.0,2.0,0.0
37,u4,12.0,32.0,0.0,1.0,0.0
37,u4,17.0,41.0,0.0,16.0,0.0
37,u4,22.0,141.0,2.0,11.0,0.0
37,u4,27.0,47.0,5.0,24.0,6.0
37,u4,32.0,147.0,16.0,24.0,21.0
37,u4,37.0,16.0,51.0,25.0,13.0
37,u4,42.0,2.0,11.0,6.0,0.0
37,u4,47.0,1.0,6.0,4.0,0.0
37,u4,52.0,3.0,0.0,0.0,1.0
37,u5,7.0,7.0,1.0,3.0,0.0
37,u5,12.0,40.0,0.0,0.0,0.0
37,u5,17.0,76.0,0.0,12.0,0.0
37,u5,22.0,39.0,15.0,6.0,0.0
37,u5,27.0,111.0,15.0,5.0,1.0
37,u5,32.0,36.0,12.0,14.0,1.0
37,u5,37.0,8.0,2.0,2.0,3.0
37,u5,42.0,5.0,5.0,1.0,0.0
37,u5,47.0,7.0,0.0,1.0,1.0
37,u5,52.0,7.0,0.0,1.0,0.0
37,u6,7.0,3.0,0.0,0.0,0.0
37,u6,12.0,6.0,0.0,6.0,0.0
37,u6,17.0,10.0,0.0,11.0,0.0
37,u6,22.0,37.0,0.0,24.0,0.0
37,u6,27.0,141.0,5.0,13.0,3.0
37,u6,32.0,83.0,45.0,12.0,7.0
37,u6,37.0,44.0,42.0,1.0,6.0
37,u6,42.0,15.0,6.0,3.0,1.0
37,u6,47.0,17.0,5.0,0.0,0.0
37,u6,52.0,14.0,0.0,2.0,0.0
37,u7,7.0,0.0,0.0,2.0,0.0
37,u7,12.0,10.0,1.0,2.0,0.0
37,u7,17.0,24.0,0.0,17.0,2.0
37,u7,22.0,54.0,1.0,34.0,5.0
37,u7,27.0,148.0,3.0,17.0,6.0
37,u7,32.0,85.0,17.0,23.0,17.0
37,u7,37.0,1.0,0.0,16.0,19.0
37,u7,42.0,2.0,3.0,2.0,13.0
37,u7,47.0,0.0,0.0,1.0,8.0
37,u7,52.0,1.0,0.0,2.0,2.0
37,u8,7.0,2.0,0.0,1.0,0.0
37,u8,12.0,8.0,0.0,4.0,0.0
37,u8,17.0,19.0,0.0,16.0,0.0
37,u8,22.0,46.0,0.0,7.0,0.0
37,u8,27.0,130.0,0.0,43.0,12.0
37,u8,32.0,99.0,77.0,40.0,10.0
37,u8,37.0,16.0,36.0,22.0,52.0
37,u8,42.0,9.0,5.0,5.0,39.0
37,u8,47.0,0.0,0.0,1.0,3.0
37,u8,52.0,7.0,0.0,1.0,0.0
38,u1,7.0,3.0,0.0,0.0,0.0
38,u1,12.0,12.0,0.0,6.0,0.0
38,u1,17.0,10.0,1.0,9.0,0.0
38,u1,22.0,56.0,1.0,8.0,2.0
38,u1,27.0,55.0,19.0,15.0,1.0
38,u1,32.0,73.0,49.0,23.0,2.0
38,u1,37.0,42.0,5.0,48.0,11.0
38,u1,42.0,4.0,0.0,8.0,6.0
38,u1,47.0,7.0,7.0,4.0,2.0
38,u1,52.0,21.0,13.0,4.0,2.0
38,u2,7.0,2.0,0.0,0.0,0.0
38,u2,12.0,15.0,1.0,4.0,0.0
38,u2,17.0,44.0,0.0,10.0,0.0
38,u2,22.0,68.0,1.0,8.0,0.0
38,u2,27.0,85.0,3.0,19.0,3.0
38,u2,32.0,52.0,3.0,24.0,26.0
38,u2,37.0,8.0,48.0,20.0,16.0
38,u2,42.0,4.0,27.0,0.0,3.0
38,u2,47.0,4.0,4.0,0.0,2.0
38,u2,52.0,0.0,0.0,1.0,2.0
38,u3,7.0,8.0,0.0,0.0,0.0
38,u3,12.0,9.0,0.0,2.0,0.0
38,u3,17.0,28.0,0.0,2.0,0.0
38,u3,22.0,44.0,0.0,5.0,0.0
38,u3,27.0,64.0,3.0,12.0,0.0
38,u3,32.0,109.0,37.0,10.0,0.0
38,u3,37.0,40.0,12.0,12.0,4.0
38,u3,42.0,17.0,8.0,5.0,10.0
38,u3,47.0,7.0,4.0,5.0,0.0
38,u3,52.0,6.0,3.0,5.0,4.0
38,u4,7.0,6.0,0.0,2.0,0.0
38,u4,12.0,14.0,0.0,5.0,0.0
38,u4,17.0,50.0,3.0,4.0,2.0
38,u4,22.0,48.0,1.0,36.0,11.0
38,u4,27.0,69.0,2.0,19.0,2.0
38,u4,32.0,45.0,39.0,12.0,5.0
38,u4,37.0,49.0,2.0,1.0,0.0
38,u4,42.0,12.0,2.0,2.0,0.0
38,u4,47.0,20.0,2.0,1.0,1.0
38,u4,52.0,39.0,1.0,1.0,0.0
38,u5,7.0,7.0,0.0,5.0,0.0
38,u5,12.0,35.0,0.0,3.0,0.0
38,u5,17.0,88.0,2.0,25.0,1.0
38,u5,22.0,18.0,2.0,49.0,6.0
38,u5,27.0,29.0,0.0,31.0,1.0
38,u5,32.0,2.0,0.0,23.0,40.0
38,u5,37.0,6.0,1.0,3.0,2.0
38,u5,42.0,12.0,1.0,5.0,1.0
38,u5,47.0,8.0,4.0,5.0,0.0
38,u5,52.0,6.0,0.0,5.0,0.0
38,u6,7.0,2.0,0.0,0.0,0.0
38,u6,12.0,21.0,0.0,0.0,0.0
38,u6,17.0,42.0,1.0,11.0,1.0
38,u6,22.0,36.0,0.0,2.0,3.0
38,u6,27.0,13.0,13.0,40.0,7.0
38,u6,32.0,15.0,7.0,11.0,11.0
38,u6,37.0,4.0,1.0,9.0,31.0
38,u6,42.0,5.0,4.0,1.0,8.0
38,u6,47.0,3.0,2.0,5.0,12.0
38,u6,52.0,3.0,1.0,8.0,7.0
38,u7,7.0,9.0,0.0,2.0,0.0
38,u7,12.0,14.0,0.0,10.0,0.0
38,u7,17.0,33.0,0.0,9.0,1.0
38,u7,22.0,62.0,1.0,15.0,1.0
38,u7,27.0,61.0,6.0,17.0,3.0
38,u7,32.0,46.0,6.0,4.0,1.0
38,u7,37.0,15.0,10.0,2.0,2.0
38,u7,42.0,5.0,0.0,1.0,0.0
38,u7,47.0,2.0,3.0,0.0,0.0
38,u7,52.0,4.0,5.0,0.0,0.0
38,u8,7.0,1.0,0.0,2.0,0.0
38,u8,12.0,8.0,0.0,10.0,0.0
38,u8,17.0,52.0,5.0,27.0,1.0
38,u8,22.0,57.0,85.0,14.0,13.0
38,u8,27.0,47.0,6.0,2.0,19.0
38,u8,32.0,90.0,14.0,4.0,5.0
38,u8,37.0,74.0,9.0,7.0,0.0
38,u8,42.0,13.0,7.0,4.0,7.0
38,u8,47.0,10.0,13.0,0.0,4.0
38,u8,52.0,1.0,0.0,0.0,1.0
39,u1,7.0,5.0,0.0,2.0,0.0
39,u1,12.0,11.0,0.0,4.0,0.0
39,u1,17.0,18.0,0.0,3.0,0.0
39,u1,22.0,35.0,3.0,2.0,0.0
39,u1,27.0,107.0,7.0,13.0,13.0
39,u1,32.0,33.0,14.0,10.0,5.0
39,u1,37.0,18.0,29.0,3.0,1.0
39,u1,42.0,1.0,4.0,2.0,0.0
39,u1,47.0,1.0,1.0,0.0,0.0
39,u1,52.0,0.0,0.0,0.0,0.0
39,u2,7.0,4.0,0.0,1.0,0.0
39,u2,12.0,1.0,0.0,13.0,1.0
39,u2,17.0,10.0,6.0,61.0,3.0
39,u2,22.0,51.0,1.0,21.0,5.0
39,u2,27.0,14.0,2.0,23.0,26.0
39,u2,32.0,3.0,11.0,5.0,9.0
39,u2,37.0,7.0,1.0,3.0,6.0
39,u2,42.0,2.0,0.0,3.0,1.0
39,u2,47.0,6.0,0.0,1.0,0.0
39,u2,52.0,5.0,1.0,0.0,0.0
39,u3,7.0,2.0,0.0,1.0,0.0
39,u3,12.0,7.0,0.0,1.0,0.0
39,u3,17.0,26.0,0.0,13.0,0.0
39,u3,22.0,40.0,1.0,6.0,0.0
39,u3,27.0,73.0,1.0,14.0,10.0
39,u3,32.0,36.0,14.0,11.0,33.0
39,u3,37.0,9.0,0.0,0.0,4.0
39,u3,42.0,28.0,0.0,3.0,1.0
39,u3,47.0,9.0,8.0,2.0,0.0
39,u3,52.0,2.0,4.0,1.0,0.0
39,u4,7.0,5.0,0.0,0.0,0.0
39,u4,12.0,10.0,0.0,5.0,0.0
39,u4,17.0,11.0,0.0,2.0,0.0
39,u4,22.0,68.0,0.0,8.0,0.0
39,u4,27.0,96.0,1.0,28.0,0.0
39,u4,32.0,51.0,11.0,6.0,0.0
39,u4,37.0,7.0,17.0,3.0,3.0
39,u4,42.0,32.0,9.0,2.0,7.0
39,u4,47.0,23.0,33.0,0.0,0.0
39,u4,52.0,2.0,9.0,1.0,2.0
39,u5,7.0,4.0,0.0,3.0,0.0
39,u5,12.0,16.0,0.0,7.0,0.0
39,u5,17.0,15.0,0.0,17.0,0.0
39,u5,22.0,57.0,0.0,94.0,2.0
39,u5,27.0,40.0,67.0,48.0,13.0
39,u5,32.0,10.0,21.0,7.0,43.0
39,u5,37.0,15.0,6.0,13.0,4.0
39,u5,42.0,0.0,0.0,14.0,4.0
39,u5,47.0,2.0,0.0,6.0,10.0
39,u5,52.0,0.0,0.0,2.0,3.0
39,u6,7.0,1.0,0.0,0.0,0.0
39,u6,12.0,13.0,0.0,5.0,0.0
39,u6,17.0,34.0,0.0,7.0,0.0
39,u6,22.0,60.0,2.0,42.0,0.0
39,u6,27.0,58.0,0.0,59.0,5.0
39,u6,32.0,7.0,18.0,20.0,10.0
39,u6,37.0,11.0,0.0,5.0,12.0
39,u6,42.0,4.0,0.0,2.0,0.0
39,u6,47.0,0.0,0.0,6.0,0.0
39,u6,52.0,2.0,0.0,2.0,0.0
39,u7,7.0,3.0,0.0,2.0,0.0
39,u7,12.0,17.0,0.0,1.0,2.0
39,u7,17.0,32.0,0.0,10.0,0.0
39,u7,22.0,148.0,0.0,16.0,2.0
39,u7,27.0,17.0,0.0,20.0,6.0
39,u7,32.0,61.0,7.0,2.0,6.0
39,u7,37.0,15.0,25.0,2.0,0.0
39,u7,42.0,16.0,7.0,7.0,3.0
39,u7,47.0,7.0,2.0,5.0,0.0
39,u7,52.0,5.0,2.0,2.0,4.0
39,u8,7.0,1.0,0.0,5.0,0.0
39,u8,12.0,16.0,0.0,1.0,0.0
39,u8,17.0,39.0,0.0,11.0,0.0
39,u8,22.0,73.0,2.0,8.0,0.0
39,u8,27.0,59.0,4.0,18.0,1.0
39,u8,32.0,84.0,7.0,5.0,2.0
39,u8,37.0,47.0,22.0,13.0,0.0
39,u8,42.0,13.0,4.0,11.0,1.0
39,u8,47.0,8.0,0.0,15.0,6.0
39,u8,52.0,14.0,1.0,2.0,5.0
40,u1,7.0,16.0,0.0,1.0,0.0
40,u1,12.0,43.0,0.0,2.0,0.0
40,u1,17.0,58.0,0.0,9.0,0.0
40,u1,22.0,73.0,15.0,22.0,1.0
40,u1,27.0,87.0,18.0,6.0,3.0
40,u1,32.0,14.0,17.0,4.0,1.0
40,u1,37.0,5.0,0.0,1.0,0.0
40,u1,42.0,13.0,11.0,1.0,0.0
40,u1,47.0,11.0,4.0,4.0,0.0
40,u1,52.0,13.0,0.0,1.0,0.0
40,u2,7.0,1.0,0.0,1.0,0.0
40,u2,12.0,12.0,0.0,1.0,0.0
40,u2,17.0,13.0,0.0,13.0,0.0
40,u2,22.0,66.0,0.0,39.0,0.0
40,u2,27.0,40.0,0.0,61.0,2.0
40,u2,32.0,31.0,17.0,37.0,1.0
40,u2,37.0,83.0,5.0,23.0,4.0
40,u2,42.0,16.0,19.0,12.0,13.0
40,u2,47.0,3.0,15.0,1.0,1.0
40,u2,52.0,8.0,0.0,1.0,1.0
40,u3,7.0,14.0,0.0,3.0,0.0
40,u3,12.0,12.0,0.0,1.0,0.0
40,u3,17.0,31.0,0.0,12.0,0.0
40,u3,22.0,19.0,0.0,8.0,1.0
40,u3,27.0,51.0,27.0,9.0,3.0
40,u3,32.0,13.0,21.0,16.0,1.0
40,u3,37.0,0.0,11.0,2.0,9.0
40,u3,42.0,0.0,0.0,0.0,11.0
40,u3,47.0,0.0,0.0,0.0,1.0
40,u3,52.0,1.0,0.0,0.0,2.0
40,u4,7.0,6.0,0.0,0.0,0.0
40,u4,12.0,3.0,0.0,2.0,0.0
40,u4,17.0,6.0,4.0,2.0,0.0
40,u4,22.0,10.0,0.0,7.0,1.0
40,u4,27.0,48.0,1.0,18.0,1.0
40,u4,32.0,91.0,24.0,13.0,7.0
40,u4,37.0,104.0,11.0,12.0,0.0
40,u4,42.0,88.0,57.0,5.0,9.0
40,u4,47.0,81.0,31.0,2.0,4.0
40,u4,52.0,21.0,12.0,0.0,2.0
40,u5,7.0,4.0,0.0,0.0,0.0
40,u5,12.0,2.0,0.0,4.0,0.0
40,u5,17.0,11.0,0.0,3.0,0.0
40,u5,22.0,8.0,0.0,15.0,0.0
40,u5,27.0,9.0,0.0,42.0,0.0
40,u5,32.0,24.0,0.0,58.0,4.0
40,u5,37.0,9.0,17.0,58.0,12.0
40,u5,42.0,3.0,0.0,10.0,73.0
40,u5,47.0,3.0,3.0,9.0,37.0
40,u5,52.0,0.0,0.0,3.0,4.0
40,u6,7.0,5.0,1.0,2.0,0.0
40,u6,12.0,32.0,0.0,4.0,0.0
40,u6,17.0,58.0,0.0,16.0,0.0
40,u6,22.0,122.0,6.0,42.0,3.0
40,u6,27.0,86.0,0.0,36.0,10.0
40,u6,32.0,27.0,3.0,8.0,7.0
40,u6,37.0,23.0,32.0,6.0,15.0
40,u6,42.0,7.0,3.0,0.0,5.0
40,u6,47.0,3.0,0.0,1.0,1.0
40,u6,52.0,3.0,0.0,2.0,0.0
40,u7,7.0,7.0,0.0,2.0,0.0
40,u7,12.0,8.0,0.0,1.0,0.0
40,u7,17.0,20.0,0.0,9.0,0.0
40,u7,22.0,54.0,1.0,19.0,0.0
40,u7,27.0,117.0,1.0,50.0,0.0
40,u7,32.0,92.0,2.0,6.0,10.0
40,u7,37.0,26.0,23.0,2.0,7.0
40,u7,42.0,27.0,0.0,1.0,0.0
40,u7,47.0,10.0,3.0,3.0,1.0
40,u7,52.0,8.0,3.0,0.0,0.0
40,u8,7.0,5.0,0.0,4.0,0.0
40,u8,12.0,22.0,0.0,1.0,1.0
40,u8,17.0,17.0,0.0,19.0,1.0
40,u8,22.0,61.0,2.0,10.0,0.0
40,u8,27.0,59.0,0.0,7.0,6.0
40,u8,32.0,34.0,17.0,14.0,4.0
40,u8,37.0,60.0,0.0,10.0,6.0
40,u8,42.0,40.0,0.0,11.0,3.0
40,u8,47.0,58.0,3.0,1.0,6.0
40,u8,52.0,27.0,15.0,11.0,0.0
41,u1,7.0,5.0,2.0,2.0,0.0
41,u1,12.0,3.0,0.0,2.0,1.0
41,u1,17.0,28.0,1.0,2.0,0.0
41,u1,22.0,60.0,0.0,18.0,0.0
41,u1,27.0,141.0,2.0,53.0,42.0
41,u1,32.0,41.0,0.0,35.0,7.0
41,u1,37.0,7.0,5.0,3.0,1.0
41,u1,42.0,3.0,0.0,4.0,4.0
41,u1,47.0,3.0,3.0,0.0,1.0
41,u1,52.0,1.0,1.0,0.0,0.0
41,u2,7.0,4.0,0.0,1.0,0.0
41,u2,12.0,6.0,0.0,3.0,0.0
41,u2,17.0,3.0,1.0,1.0,0.0
41,u2,22.0,32.0,0.0,18.0,0.0
41,u2,27.0,54.0,2.0,86.0,2.0
41,u2,32.0,124.0,2.0,37.0,60.0
41,u2,37.0,18.0,4.0,62.0,47.0
41,u2,42.0,5.0,1.0,17.0,21.0
41,u2,47.0,0.0,3.0,8.0,18.0
41,u2,52.0,0.0,0.0,3.0,11.0
41,u3,7.0,12.0,0.0,3.0,0.0
41,u3,12.0,11.0,0.0,0.0,0.0
41,u3,17.0,58.0,0.0,12.0,0.0
41,u3,22.0,91.0,0.0,17.0,0.0
41,u3,27.0,61.0,5.0,32.0,5.0
41,u3,32.0,72.0,0.0,17.0,3.0
41,u3,37.0,17.0,8.0,0.0,11.0
41,u3,42.0,6.0,2.0,3.0,7.0
41,u3,47.0,13.0,0.0,1.0,0.0
41,u3,52.0,2.0,3.0,0.0,0.0
41,u4,7.0,4.0,0.0,7.0,0.0
41,u4,12.0,13.0,0.0,6.0,0.0
41,u4,17.0,14.0,0.0,11.0,0.0
41,u4,22.0,34.0,1.0,20.0,3.0
41,u4,27.0,35.0,4.0,27.0,9.0
41,u4,32.0,22.0,16.0,11.0,12.0
41,u4,37.0,7.0,0.0,6.0,3.0
41,u4,42.0,27.0,16.0,3.0,0.0
41,u4,47.0,10.0,7.0,0.0,1.0
41,u4,52.0,8.0,10.0,0.0,1.0
41,u5,7.0,7.0,0.0,1.0,0.0
41,u5,12.0,0.0,0.0,2.0,0.0
41,u5,17.0,15.0,0.0,4.0,0.0
41,u5,22.0,36.0,0.0,19.0,1.0
41,u5,27.0,43.0,3.0,69.0,3.0
41,u5,32.0,11.0,18.0,34.0,2.0
41,u5,37.0,34.0,9.0,7.0,12.0
41,u5,42.0,21.0,11.0,5.0,7.0
41,u5,47.0,13.0,3.0,0.0,3.0
41,u5,52.0,4.0,1.0,0.0,0.0
41,u6,7.0,4.0,1.0,2.0,0.0
41,u6,12.0,14.0,1.0,6.0,0.0
41,u6,17.0,19.0,0.0,13.0,1.0
41,u6,22.0,9.0,3.0,9.0,5.0
41,u6,27.0,50.0,8.0,1.0,2.0
41,u6,32.0,16.0,0.0,3.0,3.0
41,u6,37.0,1.0,0.0,4.0,3.0
41,u6,42.0,2.0,0.0,5.0,0.0
41,u6,47.0,5.0,4.0,1.0,0.0
41,u6,52.0,1.0,0.0,6.0,0.0
41,u7,7.0,7.0,0.0,1.0,0.0
41,u7,12.0,1.0,0.0,6.0,0.0
41,u7,17.0,63.0,0.0,7.0,0.0
41,u7,22.0,39.0,1.0,5.0,2.0
41,u7,27.0,102.0,19.0,24.0,1.0
41,u7,32.0,54.0,0.0,27.0,12.0
41,u7,37.0,27.0,7.0,3.0,4.0
41,u7,42.0,18.0,1.0,1.0,2.0
41,u7,47.0,27.0,1.0,2.0,1.0
41,u7,52.0,0.0,1.0,0.0,1.0
41,u8,7.0,0.0,0.0,0.0,0.0
41,u8,12.0,13.0,0.0,5.0,0.0
41,u8,17.0,14.0,0.0,28.0,1.0
41,u8,22.0,78.0,0.0,9.0,1.0
41,u8,27.0,53.0,83.0,10.0,2.0
41,u8,32.0,17.0,17.0,10.0,15.0
41,u8,37.0,6.0,4.0,3.0,2.0
41,u8,42.0,0.0,2.0,2.0,1.0
41,u8,47.0,0.0,1.0,2.0,11.0
41,u8,52.0,0.0,0.0,3.0,0.0
42,u1,7.0,4.0,0.0,1.0,0.0
42,u1,12.0,13.0,0.0,5.0,0.0
42,u1,17.0,8.0,0.0,20.0,0.0
42,u1,22.0,50.0,10.0,61.0,1.0
42,u1,27.0,25.0,6.0,37.0,11.0
42,u1,32.0,24.0,1.0,24.0,21.0
42,u1,37.0,19.0,3.0,0.0,3.0
42,u1,42.0,10.0,4.0,9.0,1.0
42,u1,47.0,15.0,0.0,3.0,3.0
42,u1,52.0,0.0,11.0,1.0,2.0
42,u2,7.0,7.0,0.0,2.0,0.0
42,u2,12.0,14.0,0.0,9.0,0.0
42,u2,17.0,4.0,0.0,1.0,0.0
42,u2,22.0,27.0,0.0,14.0,0.0
42,u2,27.0,33.0,3.0,31.0,0.0
42,u2,32.0,65.0,18.0,50.0,6.0
42,u2,37.0,27.0,22.0,14.0,10.0
42,u2,42.0,22.0,25.0,4.0,19.0
42,u2,47.0,10.0,3.0,10.0,3.0
42,u2,52.0,0.0,1.0,1.0,0.0
42,u3,7.0,7.0,0.0,1.0,0.0
42,u3,12.0,9.0,0.0,3.0,0.0
42,u3,17.0,34.0,0.0,13.0,0.0
42,u3,22.0,81.0,0.0,35.0,0.0
42,u3,27.0,105.0,7.0,7.0,0.0
42,u3,32.0,225.0,2.0,15.0,1.0
42,u3,37.0,129.0,4.0,12.0,11.0
42,u3,42.0,29.0,80.0,3.0,8.0
42,u3,47.0,140.0,4.0,3.0,4.0
42,u3,52.0,14.0,12.0,1.0,2.0
42,u4,7.0,6.0,0.0,1.0,0.0
42,u4,12.0,21.0,0.0,4.0,0.0
42,u4,17.0,15.0,0.0,8.0,0.0
42,u4,22.0,4.0,2.0,5.0,0.0
42,u4,27.0,75.0,0.0,17.0,1.0
42,u4,32.0,43.0,4.0,8.0,1.0
42,u4,37.0,78.0,41.0,15.0,3.0
42,u4,42.0,24.0,10.0,13.0,3.0
42,u4,47.0,5.0,2.0,8.0,4.0
42,u4,52.0,5.0,5.0,0.0,6.0
42,u5,7.0,5.0,0.0,1.0,0.0
42,u5,12.0,4.0,0.0,6.0,0.0
42,u5,17.0,34.0,0.0,8.0,0.0
42,u5,22.0,59.0,1.0,20.0,0.0
42,u5,27.0,59.0,3.0,24.0,0.0
42,u5,32.0,120.0,9.0,28.0,4.0
42,u5,37.0,85.0,13.0,6.0,0.0
42,u5,42.0,52.0,5.0,7.0,1.0
42,u5,47.0,87.0,25.0,4.0,3.0
42,u5,52.0,7.0,37.0,1.0,0.0
42,u6,7.0,10.0,0.0,0.0,0.0
42,u6,12.0,11.0,0.0,1.0,0.0
42,u6,17.0,21.0,1.0,21.0,0.0
42,u6,22.0,43.0,1.0,11.0,2.0
42,u6,27.0,17.0,1.0,37.0,5.0
42,u6,32.0,59.0,16.0,21.0,26.0
42,u6,37.0,22.0,4.0,42.0,23.0
42,u6,42.0,12.0,2.0,9.0,12.0
42,u6,47.0,9.0,2.0,4.0,13.0
42,u6,52.0,13.0,6.0,2.0,2.0
42,u7,7.0,3.0,1.0,0.0,0.0
42,u7,12.0,14.0,0.0,5.0,0.0
42,u7,17.0,18.0,0.0,20.0,0.0
42,u7,22.0,39.0,0.0,15.0,2.0
42,u7,27.0,34.0,3.0,28.0,7.0
42,u7,32.0,8.0,0.0,17.0,3.0
42,u7,37.0,18.0,1.0,13.0,76.0
42,u7,42.0,1.0,2.0,19.0,59.0
42,u7,47.0,1.0,0.0,2.0,11.0
42,u7,52.0,1.0,0.0,1.0,1.0
42,u8,7.0,8.0,0.0,1.0,0.0
42,u8,12.0,29.0,0.0,3.0,0.0
42,u8,17.0,23.0,0.0,29.0,0.0
42,u8,22.0,50.0,1.0,52.0,0.0
42,u8,27.0,69.0,0.0,14.0,35.0
42,u8,32.0,14.0,31.0,13.0,26.0
42,u8,37.0,30.0,5.0,4.0,0.0
42,u8,42.0,10.0,6.0,1.0,9.0
42,u8,47.0,1.0,1.0,2.0,4.0
42,u8,52.0,6.0,3.0,3.0,2.0
43,u1,7.0,2.0,0.0,2.0,0.0
43,u1,12.0,13.0,0.0,3.0,0.0
43,u1,17.0,46.0,1.0,16.0,1.0
43,u1,22.0,21.0,17.0,18.0,1.0
43,u1,27.0,86.0,3.0,44.0,7.0
43,u1,32.0,21.0,18.0,28.0,20.0
43,u1,37.0,16.0,3.0,1.0,10.0
43,u1,42.0,8.0,1.0,10.0,9.0
43,u1,47.0,6.0,3.0,6.0,7.0
43,u1,52.0,8.0,1.0,16.0,4.0
43,u2,7.0,7.0,0.0,3.0,0.0
43,u2,12.0,8.0,0.0,0.0,0.0
43,u2,17.0,4.0,0.0,4.0,0.0
43,u2,22.0,54.0,0.0,10.0,0.0
43,u2,27.0,19.0,7.0,2.0,1.0
43,u2,32.0,61.0,16.0,8.0,2.0
43,u2,37.0,69.0,14.0,11.0,6.0
43,u2,42.0,10.0,15.0,5.0,17.0
43,u2,47.0,29.0,33.0,1.0,0.0
43,u2,52.0,15.0,3.0,4.0,3.0
43,u3,7.0,3.0,0.0,5.0,0.0
43,u3,12.0,3.0,0.0,7.0,1.0
43,u3,17.0,19.0,1.0,10.0,0.0
43,u3,22.0,26.0,0.0,15.0,0.0
43,u3,27.0,7.0,0.0,8.0,2.0
43,u3,32.0,85.0,0.0,58.0,8.0
43,u3,37.0,17.0,26.0,9.0,8.0
43,u3,42.0,47.0,19.0,11.0,18.0
43,u3,47.0,14.0,2.0,2.0,8.0
43,u3,52.0,13.0,3.0,1.0,1.0
43,u4,7.0,7.0,0.0,2.0,0.0
43,u4,12.0,36.0,0.0,5.0,0.0
43,u4,17.0,45.0,1.0,13.0,0.0
43,u4,22.0,128.0,1.0,21.0,1.0
43,u4,27.0,53.0,26.0,9.0,3.0
43,u4,32.0,15.0,11.0,4.0,6.0
43,u4,37.0,32.0,11.0,5.0,0.0
43,u4,42.0,13.0,4.0,0.0,0.0
43,u4,47.0,13.0,41.0,0.0,0.0
43,u4,52.0,6.0,1.0,0.0,0.0
43,u5,7.0,2.0,0.0,0.0,0.0
43,u5,12.0,7.0,0.0,5.0,0.0
43,u5,17.0,20.0,0.0,10.0,0.0
43,u5,22.0,19.0,1.0,3.0,0.0
43,u5,27.0,20.0,0.0,24.0,0.0
43,u5,32.0,24.0,3.0,27.0,2.0
43,u5,37.0,25.0,4.0,17.0,2.0
43,u5,42.0,19.0,1.0,14.0,1.0
43,u5,47.0,2.0,0.0,2.0,6.0
43,u5,52.0,13.0,0.0,7.0,8.0
43,u6,7.0,2.0,0.0,1.0,0.0
43,u6,12.0,5.0,0.0,0.0,0.0
43,u6,17.0,43.0,0.0,4.0,0.0
43,u6,22.0,59.0,4.0,11.0,1.0
43,u6,27.0,55.0,16.0,49.0,7.0
43,u6,32.0,43.0,9.0,30.0,8.0
43,u6,37.0,10.0,13.0,5.0,5.0
43,u6,42.0,11.0,2.0,4.0,11.0
43,u6,47.0,4.0,4.0,3.0,0.0
43,u6,52.0,17.0,4.0,1.0,1.0
43,u7,7.0,5.0,0.0,2.0,0.0
43,u7,12.0,2.0,0.0,3.0,0.0
43,u7,17.0,25.0,0.0,12.0,0.0
43,u7,22.0,33.0,0.0,22.0,0.0
43,u7,27.0,24.0,2.0,27.0,4.0
43,u7,32.0,37.0,0.0,22.0,23.0
43,u7,37.0,6.0,0.0,0.0,2.0
43,u7,42.0,1.0,6.0,5.0,11.0
43,u7,47.0,6.0,2.0,2.0,0.0
43,u7,52.0,2.0,0.0,3.0,0.0
43,u8,7.0,2.0,0.0,3.0,0.0
43,u8,12.0,20.0,0.0,6.0,0.0
43,u8,17.0,48.0,1.0,10.0,1.0
43,u8,22.0,101.0,5.0,21.0,3.0
43,u8,27.0,51.0,37.0,87.0,9.0
43,u8,32.0,63.0,62.0,17.0,24.0
43,u8,37.0,25.0,3.0,19.0,8.0
43,u8,42.0,10.0,16.0,8.0,3.0
43,u8,47.0,1.0,0.0,3.0,9.0
43,u8,52.0,0.0,5.0,2.0,1.0
44,u1,7.0,5.0,1.0,4.0,0.0
44,u1,12.0,13.0,0.0,12.0,0.0
44,u1,17.0,33.0,0.0,25.0,0.0
44,u1,22.0,233.0,2.0,82.0,3.0
44,u1,27.0,60.0,25.0,66.0,6.0
44,u1,32.0,56.0,5.0,11.0,5.0
44,u1,37.0,22.0,10.0,4.0,6.0
44,u1,42.0,12.0,3.0,6.0,1.0
44,u1,47.0,4.0,1.0,0.0,5.0
44,u1,52.0,6.0,0.0,1.0,0.0
44,u2,7.0,3.0,0.0,0.0,0.0
44,u2,12.0,13.0,0.0,6.0,1.0
44,u2,17.0,11.0,0.0,3.0,0.0
44,u2,22.0,61.0,8.0,8.0,1.0
44,u2,27.0,32.0,1.0,6.0,2.0
44,u2,32.0,39.0,0.0,19.0,0.0
44,u2,37.0,20.0,12.0,24.0,6.0
44,u2,42.0,24.0,15.0,11.0,42.0
44,u2,47.0,4.0,0.0,8.0,8.0
44,u2,52.0,3.0,0.0,2.0,0.0
44,u3,7.0,1.0,0.0,1.0,0.0
44,u3,12.0,8.0,0.0,10.0,0.0
44,u3,17.0,32.0,0.0,14.0,0.0
44,u3,22.0,67.0,0.0,11.0,1.0
44,u3,27.0,130.0,29.0,46.0,2.0
44,u3,32.0,95.0,2.0,20.0,11.0
44,u3,37.0,30.0,36.0,10.0,14.0
44,u3,42.0,18.0,6.0,2.0,1.0
44,u3,47.0,9.0,3.0,1.0,0.0
44,u3,52.0,1.0,0.0,3.0,3.0
44,u4,7.0,8.0,0.0,3.0,0.0
44,u4,12.0,13.0,0.0,3.0,0.0
44,u4,17.0,33.0,1.0,19.0,0.0
44,u4,22.0,39.0,2.0,10.0,1.0
44,u4,27.0,201.0,9.0,44.0,5.0
44,u4,32.0,73.0,2.0,12.0,13.0
44,u4,37.0,29.0,46.0,5.0,10.0
44,u4,42.0,17.0,3.0,0.0,4.0
44,u4,47.0,2.0,2.0,1.0,4.0
44,u4,52.0,5.0,0.0,1.0,3.0
44,u5,7.0,8.0,0.0,6.0,0.0
44,u5,12.0,27.0,0.0,6.0,0.0
44,u5,17.0,169.0,1.0,21.0,0.0
44,u5,22.0,140.0,11.0,29.0,2.0
44,u5,27.0,245.0,67.0,10.0,10.0
44,u5,32.0,121.0,5.0,7.0,1.0
44,u5,37.0,64.0,5.0,2.0,1.0
44,u5,42.0,121.0,31.0,1.0,2.0
44,u5,47.0,61.0,45.0,1.0,0.0
44,u5,52.0,19.0,25.0,0.0,0.0
44,u6,7.0,0.0,0.0,2.0,0.0
44,u6,12.0,17.0,0.0,3.0,0.0
44,u6,17.0,67.0,0.0,8.0,1.0
44,u6,22.0,163.0,18.0,13.0,2.0
44,u6,27.0,70.0,6.0,6.0,0.0
44,u6,32.0,19.0,0.0,1.0,5.0
44,u6,37.0,6.0,17.0,0.0,2.0
44,u6,42.0,5.0,15.0,0.0,0.0
44,u6,47.0,4.0,4.0,1.0,0.0
44,u6,52.0,11.0,3.0,0.0,0.0
44,u7,7.0,1.0,0.0,2.0,0.0
44,u7,12.0,19.0,0.0,1.0,0.0
44,u7,17.0,26.0,0.0,5.0,0.0
44,u7,22.0,40.0,0.0,21.0,1.0
44,u7,27.0,42.0,0.0,37.0,1.0
44,u7,32.0,26.0,0.0,23.0,77.0
44,u7,37.0,5.0,12.0,7.0,66.0
44,u7,42.0,1.0,0.0,4.0,1.0
44,u7,47.0,2.0,1.0,15.0,3.0
44,u7,52.0,0.0,1.0,6.0,26.0
44,u8,7.0,3.0,1.0,3.0,1.0
44,u8,12.0,5.0,0.0,4.0,0.0
44,u8,17.0,64.0,7.0,5.0,1.0
44,u8,22.0,46.0,1.0,11.0,1.0
44,u8,27.0,14.0,0.0,9.0,1.0
44,u8,32.0,6.0,9.0,2.0,0.0
44,u8,37.0,4.0,10.0,5.0,0.0
44,u8,42.0,6.0,6.0,5.0,2.0
44,u8,47.0,0.0,0.0,2.0,1.0
44,u8,52.0,5.0,0.0,6.0,2.0
45,u1,7.0,14.0,0.0,1.0,0.0
45,u1,12.0,8.0,0.0,0.0,0.0
45,u1,17.0,18.0,0.0,7.0,0.0
45,u1,22.0,8.0,0.0,21.0,0.0
45,u1,27.0,41.0,3.0,14.0,0.0
45,u1,32.0,109.0,2.0,30.0,9.0
45,u1,37.0,26.0,16.0,13.0,1.0
45,u1,42.0,63.0,11.0,3.0,3.0
45,u1,47.0,18.0,0.0,0.0,2.0
45,u1,52.0,3.0,12.0,1.0,0.0
45,u2,7.0,2.0,0.0,4.0,0.0
45,u2,12.0,27.0,0.0,3.0,0.0
45,u2,17.0,84.0,0.0,26.0,0.0
45,u2,22.0,161.0,2.0,48.0,0.0
45,u2,27.0,74.0,45.0,10.0,26.0
45,u2,32.0,60.0,6.0,6.0,1.0
45,u2,37.0,10.0,22.0,2.0,3.0
45,u2,42.0,9.0,3.0,2.0,1.0
45,u2,47.0,8.0,2.0,2.0,0.0
45,u2,52.0,9.0,1.0,0.0,0.0
45,u3,7.0,13.0,0.0,0.0,0.0
45,u3,12.0,5.0,1.0,5.0,0.0
45,u3,17.0,123.0,0.0,4.0,1.0
45,u3,22.0,38.0,8.0,6.0,1.0
45,u3,27.0,98.0,11.0,11.0,15.0
45,u3,32.0,50.0,62.0,3.0,0.0
45,u3,37.0,59.0,26.0,2.0,0.0
45,u3,42.0,20.0,12.0,1.0,1.0
45,u3,47.0,13.0,0.0,0.0,0.0
45,u3,52.0,7.0,0.0,0.0,0.0
45,u4,7.0,5.0,0.0,3.0,0.0
45,u4,12.0,16.0,0.0,4.0,0.0
45,u4,17.0,9.0,0.0,7.0,0.0
45,u4,22.0,57.0,0.0,14.0,0.0
45,u4,27.0,215.0,3.0,17.0,1.0
45,u4,32.0,30.0,15.0,19.0,3.0
45,u4,37.0,19.0,0.0,6.0,12.0
45,u4,42.0,2.0,1.0,0.0,0.0
45,u4,47.0,2.0,1.0,3.0,2.0
45,u4,52.0,1.0,0.0,1.0,2.0
45,u5,7.0,1.0,0.0,0.0,0.0
45,u5,12.0,3.0,0.0,3.0,0.0
45,u5,17.0,32.0,1.0,13.0,0.0
45,u5,22.0,30.0,8.0,23.0,1.0
45,u5,27.0,104.0,1.0,13.0,3.0
45,u5,32.0,77.0,0.0,16.0,10.0
45,u5,37.0,28.0,20.0,5.0,7.0
45,u5,42.0,16.0,2.0,3.0,0.0
45,u5,47.0,13.0,9.0,0.0,2.0
45,u5,52.0,1.0,2.0,0.0,0.0
45,u6,7.0,9.0,0.0,0.0,0.0
45,u6,12.0,5.0,0.0,1.0,0.0
45,u6,17.0,13.0,0.0,7.0,0.0
45,u6,22.0,20.0,0.0,8.0,0.0
45,u6,27.0,39.0,2.0,4.0,1.0
45,u6,32.0,76.0,3.0,10.0,5.0
45,u6,37.0,32.0,8.0,17.0,2.0
45,u6,42.0,6.0,1.0,11.0,1.0
45,u6,47.0,5.0,0.0,8.0,6.0
45,u6,52.0,8.0,16.0,0.0,5.0
45,u7,7.0,4.0,0.0,3.0,0.0
45,u7,12.0,9.0,0.0,20.0,0.0
45,u7,17.0,14.0,0.0,22.0,0.0
45,u7,22.0,31.0,2.0,46.0,1.0
45,u7,27.0,75.0,2.0,48.0,16.0
45,u7,32.0,15.0,8.0,4.0,34.0
45,u7,37.0,12.0,2.0,4.0,12.0
45,u7,42.0,12.0,19.0,2.0,13.0
45,u7,47.0,0.0,5.0,8.0,2.0
45,u7,52.0,2.0,0.0,8.0,0.0
45,u8,7.0,1.0,0.0,3.0,0.0
45,u8,12.0,18.0,0.0,0.0,0.0
45,u8,17.0,34.0,0.0,4.0,0.0
45,u8,22.0,41.0,0.0,30.0,0.0
45,u8,27.0,57.0,0.0,80.0,38.0
45,u8,32.0,30.0,21.0,28.0,16.0
45,u8,37.0,36.0,23.0,21.0,5.0
45,u8,42.0,20.0,2.0,4.0,2.0
45,u8,47.0,12.0,13.0,1.0,4.0
45,u8,52.0,6.0,6.0,0.0,2.0
46,u1,7.0,1.0,0.0,0.0,0.0
46,u1,12.0,11.0,0.0,1.0,0.0
46,u1,17.0,17.0,0.0,4.0,0.0
46,u1,22.0,143.0,2.0,6.0,0.0
46,u1,27.0,71.0,21.0,1.0,10.0
46,u1,32.0,28.0,6.0,3.0,0.0
46,u1,37.0,30.0,16.0,0.0,0.0
46,u1,42.0,41.0,5.0,0.0,0.0
46,u1,47.0,23.0,0.0,0.0,0.0
46,u1,52.0,29.0,0.0,0.0,0.0
46,u2,7.0,5.0,0.0,5.0,0.0
46,u2,12.0,18.0,1.0,15.0,0.0
46,u2,17.0,171.0,0.0,6.0,1.0
46,u2,22.0,108.0,23.0,100.0,4.0
46,u2,27.0,30.0,2.0,47.0,5.0
46,u2,32.0,41.0,16.0,15.0,25.0
46,u2,37.0,2.0,3.0,2.0,3.0
46,u2,42.0,7.0,1.0,1.0,20.0
46,u2,47.0,1.0,1.0,0.0,4.0
46,u2,52.0,1.0,0.0,4.0,2.0
46,u3,7.0,4.0,0.0,2.0,0.0
46,u3,12.0,13.0,2.0,1.0,0.0
46,u3,17.0,14.0,1.0,14.0,0.0
46,u3,22.0,21.0,10.0,27.0,2.0
46,u3,27.0,5.0,23.0,12.0,3.0
46,u3,32.0,5.0,9.0,4.0,2.0
46,u3,37.0,2.0,0.0,6.0,0.0
46,u3,42.0,4.0,0.0,4.0,5.0
46,u3,47.0,2.0,0.0,7.0,4.0
46,u3,52.0,3.0,1.0,10.0,1.0
46,u4,7.0,5.0,0.0,2.0,0.0
46,u4,12.0,14.0,0.0,8.0,0.0
46,u4,17.0,10.0,0.0,14.0,1.0
46,u4,22.0,26.0,3.0,20.0,2.0
46,u4,27.0,24.0,41.0,10.0,5.0
46,u4,32.0,23.0,3.0,5.0,4.0
46,u4,37.0,58.0,13.0,1.0,0.0
46,u4,42.0,60.0,9.0,4.0,2.0
46,u4,47.0,38.0,42.0,2.0,1.0
46,u4,52.0,7.0,6.0,2.0,0.0
46,u5,7.0,8.0,0.0,0.0,0.0
46,u5,12.0,15.0,0.0,10.0,0.0
46,u5,17.0,22.0,0.0,11.0,0.0
46,u5,22.0,44.0,1.0,23.0,3.0
46,u5,27.0,53.0,1.0,24.0,2.0
46,u5,32.0,38.0,0.0,9.0,1.0
46,u5,37.0,8.0,1.0,10.0,2.0
46,u5,42.0,1.0,0.0,4.0,0.0
46,u5,47.0,0.0,0.0,1.0,2.0
46,u5,52.0,0.0,0.0,0.0,0.0
46,u6,7.0,0.0,0.0,0.0,0.0
46,u6,12.0,4.0,1.0,3.0,0.0
46,u6,17.0,4.0,0.0,6.0,1.0
46,u6,22.0,6.0,0.0,18.0,0.0
46,u6,27.0,22.0,0.0,28.0,0.0
46,u6,32.0,30.0,5.0,44.0,2.0
46,u6,37.0,41.0,9.0,53.0,10.0
46,u6,42.0,14.0,12.0,6.0,14.0
46,u6,47.0,3.0,2.0,5.0,1.0
46,u6,52.0,3.0,5.0,3.0,0.0
46,u7,7.0,14.0,0.0,1.0,0.0
46,u7,12.0,7.0,0.0,3.0,0.0
46,u7,17.0,85.0,1.0,7.0,2.0
46,u7,22.0,35.0,12.0,38.0,5.0
46,u7,27.0,17.0,11.0,5.0,2.0
46,u7,32.0,8.0,3.0,6.0,7.0
46,u7,37.0,4.0,12.0,6.0,1.0
46,u7,42.0,4.0,1.0,16.0,2.0
46,u7,47.0,2.0,1.0,2.0,2.0
46,u7,52.0,5.0,0.0,3.0,0.0
46,u8,7.0,2.0,0.0,1.0,0.0
46,u8,12.0,5.0,0.0,1.0,0.0
46,u8,17.0,15.0,1.0,13.0,4.0
46,u8,22.0,49.0,0.0,24.0,0.0
46,u8,27.0,43.0,0.0,24.0,16.0
46,u8,32.0,70.0,30.0,14.0,2.0
46,u8,37.0,54.0,3.0,15.0,6.0
46,u8,42.0,24.0,6.0,6.0,0.0
46,u8,47.0,6.0,13.0,0.0,1.0
46,u8,52.0,5.0,3.0,0.0,0.0
47,u1,7.0,1.0,0.0,2.0,0.0
47,u1,12.0,18.0,0.0,5.0,0.0
47,u1,17.0,37.0,0.0,1.0,0.0
47,u1,22.0,31.0,0.0,2.0,0.0
47,u1,27.0,32.0,3.0,44.0,0.0
47,u1,32.0,16.0,12.0,16.0,7.0
47,u1,37.0,36.0,4.0,28.0,0.0
47,u1,42.0,9.0,28.0,11.0,1.0
47,u1,47.0,4.0,4.0,1.0,0.0
47,u1,52.0,5.0,0.0,0.0,0.0
47,u2,7.0,3.0,0.0,0.0,0.0
47,u2,12.0,7.0,0.0,1.0,0.0
47,u2,17.0,7.0,0.0,3.0,0.0
47,u2,22.0,22.0,0.0,2.0,0.0
47,u2,27.0,29.0,4.0,3.0,0.0
47,u2,32.0,75.0,2.0,3.0,1.0
47,u2,37.0,38.0,4.0,1.0,2.0
47,u2,42.0,59.0,4.0,3.0,2.0
47,u2,47.0,41.0,0.0,3.0,2.0
47,u2,52.0,30.0,1.0,2.0,3.0
47,u3,7.0,2.0,0.0,1.0,0.0
47,u3,12.0,5.0,0.0,3.0,0.0
47,u3,17.0,11.0,0.0,5.0,0.0
47,u3,22.0,18.0,1.0,26.0,5.0
47,u3,27.0,62.0,2.0,77.0,24.0
47,u3,32.0,20.0,20.0,19.0,1.0
47,u3,37.0,8.0,25.0,3.0,11.0
47,u3,42.0,13.0,10.0,13.0,18.0
47,u3,47.0,23.0,5.0,4.0,3.0
47,u3,52.0,8.0,15.0,11.0,22.0
47,u4,7.0,7.0,0.0,3.0,0.0
47,u4,12.0,7.0,0.0,1.0,0.0
47,u4,17.0,63.0,0.0,8.0,0.0
47,u4,22.0,70.0,0.0,9.0,0.0
47,u4,27.0,132.0,0.0,21.0,1.0
47,u4,32.0,70.0,5.0,12.0,0.0
47,u4,37.0,35.0,22.0,7.0,6.0
47,u4,42.0,19.0,16.0,4.0,0.0
47,u4,47.0,19.0,1.0,2.0,2.0
47,u4,52.0,13.0,4.0,2.0,1.0
47,u5,7.0,2.0,0.0,2.0,0.0
47,u5,12.0,21.0,0.0,12.0,0.0
47,u5,17.0,20.0,2.0,11.0,1.0
47,u5,22.0,24.0,4.0,38.0,14.0
47,u5,27.0,75.0,12.0,15.0,8.0
47,u5,32.0,31.0,10.0,11.0,11.0
47,u5,37.0,21.0,0.0,0.0,4.0
47,u5,42.0,2.0,0.0,0.0,0.0
47,u5,47.0,14.0,0.0,6.0,0.0
47,u5,52.0,13.0,0.0,8.0,0.0
47,u6,7.0,5.0,0.0,4.0,0.0
47,u6,12.0,12.0,0.0,6.0,0.0
47,u6,17.0,13.0,1.0,1.0,0.0
47,u6,22.0,47.0,0.0,7.0,0.0
47,u6,27.0,79.0,0.0,15.0,1.0
47,u6,32.0,37.0,4.0,21.0,3.0
47,u6,37.0,23.0,11.0,13.0,2.0
47,u6,42.0,1.0,12.0,8.0,11.0
47,u6,47.0,2.0,0.0,7.0,2.0
47,u6,52.0,1.0,0.0,0.0,1.0
47,u7,7.0,3.0,0.0,0.0,0.0
47,u7,12.0,6.0,0.0,1.0,0.0
47,u7,17.0,6.0,0.0,3.0,0.0
47,u7,22.0,9.0,0.0,8.0,0.0
47,u7,27.0,54.0,0.0,16.0,2.0
47,u7,32.0,96.0,0.0,13.0,2.0
47,u7,37.0,64.0,11.0,2.0,1.0
47,u7,42.0,33.0,3.0,3.0,3.0
47,u7,47.0,10.0,6.0,2.0,0.0
47,u7,52.0,12.0,3.0,3.0,1.0
47,u8,7.0,7.0,0.0,3.0,0.0
47,u8,12.0,25.0,1.0,10.0,0.0
47,u8,17.0,44.0,4.0,11.0,0.0
47,u8,22.0,67.0,17.0,30.0,1.0
47,u8,27.0,32.0,4.0,38.0,2.0
47,u8,32.0,7.0,0.0,6.0,3.0
47,u8,37.0,7.0,3.0,7.0,7.0
47,u8,42.0,3.0,4.0,0.0,0.0
47,u8,47.0,4.0,1.0,1.0,0.0
47,u8,52.0,17.0,0.0,0.0,0.0
48,u1,7.0,1.0,0.0,1.0,0.0
48,u1,12.0,6.0,0.0,7.0,0.0
48,u1,17.0,65.0,0.0,20.0,0.0
48,u1,22.0,84.0,0.0,14.0,1.0
48,u1,27.0,19.0,10.0,47.0,11.0
48,u1,32.0,30.0,1.0,55.0,25.0
48,u1,37.0,13.0,0.0,35.0,73.0
48,u1,42.0,0.0,0.0,45.0,86.0
48,u1,47.0,5.0,5.0,3.0,27.0
48,u1,52.0,0.0,2.0,2.0,7.0
48,u2,7.0,5.0,0.0,0.0,0.0
48,u2,12.0,16.0,0.0,4.0,0.0
48,u2,17.0,41.0,0.0,7.0,0.0
48,u2,22.0,28.0,5.0,7.0,1.0
48,u2,27.0,21.0,2.0,3.0,3.0
48,u2,32.0,9.0,2.0,3.0,3.0
48,u2,37.0,4.0,3.0,1.0,0.0
48,u2,42.0,5.0,2.0,3.0,1.0
48,u2,47.0,6.0,0.0,4.0,0.0
48,u2,52.0,14.0,0.0,3.0,0.0
48,u3,7.0,4.0,0.0,1.0,0.0
48,u3,12.0,16.0,0.0,0.0,0.0
48,u3,17.0,124.0,0.0,23.0,0.0
48,u3,22.0,70.0,1.0,36.0,1.0
48,u3,27.0,71.0,38.0,29.0,26.0
48,u3,32.0,34.0,48.0,14.0,2.0
48,u3,37.0,11.0,8.0,7.0,7.0
48,u3,42.0,1.0,1.0,0.0,5.0
48,u3,47.0,2.0,0.0,1.0,3.0
48,u3,52.0,2.0,1.0,0.0,0.0
48,u4,7.0,0.0,0.0,2.0,0.0
48,u4,12.0,13.0,0.0,2.0,1.0
48,u4,17.0,16.0,0.0,13.0,0.0
48,u4,22.0,44.0,2.0,37.0,0.0
48,u4,27.0,47.0,8.0,71.0,11.0
48,u4,32.0,14.0,15.0,25.0,53.0
48,u4,37.0,8.0,4.0,29.0,10.0
48,u4,42.0,1.0,0.0,8.0,5.0
48,u4,47.0,2.0,2.0,7.0,7.0
48,u4,52.0,1.0,4.0,0.0,0.0
48,u5,7.0,2.0,0.0,0.0,0.0
48,u5,12.0,6.0,0.0,3.0,0.0
48,u5,17.0,8.0,0.0,11.0,0.0
48,u5,22.0,42.0,3.0,14.0,1.0
48,u5,27.0,33.0,2.0,6.0,2.0
48,u5,32.0,17.0,9.0,8.0,4.0
48,u5,37.0,4.0,0.0,9.0,7.0
48,u5,42.0,4.0,3.0,4.0,3.0
48,u5,47.0,9.0,2.0,7.0,12.0
48,u5,52.0,0.0,0.0,4.0,15.0
48,u6,7.0,2.0,0.0,2.0,0.0
48,u6,12.0,9.0,0.0,6.0,0.0
48,u6,17.0,29.0,0.0,9.0,0.0
48,u6,22.0,81.0,1.0,6.0,0.0
48,u6,27.0,47.0,3.0,42.0,4.0
48,u6,32.0,47.0,19.0,21.0,14.0
48,u6,37.0,20.0,0.0,6.0,2.0
48,u6,42.0,26.0,0.0,4.0,0.0
48,u6,47.0,27.0,12.0,7.0,2.0
48,u6,52.0,14.0,0.0,0.0,1.0
48,u7,7.0,1.0,0.0,1.0,0.0
48,u7,12.0,7.0,0.0,2.0,0.0
48,u7,17.0,3.0,0.0,1.0,0.0
48,u7,22.0,20.0,0.0,2.0,0.0
48,u7,27.0,60.0,1.0,7.0,0.0
48,u7,32.0,28.0,0.0,11.0,1.0
48,u7,37.0,19.0,3.0,5.0,1.0
48,u7,42.0,3.0,0.0,0.0,0.0
48,u7,47.0,7.0,4.0,0.0,1.0
48,u7,52.0,1.0,5.0,0.0,0.0
48,u8,7.0,2.0,0.0,3.0,0.0
48,u8,12.0,9.0,0.0,4.0,0.0
48,u8,17.0,11.0,0.0,9.0,0.0
48,u8,22.0,13.0,0.0,11.0,0.0
48,u8,27.0,21.0,0.0,35.0,0.0
48,u8,32.0,104.0,2.0,44.0,17.0
48,u8,37.0,47.0,40.0,69.0,70.0
48,u8,42.0,40.0,4.0,24.0,16.0
48,u8,47.0,14.0,4.0,3.0,23.0
48,u8,52.0,2.0,4.0,3.0,10.0
49,u1,7.0,5.0,0.0,3.0,0.0
49,u1,12.0,19.0,0.0,5.0,0.0
49,u1,17.0,17.0,0.0,16.0,0.0
49,u1,22.0,15.0,0.0,6.0,2.0
49,u1,27.0,39.0,1.0,47.0,0.0
49,u1,32.0,48.0,29.0,33.0,1.0
49,u1,37.0,34.0,4.0,11.0,21.0
49,u1,42.0,12.0,1.0,3.0,1.0
49,u1,47.0,5.0,4.0,8.0,1.0
49,u1,52.0,7.0,4.0,1.0,1.0
49,u2,7.0,1.0,0.0,2.0,0.0
49,u2,12.0,20.0,0.0,4.0,0.0
49,u2,17.0,46.0,2.0,16.0,0.0
49,u2,22.0,50.0,2.0,24.0,0.0
49,u2,27.0,106.0,0.0,26.0,2.0
49,u2,32.0,58.0,5.0,20.0,47.0
49,u2,37.0,9.0,3.0,41.0,26.0
49,u2,42.0,11.0,2.0,11.0,11.0
49,u2,47.0,2.0,1.0,3.0,1.0
49,u2,52.0,0.0,0.0,4.0,2.0
49,u3,7.0,6.0,0.0,3.0,0.0
49,u3,12.0,7.0,0.0,9.0,0.0
49,u3,17.0,36.0,0.0,32.0,0.0
49,u3,22.0,89.0,0.0,41.0,13.0
49,u3,27.0,15.0,13.0,60.0,32.0
49,u3,32.0,12.0,21.0,22.0,33.0
49,u3,37.0,3.0,1.0,7.0,36.0
49,u3,42.0,1.0,3.0,3.0,18.0
49,u3,47.0,2.0,1.0,3.0,1.0
49,u3,52.0,0.0,0.0,5.0,1.0
49,u4,7.0,0.0,0.0,1.0,0.0
49,u4,12.0,10.0,0.0,0.0,0.0
49,u4,17.0,2.0,0.0,8.0,0.0
49,u4,22.0,24.0,1.0,2.0,0.0
49,u4,27.0,42.0,2.0,29.0,0.0
49,u4,32.0,98.0,1.0,43.0,8.0
49,u4,37.0,51.0,7.0,10.0,26.0
49,u4,42.0,6.0,0.0,5.0,3.0
49,u4,47.0,9.0,0.0,1.0,1.0
49,u4,52.0,1.0,5.0,0.0,1.0
49,u5,7.0,5.0,0.0,0.0,0.0
49,u5,12.0,21.0,0.0,5.0,1.0
49,u5,17.0,181.0,4.0,6.0,1.0
49,u5,22.0,221.0,48.0,3.0,2.0
49,u5,27.0,152.0,25.0,8.0,1.0
49,u5,32.0,103.0,47.0,0.0,0.0
49,u5,37.0,13.0,3.0,2.0,0.0
49,u5,42.0,27.0,6.0,1.0,1.0
49,u5,47.0,9.0,6.0,0.0,0.0
49,u5,52.0,3.0,1.0,1.0,0.0
49,u6,7.0,5.0,0.0,1.0,0.0
49,u6,12.0,4.0,0.0,6.0,3.0
49,u6,17.0,27.0,2.0,33.0,1.0
49,u6,22.0,87.0,0.0,34.0,2.0
49,u6,27.0,140.0,51.0,28.0,3.0
49,u6,32.0,59.0,7.0,4.0,13.0
49,u6,37.0,12.0,5.0,8.0,14.0
49,u6,42.0,6.0,3.0,2.0,5.0
49,u6,47.0,8.0,19.0,1.0,1.0
49,u6,52.0,1.0,0.0,1.0,2.0
49,u7,7.0,12.0,0.0,2.0,0.0
49,u7,12.0,3.0,0.0,14.0,1.0
49,u7,17.0,86.0,0.0,19.0,0.0
49,u7,22.0,15.0,0.0,26.0,3.0
49,u7,27.0,88.0,20.0,46.0,64.0
49,u7,32.0,7.0,12.0,18.0,28.0
49,u7,37.0,34.0,6.0,14.0,18.0
49,u7,42.0,10.0,4.0,3.0,42.0
49,u7,47.0,2.0,3.0,13.0,20.0
49,u7,52.0,4.0,0.0,8.0,2.0
49,u8,7.0,13.0,0.0,3.0,0.0
49,u8,12.0,6.0,0.0,14.0,1.0
49,u8,17.0,73.0,5.0,44.0,3.0
49,u8,22.0,27.0,1.0,20.0,11.0
49,u8,27.0,18.0,15.0,31.0,20.0
49,u8,32.0,10.0,3.0,6.0,23.0
49,u8,37.0,11.0,0.0,8.0,5.0
49,u8,42.0,8.0,2.0,7.0,3.0
49,u8,47.0,8.0,5.0,1.0,2.0
49,u8,52.0,6.0,0.0,0.0,0.0
50,u1,7.0,2.0,0.0,1.0,0.0
50,u1,12.0,32.0,0.0,1.0,0.0
50,u1,17.0,53.0,2.0,5.0,0.0
50,u1,22.0,53.0,30.0,23.0,0.0
50,u1,27.0,87.0,9.0,17.0,13.0
50,u1,32.0,64.0,6.0,9.0,11.0
50,u1,37.0,32.0,6.0,3.0,2.0
50,u1,42.0,8.0,5.0,0.0,0.0
50,u1,47.0,14.0,4.0,1.0,0.0
50,u1,52.0,5.0,1.0,1.0,0.0
50,u2,7.0,0.0,0.0,3.0,0.0
50,u2,12.0,16.0,0.0,9.0,0.0
50,u2,17.0,43.0,0.0,10.0,0.0
50,u2,22.0,54.0,19.0,14.0,0.0
50,u2,27.0,134.0,38.0,10.0,7.0
50,u2,32.0,67.0,3.0,1.0,1.0
50,u2,37.0,69.0,81.0,3.0,7.0
50,u2,42.0,35.0,3.0,0.0,1.0
50,u2,47.0,6.0,4.0,0.0,2.0
50,u2,52.0,0.0,1.0,0.0,1.0
50,u3,7.0,7.0,0.0,3.0,0.0
50,u3,12.0,12.0,0.0,3.0,0.0
50,u3,17.0,12.0,0.0,8.0,0.0
50,u3,22.0,35.0,1.0,27.0,1.0
50,u3,27.0,25.0,15.0,28.0,4.0
50,u3,32.0,30.0,37.0,11.0,10.0
50,u3,37.0,7.0,10.0,4.0,1.0
50,u3,42.0,4.0,1.0,2.0,9.0
50,u3,47.0,4.0,4.0,1.0,1.0
50,u3,52.0,0.0,0.0,0.0,3.0
50,u4,7.0,5.0,0.0,2.0,0.0
50,u4,12.0,8.0,0.0,10.0,0.0
50,u4,17.0,13.0,0.0,6.0,0.0
50,u4,22.0,97.0,2.0,19.0,0.0
50,u4,27.0,62.0,15.0,45.0,8.0
50,u4,32.0,40.0,2.0,20.0,55.0
50,u4,37.0,31.0,2.0,12.0,74.0
50,u4,42.0,20.0,18.0,25.0,3.0
50,u4,47.0,35.0,17.0,14.0,2.0
50,u4,52.0,9.0,10.0,7.0,21.0
50,u5,7.0,10.0,0.0,1.0,0.0
50,u5,12.0,8.0,0.0,3.0,0.0
50,u5,17.0,12.0,0.0,3.0,0.0
50,u5,22.0,36.0,3.0,11.0,0.0
50,u5,27.0,49.0,1.0,7.0,0.0
50,u5,32.0,67.0,2.0,3.0,2.0
50,u5,37.0,2.0,0.0,3.0,0.0
50,u5,42.0,4.0,6.0,9.0,2.0
50,u5,47.0,0.0,4.0,7.0,19.0
50,u5,52.0,0.0,0.0,2.0,5.0
50,u6,7.0,4.0,0.0,1.0,0.0
50,u6,12.0,22.0,2.0,6.0,0.0
50,u6,17.0,32.0,1.0,16.0,1.0
50,u6,22.0,172.0,4.0,31.0,5.0
50,u6,27.0,29.0,46.0,8.0,14.0
50,u6,32.0,18.0,0.0,3.0,4.0
50,u6,37.0,7.0,5.0,9.0,2.0
50,u6,42.0,8.0,2.0,0.0,0.0
50,u6,47.0,1.0,6.0,0.0,2.0
50,u6,52.0,1.0,0.0,0.0,2.0
50,u7,7.0,5.0,0.0,0.0,0.0
50,u7,12.0,14.0,1.0,11.0,0.0
50,u7,17.0,35.0,0.0,3.0,0.0
50,u7,22.0,53.0,2.0,15.0,1.0
50,u7,27.0,15.0,4.0,14.0,1.0
50,u7,32.0,13.0,4.0,17.0,2.0
50,u7,37.0,3.0,10.0,8.0,10.0
50,u7,42.0,1.0,2.0,3.0,11.0
50,u7,47.0,5.0,0.0,4.0,1.0
50,u7,52.0,0.0,2.0,1.0,5.0
50,u8,7.0,2.0,0.0,1.0,0.0
50,u8,12.0,13.0,0.0,3.0,0.0
50,u8,17.0,73.0,2.0,3.0,0.0
50,u8,22.0,38.0,14.0,24.0,1.0
50,u8,27.0,112.0,43.0,43.0,14.0
50,u8,32.0,159.0,18.0,9.0,36.0
50,u8,37.0,72.0,29.0,11.0,7.0
50,u8,42.0,34.0,7.0,5.0,1.0
50,u8,47.0,15.0,0.0,4.0,2.0
50,u8,52.0,13.0,2.0,0.0,0.0
51,u1,7.0,8.0,0.0,0.0,0.0
51,u1,12.0,10.0,0.0,3.0,0.0
51,u1,17.0,14.0,1.0,0.0,0.0
51,u1,22.0,30.0,0.0,5.0,0.0
51,u1,27.0,41.0,1.0,3.0,0.0
51,u1,32.0,28.0,4.0,8.0,4.0
51,u1,37.0,37.0,5.0,24.0,1.0
51,u1,42.0,102.0,10.0,3.0,2.0
51,u1,47.0,34.0,19.0,1.0,0.0
51,u1,52.0,17.0,0.0,2.0,0.0
51,u2,7.0,7.0,0.0,0.0,0.0
51,u2,12.0,10.0,0.0,1.0,0.0
51,u2,17.0,20.0,0.0,20.0,0.0
51,u2,22.0,57.0,3.0,20.0,0.0
51,u2,27.0,89.0,3.0,24.0,6.0
51,u2,32.0,135.0,45.0,25.0,18.0
51,u2,37.0,35.0,19.0,15.0,13.0
51,u2,42.0,3.0,3.0,22.0,18.0
51,u2,47.0,1.0,1.0,6.0,3.0
51,u2,52.0,3.0,0.0,0.0,1.0
51,u3,7.0,4.0,0.0,1.0,0.0
51,u3,12.0,20.0,2.0,4.0,0.0
51,u3,17.0,65.0,2.0,2.0,4.0
51,u3,22.0,7.0,10.0,14.0,2.0
51,u3,27.0,63.0,17.0,9.0,12.0
51,u3,32.0,69.0,31.0,2.0,0.0
51,u3,37.0,14.0,55.0,4.0,0.0
51,u3,42.0,5.0,0.0,1.0,1.0
51,u3,47.0,3.0,2.0,0.0,1.0
51,u3,52.0,4.0,4.0,1.0,0.0
51,u4,7.0,5.0,0.0,2.0,0.0
51,u4,12.0,35.0,0.0,4.0,0.0
51,u4,17.0,50.0,3.0,7.0,0.0
51,u4,22.0,117.0,3.0,9.0,0.0
51,u4,27.0,79.0,7.0,10.0,3.0
51,u4,32.0,114.0,2.0,4.0,2.0
51,u4,37.0,19.0,1.0,3.0,7.0
51,u4,42.0,11.0,14.0,0.0,0.0
51,u4,47.0,9.0,4.0,2.0,2.0
51,u4,52.0,16.0,2.0,3.0,0.0
51,u5,7.0,7.0,0.0,0.0,0.0
51,u5,12.0,3.0,0.0,3.0,0.0
51,u5,17.0,16.0,0.0,11.0,0.0
51,u5,22.0,28.0,3.0,12.0,0.0
51,u5,27.0,23.0,6.0,12.0,0.0
51,u5,32.0,60.0,2.0,7.0,0.0
51,u5,37.0,33.0,22.0,16.0,11.0
51,u5,42.0,8.0,4.0,7.0,0.0
51,u5,47.0,2.0,6.0,5.0,2.0
51,u5,52.0,9.0,1.0,0.0,5.0
51,u6,7.0,5.0,0.0,0.0,0.0
51,u6,12.0,22.0,0.0,1.0,0.0
51,u6,17.0,25.0,0.0,5.0,0.0
51,u6,22.0,52.0,0.0,18.0,1.0
51,u6,27.0,135.0,0.0,90.0,4.0
51,u6,32.0,131.0,38.0,55.0,32.0
51,u6,37.0,38.0,32.0,9.0,39.0
51,u6,42.0,36.0,9.0,14.0,20.0
51,u6,47.0,8.0,1.0,2.0,5.0
51,u6,52.0,10.0,6.0,0.0,5.0
51,u7,7.0,7.0,0.0,3.0,0.0
51,u7,12.0,21.0,1.0,2.0,0.0
51,u7,17.0,53.0,0.0,4.0,0.0
51,u7,22.0,141.0,0.0,17.0,0.0
51,u7,27.0,6.0,2.0,1.0,1.0
51,u7,32.0,89.0,14.0,6.0,1.0
51,u7,37.0,52.0,3.0,5.0,14.0
51,u7,42.0,28.0,2.0,11.0,0.0
51,u7,47.0,23.0,3.0,11.0,0.0
51,u7,52.0,41.0,6.0,2.0,0.0
51,u8,7.0,4.0,0.0,0.0,0.0
51,u8,12.0,29.0,0.0,7.0,1.0
51,u8,17.0,58.0,1.0,30.0,0.0
51,u8,22.0,173.0,7.0,75.0,11.0
51,u8,27.0,81.0,23.0,25.0,7.0
51,u8,32.0,60.0,6.0,20.0,5.0
51,u8,37.0,9.0,33.0,1.0,4.0
51,u8,42.0,5.0,7.0,2.0,3.0
51,u8,47.0,8.0,8.0,2.0,0.0
51,u8,52.0,19.0,12.0,0.0,1.0
52,u1,7.0,1.0,0.0,1.0,0.0
52,u1,12.0,2.0,0.0,3.0,1.0
52,u1,17.0,8.0,0.0,5.0,0.0
52,u1,22.0,23.0,0.0,10.0,0.0
52,u1,27.0,21.0,3.0,12.0,1.0
52,u1,32.0,26.0,2.0,3.0,6.0
52,u1,37.0,64.0,1.0,11.0,4.0
52,u1,42.0,35.0,0.0,16.0,1.0
52,u1,47.0,1.0,1.0,5.0,1.0
52,u1,52.0,6.0,3.0,5.0,5.0
52,u2,7.0,9.0,0.0,1.0,0.0
52,u2,12.0,7.0,0.0,2.0,0.0
52,u2,17.0,14.0,3.0,19.0,0.0
52,u2,22.0,95.0,5.0,26.0,0.0
52,u2,27.0,24.0,11.0,28.0,0.0
52,u2,32.0,57.0,6.0,3.0,1.0
52,u2,37.0,30.0,51.0,1.0,1.0
52,u2,42.0,6.0,0.0,0.0,0.0
52,u2,47.0,11.0,1.0,2.0,1.0
52,u2,52.0,14.0,2.0,0.0,0.0
52,u3,7.0,7.0,0.0,0.0,0.0
52,u3,12.0,5.0,0.0,10.0,0.0
52,u3,17.0,47.0,0.0,21.0,1.0
52,u3,22.0,31.0,5.0,52.0,1.0
52,u3,27.0,102.0,6.0,21.0,12.0
52,u3,32.0,95.0,22.0,12.0,17.0
52,u3,37.0,4.0,0.0,37.0,9.0
52,u3,42.0,8.0,0.0,3.0,6.0
52,u3,47.0,1.0,0.0,5.0,1.0
52,u3,52.0,0.0,0.0,3.0,2.0
52,u4,7.0,5.0,0.0,0.0,0.0
52,u4,12.0,4.0,0.0,0.0,0.0
52,u4,17.0,24.0,0.0,3.0,0.0
52,u4,22.0,12.0,2.0,7.0,0.0
52,u4,27.0,23.0,3.0,31.0,0.0
52,u4,32.0,30.0,15.0,28.0,0.0
52,u4,37.0,28.0,50.0,14.0,7.0
52,u4,42.0,21.0,0.0,16.0,5.0
52,u4,47.0,8.0,0.0,4.0,2.0
52,u4,52.0,0.0,0.0,2.0,2.0
52,u5,7.0,3.0,0.0,6.0,0.0
52,u5,12.0,16.0,0.0,5.0,0.0
52,u5,17.0,41.0,0.0,9.0,0.0
52,u5,22.0,100.0,0.0,21.0,0.0
52,u5,27.0,92.0,8.0,14.0,12.0
52,u5,32.0,18.0,3.0,7.0,2.0
52,u5,37.0,6.0,4.0,3.0,6.0
52,u5,42.0,7.0,6.0,6.0,0.0
52,u5,47.0,10.0,0.0,3.0,3.0
52,u5,52.0,5.0,0.0,3.0,2.0
52,u6,7.0,0.0,0.0,1.0,0.0
52,u6,12.0,3.0,0.0,13.0,0.0
52,u6,17.0,15.0,2.0,16.0,2.0
52,u6,22.0,84.0,0.0,69.0,0.0
52,u6,27.0,131.0,16.0,23.0,7.0
52,u6,32.0,113.0,75.0,13.0,0.0
52,u6,37.0,22.0,25.0,10.0,5.0
52,u6,42.0,13.0,8.0,4.0,1.0
52,u6,47.0,7.0,2.0,3.0,0.0
52,u6,52.0,9.0,0.0,3.0,1.0
52,u7,7.0,4.0,0.0,0.0,0.0
52,u7,12.0,22.0,0.0,3.0,0.0
52,u7,17.0,22.0,0.0,2.0,0.0
52,u7,22.0,31.0,1.0,9.0,3.0
52,u7,27.0,24.0,3.0,31.0,1.0
52,u7,32.0,106.0,13.0,28.0,9.0
52,u7,37.0,31.0,2.0,13.0,3.0
52,u7,42.0,43.0,2.0,6.0,0.0
52,u7,47.0,82.0,73.0,18.0,1.0
52,u7,52.0,32.0,4.0,4.0,0.0
52,u8,7.0,7.0,0.0,1.0,0.0
52,u8,12.0,13.0,0.0,2.0,0.0
52,u8,17.0,22.0,1.0,9.0,1.0
52,u8,22.0,143.0,0.0,53.0,1.0
52,u8,27.0,101.0,5.0,39.0,0.0
52,u8,32.0,132.0,29.0,45.0,2.0
52,u8,37.0,28.0,49.0,0.0,17.0
52,u8,42.0,8.0,2.0,0.0,8.0
52,u8,47.0,16.0,16.0,3.0,2.0
52,u8,52.0,6.0,4.0,0.0,1.0
53,u1,7.0,6.0,0.0,2.0,0.0
53,u1,12.0,6.0,2.0,2.0,0.0
53,u1,17.0,28.0,2.0,6.0,0.0
53,u1,22.0,27.0,2.0,22.0,13.0
53,u1,27.0,43.0,1.0,26.0,13.0
53,u1,32.0,25.0,9.0,12.0,6.0
53,u1,37.0,11.0,13.0,4.0,1.0
53,u1,42.0,11.0,1.0,2.0,0.0
53,u1,47.0,5.0,3.0,2.0,1.0
53,u1,52.0,2.0,0.0,3.0,0.0
53,u2,7.0,7.0,0.0,1.0,0.0
53,u2,12.0,19.0,0.0,11.0,0.0
53,u2,17.0,22.0,0.0,28.0,0.0
53,u2,22.0,101.0,2.0,32.0,1.0
53,u2,27.0,73.0,5.0,64.0,9.0
53,u2,32.0,46.0,27.0,83.0,45.0
53,u2,37.0,21.0,18.0,20.0,21.0
53,u2,42.0,4.0,2.0,13.0,40.0
53,u2,47.0,11.0,1.0,10.0,6.0
53,u2,52.0,3.0,0.0,2.0,4.0
53,u3,7.0,2.0,0.0,0.0,0.0
53,u3,12.0,10.0,0.0,3.0,0.0
53,u3,17.0,6.0,0.0,14.0,0.0
53,u3,22.0,129.0,2.0,17.0,2.0
53,u3,27.0,26.0,6.0,12.0,0.0
53,u3,32.0,108.0,27.0,5.0,13.0
53,u3,37.0,78.0,25.0,1.0,1.0
53,u3,42.0,32.0,39.0,2.0,0.0
53,u3,47.0,15.0,4.0,0.0,0.0
53,u3,52.0,2.0,1.0,0.0,1.0
53,u4,7.0,5.0,0.0,2.0,0.0
53,u4,12.0,32.0,1.0,5.0,0.0
53,u4,17.0,27.0,0.0,11.0,0.0
53,u4,22.0,27.0,6.0,6.0,1.0
53,u4,27.0,4.0,33.0,12.0,1.0
53,u4,32.0,11.0,14.0,17.0,7.0
53,u4,37.0,20.0,13.0,2.0,0.0
53,u4,42.0,7.0,53.0,7.0,16.0
53,u4,47.0,2.0,3.0,2.0,1.0
53,u4,52.0,5.0,6.0,1.0,1.0
53,u5,7.0,4.0,0.0,3.0,0.0
53,u5,12.0,0.0,0.0,7.0,0.0
53,u5,17.0,33.0,1.0,21.0,0.0
53,u5,22.0,47.0,0.0,53.0,29.0
53,u5,27.0,20.0,4.0,24.0,1.0
53,u5,32.0,10.0,3.0,19.0,15.0
53,u5,37.0,8.0,4.0,42.0,6.0
53,u5,42.0,4.0,3.0,22.0,3.0
53,u5,47.0,0.0,0.0,0.0,12.0
53,u5,52.0,1.0,0.0,1.0,2.0
53,u6,7.0,4.0,0.0,0.0,0.0
53,u6,12.0,1.0,0.0,3.0,0.0
53,u6,17.0,33.0,0.0,5.0,0.0
53,u6,22.0,22.0,0.0,4.0,0.0
53,u6,27.0,27.0,10.0,7.0,0.0
53,u6,32.0,15.0,4.0,21.0,1.0
53,u6,37.0,18.0,3.0,10.0,7.0
53,u6,42.0,14.0,9.0,7.0,2.0
53,u6,47.0,11.0,18.0,1.0,7.0
53,u6,52.0,5.0,3.0,2.0,3.0
53,u7,7.0,2.0,0.0,1.0,0.0
53,u7,12.0,11.0,0.0,6.0,0.0
53,u7,17.0,37.0,0.0,4.0,0.0
53,u7,22.0,32.0,2.0,30.0,0.0
53,u7,27.0,97.0,1.0,40.0,10.0
53,u7,32.0,74.0,10.0,14.0,10.0
53,u7,37.0,39.0,6.0,8.0,8.0
53,u7,42.0,21.0,25.0,11.0,0.0
53,u7,47.0,25.0,13.0,4.0,4.0
53,u7,52.0,14.0,1.0,0.0,3.0
53,u8,7.0,8.0,0.0,5.0,0.0
53,u8,12.0,20.0,0.0,5.0,0.0
53,u8,17.0,17.0,0.0,19.0,0.0
53,u8,22.0,82.0,4.0,17.0,1.0
53,u8,27.0,24.0,44.0,4.0,2.0
53,u8,32.0,63.0,5.0,4.0,12.0
53,u8,37.0,26.0,2.0,0.0,4.0
53,u8,42.0,6.0,3.0,1.0,1.0
53,u8,47.0,7.0,5.0,0.0,2.0
53,u8,52.0,24.0,0.0,0.0,0.0
54,u1,7.0,4.0,0.0,2.0,0.0
54,u1,12.0,8.0,0.0,5.0,0.0
54,u1,17.0,28.0,0.0,7.0,0.0
54,u1,22.0,88.0,0.0,30.0,0.0
54,u1,27.0,59.0,9.0,31.0,14.0
54,u1,32.0,36.0,4.0,24.0,1.0
54,u1,37.0,21.0,7.0,26.0,59.0
54,u1,42.0,2.0,1.0,3.0,17.0
54,u1,47.0,0.0,0.0,2.0,8.0
54,u1,52.0,0.0,0.0,0.0,0.0
54,u2,7.0,1.0,0.0,1.0,0.0
54,u2,12.0,3.0,1.0,1.0,0.0
54,u2,17.0,8.0,0.0,6.0,0.0
54,u2,22.0,12.0,0.0,11.0,0.0
54,u2,27.0,82.0,1.0,16.0,1.0
54,u2,32.0,132.0,3.0,42.0,1.0
54,u2,37.0,50.0,11.0,54.0,9.0
54,u2,42.0,25.0,8.0,13.0,6.0
54,u2,47.0,13.0,13.0,2.0,8.0
54,u2,52.0,2.0,0.0,6.0,1.0
54,u3,7.0,4.0,0.0,1.0,0.0
54,u3,12.0,13.0,1.0,7.0,0.0
54,u3,17.0,45.0,1.0,13.0,0.0
54,u3,22.0,60.0,0.0,24.0,0.0
54,u3,27.0,43.0,13.0,8.0,3.0
54,u3,32.0,42.0,15.0,6.0,4.0
54,u3,37.0,18.0,3.0,1.0,1.0
54,u3,42.0,3.0,1.0,7.0,1.0
54,u3,47.0,18.0,3.0,0.0,3.0
54,u3,52.0,5.0,1.0,1.0,0.0
54,u4,7.0,3.0,0.0,3.0,0.0
54,u4,12.0,17.0,0.0,5.0,0.0
54,u4,17.0,97.0,2.0,28.0,0.0
54,u4,22.0,81.0,0.0,14.0,2.0
54,u4,27.0,9.0,83.0,25.0,0.0
54,u4,32.0,17.0,41.0,5.0,10.0
54,u4,37.0,14.0,22.0,5.0,1.0
54,u4,42.0,6.0,7.0,2.0,4.0
54,u4,47.0,6.0,0.0,2.0,2.0
54,u4,52.0,5.0,0.0,0.0,0.0
54,u5,7.0,2.0,0.0,1.0,0.0
54,u5,12.0,3.0,0.0,4.0,0.0
54,u5,17.0,3.0,0.0,1.0,0.0
54,u5,22.0,50.0,1.0,4.0,1.0
54,u5,27.0,45.0,2.0,6.0,0.0
54,u5,32.0,75.0,4.0,39.0,1.0
54,u5,37.0,84.0,3.0,7.0,0.0
54,u5,42.0,18.0,0.0,21.0,4.0
54,u5,47.0,27.0,2.0,2.0,0.0
54,u5,52.0,29.0,3.0,6.0,1.0
54,u6,7.0,8.0,0.0,1.0,0.0
54,u6,12.0,8.0,0.0,5.0,1.0
54,u6,17.0,52.0,3.0,8.0,0.0
54,u6,22.0,18.0,4.0,41.0,1.0
54,u6,27.0,29.0,1.0,27.0,22.0
54,u6,32.0,17.0,15.0,4.0,0.0
54,u6,37.0,13.0,4.0,1.0,2.0
54,u6,42.0,7.0,4.0,0.0,1.0
54,u6,47.0,13.0,0.0,1.0,2.0
54,u6,52.0,21.0,0.0,0.0,0.0
54,u7,7.0,8.0,0.0,1.0,0.0
54,u7,12.0,14.0,0.0,7.0,0.0
54,u7,17.0,48.0,1.0,8.0,0.0
54,u7,22.0,173.0,6.0,14.0,0.0
54,u7,27.0,84.0,8.0,16.0,1.0
54,u7,32.0,49.0,3.0,5.0,5.0
54,u7,37.0,41.0,3.0,6.0,3.0
54,u7,42.0,25.0,21.0,1.0,0.0
54,u7,47.0,1.0,8.0,0.0,1.0
54,u7,52.0,12.0,14.0,0.0,4.0
54,u8,7.0,2.0,0.0,1.0,0.0
54,u8,12.0,14.0,0.0,5.0,0.0
54,u8,17.0,83.0,0.0,11.0,0.0
54,u8,22.0,59.0,0.0,38.0,3.0
54,u8,27.0,29.0,17.0,35.0,4.0
54,u8,32.0,45.0,13.0,26.0,63.0
54,u8,37.0,7.0,4.0,18.0,5.0
54,u8,42.0,7.0,7.0,1.0,16.0
54,u8,47.0,1.0,1.0,0.0,5.0
54,u8,52.0,1.0,1.0,3.0,1.0
55,u1,7.0,9.0,0.0,1.0,0.0
55,u1,12.0,11.0,0.0,2.0,0.0
55,u1,17.0,24.0,1.0,17.0,0.0
55,u1,22.0,80.0,1.0,14.0,0.0
55,u1,27.0,58.0,29.0,23.0,2.0
55,u1,32.0,65.0,42.0,10.0,1.0
55,u1,37.0,27.0,21.0,7.0,4.0
55,u1,42.0,1.0,4.0,0.0,2.0
55,u1,47.0,1.0,0.0,0.0,0.0
55,u1,52.0,3.0,3.0,1.0,0.0
55,u2,7.0,12.0,0.0,2.0,0.0
55,u2,12.0,27.0,0.0,4.0,0.0
55,u2,17.0,35.0,0.0,7.0,0.0
55,u2,22.0,43.0,1.0,11.0,2.0
55,u2,27.0,227.0,3.0,19.0,4.0
55,u2,32.0,43.0,3.0,40.0,4.0
55,u2,37.0,35.0,5.0,5.0,3.0
55,u2,42.0,5.0,4.0,2.0,2.0
55,u2,47.0,1.0,2.0,0.0,7.0
55,u2,52.0,1.0,0.0,0.0,0.0
55,u3,7.0,1.0,0.0,0.0,0.0
55,u3,12.0,12.0,0.0,3.0,0.0
55,u3,17.0,22.0,0.0,7.0,0.0
55,u3,22.0,52.0,0.0,7.0,1.0
55,u3,27.0,33.0,4.0,8.0,0.0
55,u3,32.0,40.0,22.0,9.0,0.0
55,u3,37.0,50.0,4.0,6.0,0.0
55,u3,42.0,8.0,1.0,4.0,2.0
55,u3,47.0,8.0,0.0,2.0,0.0
55,u3,52.0,12.0,0.0,3.0,0.0
55,u4,7.0,7.0,0.0,1.0,0.0
55,u4,12.0,15.0,0.0,1.0,1.0
55,u4,17.0,18.0,3.0,7.0,0.0
55,u4,22.0,18.0,0.0,2.0,0.0
55,u4,27.0,22.0,7.0,7.0,0.0
55,u4,32.0,33.0,49.0,2.0,2.0
55,u4,37.0,5.0,31.0,1.0,3.0
55,u4,42.0,9.0,2.0,1.0,1.0
55,u4,47.0,3.0,6.0,1.0,0.0
55,u4,52.0,7.0,2.0,1.0,0.0
55,u5,7.0,12.0,0.0,0.0,0.0
55,u5,12.0,6.0,0.0,3.0,1.0
55,u5,17.0,26.0,0.0,5.0,0.0
55,u5,22.0,27.0,1.0,8.0,0.0
55,u5,27.0,39.0,10.0,18.0,2.0
55,u5,32.0,40.0,10.0,15.0,6.0
55,u5,37.0,38.0,7.0,3.0,1.0
55,u5,42.0,7.0,2.0,2.0,2.0
55,u5,47.0,25.0,1.0,5.0,0.0
55,u5,52.0,18.0,1.0,5.0,1.0
55,u6,7.0,7.0,0.0,3.0,0.0
55,u6,12.0,15.0,0.0,8.0,0.0
55,u6,17.0,28.0,2.0,5.0,0.0
55,u6,22.0,64.0,0.0,27.0,0.0
55,u6,27.0,19.0,2.0,17.0,1.0
55,u6,32.0,64.0,3.0,16.0,14.0
55,u6,37.0,24.0,8.0,11.0,1.0
55,u6,42.0,17.0,4.0,2.0,1.0
55,u6,47.0,5.0,0.0,0.0,2.0
55,u6,52.0,3.0,1.0,2.0,1.0
55,u7,7.0,4.0,0.0,3.0,0.0
55,u7,12.0,5.0,0.0,2.0,0.0
55,u7,17.0,11.0,0.0,2.0,0.0
55,u7,22.0,27.0,1.0,17.0,3.0
55,u7,27.0,37.0,2.0,57.0,8.0
55,u7,32.0,43.0,16.0,77.0,40.0
55,u7,37.0,34.0,16.0,52.0,1.0
55,u7,42.0,23.0,1.0,5.0,14.0
55,u7,47.0,3.0,0.0,19.0,33.0
55,u7,52.0,0.0,0.0,4.0,3.0
55,u8,7.0,6.0,0.0,0.0,0.0
55,u8,12.0,16.0,1.0,1.0,0.0
55,u8,17.0,79.0,0.0,22.0,1.0
55,u8,22.0,161.0,15.0,22.0,0.0
55,u8,27.0,93.0,34.0,34.0,43.0
55,u8,32.0,22.0,9.0,13.0,14.0
55,u8,37.0,12.0,13.0,6.0,6.0
55,u8,42.0,13.0,0.0,5.0,3.0
55,u8,47.0,4.0,3.0,0.0,0.0
55,u8,52.0,3.0,0.0,0.0,0.0
56,u1,7.0,2.0,0.0,1.0,0.0
56,u1,12.0,9.0,0.0,8.0,0.0
56,u1,17.0,27.0,2.0,3.0,0.0
56,u1,22.0,71.0,0.0,56.0,3.0
56,u1,27.0,26.0,10.0,10.0,37.0
56,u1,32.0,17.0,2.0,15.0,2.0
56,u1,37.0,5.0,10.0,1.0,1.0
56,u1,42.0,3.0,0.0,3.0,9.0
56,u1,47.0,0.0,0.0,1.0,0.0
56,u1,52.0,0.0,1.0,0.0,1.0
56,u2,7.0,5.0,0.0,3.0,0.0
56,u2,12.0,9.0,1.0,3.0,0.0
56,u2,17.0,37.0,1.0,4.0,0.0
56,u2,22.0,24.0,1.0,8.0,0.0
56,u2,27.0,62.0,0.0,5.0,0.0
56,u2,32.0,88.0,2.0,5.0,5.0
56,u2,37.0,32.0,10.0,13.0,0.0
56,u2,42.0,9.0,7.0,5.0,3.0
56,u2,47.0,17.0,0.0,5.0,2.0
56,u2,52.0,9.0,1.0,6.0,1.0
56,u3,7.0,0.0,0.0,1.0,0.0
56,u3,12.0,22.0,0.0,4.0,0.0
56,u3,17.0,17.0,1.0,15.0,0.0
56,u3,22.0,85.0,13.0,22.0,4.0
56,u3,27.0,54.0,35.0,52.0,11.0
56,u3,32.0,5.0,73.0,21.0,17.0
56,u3,37.0,3.0,1.0,5.0,32.0
56,u3,42.0,1.0,2.0,16.0,6.0
56,u3,47.0,0.0,0.0,13.0,4.0
56,u3,52.0,0.0,1.0,6.0,5.0
56,u4,7.0,1.0,0.0,3.0,0.0
56,u4,12.0,5.0,0.0,3.0,0.0
56,u4,17.0,48.0,3.0,17.0,0.0
56,u4,22.0,41.0,0.0,42.0,0.0
56,u4,27.0,78.0,0.0,53.0,22.0
56,u4,32.0,27.0,48.0,55.0,2.0
56,u4,37.0,37.0,38.0,7.0,23.0
56,u4,42.0,12.0,7.0,3.0,18.0
56,u4,47.0,4.0,2.0,4.0,0.0
56,u4,52.0,5.0,1.0,0.0,1.0
56,u5,7.0,0.0,0.0,1.0,0.0
56,u5,12.0,17.0,0.0,4.0,0.0
56,u5,17.0,29.0,0.0,5.0,0.0
56,u5,22.0,56.0,0.0,7.0,0.0
56,u5,27.0,51.0,1.0,24.0,0.0
56,u5,32.0,90.0,0.0,43.0,2.0
56,u5,37.0,31.0,1.0,12.0,4.0
56,u5,42.0,8.0,1.0,6.0,23.0
56,u5,47.0,7.0,0.0,7.0,19.0
56,u5,52.0,3.0,1.0,1.0,14.0
56,u6,7.0,11.0,0.0,1.0,0.0
56,u6,12.0,5.0,0.0,9.0,0.0
56,u6,17.0,86.0,1.0,23.0,1.0
56,u6,22.0,43.0,7.0,64.0,24.0
56,u6,27.0,23.0,22.0,61.0,48.0
56,u6,32.0,1.0,9.0,18.0,54.0
56,u6,37.0,12.0,0.0,2.0,3.0
56,u6,42.0,11.0,0.0,7.0,13.0
56,u6,47.0,14.0,6.0,3.0,1.0
56,u6,52.0,10.0,1.0,8.0,0.0
56,u7,7.0,6.0,0.0,1.0,0.0
56,u7,12.0,2.0,0.0,2.0,0.0
56,u7,17.0,9.0,0.0,2.0,0.0
56,u7,22.0,15.0,0.0,13.0,0.0
56,u7,27.0,17.0,0.0,9.0,2.0
56,u7,32.0,47.0,19.0,12.0,8.0
56,u7,37.0,24.0,0.0,12.0,4.0
56,u7,42.0,19.0,5.0,0.0,3.0
56,u7,47.0,2.0,0.0,0.0,3.0
56,u7,52.0,0.0,1.0,1.0,0.0
56,u8,7.0,3.0,0.0,3.0,0.0
56,u8,12.0,1.0,1.0,3.0,0.0
56,u8,17.0,21.0,1.0,16.0,2.0
56,u8,22.0,75.0,7.0,20.0,0.0
56,u8,27.0,24.0,3.0,15.0,5.0
56,u8,32.0,15.0,2.0,14.0,1.0
56,u8,37.0,11.0,5.0,6.0,3.0
56,u8,42.0,26.0,0.0,1.0,0.0
56,u8,47.0,7.0,3.0,1.0,0.0
56,u8,52.0,8.0,1.0,0.0,0.0
57,u1,7.0,4.0,0.0,1.0,0.0
57,u1,12.0,14.0,0.0,0.0,0.0
57,u1,17.0,6.0,0.0,6.0,0.0
57,u1,22.0,22.0,5.0,30.0,2.0
57,u1,27.0,32.0,0.0,24.0,36.0
57,u1,32.0,62.0,7.0,26.0,14.0
57,u1,37.0,27.0,7.0,7.0,0.0
57,u1,42.0,16.0,11.0,0.0,1.0
57,u1,47.0,6.0,1.0,0.0,0.0
57,u1,52.0,11.0,1.0,0.0,0.0
57,u2,7.0,1.0,0.0,1.0,0.0
57,u2,12.0,9.0,0.0,1.0,0.0
57,u2,17.0,15.0,0.0,1.0,0.0
57,u2,22.0,58.0,0.0,9.0,0.0
57,u2,27.0,22.0,2.0,15.0,1.0
57,u2,32.0,22.0,28.0,9.0,8.0
57,u2,37.0,10.0,18.0,12.0,6.0
57,u2,42.0,31.0,2.0,4.0,2.0
57,u2,47.0,7.0,5.0,0.0,1.0
57,u2,52.0,4.0,2.0,1.0,0.0
57,u3,7.0,7.0,0.0,2.0,0.0
57,u3,12.0,10.0,0.0,1.0,0.0
57,u3,17.0,27.0,1.0,10.0,0.0
57,u3,22.0,20.0,0.0,15.0,0.0
57,u3,27.0,111.0,3.0,12.0,2.0
57,u3,32.0,18.0,3.0,23.0,6.0
57,u3,37.0,43.0,3.0,14.0,19.0
57,u3,42.0,10.0,7.0,7.0,2.0
57,u3,47.0,2.0,3.0,2.0,2.0
57,u3,52.0,5.0,7.0,2.0,3.0
57,u4,7.0,3.0,0.0,1.0,0.0
57,u4,12.0,17.0,0.0,3.0,0.0
57,u4,17.0,39.0,0.0,9.0,0.0
57,u4,22.0,61.0,4.0,32.0,0.0
57,u4,27.0,29.0,6.0,29.0,15.0
57,u4,32.0,48.0,40.0,8.0,14.0
57,u4,37.0,4.0,10.0,5.0,2.0
57,u4,42.0,1.0,1.0,1.0,0.0
57,u4,47.0,0.0,0.0,0.0,0.0
57,u4,52.0,1.0,0.0,0.0,0.0
57,u5,7.0,2.0,0.0,2.0,0.0
57,u5,12.0,5.0,0.0,5.0,0.0
57,u5,17.0,10.0,0.0,4.0,0.0
57,u5,22.0,9.0,0.0,20.0,0.0
57,u5,27.0,57.0,3.0,13.0,1.0
57,u5,32.0,53.0,3.0,14.0,11.0
57,u5,37.0,25.0,2.0,11.0,12.0
57,u5,42.0,7.0,4.0,4.0,1.0
57,u5,47.0,4.0,6.0,3.0,0.0
57,u5,52.0,7.0,1.0,2.0,1.0
57,u6,7.0,12.0,0.0,2.0,0.0
57,u6,12.0,2.0,0.0,9.0,0.0
57,u6,17.0,30.0,2.0,17.0,0.0
57,u6,22.0,133.0,0.0,30.0,0.0
57,u6,27.0,71.0,0.0,49.0,16.0
57,u6,32.0,35.0,5.0,10.0,15.0
57,u6,37.0,1.0,21.0,3.0,10.0
57,u6,42.0,5.0,1.0,0.0,0.0
57,u6,47.0,6.0,1.0,0.0,0.0
57,u6,52.0,1.0,3.0,1.0,0.0
57,u7,7.0,4.0,2.0,3.0,0.0
57,u7,12.0,4.0,0.0,8.0,0.0
57,u7,17.0,66.0,0.0,6.0,0.0
57,u7,22.0,207.0,3.0,18.0,2.0
57,u7,27.0,87.0,3.0,13.0,6.0
57,u7,32.0,32.0,5.0,9.0,10.0
57,u7,37.0,34.0,4.0,14.0,5.0
57,u7,42.0,2.0,25.0,12.0,5.0
57,u7,47.0,1.0,2.0,1.0,8.0
57,u7,52.0,2.0,2.0,2.0,1.0
57,u8,7.0,13.0,0.0,1.0,0.0
57,u8,12.0,18.0,0.0,2.0,0.0
57,u8,17.0,47.0,3.0,3.0,0.0
57,u8,22.0,41.0,13.0,9.0,0.0
57,u8,27.0,63.0,1.0,16.0,3.0
57,u8,32.0,33.0,33.0,9.0,3.0
57,u8,37.0,4.0,9.0,12.0,2.0
57,u8,42.0,14.0,0.0,1.0,3.0
57,u8,47.0,4.0,0.0,1.0,3.0
57,u8,52.0,0.0,0.0,1.0,0.0
58,u1,7.0,6.0,0.0,2.0,0.0
58,u1,12.0,21.0,0.0,3.0,0.0
58,u1,17.0,25.0,2.0,4.0,0.0
58,u1,22.0,55.0,4.0,6.0,2.0
58,u1,27.0,45.0,2.0,1.0,0.0
58,u1,32.0,50.0,2.0,10.0,2.0
58,u1,37.0,42.0,7.0,8.0,0.0
58,u1,42.0,60.0,1.0,15.0,2.0
58,u1,47.0,5.0,10.0,2.0,22.0
58,u1,52.0,14.0,0.0,22.0,2.0
58,u2,7.0,5.0,0.0,2.0,0.0
58,u2,12.0,27.0,1.0,1.0,0.0
58,u2,17.0,30.0,1.0,10.0,0.0
58,u2,22.0,62.0,5.0,18.0,3.0
58,u2,27.0,37.0,10.0,2.0,5.0
58,u2,32.0,10.0,6.0,5.0,2.0
58,u2,37.0,11.0,5.0,1.0,0.0
58,u2,42.0,3.0,0.0,3.0,0.0
58,u2,47.0,1.0,0.0,0.0,1.0
58,u2,52.0,2.0,0.0,1.0,0.0
58,u3,7.0,3.0,0.0,2.0,0.0
58,u3,12.0,10.0,0.0,3.0,0.0
58,u3,17.0,6.0,1.0,5.0,0.0
58,u3,22.0,56.0,2.0,11.0,0.0
58,u3,27.0,65.0,3.0,18.0,5.0
58,u3,32.0,23.0,3.0,6.0,3.0
58,u3,37.0,5.0,7.0,11.0,2.0
58,u3,42.0,14.0,1.0,1.0,9.0
58,u3,47.0,5.0,2.0,1.0,2.0
58,u3,52.0,0.0,2.0,1.0,4.0
58,u4,7.0,4.0,0.0,3.0,0.0
58,u4,12.0,18.0,0.0,2.0,0.0
58,u4,17.0,21.0,0.0,2.0,0.0
58,u4,22.0,28.0,8.0,9.0,1.0
58,u4,27.0,47.0,6.0,24.0,8.0
58,u4,32.0,55.0,43.0,16.0,4.0
58,u4,37.0,25.0,10.0,2.0,1.0
58,u4,42.0,1.0,42.0,2.0,2.0
58,u4,47.0,14.0,0.0,0.0,0.0
58,u4,52.0,19.0,5.0,0.0,0.0
58,u5,7.0,4.0,0.0,3.0,0.0
58,u5,12.0,31.0,0.0,10.0,0.0
58,u5,17.0,47.0,0.0,16.0,0.0
58,u5,22.0,124.0,0.0,23.0,0.0
58,u5,27.0,157.0,21.0,8.0,20.0
58,u5,32.0,42.0,41.0,12.0,28.0
58,u5,37.0,26.0,6.0,5.0,16.0
58,u5,42.0,55.0,27.0,2.0,7.0
58,u5,47.0,52.0,46.0,2.0,1.0
58,u5,52.0,12.0,1.0,5.0,1.0
58,u6,7.0,4.0,0.0,1.0,0.0
58,u6,12.0,15.0,1.0,2.0,0.0
58,u6,17.0,9.0,0.0,15.0,0.0
58,u6,22.0,45.0,0.0,28.0,0.0
58,u6,27.0,42.0,7.0,13.0,1.0
58,u6,32.0,19.0,13.0,22.0,24.0
58,u6,37.0,19.0,1.0,2.0,1.0
58,u6,42.0,4.0,0.0,6.0,1.0
58,u6,47.0,0.0,2.0,4.0,0.0
58,u6,52.0,2.0,1.0,0.0,2.0
58,u7,7.0,5.0,0.0,0.0,0.0
58,u7,12.0,18.0,0.0,1.0,0.0
58,u7,17.0,30.0,1.0,13.0,0.0
58,u7,22.0,41.0,0.0,19.0,3.0
58,u7,27.0,173.0,4.0,16.0,2.0
58,u7,32.0,52.0,10.0,14.0,7.0
58,u7,37.0,40.0,9.0,8.0,3.0
58,u7,42.0,16.0,11.0,6.0,2.0
58,u7,47.0,7.0,0.0,2.0,0.0
58,u7,52.0,5.0,1.0,0.0,1.0
58,u8,7.0,2.0,0.0,2.0,0.0
58,u8,12.0,18.0,0.0,3.0,0.0
58,u8,17.0,44.0,0.0,14.0,0.0
58,u8,22.0,119.0,0.0,2.0,0.0
58,u8,27.0,46.0,21.0,13.0,2.0
58,u8,32.0,65.0,69.0,1.0,4.0
58,u8,37.0,43.0,3.0,4.0,3.0
58,u8,42.0,17.0,0.0,0.0,1.0
58,u8,47.0,4.0,37.0,1.0,1.0
58,u8,52.0,8.0,1.0,1.0,0.0
59,u1,7.0,1.0,0.0,3.0,0.0
59,u1,12.0,14.0,0.0,1.0,0.0
59,u1,17.0,32.0,0.0,2.0,0.0
59,u1,22.0,18.0,0.0,12.0,0.0
59,u1,27.0,37.0,6.0,9.0,1.0
59,u1,32.0,107.0,23.0,57.0,0.0
59,u1,37.0,33.0,17.0,7.0,9.0
59,u1,42.0,75.0,25.0,3.0,3.0
59,u1,47.0,17.0,68.0,6.0,9.0
59,u1,52.0,25.0,9.0,1.0,1.0
59,u2,7.0,14.0,0.0,2.0,0.0
59,u2,12.0,13.0,0.0,4.0,0.0
59,u2,17.0,31.0,0.0,8.0,0.0
59,u2,22.0,43.0,0.0,12.0,0.0
59,u2,27.0,88.0,4.0,14.0,2.0
59,u2,32.0,49.0,7.0,5.0,4.0
59,u2,37.0,27.0,8.0,8.0,8.0
59,u2,42.0,8.0,24.0,3.0,0.0
59,u2,47.0,8.0,11.0,0.0,0.0
59,u2,52.0,1.0,0.0,0.0,2.0
59,u3,7.0,7.0,0.0,0.0,0.0
59,u3,12.0,18.0,0.0,1.0,0.0
59,u3,17.0,24.0,0.0,0.0,0.0
59,u3,22.0,24.0,1.0,6.0,0.0
59,u3,27.0,24.0,1.0,11.0,1.0
59,u3,32.0,60.0,3.0,15.0,1.0
59,u3,37.0,86.0,0.0,8.0,3.0
59,u3,42.0,23.0,4.0,11.0,2.0
59,u3,47.0,18.0,1.0,2.0,3.0
59,u3,52.0,9.0,6.0,0.0,4.0
59,u4,7.0,1.0,0.0,2.0,0.0
59,u4,12.0,4.0,0.0,2.0,0.0
59,u4,17.0,11.0,0.0,4.0,0.0
59,u4,22.0,83.0,1.0,20.0,0.0
59,u4,27.0,38.0,7.0,75.0,3.0
59,u4,32.0,63.0,33.0,42.0,3.0
59,u4,37.0,12.0,11.0,18.0,2.0
59,u4,42.0,4.0,0.0,7.0,2.0
59,u4,47.0,4.0,0.0,6.0,0.0
59,u4,52.0,5.0,0.0,5.0,15.0
59,u5,7.0,5.0,0.0,3.0,0.0
59,u5,12.0,4.0,0.0,6.0,0.0
59,u5,17.0,17.0,0.0,13.0,0.0
59,u5,22.0,23.0,0.0,14.0,0.0
59,u5,27.0,17.0,1.0,15.0,1.0
59,u5,32.0,76.0,3.0,29.0,3.0
59,u5,37.0,69.0,66.0,30.0,12.0
59,u5,42.0,16.0,0.0,7.0,0.0
59,u5,47.0,5.0,13.0,7.0,3.0
59,u5,52.0,4.0,0.0,8.0,18.0
59,u6,7.0,10.0,0.0,3.0,0.0
59,u6,12.0,1.0,0.0,4.0,0.0
59,u6,17.0,17.0,0.0,17.0,0.0
59,u6,22.0,27.0,0.0,18.0,0.0
59,u6,27.0,40.0,0.0,32.0,0.0
59,u6,32.0,86.0,17.0,21.0,9.0
59,u6,37.0,38.0,55.0,45.0,28.0
59,u6,42.0,22.0,2.0,12.0,53.0
59,u6,47.0,18.0,2.0,8.0,18.0
59,u6,52.0,5.0,14.0,4.0,5.0
59,u7,7.0,2.0,0.0,2.0,0.0
59,u7,12.0,9.0,0.0,2.0,0.0
59,u7,17.0,26.0,0.0,2.0,0.0
59,u7,22.0,54.0,3.0,16.0,1.0
59,u7,27.0,62.0,21.0,11.0,0.0
59,u7,32.0,42.0,15.0,8.0,18.0
59,u7,37.0,16.0,0.0,13.0,6.0
59,u7,42.0,5.0,10.0,4.0,13.0
59,u7,47.0,9.0,0.0,11.0,4.0
59,u7,52.0,9.0,0.0,3.0,0.0
59,u8,7.0,8.0,0.0,0.0,0.0
59,u8,12.0,13.0,0.0,10.0,0.0
59,u8,17.0,44.0,0.0,24.0,1.0
59,u8,22.0,50.0,0.0,12.0,1.0
59,u8,27.0,38.0,5.0,58.0,1.0
59,u8,32.0,15.0,15.0,33.0,11.0
59,u8,37.0,5.0,2.0,2.0,5.0
59,u8,42.0,7.0,1.0,2.0,1.0
59,u8,47.0,1.0,0.0,7.0,3.0
59,u8,52.0,3.0,1.0,1.0,2.0
60,u1,7.0,0.0,0.0,1.0,0.0
60,u1,12.0,6.0,0.0,3.0,0.0
60,u1,17.0,22.0,0.0,4.0,0.0
60,u1,22.0,51.0,0.0,4.0,0.0
60,u1,27.0,29.0,0.0,4.0,0.0
60,u1,32.0,60.0,0.0,8.0,1.0
60,u1,37.0,67.0,5.0,18.0,6.0
60,u1,42.0,164.0,0.0,23.0,9.0
60,u1,47.0,38.0,15.0,10.0,0.0
60,u1,52.0,50.0,4.0,2.0,2.0
60,u2,7.0,2.0,0.0,1.0,0.0
60,u2,12.0,20.0,0.0,8.0,0.0
60,u2,17.0,26.0,0.0,3.0,0.0
60,u2,22.0,41.0,0.0,24.0,0.0
60,u2,27.0,43.0,0.0,36.0,0.0
60,u2,32.0,79.0,1.0,21.0,6.0
60,u2,37.0,6.0,0.0,17.0,10.0
60,u2,42.0,3.0,7.0,2.0,5.0
60,u2,47.0,0.0,0.0,0.0,0.0
60,u2,52.0,0.0,0.0,0.0,0.0
60,u3,7.0,6.0,0.0,0.0,0.0
60,u3,12.0,21.0,0.0,4.0,0.0
60,u3,17.0,34.0,1.0,10.0,0.0
60,u3,22.0,89.0,1.0,30.0,4.0
60,u3,27.0,33.0,25.0,21.0,19.0
60,u3,32.0,19.0,27.0,6.0,13.0
60,u3,37.0,5.0,2.0,3.0,3.0
60,u3,42.0,2.0,0.0,4.0,8.0
60,u3,47.0,0.0,0.0,4.0,4.0
60,u3,52.0,1.0,0.0,4.0,3.0
60,u4,7.0,11.0,0.0,2.0,0.0
60,u4,12.0,14.0,0.0,18.0,0.0
60,u4,17.0,60.0,2.0,25.0,1.0
60,u4,22.0,79.0,5.0,32.0,1.0
60,u4,27.0,9.0,49.0,21.0,2.0
60,u4,32.0,31.0,2.0,10.0,13.0
60,u4,37.0,7.0,0.0,1.0,20.0
60,u4,42.0,0.0,0.0,0.0,5.0
60,u4,47.0,5.0,0.0,0.0,1.0
60,u4,52.0,0.0,0.0,1.0,0.0
60,u5,7.0,1.0,0.0,1.0,0.0
60,u5,12.0,27.0,0.0,4.0,0.0
60,u5,17.0,86.0,0.0,14.0,0.0
60,u5,22.0,29.0,3.0,37.0,2.0
60,u5,27.0,77.0,22.0,21.0,9.0
60,u5,32.0,56.0,42.0,5.0,9.0
60,u5,37.0,107.0,16.0,7.0,7.0
60,u5,42.0,20.0,25.0,3.0,5.0
60,u5,47.0,22.0,20.0,1.0,1.0
60,u5,52.0,41.0,8.0,0.0,2.0
60,u6,7.0,3.0,0.0,2.0,0.0
60,u6,12.0,8.0,0.0,11.0,0.0
60,u6,17.0,43.0,1.0,20.0,1.0
60,u6,22.0,36.0,0.0,48.0,5.0
60,u6,27.0,10.0,5.0,45.0,29.0
60,u6,32.0,19.0,39.0,19.0,6.0
60,u6,37.0,9.0,17.0,1.0,1.0
60,u6,42.0,3.0,12.0,0.0,1.0
60,u6,47.0,5.0,2.0,0.0,0.0
60,u6,52.0,8.0,13.0,0.0,1.0
60,u7,7.0,2.0,0.0,2.0,0.0
60,u7,12.0,11.0,0.0,4.0,0.0
60,u7,17.0,42.0,2.0,6.0,0.0
60,u7,22.0,49.0,0.0,8.0,0.0
60,u7,27.0,231.0,20.0,5.0,0.0
60,u7,32.0,135.0,16.0,8.0,1.0
60,u7,37.0,101.0,77.0,5.0,1.0
60,u7,42.0,42.0,17.0,1.0,0.0
60,u7,47.0,22.0,7.0,1.0,0.0
60,u7,52.0,33.0,1.0,0.0,2.0
60,u8,7.0,4.0,0.0,1.0,0.0
60,u8,12.0,11.0,1.0,1.0,0.0
60,u8,17.0,39.0,0.0,7.0,0.0
60,u8,22.0,59.0,8.0,3.0,0.0
60,u8,27.0,56.0,16.0,3.0,2.0
60,u8,32.0,46.0,35.0,7.0,0.0
60,u8,37.0,20.0,0.0,2.0,0.0
60,u8,42.0,27.0,6.0,2.0,0.0
60,u8,47.0,8.0,1.0,0.0,0.0
60,u8,52.0,2.0,0.0,0.0,0.0
61,u1,7.0,7.0,0.0,1.0,0.0
61,u1,12.0,17.0,0.0,0.0,0.0
61,u1,17.0,10.0,0.0,7.0,1.0
61,u1,22.0,43.0,0.0,4.0,3.0
61,u1,27.0,20.0,6.0,20.0,3.0
61,u1,32.0,69.0,44.0,42.0,65.0
61,u1,37.0,6.0,5.0,5.0,28.0
61,u1,42.0,9.0,7.0,6.0,1.0
61,u1,47.0,4.0,0.0,0.0,2.0
61,u1,52.0,5.0,3.0,3.0,1.0
61,u2,7.0,9.0,0.0,4.0,0.0
61,u2,12.0,27.0,0.0,6.0,0.0
61,u2,17.0,14.0,0.0,19.0,3.0
61,u2,22.0,38.0,1.0,37.0,3.0
61,u2,27.0,63.0,14.0,21.0,9.0
61,u2,32.0,26.0,10.0,2.0,6.0
61,u2,37.0,24.0,6.0,5.0,3.0
61,u2,42.0,8.0,0.0,2.0,2.0
61,u2,47.0,1.0,7.0,0.0,2.0
61,u2,52.0,5.0,0.0,3.0,0.0
61,u3,7.0,2.0,0.0,0.0,0.0
61,u3,12.0,6.0,0.0,3.0,0.0
61,u3,17.0,24.0,0.0,7.0,0.0
61,u3,22.0,169.0,0.0,14.0,1.0
61,u3,27.0,111.0,13.0,16.0,0.0
61,u3,32.0,140.0,29.0,41.0,25.0
61,u3,37.0,10.0,16.0,10.0,21.0
61,u3,42.0,14.0,1.0,1.0,11.0
61,u3,47.0,2.0,6.0,2.0,2.0
61,u3,52.0,1.0,1.0,3.0,0.0
61,u4,7.0,6.0,0.0,1.0,0.0
61,u4,12.0,15.0,0.0,2.0,0.0
61,u4,17.0,4.0,0.0,7.0,0.0
61,u4,22.0,6.0,1.0,17.0,0.0
61,u4,27.0,92.0,0.0,12.0,1.0
61,u4,32.0,57.0,3.0,24.0,0.0
61,u4,37.0,34.0,0.0,27.0,13.0
61,u4,42.0,27.0,4.0,12.0,7.0
61,u4,47.0,15.0,8.0,9.0,2.0
61,u4,52.0,7.0,0.0,6.0,9.0
61,u5,7.0,1.0,0.0,2.0,0.0
61,u5,12.0,30.0,0.0,11.0,0.0
61,u5,17.0,152.0,3.0,31.0,2.0
61,u5,22.0,232.0,33.0,34.0,10.0
61,u5,27.0,72.0,4.0,10.0,28.0
61,u5,32.0,18.0,22.0,21.0,0.0
61,u5,37.0,9.0,15.0,9.0,2.0
61,u5,42.0,22.0,14.0,0.0,0.0
61,u5,47.0,30.0,10.0,1.0,7.0
61,u5,52.0,38.0,10.0,2.0,2.0
61,u6,7.0,2.0,0.0,4.0,0.0
61,u6,12.0,5.0,0.0,2.0,0.0
61,u6,17.0,17.0,0.0,6.0,0.0
61,u6,22.0,47.0,0.0,15.0,1.0
61,u6,27.0,68.0,2.0,19.0,0.0
61,u6,32.0,41.0,4.0,14.0,4.0
61,u6,37.0,55.0,9.0,10.0,7.0
61,u6,42.0,27.0,7.0,5.0,0.0
61,u6,47.0,14.0,1.0,1.0,0.0
61,u6,52.0,2.0,4.0,1.0,4.0
61,u7,7.0,11.0,0.0,1.0,0.0
61,u7,12.0,7.0,2.0,1.0,0.0
61,u7,17.0,25.0,2.0,1.0,0.0
61,u7,22.0,41.0,1.0,15.0,0.0
61,u7,27.0,73.0,0.0,3.0,0.0
61,u7,32.0,50.0,11.0,6.0,0.0
61,u7,37.0,58.0,0.0,5.0,2.0
61,u7,42.0,26.0,12.0,1.0,0.0
61,u7,47.0,7.0,4.0,1.0,2.0
61,u7,52.0,7.0,5.0,0.0,0.0
61,u8,7.0,3.0,0.0,2.0,0.0
61,u8,12.0,7.0,0.0,3.0,0.0
61,u8,17.0,30.0,0.0,7.0,0.0
61,u8,22.0,32.0,0.0,41.0,0.0
61,u8,27.0,42.0,33.0,56.0,24.0
61,u8,32.0,30.0,5.0,34.0,4.0
61,u8,37.0,10.0,17.0,6.0,15.0
61,u8,42.0,41.0,24.0,6.0,4.0
61,u8,47.0,29.0,2.0,1.0,8.0
61,u8,52.0,12.0,7.0,0.0,0.0
62,u1,7.0,4.0,0.0,1.0,0.0
62,u1,12.0,5.0,0.0,11.0,1.0
62,u1,17.0,19.0,0.0,19.0,0.0
62,u1,22.0,21.0,2.0,25.0,7.0
62,u1,27.0,15.0,7.0,75.0,6.0
62,u1,32.0,27.0,51.0,94.0,34.0
62,u1,37.0,5.0,8.0,11.0,15.0
62,u1,42.0,0.0,1.0,1.0,14.0
62,u1,47.0,0.0,0.0,3.0,0.0
62,u1,52.0,0.0,0.0,2.0,0.0
62,u2,7.0,7.0,0.0,1.0,0.0
62,u2,12.0,6.0,0.0,6.0,0.0
62,u2,17.0,62.0,0.0,30.0,1.0
62,u2,22.0,64.0,15.0,46.0,5.0
62,u2,27.0,109.0,40.0,41.0,6.0
62,u2,32.0,21.0,18.0,17.0,48.0
62,u2,37.0,54.0,1.0,15.0,27.0
62,u2,42.0,40.0,4.0,15.0,3.0
62,u2,47.0,8.0,8.0,25.0,13.0
62,u2,52.0,1.0,1.0,4.0,8.0
62,u3,7.0,6.0,0.0,3.0,0.0
62,u3,12.0,5.0,1.0,0.0,0.0
62,u3,17.0,21.0,1.0,10.0,2.0
62,u3,22.0,84.0,11.0,30.0,4.0
62,u3,27.0,10.0,7.0,18.0,23.0
62,u3,32.0,15.0,3.0,10.0,30.0
62,u3,37.0,3.0,1.0,7.0,0.0
62,u3,42.0,11.0,2.0,4.0,2.0
62,u3,47.0,2.0,4.0,0.0,0.0
62,u3,52.0,6.0,2.0,2.0,0.0
62,u4,7.0,4.0,1.0,0.0,0.0
62,u4,12.0,5.0,0.0,5.0,0.0
62,u4,17.0,8.0,0.0,1.0,0.0
62,u4,22.0,20.0,8.0,6.0,1.0
62,u4,27.0,57.0,1.0,10.0,3.0
62,u4,32.0,36.0,2.0,9.0,3.0
62,u4,37.0,9.0,7.0,3.0,0.0
62,u4,42.0,9.0,8.0,2.0,8.0
62,u4,47.0,8.0,0.0,0.0,0.0
62,u4,52.0,1.0,1.0,0.0,0.0
62,u5,7.0,6.0,0.0,0.0,0.0
62,u5,12.0,16.0,0.0,14.0,0.0
62,u5,17.0,50.0,0.0,37.0,0.0
62,u5,22.0,79.0,0.0,24.0,3.0
62,u5,27.0,61.0,18.0,60.0,93.0
62,u5,32.0,16.0,32.0,23.0,8.0
62,u5,37.0,8.0,0.0,9.0,3.0
62,u5,42.0,10.0,4.0,12.0,0.0
62,u5,47.0,7.0,1.0,3.0,1.0
62,u5,52.0,7.0,0.0,2.0,1.0
62,u6,7.0,8.0,0.0,3.0,0.0
62,u6,12.0,16.0,0.0,1.0,0.0
62,u6,17.0,32.0,1.0,10.0,1.0
62,u6,22.0,67.0,1.0,28.0,12.0
62,u6,27.0,61.0,0.0,59.0,36.0
62,u6,32.0,26.0,28.0,14.0,42.0
62,u6,37.0,20.0,22.0,5.0,8.0
62,u6,42.0,3.0,3.0,2.0,0.0
62,u6,47.0,1.0,0.0,3.0,2.0
62,u6,52.0,0.0,0.0,0.0,0.0
62,u7,7.0,7.0,0.0,1.0,0.0
62,u7,12.0,25.0,0.0,5.0,0.0
62,u7,17.0,38.0,2.0,40.0,0.0
62,u7,22.0,119.0,1.0,20.0,6.0
62,u7,27.0,63.0,45.0,4.0,39.0
62,u7,32.0,27.0,11.0,19.0,1.0
62,u7,37.0,6.0,4.0,3.0,4.0
62,u7,42.0,5.0,10.0,1.0,3.0
62,u7,47.0,2.0,3.0,3.0,2.0
62,u7,52.0,1.0,0.0,3.0,10.0
62,u8,7.0,5.0,0.0,6.0,0.0
62,u8,12.0,5.0,0.0,3.0,0.0
62,u8,17.0,9.0,1.0,2.0,0.0
62,u8,22.0,18.0,3.0,8.0,0.0
62,u8,27.0,56.0,7.0,3.0,0.0
62,u8,32.0,50.0,2.0,25.0,0.0
62,u8,37.0,22.0,2.0,18.0,4.0
62,u8,42.0,32.0,0.0,13.0,3.0
62,u8,47.0,6.0,1.0,8.0,0.0
62,u8,52.0,3.0,0.0,7.0,3.0
63,u1,7.0,1.0,0.0,2.0,0.0
63,u1,12.0,15.0,0.0,3.0,0.0
63,u1,17.0,2.0,0.0,18.0,0.0
63,u1,22.0,9.0,1.0,14.0,2.0
63,u1,27.0,134.0,3.0,26.0,0.0
63,u1,32.0,85.0,5.0,25.0,19.0
63,u1,37.0,25.0,25.0,18.0,5.0
63,u1,42.0,18.0,4.0,2.0,4.0
63,u1,47.0,0.0,0.0,2.0,9.0
63,u1,52.0,4.0,0.0,5.0,6.0
63,u2,7.0,1.0,0.0,3.0,0.0
63,u2,12.0,7.0,0.0,0.0,0.0
63,u2,17.0,35.0,0.0,12.0,0.0
63,u2,22.0,49.0,4.0,49.0,0.0
63,u2,27.0,62.0,0.0,48.0,6.0
63,u2,32.0,27.0,27.0,9.0,16.0
63,u2,37.0,28.0,3.0,13.0,10.0
63,u2,42.0,4.0,7.0,12.0,28.0
63,u2,47.0,1.0,0.0,16.0,0.0
63,u2,52.0,0.0,0.0,1.0,12.0
63,u3,7.0,2.0,0.0,4.0,0.0
63,u3,12.0,6.0,0.0,3.0,0.0
63,u3,17.0,36.0,0.0,5.0,0.0
63,u3,22.0,30.0,0.0,21.0,0.0
63,u3,27.0,55.0,3.0,24.0,1.0
63,u3,32.0,50.0,1.0,27.0,0.0
63,u3,37.0,57.0,17.0,35.0,2.0
63,u3,42.0,3.0,12.0,5.0,63.0
63,u3,47.0,3.0,0.0,1.0,12.0
63,u3,52.0,1.0,3.0,1.0,5.0
63,u4,7.0,3.0,0.0,0.0,0.0
63,u4,12.0,10.0,0.0,3.0,0.0
63,u4,17.0,10.0,0.0,7.0,0.0
63,u4,22.0,103.0,0.0,16.0,0.0
63,u4,27.0,107.0,18.0,31.0,0.0
63,u4,32.0,71.0,23.0,28.0,17.0
63,u4,37.0,35.0,30.0,30.0,17.0
63,u4,42.0,5.0,13.0,24.0,4.0
63,u4,47.0,2.0,8.0,3.0,21.0
63,u4,52.0,2.0,0.0,2.0,9.0
63,u5,7.0,5.0,0.0,1.0,0.0
63,u5,12.0,23.0,1.0,9.0,0.0
63,u5,17.0,9.0,0.0,2.0,0.0
63,u5,22.0,85.0,0.0,18.0,0.0
63,u5,27.0,24.0,1.0,0.0,7.0
63,u5,32.0,58.0,0.0,7.0,7.0
63,u5,37.0,15.0,8.0,17.0,0.0
63,u5,42.0,9.0,10.0,1.0,1.0
63,u5,47.0,7.0,3.0,5.0,3.0
63,u5,52.0,14.0,0.0,1.0,0.0
63,u6,7.0,10.0,0.0,3.0,0.0
63,u6,12.0,25.0,1.0,5.0,0.0
63,u6,17.0,42.0,0.0,36.0,0.0
63,u6,22.0,104.0,1.0,69.0,8.0
63,u6,27.0,19.0,14.0,13.0,51.0
63,u6,32.0,5.0,12.0,36.0,21.0
63,u6,37.0,15.0,7.0,5.0,2.0
63,u6,42.0,14.0,2.0,8.0,0.0
63,u6,47.0,4.0,4.0,5.0,4.0
63,u6,52.0,3.0,0.0,7.0,1.0
63,u7,7.0,1.0,0.0,4.0,0.0
63,u7,12.0,11.0,0.0,0.0,0.0
63,u7,17.0,9.0,0.0,6.0,0.0
63,u7,22.0,99.0,0.0,7.0,0.0
63,u7,27.0,108.0,2.0,16.0,2.0
63,u7,32.0,135.0,1.0,13.0,9.0
63,u7,37.0,239.0,21.0,1.0,0.0
63,u7,42.0,108.0,46.0,3.0,1.0
63,u7,47.0,64.0,16.0,0.0,1.0
63,u7,52.0,85.0,8.0,0.0,0.0
63,u8,7.0,7.0,0.0,2.0,0.0
63,u8,12.0,14.0,0.0,1.0,0.0
63,u8,17.0,33.0,10.0,13.0,0.0
63,u8,22.0,17.0,1.0,13.0,3.0
63,u8,27.0,51.0,3.0,10.0,7.0
63,u8,32.0,18.0,4.0,2.0,0.0
63,u8,37.0,20.0,1.0,7.0,0.0
63,u8,42.0,6.0,11.0,1.0,2.0
63,u8,47.0,4.0,1.0,1.0,1.0
63,u8,52.0,2.0,0.0,0.0,1.0
64,u1,7.0,5.0,1.0,4.0,0.0
64,u1,12.0,4.0,1.0,15.0,0.0
64,u1,17.0,129.0,12.0,53.0,12.0
64,u1,22.0,77.0,28.0,96.0,42.0
64,u1,27.0,22.0,13.0,52.0,44.0
64,u1,32.0,7.0,0.0,17.0,79.0
64,u1,37.0,13.0,9.0,20.0,10.0
64,u1,42.0,2.0,4.0,3.0,17.0
64,u1,47.0,0.0,0.0,0.0,0.0
64,u1,52.0,1.0,0.0,0.0,1.0
64,u2,7.0,9.0,0.0,4.0,0.0
64,u2,12.0,12.0,0.0,6.0,0.0
64,u2,17.0,12.0,0.0,8.0,0.0
64,u2,22.0,17.0,1.0,17.0,0.0
64,u2,27.0,113.0,5.0,19.0,5.0
64,u2,32.0,90.0,28.0,5.0,4.0
64,u2,37.0,53.0,22.0,16.0,4.0
64,u2,42.0,20.0,23.0,0.0,2.0
64,u2,47.0,8.0,2.0,1.0,7.0
64,u2,52.0,12.0,0.0,1.0,0.0
64,u3,7.0,8.0,0.0,5.0,1.0
64,u3,12.0,9.0,0.0,2.0,0.0
64,u3,17.0,20.0,1.0,18.0,0.0
64,u3,22.0,64.0,4.0,23.0,1.0
64,u3,27.0,57.0,10.0,15.0,1.0
64,u3,32.0,26.0,3.0,10.0,17.0
64,u3,37.0,4.0,6.0,5.0,4.0
64,u3,42.0,0.0,1.0,3.0,2.0
64,u3,47.0,0.0,0.0,3.0,8.0
64,u3,52.0,0.0,0.0,1.0,2.0
64,u4,7.0,4.0,0.0,1.0,0.0
64,u4,12.0,5.0,0.0,3.0,0.0
64,u4,17.0,14.0,0.0,6.0,0.0
64,u4,22.0,39.0,0.0,13.0,0.0
64,u4,27.0,21.0,0.0,14.0,0.0
64,u4,32.0,64.0,1.0,25.0,0.0
64,u4,37.0,71.0,7.0,35.0,15.0
64,u4,42.0,12.0,5.0,24.0,20.0
64,u4,47.0,30.0,16.0,6.0,3.0
64,u4,52.0,24.0,28.0,10.0,5.0
64,u5,7.0,6.0,0.0,1.0,0.0
64,u5,12.0,11.0,0.0,3.0,0.0
64,u5,17.0,11.0,2.0,7.0,0.0
64,u5,22.0,13.0,1.0,23.0,2.0
64,u5,27.0,19.0,2.0,41.0,3.0
64,u5,32.0,79.0,37.0,37.0,37.0
64,u5,37.0,2.0,6.0,4.0,16.0
64,u5,42.0,4.0,4.0,4.0,45.0
64,u5,47.0,0.0,0.0,0.0,10.0
64,u5,52.0,1.0,1.0,0.0,2.0
64,u6,7.0,5.0,0.0,0.0,0.0
64,u6,12.0,21.0,1.0,5.0,0.0
64,u6,17.0,17.0,3.0,4.0,0.0
64,u6,22.0,9.0,0.0,22.0,1.0
64,u6,27.0,14.0,0.0,15.0,22.0
64,u6,32.0,7.0,17.0,3.0,18.0
64,u6,37.0,15.0,0.0,2.0,1.0
64,u6,42.0,7.0,2.0,5.0,6.0
64,u6,47.0,5.0,2.0,2.0,2.0
64,u6,52.0,4.0,0.0,3.0,3.0
64,u7,7.0,7.0,0.0,0.0,0.0
64,u7,12.0,12.0,0.0,7.0,0.0
64,u7,17.0,50.0,0.0,20.0,0.0
64,u7,22.0,144.0,13.0,45.0,6.0
64,u7,27.0,159.0,66.0,15.0,7.0
64,u7,32.0,170.0,14.0,4.0,4.0
64,u7,37.0,36.0,2.0,0.0,3.0
64,u7,42.0,29.0,4.0,0.0,1.0
64,u7,47.0,11.0,6.0,1.0,0.0
64,u7,52.0,21.0,0.0,0.0,0.0
64,u8,7.0,8.0,0.0,0.0,0.0
64,u8,12.0,7.0,1.0,4.0,0.0
64,u8,17.0,4.0,0.0,10.0,1.0
64,u8,22.0,40.0,0.0,21.0,0.0
64,u8,27.0,27.0,0.0,11.0,0.0
64,u8,32.0,30.0,21.0,68.0,10.0
64,u8,37.0,23.0,27.0,13.0,4.0
64,u8,42.0,22.0,8.0,4.0,0.0
64,u8,47.0,18.0,2.0,5.0,2.0
64,u8,52.0,9.0,0.0,1.0,0.0
65,u1,7.0,3.0,0.0,0.0,0.0
65,u1,12.0,13.0,0.0,1.0,0.0
65,u1,17.0,42.0,0.0,2.0,0.0
65,u1,22.0,22.0,0.0,0.0,0.0
65,u1,27.0,66.0,0.0,6.0,0.0
65,u1,32.0,79.0,0.0,4.0,0.0
65,u1,37.0,33.0,3.0,3.0,0.0
65,u1,42.0,26.0,38.0,7.0,0.0
65,u1,47.0,18.0,9.0,9.0,1.0
65,u1,52.0,49.0,16.0,4.0,0.0
65,u2,7.0,2.0,0.0,1.0,0.0
65,u2,12.0,10.0,0.0,2.0,0.0
65,u2,17.0,35.0,2.0,11.0,2.0
65,u2,22.0,37.0,4.0,5.0,4.0
65,u2,27.0,34.0,9.0,7.0,1.0
65,u2,32.0,71.0,33.0,5.0,6.0
65,u2,37.0,7.0,3.0,4.0,6.0
65,u2,42.0,20.0,10.0,11.0,2.0
65,u2,47.0,10.0,3.0,1.0,0.0
65,u2,52.0,6.0,0.0,2.0,3.0
65,u3,7.0,2.0,0.0,3.0,0.0
65,u3,12.0,20.0,0.0,4.0,0.0
65,u3,17.0,58.0,0.0,6.0,0.0
65,u3,22.0,73.0,1.0,35.0,0.0
65,u3,27.0,94.0,12.0,24.0,1.0
65,u3,32.0,69.0,25.0,18.0,9.0
65,u3,37.0,41.0,37.0,34.0,4.0
65,u3,42.0,7.0,9.0,14.0,14.0
65,u3,47.0,18.0,8.0,6.0,9.0
65,u3,52.0,3.0,3.0,13.0,1.0
65,u4,7.0,3.0,0.0,1.0,0.0
65,u4,12.0,13.0,0.0,5.0,0.0
65,u4,17.0,14.0,0.0,1.0,0.0
65,u4,22.0,11.0,0.0,23.0,0.0
65,u4,27.0,25.0,8.0,41.0,7.0
65,u4,32.0,21.0,28.0,35.0,14.0
65,u4,37.0,26.0,2.0,21.0,22.0
65,u4,42.0,15.0,6.0,7.0,3.0
65,u4,47.0,10.0,0.0,2.0,3.0
65,u4,52.0,7.0,0.0,0.0,0.0
65,u5,7.0,2.0,0.0,3.0,0.0
65,u5,12.0,4.0,0.0,2.0,0.0
65,u5,17.0,7.0,0.0,5.0,2.0
65,u5,22.0,6.0,4.0,1.0,4.0
65,u5,27.0,15.0,8.0,10.0,3.0
65,u5,32.0,15.0,3.0,3.0,2.0
65,u5,37.0,4.0,11.0,4.0,4.0
65,u5,42.0,6.0,1.0,1.0,1.0
65,u5,47.0,4.0,2.0,0.0,1.0
65,u5,52.0,5.0,0.0,0.0,0.0
65,u6,7.0,6.0,0.0,1.0,0.0
65,u6,12.0,28.0,0.0,6.0,0.0
65,u6,17.0,28.0,0.0,9.0,0.0
65,u6,22.0,97.0,24.0,21.0,0.0
65,u6,27.0,79.0,19.0,15.0,6.0
65,u6,32.0,25.0,26.0,8.0,3.0
65,u6,37.0,49.0,24.0,2.0,0.0
65,u6,42.0,29.0,19.0,0.0,1.0
65,u6,47.0,22.0,60.0,0.0,1.0
65,u6,52.0,9.0,2.0,1.0,0.0
65,u7,7.0,11.0,0.0,0.0,1.0
65,u7,12.0,24.0,0.0,5.0,0.0
65,u7,17.0,28.0,2.0,8.0,0.0
65,u7,22.0,26.0,4.0,8.0,0.0
65,u7,27.0,105.0,15.0,3.0,5.0
65,u7,32.0,137.0,13.0,1.0,0.0
65,u7,37.0,88.0,4.0,2.0,0.0
65,u7,42.0,76.0,8.0,4.0,0.0
65,u7,47.0,10.0,20.0,0.0,2.0
65,u7,52.0,4.0,10.0,1.0,1.0
65,u8,7.0,10.0,0.0,0.0,0.0
65,u8,12.0,11.0,0.0,7.0,0.0
65,u8,17.0,32.0,1.0,12.0,0.0
65,u8,22.0,22.0,6.0,27.0,1.0
65,u8,27.0,79.0,47.0,20.0,8.0
65,u8,32.0,53.0,66.0,30.0,0.0
65,u8,37.0,31.0,2.0,56.0,10.0
65,u8,42.0,31.0,21.0,39.0,0.0
65,u8,47.0,6.0,4.0,27.0,0.0
65,u8,52.0,5.0,0.0,20.0,2.0
66,u1,7.0,4.0,0.0,5.0,0.0
66,u1,12.0,23.0,0.0,2.0,0.0
66,u1,17.0,51.0,4.0,2.0,0.0
66,u1,22.0,81.0,3.0,2.0,0.0
66,u1,27.0,70.0,8.0,14.0,3.0
66,u1,32.0,15.0,37.0,14.0,0.0
66,u1,37.0,39.0,11.0,7.0,2.0
66,u1,42.0,25.0,10.0,4.0,7.0
66,u1,47.0,123.0,3.0,9.0,0.0
66,u1,52.0,111.0,7.0,0.0,0.0
66,u2,7.0,3.0,0.0,0.0,0.0
66,u2,12.0,21.0,0.0,1.0,0.0
66,u2,17.0,56.0,0.0,4.0,0.0
66,u2,22.0,24.0,0.0,12.0,0.0
66,u2,27.0,97.0,2.0,43.0,0.0
66,u2,32.0,80.0,29.0,8.0,11.0
66,u2,37.0,13.0,45.0,14.0,6.0
66,u2,42.0,8.0,6.0,1.0,0.0
66,u2,47.0,1.0,0.0,2.0,1.0
66,u2,52.0,0.0,5.0,1.0,1.0
66,u3,7.0,0.0,0.0,1.0,0.0
66,u3,12.0,10.0,0.0,0.0,0.0
66,u3,17.0,60.0,0.0,1.0,0.0
66,u3,22.0,24.0,0.0,15.0,0.0
66,u3,27.0,77.0,7.0,19.0,0.0
66,u3,32.0,103.0,31.0,16.0,0.0
66,u3,37.0,24.0,23.0,3.0,4.0
66,u3,42.0,53.0,6.0,3.0,0.0
66,u3,47.0,23.0,14.0,3.0,1.0
66,u3,52.0,5.0,0.0,0.0,4.0
66,u4,7.0,7.0,0.0,0.0,0.0
66,u4,12.0,27.0,0.0,0.0,0.0
66,u4,17.0,15.0,0.0,5.0,1.0
66,u4,22.0,40.0,0.0,16.0,0.0
66,u4,27.0,95.0,0.0,15.0,0.0
66,u4,32.0,91.0,1.0,19.0,0.0
66,u4,37.0,33.0,1.0,12.0,1.0
66,u4,42.0,12.0,0.0,6.0,9.0
66,u4,47.0,3.0,0.0,1.0,0.0
66,u4,52.0,3.0,0.0,1.0,4.0
66,u5,7.0,3.0,0.0,3.0,0.0
66,u5,12.0,14.0,1.0,4.0,0.0
66,u5,17.0,26.0,0.0,3.0,1.0
66,u5,22.0,20.0,1.0,8.0,2.0
66,u5,27.0,76.0,0.0,12.0,4.0
66,u5,32.0,63.0,8.0,15.0,3.0
66,u5,37.0,29.0,0.0,23.0,6.0
66,u5,42.0,34.0,1.0,5.0,6.0
66,u5,47.0,13.0,6.0,6.0,23.0
66,u5,52.0,3.0,0.0,2.0,16.0
66,u6,7.0,3.0,0.0,1.0,0.0
66,u6,12.0,24.0,1.0,7.0,0.0
66,u6,17.0,61.0,0.0,6.0,0.0
66,u6,22.0,55.0,2.0,13.0,2.0
66,u6,27.0,39.0,2.0,15.0,0.0
66,u6,32.0,20.0,4.0,2.0,9.0
66,u6,37.0,11.0,4.0,6.0,5.0
66,u6,42.0,7.0,0.0,1.0,1.0
66,u6,47.0,1.0,4.0,0.0,1.0
66,u6,52.0,3.0,1.0,0.0,1.0
66,u7,7.0,1.0,0.0,2.0,0.0
66,u7,12.0,12.0,0.0,3.0,0.0
66,u7,17.0,82.0,0.0,20.0,0.0
66,u7,22.0,78.0,1.0,16.0,1.0
66,u7,27.0,167.0,8.0,10.0,11.0
66,u7,32.0,38.0,1.0,7.0,1.0
66,u7,37.0,23.0,0.0,5.0,5.0
66,u7,42.0,14.0,6.0,4.0,2.0
66,u7,47.0,15.0,3.0,0.0,0.0
66,u7,52.0,20.0,5.0,0.0,0.0
66,u8,7.0,13.0,0.0,0.0,0.0
66,u8,12.0,8.0,0.0,0.0,0.0
66,u8,17.0,32.0,0.0,2.0,0.0
66,u8,22.0,27.0,0.0,13.0,2.0
66,u8,27.0,113.0,9.0,14.0,4.0
66,u8,32.0,32.0,2.0,5.0,4.0
66,u8,37.0,24.0,12.0,12.0,6.0
66,u8,42.0,2.0,3.0,4.0,8.0
66,u8,47.0,9.0,4.0,2.0,3.0
66,u8,52.0,3.0,0.0,1.0,5.0
67,u1,7.0,10.0,0.0,0.0,0.0
67,u1,12.0,21.0,0.0,1.0,0.0
67,u1,17.0,28.0,0.0,31.0,0.0
67,u1,22.0,68.0,6.0,11.0,3.0
67,u1,27.0,56.0,3.0,22.0,10.0
67,u1,32.0,17.0,23.0,15.0,8.0
67,u1,37.0,8.0,25.0,5.0,1.0
67,u1,42.0,3.0,0.0,1.0,1.0
67,u1,47.0,0.0,1.0,2.0,2.0
67,u1,52.0,3.0,2.0,2.0,0.0
67,u2,7.0,8.0,0.0,2.0,0.0
67,u2,12.0,24.0,0.0,4.0,0.0
67,u2,17.0,79.0,0.0,3.0,0.0
67,u2,22.0,61.0,1.0,5.0,0.0
67,u2,27.0,46.0,18.0,32.0,14.0
67,u2,32.0,36.0,8.0,6.0,8.0
67,u2,37.0,9.0,3.0,7.0,2.0
67,u2,42.0,5.0,14.0,3.0,7.0
67,u2,47.0,3.0,0.0,1.0,1.0
67,u2,52.0,1.0,0.0,0.0,1.0
67,u3,7.0,1.0,0.0,3.0,0.0
67,u3,12.0,16.0,0.0,10.0,0.0
67,u3,17.0,32.0,0.0,10.0,0.0
67,u3,22.0,55.0,13.0,62.0,7.0
67,u3,27.0,110.0,40.0,50.0,40.0
67,u3,32.0,82.0,44.0,8.0,27.0
67,u3,37.0,24.0,0.0,8.0,6.0
67,u3,42.0,10.0,23.0,4.0,3.0
67,u3,47.0,2.0,1.0,4.0,0.0
67,u3,52.0,14.0,0.0,2.0,0.0
67,u4,7.0,2.0,0.0,1.0,0.0
67,u4,12.0,8.0,0.0,3.0,0.0
67,u4,17.0,16.0,0.0,14.0,0.0
67,u4,22.0,9.0,0.0,16.0,0.0
67,u4,27.0,74.0,0.0,8.0,0.0
67,u4,32.0,17.0,3.0,31.0,1.0
67,u4,37.0,110.0,0.0,19.0,0.0
67,u4,42.0,25.0,7.0,8.0,1.0
67,u4,47.0,4.0,3.0,4.0,0.0
67,u4,52.0,7.0,0.0,1.0,2.0
67,u5,7.0,3.0,0.0,1.0,0.0
67,u5,12.0,15.0,0.0,4.0,0.0
67,u5,17.0,43.0,0.0,14.0,0.0
67,u5,22.0,87.0,3.0,19.0,2.0
67,u5,27.0,138.0,1.0,18.0,10.0
67,u5,32.0,80.0,38.0,11.0,8.0
67,u5,37.0,87.0,32.0,11.0,13.0
67,u5,42.0,70.0,2.0,1.0,1.0
67,u5,47.0,18.0,35.0,0.0,3.0
67,u5,52.0,2.0,6.0,0.0,0.0
67,u6,7.0,3.0,0.0,3.0,0.0
67,u6,12.0,18.0,0.0,0.0,0.0
67,u6,17.0,35.0,0.0,33.0,0.0
67,u6,22.0,91.0,0.0,26.0,0.0
67,u6,27.0,45.0,15.0,33.0,7.0
67,u6,32.0,44.0,47.0,15.0,22.0
67,u6,37.0,14.0,30.0,7.0,0.0
67,u6,42.0,26.0,16.0,0.0,3.0
67,u6,47.0,1.0,3.0,0.0,0.0
67,u6,52.0,1.0,0.0,0.0,1.0
67,u7,7.0,2.0,0.0,2.0,0.0
67,u7,12.0,14.0,1.0,1.0,0.0
67,u7,17.0,28.0,1.0,23.0,1.0
67,u7,22.0,66.0,9.0,77.0,7.0
67,u7,27.0,62.0,5.0,45.0,51.0
67,u7,32.0,19.0,21.0,13.0,53.0
67,u7,37.0,0.0,2.0,6.0,31.0
67,u7,42.0,6.0,1.0,1.0,1.0
67,u7,47.0,1.0,1.0,3.0,0.0
67,u7,52.0,1.0,2.0,0.0,0.0
67,u8,7.0,4.0,0.0,1.0,0.0
67,u8,12.0,1.0,0.0,3.0,0.0
67,u8,17.0,11.0,0.0,14.0,0.0
67,u8,22.0,5.0,0.0,3.0,1.0
67,u8,27.0,6.0,1.0,31.0,1.0
67,u8,32.0,32.0,0.0,26.0,7.0
67,u8,37.0,27.0,5.0,35.0,8.0
67,u8,42.0,6.0,0.0,12.0,70.0
67,u8,47.0,1.0,9.0,10.0,21.0
67,u8,52.0,1.0,0.0,2.0,15.0
68,u1,7.0,4.0,0.0,1.0,0.0
68,u1,12.0,10.0,1.0,9.0,0.0
68,u1,17.0,25.0,0.0,35.0,2.0
68,u1,22.0,136.0,2.0,42.0,18.0
68,u1,27.0,43.0,39.0,20.0,60.0
68,u1,32.0,8.0,14.0,2.0,26.0
68,u1,37.0,4.0,5.0,2.0,11.0
68,u1,42.0,2.0,0.0,1.0,2.0
68,u1,47.0,6.0,1.0,1.0,0.0
68,u1,52.0,26.0,1.0,6.0,0.0
68,u2,7.0,6.0,0.0,3.0,0.0
68,u2,12.0,12.0,0.0,1.0,0.0
68,u2,17.0,14.0,0.0,4.0,0.0
68,u2,22.0,15.0,0.0,13.0,0.0
68,u2,27.0,34.0,4.0,16.0,2.0
68,u2,32.0,60.0,4.0,30.0,10.0
68,u2,37.0,62.0,2.0,19.0,2.0
68,u2,42.0,57.0,12.0,14.0,9.0
68,u2,47.0,49.0,1.0,4.0,4.0
68,u2,52.0,13.0,1.0,5.0,1.0
68,u3,7.0,2.0,0.0,0.0,0.0
68,u3,12.0,6.0,0.0,4.0,0.0
68,u3,17.0,45.0,0.0,14.0,0.0
68,u3,22.0,58.0,3.0,21.0,0.0
68,u3,27.0,41.0,1.0,55.0,5.0
68,u3,32.0,61.0,14.0,20.0,1.0
68,u3,37.0,78.0,4.0,14.0,4.0
68,u3,42.0,8.0,16.0,2.0,2.0
68,u3,47.0,9.0,1.0,0.0,2.0
68,u3,52.0,8.0,4.0,1.0,1.0
68,u4,7.0,0.0,0.0,2.0,0.0
68,u4,12.0,8.0,2.0,1.0,0.0
68,u4,17.0,30.0,1.0,12.0,1.0
68,u4,22.0,59.0,0.0,12.0,5.0
68,u4,27.0,44.0,19.0,16.0,1.0
68,u4,32.0,29.0,12.0,13.0,3.0
68,u4,37.0,17.0,4.0,4.0,6.0
68,u4,42.0,7.0,2.0,4.0,8.0
68,u4,47.0,4.0,1.0,2.0,2.0
68,u4,52.0,2.0,1.0,2.0,1.0
68,u5,7.0,0.0,0.0,1.0,0.0
68,u5,12.0,13.0,0.0,0.0,1.0
68,u5,17.0,18.0,3.0,4.0,0.0
68,u5,22.0,51.0,0.0,13.0,1.0
68,u5,27.0,51.0,10.0,10.0,1.0
68,u5,32.0,54.0,6.0,18.0,4.0
68,u5,37.0,163.0,37.0,5.0,3.0
68,u5,42.0,38.0,12.0,0.0,6.0
68,u5,47.0,25.0,4.0,2.0,0.0
68,u5,52.0,22.0,3.0,3.0,0.0
68,u6,7.0,2.0,0.0,0.0,0.0
68,u6,12.0,14.0,1.0,3.0,0.0
68,u6,17.0,7.0,1.0,2.0,0.0
68,u6,22.0,5.0,0.0,20.0,0.0
68,u6,27.0,73.0,7.0,82.0,4.0
68,u6,32.0,45.0,17.0,32.0,9.0
68,u6,37.0,26.0,2.0,31.0,71.0
68,u6,42.0,13.0,13.0,44.0,5.0
68,u6,47.0,12.0,0.0,17.0,3.0
68,u6,52.0,0.0,0.0,26.0,4.0
68,u7,7.0,6.0,0.0,3.0,0.0
68,u7,12.0,6.0,0.0,6.0,0.0
68,u7,17.0,15.0,0.0,14.0,0.0
68,u7,22.0,17.0,5.0,9.0,0.0
68,u7,27.0,31.0,12.0,12.0,5.0
68,u7,32.0,22.0,30.0,1.0,3.0
68,u7,37.0,13.0,6.0,0.0,0.0
68,u7,42.0,7.0,5.0,0.0,1.0
68,u7,47.0,7.0,5.0,0.0,0.0
68,u7,52.0,12.0,1.0,0.0,0.0
68,u8,7.0,7.0,0.0,1.0,0.0
68,u8,12.0,9.0,0.0,5.0,0.0
68,u8,17.0,11.0,0.0,28.0,2.0
68,u8,22.0,42.0,5.0,82.0,5.0
68,u8,27.0,69.0,20.0,86.0,9.0
68,u8,32.0,16.0,0.0,15.0,49.0
68,u8,37.0,9.0,2.0,2.0,12.0
68,u8,42.0,1.0,0.0,3.0,11.0
68,u8,47.0,1.0,3.0,1.0,6.0
68,u8,52.0,2.0,1.0,1.0,1.0
69,u1,7.0,4.0,0.0,1.0,0.0
69,u1,12.0,19.0,0.0,4.0,0.0
69,u1,17.0,41.0,0.0,10.0,0.0
69,u1,22.0,53.0,4.0,18.0,1.0
69,u1,27.0,44.0,14.0,44.0,3.0
69,u1,32.0,32.0,2.0,22.0,3.0
69,u1,37.0,23.0,5.0,10.0,3.0
69,u1,42.0,33.0,0.0,1.0,0.0
69,u1,47.0,40.0,28.0,3.0,0.0
69,u1,52.0,1.0,5.0,1.0,2.0
69,u2,7.0,0.0,0.0,3.0,0.0
69,u2,12.0,12.0,0.0,2.0,0.0
69,u2,17.0,20.0,0.0,5.0,0.0
69,u2,22.0,41.0,0.0,17.0,0.0
69,u2,27.0,80.0,33.0,57.0,58.0
69,u2,32.0,57.0,26.0,66.0,62.0
69,u2,37.0,100.0,13.0,6.0,13.0
69,u2,42.0,126.0,15.0,6.0,10.0
69,u2,47.0,48.0,25.0,1.0,0.0
69,u2,52.0,11.0,1.0,2.0,0.0
69,u3,7.0,11.0,0.0,3.0,0.0
69,u3,12.0,5.0,0.0,7.0,0.0
69,u3,17.0,35.0,0.0,2.0,0.0
69,u3,22.0,29.0,0.0,20.0,0.0
69,u3,27.0,54.0,2.0,85.0,7.0
69,u3,32.0,98.0,68.0,46.0,74.0
69,u3,37.0,17.0,27.0,14.0,4.0
69,u3,42.0,6.0,6.0,8.0,0.0
69,u3,47.0,1.0,0.0,14.0,3.0
69,u3,52.0,0.0,0.0,0.0,6.0
69,u4,7.0,4.0,0.0,1.0,0.0
69,u4,12.0,18.0,0.0,3.0,0.0
69,u4,17.0,146.0,2.0,7.0,1.0
69,u4,22.0,59.0,0.0,5.0,6.0
69,u4,27.0,79.0,4.0,9.0,2.0
69,u4,32.0,82.0,0.0,12.0,1.0
69,u4,37.0,23.0,13.0,3.0,10.0
69,u4,42.0,13.0,4.0,3.0,2.0
69,u4,47.0,15.0,0.0,1.0,2.0
69,u4,52.0,16.0,1.0,1.0,0.0
69,u5,7.0,4.0,0.0,1.0,0.0
69,u5,12.0,8.0,0.0,11.0,1.0
69,u5,17.0,54.0,5.0,5.0,0.0
69,u5,22.0,88.0,15.0,14.0,2.0
69,u5,27.0,105.0,30.0,16.0,0.0
69,u5,32.0,33.0,17.0,4.0,7.0
69,u5,37.0,15.0,1.0,8.0,0.0
69,u5,42.0,27.0,31.0,10.0,0.0
69,u5,47.0,14.0,5.0,1.0,2.0
69,u5,52.0,2.0,7.0,0.0,1.0
69,u6,7.0,16.0,0.0,2.0,0.0
69,u6,12.0,10.0,0.0,2.0,0.0
69,u6,17.0,7.0,1.0,6.0,0.0
69,u6,22.0,18.0,2.0,12.0,0.0
69,u6,27.0,42.0,11.0,17.0,25.0
69,u6,32.0,8.0,0.0,12.0,1.0
69,u6,37.0,2.0,1.0,2.0,2.0
69,u6,42.0,3.0,1.0,1.0,9.0
69,u6,47.0,0.0,0.0,1.0,0.0
69,u6,52.0,1.0,1.0,0.0,1.0
69,u7,7.0,13.0,0.0,4.0,0.0
69,u7,12.0,11.0,0.0,3.0,1.0
69,u7,17.0,30.0,0.0,2.0,0.0
69,u7,22.0,71.0,0.0,26.0,0.0
69,u7,27.0,76.0,1.0,8.0,4.0
69,u7,32.0,14.0,52.0,13.0,2.0
69,u7,37.0,57.0,21.0,6.0,0.0
69,u7,42.0,46.0,17.0,6.0,8.0
69,u7,47.0,2.0,0.0,2.0,3.0
69,u7,52.0,0.0,1.0,1.0,2.0
69,u8,7.0,4.0,0.0,1.0,0.0
69,u8,12.0,13.0,0.0,10.0,0.0
69,u8,17.0,24.0,0.0,39.0,1.0
69,u8,22.0,83.0,2.0,53.0,1.0
69,u8,27.0,197.0,16.0,60.0,52.0
69,u8,32.0,63.0,44.0,40.0,40.0
69,u8,37.0,19.0,6.0,15.0,53.0
69,u8,42.0,17.0,6.0,12.0,15.0
69,u8,47.0,1.0,0.0,12.0,0.0
69,u8,52.0,1.0,1.0,12.0,10.0
70,u1,7.0,6.0,0.0,3.0,0.0
70,u1,12.0,6.0,0.0,7.0,0.0
70,u1,17.0,36.0,0.0,3.0,0.0
70,u1,22.0,38.0,2.0,11.0,1.0
70,u1,27.0,52.0,4.0,14.0,2.0
70,u1,32.0,35.0,27.0,15.0,2.0
70,u1,37.0,38.0,8.0,13.0,5.0
70,u1,42.0,13.0,7.0,10.0,2.0
70,u1,47.0,27.0,2.0,4.0,4.0
70,u1,52.0,5.0,0.0,1.0,2.0
70,u2,7.0,6.0,0.0,1.0,0.0
70,u2,12.0,7.0,0.0,3.0,1.0
70,u2,17.0,46.0,0.0,7.0,1.0
70,u2,22.0,72.0,4.0,20.0,0.0
70,u2,27.0,74.0,51.0,4.0,4.0
70,u2,32.0,64.0,1.0,5.0,3.0
70,u2,37.0,34.0,3.0,4.0,5.0
70,u2,42.0,7.0,1.0,0.0,1.0
70,u2,47.0,8.0,4.0,0.0,1.0
70,u2,52.0,3.0,3.0,0.0,0.0
70,u3,7.0,7.0,0.0,0.0,0.0
70,u3,12.0,22.0,0.0,9.0,0.0
70,u3,17.0,36.0,8.0,7.0,0.0
70,u3,22.0,21.0,23.0,16.0,0.0
70,u3,27.0,72.0,0.0,31.0,6.0
70,u3,32.0,25.0,1.0,5.0,11.0
70,u3,37.0,39.0,29.0,7.0,4.0
70,u3,42.0,26.0,27.0,4.0,1.0
70,u3,47.0,20.0,4.0,1.0,3.0
70,u3,52.0,35.0,9.0,0.0,0.0
70,u4,7.0,12.0,0.0,3.0,0.0
70,u4,12.0,9.0,0.0,5.0,0.0
70,u4,17.0,91.0,1.0,12.0,2.0
70,u4,22.0,67.0,5.0,24.0,1.0
70,u4,27.0,57.0,18.0,62.0,8.0
70,u4,32.0,27.0,73.0,12.0,34.0
70,u4,37.0,25.0,4.0,12.0,18.0
70,u4,42.0,0.0,2.0,21.0,0.0
70,u4,47.0,0.0,0.0,10.0,10.0
70,u4,52.0,0.0,1.0,6.0,2.0
70,u5,7.0,6.0,0.0,1.0,0.0
70,u5,12.0,12.0,0.0,1.0,0.0
70,u5,17.0,30.0,0.0,1.0,0.0
70,u5,22.0,54.0,1.0,10.0,0.0
70,u5,27.0,73.0,12.0,13.0,3.0
70,u5,32.0,73.0,3.0,6.0,0.0
70,u5,37.0,27.0,5.0,10.0,2.0
70,u5,42.0,4.0,3.0,5.0,2.0
70,u5,47.0,17.0,0.0,6.0,2.0
70,u5,52.0,11.0,2.0,6.0,2.0
70,u6,7.0,5.0,0.0,1.0,0.0
70,u6,12.0,19.0,1.0,2.0,0.0
70,u6,17.0,53.0,3.0,5.0,0.0
70,u6,22.0,35.0,26.0,1.0,1.0
70,u6,27.0,7.0,5.0,1.0,2.0
70,u6,32.0,15.0,0.0,2.0,0.0
70,u6,37.0,8.0,1.0,3.0,0.0
70,u6,42.0,4.0,1.0,2.0,0.0
70,u6,47.0,1.0,2.0,1.0,3.0
70,u6,52.0,7.0,3.0,1.0,1.0
70,u7,7.0,7.0,0.0,3.0,0.0
70,u7,12.0,21.0,0.0,2.0,0.0
70,u7,17.0,26.0,0.0,26.0,0.0
70,u7,22.0,15.0,7.0,35.0,1.0
70,u7,27.0,19.0,4.0,14.0,13.0
70,u7,32.0,38.0,0.0,19.0,21.0
70,u7,37.0,8.0,1.0,2.0,3.0
70,u7,42.0,16.0,2.0,2.0,1.0
70,u7,47.0,6.0,1.0,1.0,8.0
70,u7,52.0,0.0,0.0,0.0,4.0
70,u8,7.0,6.0,0.0,0.0,0.0
70,u8,12.0,23.0,0.0,1.0,0.0
70,u8,17.0,18.0,0.0,6.0,0.0
70,u8,22.0,53.0,0.0,19.0,0.0
70,u8,27.0,90.0,0.0,23.0,0.0
70,u8,32.0,94.0,2.0,41.0,1.0
70,u8,37.0,224.0,1.0,21.0,19.0
70,u8,42.0,43.0,31.0,2.0,5.0
70,u8,47.0,47.0,12.0,1.0,5.0
70,u8,52.0,18.0,21.0,1.0,1.0
71,u1,7.0,2.0,0.0,1.0,0.0
71,u1,12.0,7.0,0.0,4.0,0.0
71,u1,17.0,70.0,0.0,12.0,0.0
71,u1,22.0,99.0,4.0,42.0,0.0
71,u1,27.0,35.0,97.0,27.0,12.0
71,u1,32.0,23.0,32.0,4.0,1.0
71,u1,37.0,24.0,33.0,6.0,2.0
71,u1,42.0,13.0,0.0,1.0,5.0
71,u1,47.0,3.0,4.0,1.0,1.0
71,u1,52.0,3.0,1.0,0.0,0.0
71,u2,7.0,1.0,0.0,0.0,0.0
71,u2,12.0,4.0,0.0,1.0,0.0
71,u2,17.0,6.0,0.0,5.0,0.0
71,u2,22.0,44.0,3.0,16.0,0.0
71,u2,27.0,70.0,15.0,12.0,9.0
71,u2,32.0,45.0,2.0,12.0,14.0
71,u2,37.0,61.0,0.0,3.0,4.0
71,u2,42.0,35.0,5.0,2.0,4.0
71,u2,47.0,10.0,7.0,1.0,3.0
71,u2,52.0,4.0,1.0,1.0,0.0
71,u3,7.0,6.0,0.0,5.0,0.0
71,u3,12.0,7.0,0.0,1.0,0.0
71,u3,17.0,38.0,0.0,5.0,0.0
71,u3,22.0,76.0,1.0,38.0,1.0
71,u3,27.0,39.0,7.0,22.0,2.0
71,u3,32.0,94.0,27.0,29.0,10.0
71,u3,37.0,14.0,22.0,3.0,8.0
71,u3,42.0,16.0,6.0,5.0,3.0
71,u3,47.0,6.0,6.0,1.0,0.0
71,u3,52.0,4.0,4.0,0.0,0.0
71,u4,7.0,0.0,0.0,1.0,0.0
71,u4,12.0,5.0,0.0,11.0,0.0
71,u4,17.0,23.0,0.0,26.0,0.0
71,u4,22.0,170.0,9.0,71.0,0.0
71,u4,27.0,167.0,0.0,30.0,18.0
71,u4,32.0,53.0,34.0,3.0,7.0
71,u4,37.0,64.0,45.0,11.0,1.0
71,u4,42.0,47.0,38.0,3.0,6.0
71,u4,47.0,29.0,2.0,3.0,0.0
71,u4,52.0,33.0,1.0,0.0,0.0
71,u5,7.0,1.0,0.0,0.0,0.0
71,u5,12.0,11.0,0.0,5.0,0.0
71,u5,17.0,24.0,0.0,11.0,0.0
71,u5,22.0,54.0,3.0,21.0,2.0
71,u5,27.0,44.0,6.0,14.0,9.0
71,u5,32.0,44.0,16.0,0.0,5.0
71,u5,37.0,14.0,12.0,0.0,0.0
71,u5,42.0,3.0,11.0,1.0,0.0
71,u5,47.0,11.0,0.0,0.0,0.0
71,u5,52.0,25.0,0.0,1.0,0.0
71,u6,7.0,6.0,0.0,0.0,0.0
71,u6,12.0,7.0,0.0,4.0,0.0
71,u6,17.0,23.0,0.0,2.0,0.0
71,u6,22.0,60.0,0.0,16.0,1.0
71,u6,27.0,80.0,22.0,29.0,1.0
71,u6,32.0,55.0,3.0,8.0,6.0
71,u6,37.0,32.0,5.0,2.0,1.0
71,u6,42.0,31.0,15.0,0.0,1.0
71,u6,47.0,13.0,22.0,2.0,0.0
71,u6,52.0,8.0,2.0,2.0,1.0
71,u7,7.0,6.0,0.0,0.0,0.0
71,u7,12.0,6.0,0.0,1.0,0.0
71,u7,17.0,25.0,0.0,5.0,0.0
71,u7,22.0,17.0,0.0,7.0,0.0
71,u7,27.0,32.0,2.0,5.0,8.0
71,u7,32.0,32.0,4.0,14.0,7.0
71,u7,37.0,14.0,12.0,3.0,0.0
71,u7,42.0,11.0,3.0,1.0,0.0
71,u7,47.0,4.0,0.0,4.0,0.0
71,u7,52.0,10.0,12.0,2.0,0.0
71,u8,7.0,2.0,0.0,0.0,0.0
71,u8,12.0,6.0,0.0,5.0,0.0
71,u8,17.0,22.0,0.0,6.0,0.0
71,u8,22.0,40.0,0.0,6.0,0.0
71,u8,27.0,47.0,1.0,29.0,0.0
71,u8,32.0,63.0,0.0,34.0,2.0
71,u8,37.0,31.0,10.0,20.0,2.0
71,u8,42.0,29.0,2.0,2.0,15.0
71,u8,47.0,33.0,35.0,6.0,3.0
71,u8,52.0,8.0,2.0,0.0,5.0
72,u1,7.0,7.0,0.0,1.0,0.0
72,u1,12.0,5.0,0.0,2.0,1.0
72,u1,17.0,59.0,1.0,8.0,0.0
72,u1,22.0,60.0,0.0,39.0,1.0
72,u1,27.0,27.0,20.0,17.0,8.0
72,u1,32.0,13.0,7.0,2.0,5.0
72,u1,37.0,8.0,13.0,8.0,7.0
72,u1,42.0,8.0,3.0,7.0,3.0
72,u1,47.0,4.0,0.0,2.0,2.0
72,u1,52.0,2.0,1.0,1.0,3.0
72,u2,7.0,4.0,0.0,1.0,0.0
72,u2,12.0,33.0,0.0,8.0,1.0
72,u2,17.0,22.0,0.0,26.0,0.0
72,u2,22.0,22.0,6.0,28.0,4.0
72,u2,27.0,49.0,5.0,21.0,8.0
72,u2,32.0,30.0,15.0,8.0,5.0
72,u2,37.0,14.0,4.0,9.0,2.0
72,u2,42.0,2.0,0.0,0.0,3.0
72,u2,47.0,6.0,1.0,7.0,0.0
72,u2,52.0,5.0,1.0,3.0,0.0
72,u3,7.0,5.0,0.0,0.0,0.0
72,u3,12.0,7.0,0.0,8.0,1.0
72,u3,17.0,48.0,1.0,1.0,3.0
72,u3,22.0,22.0,1.0,24.0,4.0
72,u3,27.0,10.0,2.0,36.0,0.0
72,u3,32.0,35.0,6.0,21.0,20.0
72,u3,37.0,34.0,10.0,13.0,18.0
72,u3,42.0,14.0,2.0,5.0,1.0
72,u3,47.0,10.0,2.0,3.0,3.0
72,u3,52.0,7.0,0.0,0.0,4.0
72,u4,7.0,8.0,0.0,0.0,0.0
72,u4,12.0,14.0,0.0,1.0,0.0
72,u4,17.0,19.0,2.0,8.0,0.0
72,u4,22.0,152.0,2.0,19.0,2.0
72,u4,27.0,91.0,30.0,56.0,4.0
72,u4,32.0,20.0,13.0,29.0,31.0
72,u4,37.0,12.0,7.0,9.0,10.0
72,u4,42.0,5.0,1.0,4.0,3.0
72,u4,47.0,4.0,0.0,1.0,0.0
72,u4,52.0,8.0,0.0,4.0,0.0
72,u5,7.0,3.0,0.0,1.0,0.0
72,u5,12.0,15.0,0.0,5.0,0.0
72,u5,17.0,23.0,0.0,10.0,1.0
72,u5,22.0,30.0,5.0,49.0,0.0
72,u5,27.0,67.0,4.0,50.0,4.0
72,u5,32.0,53.0,4.0,6.0,4.0
72,u5,37.0,24.0,12.0,3.0,3.0
72,u5,42.0,6.0,4.0,2.0,3.0
72,u5,47.0,0.0,1.0,0.0,1.0
72,u5,52.0,6.0,1.0,4.0,0.0
72,u6,7.0,3.0,0.0,4.0,1.0
72,u6,12.0,8.0,1.0,3.0,0.0
72,u6,17.0,15.0,0.0,20.0,0.0
72,u6,22.0,81.0,0.0,3.0,0.0
72,u6,27.0,64.0,8.0,5.0,1.0
72,u6,32.0,60.0,8.0,5.0,5.0
72,u6,37.0,17.0,16.0,2.0,3.0
72,u6,42.0,31.0,28.0,6.0,1.0
72,u6,47.0,7.0,0.0,5.0,0.0
72,u6,52.0,4.0,1.0,1.0,0.0
72,u7,7.0,5.0,0.0,2.0,0.0
72,u7,12.0,0.0,0.0,7.0,0.0
72,u7,17.0,5.0,2.0,7.0,0.0
72,u7,22.0,13.0,7.0,5.0,0.0
72,u7,27.0,14.0,17.0,10.0,4.0
72,u7,32.0,37.0,1.0,6.0,16.0
72,u7,37.0,8.0,13.0,1.0,5.0
72,u7,42.0,4.0,2.0,0.0,1.0
72,u7,47.0,5.0,0.0,1.0,0.0
72,u7,52.0,1.0,0.0,1.0,0.0
72,u8,7.0,1.0,0.0,2.0,0.0
72,u8,12.0,12.0,0.0,12.0,0.0
72,u8,17.0,15.0,0.0,15.0,0.0
72,u8,22.0,49.0,0.0,10.0,0.0
72,u8,27.0,21.0,6.0,6.0,3.0
72,u8,32.0,10.0,2.0,5.0,15.0
72,u8,37.0,10.0,6.0,10.0,2.0
72,u8,42.0,0.0,0.0,3.0,0.0
72,u8,47.0,0.0,1.0,2.0,0.0
72,u8,52.0,0.0,1.0,5.0,0.0
73,u1,7.0,9.0,0.0,2.0,0.0
73,u1,12.0,15.0,0.0,2.0,1.0
73,u1,17.0,38.0,0.0,7.0,0.0
73,u1,22.0,36.0,0.0,5.0,0.0
73,u1,27.0,31.0,38.0,9.0,6.0
73,u1,32.0,13.0,25.0,3.0,9.0
73,u1,37.0,1.0,1.0,0.0,1.0
73,u1,42.0,2.0,0.0,1.0,0.0
73,u1,47.0,3.0,0.0,0.0,0.0
73,u1,52.0,0.0,1.0,1.0,0.0
73,u2,7.0,5.0,0.0,0.0,0.0
73,u2,12.0,10.0,0.0,8.0,0.0
73,u2,17.0,58.0,10.0,8.0,0.0
73,u2,22.0,56.0,5.0,13.0,34.0
73,u2,27.0,12.0,1.0,2.0,0.0
73,u2,32.0,4.0,0.0,2.0,8.0
73,u2,37.0,15.0,11.0,2.0,0.0
73,u2,42.0,7.0,1.0,3.0,5.0
73,u2,47.0,1.0,3.0,1.0,2.0
73,u2,52.0,0.0,1.0,0.0,0.0
73,u3,7.0,5.0,0.0,4.0,0.0
73,u3,12.0,11.0,0.0,5.0,0.0
73,u3,17.0,18.0,0.0,8.0,1.0
73,u3,22.0,105.0,0.0,60.0,1.0
73,u3,27.0,119.0,39.0,27.0,8.0
73,u3,32.0,94.0,53.0,21.0,15.0
73,u3,37.0,29.0,6.0,16.0,7.0
73,u3,42.0,9.0,14.0,2.0,4.0
73,u3,47.0,2.0,1.0,2.0,3.0
73,u3,52.0,1.0,0.0,3.0,3.0
73,u4,7.0,7.0,0.0,2.0,0.0
73,u4,12.0,3.0,0.0,7.0,0.0
73,u4,17.0,16.0,0.0,8.0,1.0
73,u4,22.0,47.0,4.0,19.0,2.0
73,u4,27.0,11.0,1.0,6.0,3.0
73,u4,32.0,11.0,3.0,7.0,4.0
73,u4,37.0,5.0,5.0,4.0,0.0
73,u4,42.0,2.0,1.0,1.0,1.0
73,u4,47.0,1.0,2.0,0.0,0.0
73,u4,52.0,1.0,1.0,1.0,1.0
73,u5,7.0,7.0,1.0,4.0,0.0
73,u5,12.0,2.0,0.0,3.0,0.0
73,u5,17.0,5.0,0.0,28.0,0.0
73,u5,22.0,31.0,0.0,22.0,0.0
73,u5,27.0,55.0,4.0,34.0,1.0
73,u5,32.0,36.0,14.0,17.0,8.0
73,u5,37.0,28.0,0.0,2.0,3.0
73,u5,42.0,5.0,0.0,1.0,3.0
73,u5,47.0,2.0,0.0,1.0,2.0
73,u5,52.0,8.0,1.0,1.0,0.0
73,u6,7.0,7.0,1.0,4.0,0.0
73,u6,12.0,12.0,0.0,5.0,0.0
73,u6,17.0,72.0,1.0,28.0,1.0
73,u6,22.0,73.0,18.0,58.0,4.0
73,u6,27.0,65.0,52.0,14.0,4.0
73,u6,32.0,31.0,3.0,8.0,5.0
73,u6,37.0,28.0,71.0,2.0,0.0
73,u6,42.0,50.0,25.0,0.0,0.0
73,u6,47.0,40.0,8.0,0.0,0.0
73,u6,52.0,35.0,5.0,0.0,0.0
73,u7,7.0,2.0,0.0,1.0,0.0
73,u7,12.0,12.0,0.0,2.0,0.0
73,u7,17.0,15.0,0.0,1.0,0.0
73,u7,22.0,67.0,0.0,25.0,0.0
73,u7,27.0,68.0,7.0,17.0,3.0
73,u7,32.0,31.0,15.0,18.0,13.0
73,u7,37.0,9.0,8.0,17.0,18.0
73,u7,42.0,12.0,5.0,10.0,2.0
73,u7,47.0,4.0,2.0,2.0,1.0
73,u7,52.0,8.0,1.0,2.0,2.0
73,u8,7.0,4.0,0.0,1.0,0.0
73,u8,12.0,3.0,0.0,2.0,0.0
73,u8,17.0,16.0,0.0,0.0,0.0
73,u8,22.0,6.0,0.0,8.0,0.0
73,u8,27.0,52.0,26.0,18.0,1.0
73,u8,32.0,103.0,33.0,15.0,8.0
73,u8,37.0,17.0,16.0,5.0,1.0
73,u8,42.0,21.0,2.0,0.0,8.0
73,u8,47.0,10.0,7.0,2.0,1.0
73,u8,52.0,3.0,0.0,2.0,2.0
74,u1,7.0,3.0,0.0,0.0,0.0
74,u1,12.0,9.0,0.0,3.0,0.0
74,u1,17.0,23.0,0.0,12.0,0.0
74,u1,22.0,55.0,0.0,9.0,0.0
74,u1,27.0,35.0,7.0,34.0,1.0
74,u1,32.0,84.0,3.0,8.0,28.0
74,u1,37.0,12.0,6.0,6.0,5.0
74,u1,42.0,3.0,8.0,16.0,15.0
74,u1,47.0,3.0,0.0,6.0,1.0
74,u1,52.0,0.0,0.0,3.0,11.0
74,u2,7.0,4.0,0.0,2.0,0.0
74,u2,12.0,0.0,0.0,5.0,0.0
74,u2,17.0,14.0,0.0,5.0,0.0
74,u2,22.0,8.0,1.0,29.0,2.0
74,u2,27.0,68.0,0.0,49.0,1.0
74,u2,32.0,85.0,4.0,39.0,39.0
74,u2,37.0,34.0,9.0,24.0,13.0
74,u2,42.0,8.0,11.0,14.0,12.0
74,u2,47.0,3.0,2.0,5.0,4.0
74,u2,52.0,0.0,2.0,7.0,0.0
74,u3,7.0,4.0,0.0,1.0,0.0
74,u3,12.0,30.0,1.0,2.0,0.0
74,u3,17.0,121.0,4.0,5.0,0.0
74,u3,22.0,152.0,11.0,30.0,0.0
74,u3,27.0,71.0,3.0,8.0,2.0
74,u3,32.0,99.0,6.0,11.0,1.0
74,u3,37.0,118.0,18.0,0.0,1.0
74,u3,42.0,33.0,7.0,2.0,0.0
74,u3,47.0,43.0,12.0,0.0,0.0
74,u3,52.0,35.0,0.0,0.0,1.0
74,u4,7.0,2.0,0.0,2.0,0.0
74,u4,12.0,16.0,0.0,0.0,0.0
74,u4,17.0,8.0,0.0,0.0,0.0
74,u4,22.0,31.0,0.0,7.0,0.0
74,u4,27.0,27.0,0.0,0.0,0.0
74,u4,32.0,16.0,2.0,7.0,0.0
74,u4,37.0,66.0,1.0,16.0,0.0
74,u4,42.0,26.0,5.0,15.0,5.0
74,u4,47.0,2.0,24.0,4.0,3.0
74,u4,52.0,5.0,3.0,3.0,2.0
74,u5,7.0,3.0,0.0,1.0,0.0
74,u5,12.0,13.0,1.0,3.0,0.0
74,u5,17.0,24.0,1.0,6.0,0.0
74,u5,22.0,31.0,2.0,15.0,0.0
74,u5,27.0,61.0,2.0,17.0,0.0
74,u5,32.0,54.0,55.0,17.0,12.0
74,u5,37.0,41.0,29.0,5.0,8.0
74,u5,42.0,15.0,34.0,1.0,1.0
74,u5,47.0,9.0,37.0,1.0,2.0
74,u5,52.0,4.0,24.0,0.0,0.0
74,u6,7.0,4.0,0.0,0.0,0.0
74,u6,12.0,2.0,0.0,7.0,0.0
74,u6,17.0,15.0,0.0,3.0,0.0
74,u6,22.0,110.0,0.0,17.0,0.0
74,u6,27.0,111.0,3.0,26.0,0.0
74,u6,32.0,142.0,35.0,45.0,8.0
74,u6,37.0,62.0,11.0,21.0,24.0
74,u6,42.0,42.0,5.0,5.0,8.0
74,u6,47.0,27.0,3.0,16.0,3.0
74,u6,52.0,0.0,4.0,2.0,3.0
74,u7,7.0,6.0,0.0,1.0,0.0
74,u7,12.0,12.0,0.0,9.0,0.0
74,u7,17.0,16.0,3.0,21.0,0.0
74,u7,22.0,73.0,40.0,46.0,16.0
74,u7,27.0,44.0,15.0,10.0,12.0
74,u7,32.0,23.0,17.0,10.0,12.0
74,u7,37.0,13.0,2.0,12.0,18.0
74,u7,42.0,10.0,2.0,6.0,9.0
74,u7,47.0,8.0,0.0,4.0,10.0
74,u7,52.0,2.0,0.0,1.0,1.0
74,u8,7.0,3.0,0.0,0.0,0.0
74,u8,12.0,15.0,0.0,2.0,0.0
74,u8,17.0,28.0,1.0,12.0,0.0
74,u8,22.0,60.0,2.0,44.0,4.0
74,u8,27.0,83.0,5.0,40.0,77.0
74,u8,32.0,59.0,35.0,15.0,13.0
74,u8,37.0,14.0,5.0,5.0,10.0
74,u8,42.0,10.0,0.0,4.0,6.0
74,u8,47.0,12.0,1.0,2.0,3.0
74,u8,52.0,5.0,1.0,6.0,2.0
75,u1,7.0,3.0,0.0,0.0,0.0
75,u1,12.0,16.0,0.0,2.0,0.0
75,u1,17.0,35.0,0.0,3.0,1.0
75,u1,22.0,58.0,10.0,4.0,0.0
75,u1,27.0,27.0,29.0,6.0,0.0
75,u1,32.0,38.0,14.0,4.0,3.0
75,u1,37.0,24.0,12.0,2.0,1.0
75,u1,42.0,16.0,7.0,4.0,1.0
75,u1,47.0,11.0,5.0,2.0,0.0
75,u1,52.0,7.0,3.0,0.0,1.0
75,u2,7.0,4.0,0.0,3.0,0.0
75,u2,12.0,40.0,0.0,5.0,0.0
75,u2,17.0,41.0,1.0,31.0,0.0
75,u2,22.0,66.0,2.0,13.0,6.0
75,u2,27.0,22.0,44.0,19.0,7.0
75,u2,32.0,8.0,20.0,9.0,17.0
75,u2,37.0,12.0,5.0,1.0,7.0
75,u2,42.0,3.0,3.0,0.0,2.0
75,u2,47.0,4.0,4.0,1.0,0.0
75,u2,52.0,0.0,0.0,2.0,2.0
75,u3,7.0,3.0,0.0,3.0,0.0
75,u3,12.0,12.0,0.0,4.0,1.0
75,u3,17.0,19.0,3.0,22.0,2.0
75,u3,22.0,17.0,3.0,38.0,0.0
75,u3,27.0,34.0,9.0,78.0,4.0
75,u3,32.0,28.0,22.0,22.0,1.0
75,u3,37.0,6.0,12.0,13.0,3.0
75,u3,42.0,18.0,3.0,3.0,2.0
75,u3,47.0,1.0,0.0,2.0,8.0
75,u3,52.0,5.0,0.0,6.0,0.0
75,u4,7.0,3.0,0.0,1.0,0.0
75,u4,12.0,6.0,0.0,2.0,0.0
75,u4,17.0,1.0,0.0,4.0,0.0
75,u4,22.0,11.0,0.0,7.0,0.0
75,u4,27.0,64.0,0.0,6.0,0.0
75,u4,32.0,69.0,5.0,25.0,1.0
75,u4,37.0,113.0,2.0,10.0,0.0
75,u4,42.0,95.0,4.0,15.0,9.0
75,u4,47.0,33.0,5.0,13.0,16.0
75,u4,52.0,10.0,13.0,3.0,4.0
75,u5,7.0,6.0,0.0,0.0,0.0
75,u5,12.0,4.0,0.0,6.0,0.0
75,u5,17.0,35.0,2.0,4.0,0.0
75,u5,22.0,61.0,0.0,20.0,1.0
75,u5,27.0,144.0,62.0,8.0,5.0
75,u5,32.0,20.0,19.0,6.0,2.0
75,u5,37.0,8.0,0.0,2.0,5.0
75,u5,42.0,3.0,6.0,0.0,0.0
75,u5,47.0,2.0,1.0,0.0,3.0
75,u5,52.0,5.0,0.0,0.0,1.0
75,u6,7.0,4.0,0.0,2.0,0.0
75,u6,12.0,12.0,0.0,7.0,0.0
75,u6,17.0,60.0,0.0,7.0,0.0
75,u6,22.0,196.0,7.0,12.0,0.0
75,u6,27.0,67.0,9.0,9.0,4.0
75,u6,32.0,33.0,7.0,19.0,4.0
75,u6,37.0,29.0,23.0,5.0,1.0
75,u6,42.0,6.0,1.0,1.0,1.0
75,u6,47.0,14.0,5.0,1.0,2.0
75,u6,52.0,2.0,8.0,0.0,0.0
75,u7,7.0,0.0,0.0,4.0,0.0
75,u7,12.0,10.0,0.0,8.0,0.0
75,u7,17.0,34.0,0.0,19.0,0.0
75,u7,22.0,30.0,0.0,26.0,0.0
75,u7,27.0,26.0,6.0,49.0,4.0
75,u7,32.0,29.0,1.0,28.0,10.0
75,u7,37.0,11.0,11.0,21.0,3.0
75,u7,42.0,2.0,6.0,1.0,15.0
75,u7,47.0,3.0,3.0,5.0,12.0
75,u7,52.0,0.0,0.0,1.0,4.0
75,u8,7.0,5.0,1.0,2.0,0.0
75,u8,12.0,25.0,0.0,7.0,0.0
75,u8,17.0,36.0,2.0,10.0,1.0
75,u8,22.0,72.0,5.0,21.0,1.0
75,u8,27.0,95.0,1.0,27.0,2.0
75,u8,32.0,86.0,15.0,18.0,39.0
75,u8,37.0,61.0,12.0,20.0,13.0
75,u8,42.0,36.0,27.0,8.0,14.0
75,u8,47.0,18.0,8.0,4.0,2.0
75,u8,52.0,7.0,2.0,3.0,1.0
76,u1,7.0,3.0,0.0,1.0,0.0
76,u1,12.0,18.0,0.0,9.0,0.0
76,u1,17.0,41.0,4.0,18.0,0.0
76,u1,22.0,47.0,17.0,40.0,2.0
76,u1,27.0,18.0,19.0,23.0,20.0
76,u1,32.0,55.0,7.0,15.0,14.0
76,u1,37.0,47.0,4.0,6.0,0.0
76,u1,42.0,11.0,5.0,3.0,1.0
76,u1,47.0,4.0,0.0,0.0,0.0
76,u1,52.0,4.0,0.0,3.0,1.0
76,u2,7.0,2.0,0.0,1.0,0.0
76,u2,12.0,18.0,0.0,1.0,1.0
76,u2,17.0,60.0,0.0,8.0,0.0
76,u2,22.0,31.0,2.0,42.0,1.0
76,u2,27.0,28.0,43.0,7.0,20.0
76,u2,32.0,16.0,19.0,4.0,4.0
76,u2,37.0,5.0,12.0,1.0,0.0
76,u2,42.0,9.0,1.0,0.0,0.0
76,u2,47.0,2.0,2.0,0.0,1.0
76,u2,52.0,3.0,3.0,1.0,0.0
76,u3,7.0,3.0,0.0,2.0,0.0
76,u3,12.0,24.0,0.0,3.0,0.0
76,u3,17.0,12.0,1.0,5.0,0.0
76,u3,22.0,140.0,2.0,2.0,0.0
76,u3,27.0,94.0,17.0,5.0,0.0
76,u3,32.0,87.0,20.0,4.0,0.0
76,u3,37.0,24.0,0.0,3.0,1.0
76,u3,42.0,26.0,8.0,1.0,0.0
76,u3,47.0,4.0,1.0,2.0,0.0
76,u3,52.0,7.0,0.0,0.0,1.0
76,u4,7.0,6.0,0.0,0.0,0.0
76,u4,12.0,14.0,0.0,4.0,0.0
76,u4,17.0,22.0,1.0,19.0,1.0
76,u4,22.0,64.0,3.0,84.0,0.0
76,u4,27.0,78.0,1.0,22.0,11.0
76,u4,32.0,74.0,3.0,11.0,20.0
76,u4,37.0,3.0,6.0,6.0,2.0
76,u4,42.0,4.0,0.0,0.0,4.0
76,u4,47.0,7.0,1.0,0.0,4.0
76,u4,52.0,1.0,0.0,0.0,0.0
76,u5,7.0,3.0,0.0,4.0,0.0
76,u5,12.0,10.0,0.0,0.0,0.0
76,u5,17.0,42.0,0.0,13.0,0.0
76,u5,22.0,36.0,1.0,22.0,0.0
76,u5,27.0,86.0,4.0,30.0,3.0
76,u5,32.0,38.0,3.0,28.0,7.0
76,u5,37.0,28.0,7.0,18.0,14.0
76,u5,42.0,42.0,15.0,20.0,13.0
76,u5,47.0,30.0,2.0,0.0,4.0
76,u5,52.0,23.0,18.0,1.0,3.0
76,u6,7.0,6.0,0.0,0.0,0.0
76,u6,12.0,7.0,0.0,2.0,0.0
76,u6,17.0,12.0,0.0,6.0,0.0
76,u6,22.0,70.0,0.0,9.0,0.0
76,u6,27.0,67.0,1.0,9.0,1.0
76,u6,32.0,128.0,19.0,29.0,0.0
76,u6,37.0,53.0,16.0,9.0,22.0
76,u6,42.0,82.0,42.0,38.0,6.0
76,u6,47.0,22.0,7.0,5.0,3.0
76,u6,52.0,21.0,10.0,4.0,4.0
76,u7,7.0,7.0,0.0,0.0,0.0
76,u7,12.0,17.0,0.0,2.0,0.0
76,u7,17.0,36.0,0.0,2.0,0.0
76,u7,22.0,84.0,0.0,8.0,0.0
76,u7,27.0,11.0,2.0,7.0,2.0
76,u7,32.0,50.0,4.0,17.0,0.0
76,u7,37.0,52.0,15.0,5.0,2.0
76,u7,42.0,15.0,1.0,5.0,0.0
76,u7,47.0,3.0,8.0,1.0,2.0
76,u7,52.0,9.0,1.0,1.0,4.0
76,u8,7.0,5.0,0.0,1.0,0.0
76,u8,12.0,23.0,2.0,4.0,0.0
76,u8,17.0,79.0,8.0,33.0,0.0
76,u8,22.0,121.0,32.0,17.0,9.0
76,u8,27.0,27.0,22.0,13.0,7.0
76,u8,32.0,16.0,66.0,3.0,19.0
76,u8,37.0,19.0,3.0,2.0,6.0
76,u8,42.0,22.0,1.0,0.0,3.0
76,u8,47.0,38.0,9.0,1.0,0.0
76,u8,52.0,7.0,5.0,0.0,0.0
77,u1,7.0,2.0,0.0,0.0,0.0
77,u1,12.0,12.0,0.0,2.0,0.0
77,u1,17.0,24.0,0.0,9.0,1.0
77,u1,22.0,42.0,0.0,29.0,0.0
77,u1,27.0,30.0,12.0,31.0,9.0
77,u1,32.0,92.0,8.0,35.0,15.0
77,u1,37.0,9.0,18.0,8.0,7.0
77,u1,42.0,16.0,1.0,3.0,5.0
77,u1,47.0,4.0,10.0,2.0,3.0
77,u1,52.0,5.0,6.0,1.0,0.0
77,u2,7.0,4.0,0.0,0.0,0.0
77,u2,12.0,31.0,0.0,6.0,0.0
77,u2,17.0,22.0,1.0,7.0,0.0
77,u2,22.0,127.0,6.0,23.0,3.0
77,u2,27.0,66.0,16.0,7.0,18.0
77,u2,32.0,39.0,30.0,3.0,2.0
77,u2,37.0,56.0,5.0,5.0,3.0
77,u2,42.0,13.0,9.0,0.0,1.0
77,u2,47.0,15.0,0.0,0.0,0.0
77,u2,52.0,15.0,9.0,0.0,0.0
77,u3,7.0,3.0,0.0,3.0,0.0
77,u3,12.0,4.0,0.0,6.0,0.0
77,u3,17.0,14.0,0.0,12.0,0.0
77,u3,22.0,59.0,11.0,29.0,3.0
77,u3,27.0,34.0,11.0,25.0,20.0
77,u3,32.0,8.0,51.0,37.0,19.0
77,u3,37.0,6.0,2.0,17.0,40.0
77,u3,42.0,3.0,4.0,8.0,9.0
77,u3,47.0,0.0,11.0,10.0,7.0
77,u3,52.0,0.0,0.0,15.0,31.0
77,u4,7.0,4.0,0.0,4.0,0.0
77,u4,12.0,12.0,0.0,9.0,0.0
77,u4,17.0,27.0,0.0,5.0,0.0
77,u4,22.0,196.0,0.0,5.0,0.0
77,u4,27.0,59.0,14.0,5.0,1.0
77,u4,32.0,30.0,15.0,7.0,1.0
77,u4,37.0,27.0,11.0,4.0,1.0
77,u4,42.0,16.0,14.0,2.0,0.0
77,u4,47.0,3.0,8.0,0.0,2.0
77,u4,52.0,3.0,1.0,0.0,0.0
77,u5,7.0,4.0,0.0,2.0,0.0
77,u5,12.0,8.0,0.0,0.0,0.0
77,u5,17.0,9.0,0.0,14.0,0.0
77,u5,22.0,30.0,7.0,36.0,0.0
77,u5,27.0,25.0,8.0,47.0,1.0
77,u5,32.0,22.0,17.0,8.0,22.0
77,u5,37.0,1.0,1.0,2.0,17.0
77,u5,42.0,1.0,5.0,6.0,2.0
77,u5,47.0,1.0,0.0,6.0,1.0
77,u5,52.0,0.0,1.0,7.0,3.0
77,u6,7.0,4.0,0.0,0.0,0.0
77,u6,12.0,13.0,0.0,7.0,0.0
77,u6,17.0,19.0,0.0,21.0,0.0
77,u6,22.0,88.0,12.0,39.0,9.0
77,u6,27.0,53.0,6.0,24.0,15.0
77,u6,32.0,16.0,50.0,12.0,5.0
77,u6,37.0,9.0,1.0,5.0,7.0
77,u6,42.0,4.0,2.0,1.0,8.0
77,u6,47.0,0.0,0.0,1.0,1.0
77,u6,52.0,4.0,0.0,3.0,5.0
77,u7,7.0,2.0,0.0,1.0,0.0
77,u7,12.0,8.0,0.0,3.0,0.0
77,u7,17.0,4.0,0.0,1.0,0.0
77,u7,22.0,48.0,0.0,9.0,0.0
77,u7,27.0,91.0,1.0,11.0,0.0
77,u7,32.0,159.0,1.0,16.0,3.0
77,u7,37.0,124.0,47.0,12.0,4.0
77,u7,42.0,42.0,31.0,1.0,2.0
77,u7,47.0,32.0,3.0,1.0,0.0
77,u7,52.0,46.0,3.0,1.0,0.0
77,u8,7.0,3.0,0.0,0.0,0.0
77,u8,12.0,1.0,0.0,17.0,0.0
77,u8,17.0,92.0,0.0,14.0,1.0
77,u8,22.0,73.0,25.0,19.0,1.0
77,u8,27.0,162.0,16.0,25.0,10.0
77,u8,32.0,28.0,8.0,5.0,0.0
77,u8,37.0,42.0,9.0,5.0,1.0
77,u8,42.0,47.0,1.0,8.0,2.0
77,u8,47.0,51.0,2.0,2.0,1.0
77,u8,52.0,9.0,4.0,0.0,1.0
78,u1,7.0,10.0,0.0,0.0,0.0
78,u1,12.0,13.0,0.0,1.0,0.0
78,u1,17.0,17.0,1.0,2.0,0.0
78,u1,22.0,49.0,2.0,16.0,1.0
78,u1,27.0,37.0,7.0,10.0,2.0
78,u1,32.0,35.0,1.0,36.0,0.0
78,u1,37.0,64.0,7.0,10.0,8.0
78,u1,42.0,38.0,1.0,3.0,3.0
78,u1,47.0,2.0,4.0,0.0,0.0
78,u1,52.0,1.0,1.0,0.0,2.0
78,u2,7.0,7.0,0.0,3.0,0.0
78,u2,12.0,22.0,0.0,3.0,0.0
78,u2,17.0,32.0,0.0,8.0,0.0
78,u2,22.0,82.0,0.0,20.0,0.0
78,u2,27.0,104.0,0.0,15.0,0.0
78,u2,32.0,79.0,34.0,14.0,2.0
78,u2,37.0,64.0,12.0,3.0,12.0
78,u2,42.0,28.0,11.0,5.0,0.0
78,u2,47.0,23.0,3.0,1.0,0.0
78,u2,52.0,5.0,4.0,0.0,1.0
78,u3,7.0,0.0,0.0,1.0,0.0
78,u3,12.0,19.0,0.0,6.0,0.0
78,u3,17.0,18.0,0.0,2.0,0.0
78,u3,22.0,82.0,0.0,19.0,1.0
78,u3,27.0,15.0,0.0,24.0,0.0
78,u3,32.0,98.0,2.0,31.0,9.0
78,u3,37.0,51.0,27.0,24.0,11.0
78,u3,42.0,27.0,0.0,5.0,3.0
78,u3,47.0,7.0,1.0,10.0,2.0
78,u3,52.0,16.0,6.0,9.0,1.0
78,u4,7.0,6.0,0.0,0.0,0.0
78,u4,12.0,21.0,0.0,2.0,0.0
78,u4,17.0,80.0,0.0,11.0,0.0
78,u4,22.0,71.0,0.0,70.0,8.0
78,u4,27.0,205.0,4.0,71.0,3.0
78,u4,32.0,169.0,29.0,23.0,26.0
78,u4,37.0,28.0,2.0,0.0,1.0
78,u4,42.0,18.0,3.0,3.0,1.0
78,u4,47.0,9.0,3.0,3.0,2.0
78,u4,52.0,6.0,5.0,1.0,0.0
78,u5,7.0,5.0,0.0,1.0,0.0
78,u5,12.0,22.0,0.0,3.0,1.0
78,u5,17.0,47.0,1.0,13.0,0.0
78,u5,22.0,27.0,5.0,16.0,4.0
78,u5,27.0,28.0,2.0,37.0,2.0
78,u5,32.0,28.0,3.0,29.0,17.0
78,u5,37.0,22.0,14.0,17.0,10.0
78,u5,42.0,15.0,2.0,7.0,7.0
78,u5,47.0,11.0,1.0,4.0,12.0
78,u5,52.0,4.0,2.0,5.0,0.0
78,u6,7.0,3.0,0.0,1.0,0.0
78,u6,12.0,9.0,0.0,0.0,0.0
78,u6,17.0,32.0,0.0,4.0,0.0
78,u6,22.0,60.0,1.0,5.0,0.0
78,u6,27.0,69.0,1.0,9.0,1.0
78,u6,32.0,83.0,29.0,0.0,4.0
78,u6,37.0,22.0,1.0,7.0,0.0
78,u6,42.0,8.0,4.0,5.0,1.0
78,u6,47.0,2.0,4.0,4.0,2.0
78,u6,52.0,1.0,1.0,1.0,1.0
78,u7,7.0,2.0,0.0,4.0,0.0
78,u7,12.0,10.0,0.0,0.0,0.0
78,u7,17.0,17.0,0.0,9.0,0.0
78,u7,22.0,11.0,0.0,9.0,0.0
78,u7,27.0,47.0,0.0,14.0,0.0
78,u7,32.0,95.0,38.0,19.0,2.0
78,u7,37.0,38.0,2.0,1.0,1.0
78,u7,42.0,18.0,3.0,6.0,2.0
78,u7,47.0,3.0,2.0,1.0,0.0
78,u7,52.0,12.0,1.0,3.0,1.0
78,u8,7.0,3.0,1.0,2.0,0.0
78,u8,12.0,19.0,0.0,6.0,0.0
78,u8,17.0,24.0,0.0,11.0,0.0
78,u8,22.0,93.0,2.0,0.0,0.0
78,u8,27.0,108.0,4.0,9.0,0.0
78,u8,32.0,70.0,1.0,4.0,0.0
78,u8,37.0,8.0,1.0,1.0,0.0
78,u8,42.0,4.0,0.0,0.0,1.0
78,u8,47.0,3.0,0.0,0.0,0.0
78,u8,52.0,20.0,1.0,0.0,0.0
79,u1,7.0,5.0,0.0,1.0,0.0
79,u1,12.0,13.0,0.0,2.0,0.0
79,u1,17.0,16.0,0.0,14.0,0.0
79,u1,22.0,15.0,2.0,33.0,0.0
79,u1,27.0,28.0,2.0,67.0,6.0
79,u1,32.0,85.0,15.0,20.0,17.0
79,u1,37.0,34.0,23.0,14.0,23.0
79,u1,42.0,39.0,0.0,1.0,0.0
79,u1,47.0,7.0,5.0,6.0,5.0
79,u1,52.0,3.0,0.0,1.0,3.0
79,u2,7.0,2.0,0.0,1.0,0.0
79,u2,12.0,16.0,0.0,3.0,0.0
79,u2,17.0,10.0,2.0,9.0,0.0
79,u2,22.0,27.0,0.0,25.0,0.0
79,u2,27.0,41.0,1.0,8.0,1.0
79,u2,32.0,22.0,2.0,8.0,1.0
79,u2,37.0,62.0,0.0,7.0,4.0
79,u2,42.0,15.0,8.0,7.0,0.0
79,u2,47.0,10.0,2.0,6.0,3.0
79,u2,52.0,7.0,0.0,4.0,0.0
79,u3,7.0,3.0,0.0,1.0,0.0
79,u3,12.0,10.0,1.0,2.0,0.0
79,u3,17.0,22.0,0.0,7.0,0.0
79,u3,22.0,67.0,0.0,32.0,0.0
79,u3,27.0,36.0,5.0,59.0,27.0
79,u3,32.0,50.0,10.0,19.0,43.0
79,u3,37.0,5.0,6.0,6.0,7.0
79,u3,42.0,3.0,12.0,2.0,6.0
79,u3,47.0,7.0,0.0,3.0,2.0
79,u3,52.0,2.0,1.0,0.0,1.0
79,u4,7.0,7.0,0.0,4.0,0.0
79,u4,12.0,14.0,1.0,3.0,0.0
79,u4,17.0,33.0,0.0,45.0,1.0
79,u4,22.0,130.0,10.0,51.0,0.0
79,u4,27.0,114.0,1.0,6.0,18.0
79,u4,32.0,131.0,2.0,22.0,46.0
79,u4,37.0,33.0,29.0,9.0,18.0
79,u4,42.0,23.0,1.0,3.0,2.0
79,u4,47.0,26.0,1.0,3.0,2.0
79,u4,52.0,16.0,4.0,9.0,0.0
79,u5,7.0,2.0,0.0,0.0,0.0
79,u5,12.0,9.0,0.0,9.0,0.0
79,u5,17.0,57.0,0.0,70.0,0.0
79,u5,22.0,50.0,4.0,19.0,3.0
79,u5,27.0,60.0,41.0,31.0,3.0
79,u5,32.0,11.0,2.0,22.0,25.0
79,u5,37.0,32.0,10.0,2.0,14.0
79,u5,42.0,11.0,8.0,1.0,0.0
79,u5,47.0,1.0,5.0,1.0,1.0
79,u5,52.0,6.0,0.0,1.0,0.0
79,u6,7.0,0.0,0.0,1.0,0.0
79,u6,12.0,5.0,0.0,7.0,0.0
79,u6,17.0,43.0,3.0,11.0,1.0
79,u6,22.0,155.0,40.0,9.0,8.0
79,u6,27.0,22.0,0.0,18.0,5.0
79,u6,32.0,10.0,0.0,19.0,12.0
79,u6,37.0,13.0,5.0,9.0,0.0
79,u6,42.0,0.0,7.0,99.0,12.0
79,u6,47.0,1.0,2.0,22.0,31.0
79,u6,52.0,1.0,0.0,6.0,51.0
79,u7,7.0,8.0,0.0,2.0,0.0
79,u7,12.0,6.0,0.0,4.0,0.0
79,u7,17.0,39.0,0.0,0.0,0.0
79,u7,22.0,28.0,2.0,1.0,0.0
79,u7,27.0,17.0,14.0,6.0,3.0
79,u7,32.0,16.0,2.0,8.0,1.0
79,u7,37.0,10.0,5.0,4.0,4.0
79,u7,42.0,11.0,3.0,2.0,1.0
79,u7,47.0,18.0,1.0,0.0,0.0
79,u7,52.0,2.0,0.0,0.0,0.0
79,u8,7.0,2.0,0.0,1.0,0.0
79,u8,12.0,10.0,0.0,2.0,0.0
79,u8,17.0,80.0,1.0,25.0,0.0
79,u8,22.0,111.0,0.0,22.0,1.0
79,u8,27.0,55.0,2.0,36.0,4.0
79,u8,32.0,27.0,5.0,30.0,29.0
79,u8,37.0,18.0,15.0,22.0,31.0
79,u8,42.0,2.0,0.0,7.0,0.0
79,u8,47.0,6.0,2.0,5.0,12.0
79,u8,52.0,3.0,0.0,2.0,2.0
80,u1,7.0,4.0,1.0,2.0,0.0
80,u1,12.0,45.0,0.0,11.0,0.0
80,u1,17.0,45.0,1.0,29.0,2.0
80,u1,22.0,131.0,47.0,36.0,15.0
80,u1,27.0,30.0,7.0,4.0,9.0
80,u1,32.0,9.0,4.0,3.0,7.0
80,u1,37.0,1.0,2.0,0.0,1.0
80,u1,42.0,3.0,0.0,0.0,0.0
80,u1,47.0,1.0,0.0,0.0,1.0
80,u1,52.0,0.0,0.0,0.0,0.0
80,u2,7.0,3.0,0.0,1.0,0.0
80,u2,12.0,14.0,0.0,7.0,0.0
80,u2,17.0,28.0,0.0,13.0,0.0
80,u2,22.0,73.0,2.0,9.0,0.0
80,u2,27.0,34.0,9.0,28.0,3.0
80,u2,32.0,56.0,1.0,19.0,2.0
80,u2,37.0,27.0,20.0,5.0,1.0
80,u2,42.0,59.0,12.0,3.0,2.0
80,u2,47.0,14.0,7.0,0.0,1.0
80,u2,52.0,17.0,15.0,1.0,1.0
80,u3,7.0,6.0,0.0,1.0,0.0
80,u3,12.0,45.0,0.0,21.0,0.0
80,u3,17.0,91.0,0.0,41.0,1.0
80,u3,22.0,178.0,9.0,17.0,9.0
80,u3,27.0,212.0,61.0,7.0,2.0
80,u3,32.0,68.0,7.0,1.0,0.0
80,u3,37.0,46.0,21.0,4.0,2.0
80,u3,42.0,28.0,4.0,1.0,0.0
80,u3,47.0,8.0,2.0,0.0,2.0
80,u3,52.0,8.0,1.0,0.0,0.0
80,u4,7.0,4.0,0.0,1.0,0.0
80,u4,12.0,5.0,0.0,3.0,0.0
80,u4,17.0,17.0,0.0,38.0,1.0
80,u4,22.0,42.0,3.0,30.0,3.0
80,u4,27.0,51.0,7.0,40.0,3.0
80,u4,32.0,18.0,9.0,46.0,39.0
80,u4,37.0,8.0,21.0,34.0,69.0
80,u4,42.0,3.0,4.0,3.0,1.0
80,u4,47.0,2.0,1.0,0.0,45.0
80,u4,52.0,1.0,1.0,2.0,4.0
80,u5,7.0,2.0,0.0,1.0,0.0
80,u5,12.0,16.0,0.0,4.0,0.0
80,u5,17.0,16.0,0.0,10.0,0.0
80,u5,22.0,26.0,0.0,29.0,0.0
80,u5,27.0,111.0,5.0,37.0,3.0
80,u5,32.0,88.0,0.0,44.0,28.0
80,u5,37.0,18.0,10.0,15.0,13.0
80,u5,42.0,5.0,0.0,8.0,13.0
80,u5,47.0,6.0,5.0,0.0,13.0
80,u5,52.0,1.0,0.0,5.0,0.0
80,u6,7.0,3.0,0.0,1.0,0.0
80,u6,12.0,5.0,0.0,4.0,0.0
80,u6,17.0,71.0,0.0,12.0,0.0
80,u6,22.0,37.0,6.0,47.0,3.0
80,u6,27.0,51.0,0.0,72.0,7.0
80,u6,32.0,46.0,45.0,51.0,3.0
80,u6,37.0,4.0,7.0,9.0,15.0
80,u6,42.0,20.0,7.0,6.0,3.0
80,u6,47.0,0.0,11.0,0.0,3.0
80,u6,52.0,1.0,0.0,1.0,0.0
80,u7,7.0,2.0,0.0,2.0,0.0
80,u7,12.0,22.0,0.0,2.0,0.0
80,u7,17.0,28.0,0.0,13.0,1.0
80,u7,22.0,36.0,0.0,19.0,0.0
80,u7,27.0,32.0,12.0,18.0,1.0
80,u7,32.0,32.0,14.0,14.0,3.0
80,u7,37.0,9.0,5.0,14.0,16.0
80,u7,42.0,2.0,1.0,1.0,14.0
80,u7,47.0,6.0,1.0,10.0,0.0
80,u7,52.0,6.0,2.0,5.0,0.0
80,u8,7.0,0.0,0.0,3.0,0.0
80,u8,12.0,6.0,0.0,2.0,0.0
80,u8,17.0,10.0,0.0,11.0,0.0
80,u8,22.0,79.0,0.0,28.0,0.0
80,u8,27.0,69.0,4.0,27.0,1.0
80,u8,32.0,44.0,8.0,21.0,0.0
80,u8,37.0,108.0,40.0,22.0,5.0
80,u8,42.0,1.0,8.0,2.0,17.0
80,u8,47.0,16.0,1.0,4.0,4.0
80,u8,52.0,9.0,1.0,0.0,2.0
81,u1,7.0,3.0,0.0,0.0,0.0
81,u1,12.0,7.0,0.0,10.0,0.0
81,u1,17.0,57.0,0.0,12.0,0.0
81,u1,22.0,118.0,0.0,40.0,1.0
81,u1,27.0,34.0,2.0,61.0,3.0
81,u1,32.0,96.0,39.0,30.0,2.0
81,u1,37.0,53.0,0.0,8.0,4.0
81,u1,42.0,15.0,8.0,2.0,1.0
81,u1,47.0,13.0,13.0,6.0,1.0
81,u1,52.0,5.0,0.0,0.0,0.0
81,u2,7.0,4.0,0.0,1.0,0.0
81,u2,12.0,10.0,0.0,10.0,0.0
81,u2,17.0,19.0,0.0,6.0,1.0
81,u2,22.0,32.0,6.0,12.0,2.0
81,u2,27.0,37.0,2.0,12.0,0.0
81,u2,32.0,26.0,19.0,4.0,6.0
81,u2,37.0,15.0,2.0,1.0,0.0
81,u2,42.0,5.0,0.0,4.0,4.0
81,u2,47.0,12.0,8.0,0.0,0.0
81,u2,52.0,2.0,1.0,1.0,0.0
81,u3,7.0,2.0,0.0,4.0,0.0
81,u3,12.0,4.0,0.0,2.0,0.0
81,u3,17.0,51.0,2.0,1.0,0.0
81,u3,22.0,45.0,9.0,29.0,3.0
81,u3,27.0,59.0,3.0,13.0,6.0
81,u3,32.0,15.0,15.0,3.0,7.0
81,u3,37.0,4.0,14.0,3.0,1.0
81,u3,42.0,1.0,0.0,0.0,5.0
81,u3,47.0,0.0,1.0,0.0,1.0
81,u3,52.0,0.0,0.0,0.0,0.0
81,u4,7.0,12.0,1.0,0.0,0.0
81,u4,12.0,2.0,1.0,5.0,1.0
81,u4,17.0,14.0,0.0,3.0,0.0
81,u4,22.0,29.0,0.0,10.0,1.0
81,u4,27.0,73.0,4.0,14.0,0.0
81,u4,32.0,22.0,9.0,3.0,5.0
81,u4,37.0,16.0,10.0,15.0,5.0
81,u4,42.0,10.0,5.0,6.0,9.0
81,u4,47.0,0.0,0.0,3.0,3.0
81,u4,52.0,6.0,5.0,4.0,0.0
81,u5,7.0,6.0,0.0,0.0,0.0
81,u5,12.0,8.0,0.0,5.0,0.0
81,u5,17.0,19.0,0.0,7.0,0.0
81,u5,22.0,24.0,0.0,12.0,0.0
81,u5,27.0,50.0,1.0,18.0,0.0
81,u5,32.0,131.0,17.0,16.0,11.0
81,u5,37.0,90.0,32.0,24.0,30.0
81,u5,42.0,64.0,13.0,6.0,9.0
81,u5,47.0,14.0,7.0,5.0,3.0
81,u5,52.0,1.0,0.0,2.0,2.0
81,u6,7.0,5.0,1.0,2.0,0.0
81,u6,12.0,3.0,1.0,4.0,0.0
81,u6,17.0,12.0,0.0,11.0,0.0
81,u6,22.0,14.0,2.0,10.0,0.0
81,u6,27.0,122.0,9.0,29.0,1.0
81,u6,32.0,230.0,10.0,19.0,1.0
81,u6,37.0,11.0,10.0,14.0,8.0
81,u6,42.0,7.0,7.0,6.0,3.0
81,u6,47.0,7.0,2.0,4.0,0.0
81,u6,52.0,10.0,3.0,1.0,1.0
81,u7,7.0,3.0,0.0,4.0,0.0
81,u7,12.0,10.0,0.0,0.0,1.0
81,u7,17.0,33.0,0.0,24.0,0.0
81,u7,22.0,55.0,0.0,13.0,4.0
81,u7,27.0,90.0,9.0,26.0,2.0
81,u7,32.0,26.0,4.0,17.0,5.0
81,u7,37.0,4.0,1.0,1.0,1.0
81,u7,42.0,3.0,1.0,0.0,0.0
81,u7,47.0,1.0,1.0,1.0,0.0
81,u7,52.0,7.0,0.0,0.0,0.0
81,u8,7.0,3.0,0.0,0.0,0.0
81,u8,12.0,13.0,0.0,2.0,0.0
81,u8,17.0,46.0,0.0,5.0,0.0
81,u8,22.0,23.0,0.0,18.0,0.0
81,u8,27.0,43.0,25.0,11.0,3.0
81,u8,32.0,32.0,18.0,5.0,6.0
81,u8,37.0,13.0,0.0,2.0,1.0
81,u8,42.0,11.0,3.0,2.0,1.0
81,u8,47.0,16.0,2.0,1.0,2.0
81,u8,52.0,0.0,0.0,0.0,2.0
82,u1,7.0,5.0,0.0,4.0,0.0
82,u1,12.0,19.0,0.0,10.0,0.0
82,u1,17.0,35.0,1.0,54.0,0.0
82,u1,22.0,28.0,3.0,9.0,0.0
82,u1,27.0,97.0,12.0,60.0,23.0
82,u1,32.0,23.0,17.0,29.0,3.0
82,u1,37.0,0.0,0.0,0.0,26.0
82,u1,42.0,0.0,0.0,2.0,6.0
82,u1,47.0,0.0,0.0,0.0,5.0
82,u1,52.0,0.0,0.0,0.0,3.0
82,u2,7.0,6.0,0.0,2.0,0.0
82,u2,12.0,16.0,1.0,3.0,0.0
82,u2,17.0,70.0,0.0,6.0,0.0
82,u2,22.0,92.0,10.0,47.0,1.0
82,u2,27.0,25.0,2.0,56.0,1.0
82,u2,32.0,60.0,5.0,24.0,3.0
82,u2,37.0,4.0,2.0,12.0,28.0
82,u2,42.0,0.0,4.0,2.0,11.0
82,u2,47.0,1.0,0.0,0.0,1.0
82,u2,52.0,0.0,0.0,2.0,0.0
82,u3,7.0,2.0,0.0,2.0,0.0
82,u3,12.0,21.0,0.0,4.0,0.0
82,u3,17.0,45.0,1.0,9.0,0.0
82,u3,22.0,81.0,0.0,22.0,1.0
82,u3,27.0,85.0,23.0,14.0,10.0
82,u3,32.0,49.0,12.0,12.0,8.0
82,u3,37.0,32.0,41.0,2.0,0.0
82,u3,42.0,15.0,4.0,3.0,4.0
82,u3,47.0,10.0,0.0,0.0,0.0
82,u3,52.0,15.0,0.0,1.0,0.0
82,u4,7.0,5.0,0.0,1.0,0.0
82,u4,12.0,14.0,1.0,0.0,0.0
82,u4,17.0,16.0,1.0,12.0,3.0
82,u4,22.0,38.0,0.0,7.0,1.0
82,u4,27.0,19.0,6.0,6.0,5.0
82,u4,32.0,34.0,3.0,3.0,0.0
82,u4,37.0,5.0,7.0,1.0,4.0
82,u4,42.0,8.0,2.0,0.0,0.0
82,u4,47.0,8.0,0.0,0.0,0.0
82,u4,52.0,10.0,0.0,1.0,1.0
82,u5,7.0,3.0,0.0,1.0,0.0
82,u5,12.0,10.0,0.0,5.0,0.0
82,u5,17.0,11.0,0.0,11.0,0.0
82,u5,22.0,33.0,0.0,15.0,0.0
82,u5,27.0,78.0,0.0,31.0,0.0
82,u5,32.0,44.0,0.0,27.0,1.0
82,u5,37.0,11.0,37.0,4.0,0.0
82,u5,42.0,15.0,5.0,9.0,21.0
82,u5,47.0,21.0,19.0,23.0,0.0
82,u5,52.0,9.0,1.0,7.0,4.0
82,u6,7.0,8.0,0.0,3.0,0.0
82,u6,12.0,5.0,2.0,6.0,1.0
82,u6,17.0,8.0,0.0,10.0,0.0
82,u6,22.0,48.0,0.0,17.0,1.0
82,u6,27.0,78.0,9.0,55.0,3.0
82,u6,32.0,45.0,6.0,21.0,47.0
82,u6,37.0,23.0,2.0,3.0,5.0
82,u6,42.0,6.0,2.0,2.0,1.0
82,u6,47.0,0.0,6.0,0.0,4.0
82,u6,52.0,4.0,5.0,1.0,1.0
82,u7,7.0,7.0,0.0,1.0,0.0
82,u7,12.0,10.0,0.0,4.0,0.0
82,u7,17.0,27.0,4.0,20.0,1.0
82,u7,22.0,18.0,11.0,33.0,3.0
82,u7,27.0,42.0,35.0,14.0,1.0
82,u7,32.0,19.0,7.0,7.0,59.0
82,u7,37.0,3.0,0.0,15.0,5.0
82,u7,42.0,1.0,0.0,1.0,4.0
82,u7,47.0,1.0,0.0,0.0,1.0
82,u7,52.0,1.0,0.0,0.0,0.0
82,u8,7.0,11.0,0.0,0.0,0.0
82,u8,12.0,13.0,0.0,2.0,0.0
82,u8,17.0,18.0,0.0,8.0,0.0
82,u8,22.0,85.0,0.0,10.0,3.0
82,u8,27.0,35.0,5.0,44.0,1.0
82,u8,32.0,12.0,24.0,15.0,9.0
82,u8,37.0,18.0,17.0,10.0,8.0
82,u8,42.0,3.0,4.0,6.0,6.0
82,u8,47.0,2.0,0.0,4.0,14.0
82,u8,52.0,0.0,0.0,3.0,6.0
83,u1,7.0,7.0,0.0,1.0,0.0
83,u1,12.0,14.0,0.0,7.0,0.0
83,u1,17.0,15.0,3.0,5.0,0.0
83,u1,22.0,125.0,8.0,7.0,1.0
83,u1,27.0,64.0,9.0,7.0,0.0
83,u1,32.0,34.0,9.0,3.0,0.0
83,u1,37.0,72.0,11.0,5.0,0.0
83,u1,42.0,40.0,7.0,0.0,2.0
83,u1,47.0,36.0,0.0,0.0,0.0
83,u1,52.0,5.0,9.0,0.0,0.0
83,u2,7.0,2.0,0.0,2.0,0.0
83,u2,12.0,8.0,0.0,4.0,0.0
83,u2,17.0,80.0,0.0,17.0,0.0
83,u2,22.0,89.0,5.0,38.0,4.0
83,u2,27.0,14.0,1.0,36.0,1.0
83,u2,32.0,10.0,5.0,16.0,2.0
83,u2,37.0,6.0,1.0,3.0,0.0
83,u2,42.0,10.0,0.0,2.0,1.0
83,u2,47.0,7.0,0.0,2.0,0.0
83,u2,52.0,7.0,3.0,0.0,0.0
83,u3,7.0,1.0,0.0,0.0,0.0
83,u3,12.0,5.0,2.0,3.0,0.0
83,u3,17.0,41.0,4.0,2.0,1.0
83,u3,22.0,61.0,5.0,55.0,16.0
83,u3,27.0,130.0,7.0,38.0,8.0
83,u3,32.0,76.0,31.0,6.0,5.0
83,u3,37.0,24.0,25.0,10.0,18.0
83,u3,42.0,11.0,5.0,2.0,6.0
83,u3,47.0,1.0,0.0,0.0,4.0
83,u3,52.0,1.0,0.0,0.0,0.0
83,u4,7.0,5.0,1.0,2.0,0.0
83,u4,12.0,15.0,0.0,3.0,0.0
83,u4,17.0,33.0,5.0,17.0,0.0
83,u4,22.0,107.0,21.0,7.0,4.0
83,u4,27.0,47.0,10.0,6.0,7.0
83,u4,32.0,36.0,20.0,5.0,11.0
83,u4,37.0,6.0,9.0,0.0,1.0
83,u4,42.0,11.0,3.0,1.0,1.0
83,u4,47.0,1.0,0.0,1.0,0.0
83,u4,52.0,7.0,0.0,1.0,0.0
83,u5,7.0,2.0,0.0,0.0,0.0
83,u5,12.0,18.0,0.0,5.0,0.0
83,u5,17.0,7.0,0.0,12.0,0.0
83,u5,22.0,63.0,2.0,28.0,0.0
83,u5,27.0,95.0,6.0,10.0,6.0
83,u5,32.0,40.0,17.0,28.0,3.0
83,u5,37.0,16.0,19.0,7.0,3.0
83,u5,42.0,7.0,15.0,0.0,1.0
83,u5,47.0,9.0,0.0,3.0,0.0
83,u5,52.0,1.0,1.0,0.0,0.0
83,u6,7.0,1.0,0.0,3.0,0.0
83,u6,12.0,10.0,0.0,5.0,0.0
83,u6,17.0,47.0,3.0,7.0,0.0
83,u6,22.0,30.0,12.0,16.0,1.0
83,u6,27.0,145.0,6.0,25.0,16.0
83,u6,32.0,49.0,8.0,19.0,2.0
83,u6,37.0,70.0,13.0,3.0,0.0
83,u6,42.0,36.0,4.0,2.0,1.0
83,u6,47.0,37.0,9.0,1.0,5.0
83,u6,52.0,17.0,5.0,0.0,0.0
83,u7,7.0,8.0,0.0,2.0,0.0
83,u7,12.0,13.0,0.0,6.0,0.0
83,u7,17.0,35.0,0.0,12.0,0.0
83,u7,22.0,172.0,2.0,49.0,2.0
83,u7,27.0,188.0,6.0,24.0,10.0
83,u7,32.0,52.0,1.0,16.0,15.0
83,u7,37.0,37.0,6.0,15.0,1.0
83,u7,42.0,5.0,2.0,5.0,7.0
83,u7,47.0,14.0,0.0,7.0,1.0
83,u7,52.0,11.0,3.0,7.0,2.0
83,u8,7.0,6.0,0.0,1.0,0.0
83,u8,12.0,4.0,0.0,1.0,0.0
83,u8,17.0,15.0,0.0,1.0,0.0
83,u8,22.0,26.0,0.0,16.0,2.0
83,u8,27.0,47.0,12.0,11.0,0.0
83,u8,32.0,39.0,0.0,10.0,0.0
83,u8,37.0,56.0,5.0,9.0,3.0
83,u8,42.0,59.0,31.0,4.0,12.0
83,u8,47.0,44.0,0.0,7.0,1.0
83,u8,52.0,4.0,17.0,1.0,4.0
84,u1,7.0,2.0,0.0,2.0,0.0
84,u1,12.0,9.0,0.0,1.0,0.0
84,u1,17.0,56.0,0.0,5.0,0.0
84,u1,22.0,97.0,0.0,6.0,0.0
84,u1,27.0,55.0,4.0,18.0,4.0
84,u1,32.0,101.0,46.0,26.0,23.0
84,u1,37.0,50.0,1.0,16.0,6.0
84,u1,42.0,28.0,1.0,6.0,4.0
84,u1,47.0,176.0,66.0,1.0,4.0
84,u1,52.0,75.0,19.0,2.0,2.0
84,u2,7.0,4.0,0.0,2.0,0.0
84,u2,12.0,9.0,0.0,2.0,0.0
84,u2,17.0,17.0,0.0,3.0,0.0
84,u2,22.0,11.0,2.0,4.0,1.0
84,u2,27.0,16.0,20.0,3.0,0.0
84,u2,32.0,27.0,3.0,1.0,0.0
84,u2,37.0,25.0,1.0,2.0,3.0
84,u2,42.0,19.0,38.0,1.0,0.0
84,u2,47.0,38.0,2.0,1.0,0.0
84,u2,52.0,10.0,9.0,0.0,0.0
84,u3,7.0,4.0,1.0,1.0,0.0
84,u3,12.0,5.0,0.0,11.0,0.0
84,u3,17.0,43.0,0.0,16.0,0.0
84,u3,22.0,82.0,15.0,21.0,3.0
84,u3,27.0,55.0,17.0,32.0,19.0
84,u3,32.0,22.0,0.0,9.0,3.0
84,u3,37.0,2.0,4.0,12.0,0.0
84,u3,42.0,1.0,0.0,10.0,9.0
84,u3,47.0,3.0,0.0,1.0,0.0
84,u3,52.0,0.0,0.0,0.0,9.0
84,u4,7.0,5.0,0.0,1.0,0.0
84,u4,12.0,20.0,0.0,3.0,0.0
84,u4,17.0,9.0,0.0,0.0,0.0
84,u4,22.0,31.0,5.0,14.0,0.0
84,u4,27.0,74.0,4.0,16.0,1.0
84,u4,32.0,23.0,4.0,18.0,1.0
84,u4,37.0,81.0,4.0,18.0,3.0
84,u4,42.0,34.0,7.0,8.0,1.0
84,u4,47.0,6.0,11.0,6.0,2.0
84,u4,52.0,3.0,1.0,1.0,5.0
84,u5,7.0,2.0,0.0,0.0,0.0
84,u5,12.0,15.0,0.0,4.0,0.0
84,u5,17.0,1.0,0.0,14.0,0.0
84,u5,22.0,15.0,2.0,19.0,0.0
84,u5,27.0,50.0,6.0,17.0,6.0
84,u5,32.0,52.0,2.0,4.0,11.0
84,u5,37.0,26.0,15.0,6.0,2.0
84,u5,42.0,17.0,4.0,3.0,0.0
84,u5,47.0,9.0,3.0,3.0,1.0
84,u5,52.0,13.0,8.0,2.0,0.0
84,u6,7.0,1.0,0.0,1.0,0.0
84,u6,12.0,10.0,1.0,3.0,0.0
84,u6,17.0,36.0,0.0,4.0,0.0
84,u6,22.0,143.0,2.0,27.0,0.0
84,u6,27.0,107.0,42.0,85.0,34.0
84,u6,32.0,97.0,33.0,21.0,9.0
84,u6,37.0,27.0,2.0,3.0,0.0
84,u6,42.0,53.0,2.0,0.0,9.0
84,u6,47.0,16.0,3.0,0.0,2.0
84,u6,52.0,9.0,9.0,2.0,1.0
84,u7,7.0,7.0,0.0,0.0,0.0
84,u7,12.0,22.0,0.0,3.0,0.0
84,u7,17.0,15.0,0.0,9.0,0.0
84,u7,22.0,26.0,0.0,36.0,3.0
84,u7,27.0,53.0,2.0,28.0,15.0
84,u7,32.0,10.0,0.0,37.0,11.0
84,u7,37.0,13.0,2.0,23.0,2.0
84,u7,42.0,20.0,7.0,3.0,1.0
84,u7,47.0,21.0,3.0,4.0,1.0
84,u7,52.0,4.0,0.0,3.0,2.0
84,u8,7.0,4.0,0.0,0.0,0.0
84,u8,12.0,7.0,0.0,2.0,0.0
84,u8,17.0,22.0,0.0,1.0,0.0
84,u8,22.0,42.0,0.0,5.0,0.0
84,u8,27.0,139.0,25.0,5.0,3.0
84,u8,32.0,40.0,27.0,2.0,1.0
84,u8,37.0,42.0,0.0,3.0,6.0
84,u8,42.0,11.0,8.0,1.0,0.0
84,u8,47.0,8.0,3.0,5.0,0.0
84,u8,52.0,9.0,2.0,1.0,0.0
85,u1,7.0,2.0,0.0,2.0,0.0
85,u1,12.0,5.0,0.0,15.0,0.0
85,u1,17.0,49.0,0.0,17.0,0.0
85,u1,22.0,186.0,1.0,22.0,0.0
85,u1,27.0,141.0,22.0,65.0,5.0
85,u1,32.0,127.0,35.0,61.0,7.0
85,u1,37.0,47.0,9.0,15.0,7.0
85,u1,42.0,47.0,8.0,5.0,5.0
85,u1,47.0,10.0,8.0,10.0,13.0
85,u1,52.0,11.0,3.0,1.0,0.0
85,u2,7.0,5.0,0.0,2.0,0.0
85,u2,12.0,19.0,0.0,2.0,0.0
85,u2,17.0,20.0,4.0,7.0,2.0
85,u2,22.0,67.0,4.0,16.0,0.0
85,u2,27.0,59.0,6.0,33.0,16.0
85,u2,32.0,3.0,0.0,1.0,14.0
85,u2,37.0,21.0,3.0,10.0,1.0
85,u2,42.0,3.0,0.0,0.0,1.0
85,u2,47.0,1.0,0.0,6.0,0.0
85,u2,52.0,1.0,2.0,0.0,1.0
85,u3,7.0,9.0,0.0,0.0,0.0
85,u3,12.0,10.0,0.0,7.0,0.0
85,u3,17.0,60.0,4.0,14.0,0.0
85,u3,22.0,48.0,2.0,43.0,0.0
85,u3,27.0,94.0,30.0,48.0,40.0
85,u3,32.0,74.0,17.0,21.0,1.0
85,u3,37.0,16.0,11.0,9.0,33.0
85,u3,42.0,37.0,4.0,8.0,16.0
85,u3,47.0,36.0,4.0,3.0,7.0
85,u3,52.0,12.0,4.0,0.0,3.0
85,u4,7.0,11.0,0.0,0.0,0.0
85,u4,12.0,26.0,0.0,3.0,0.0
85,u4,17.0,20.0,0.0,22.0,1.0
85,u4,22.0,67.0,0.0,15.0,0.0
85,u4,27.0,87.0,13.0,23.0,2.0
85,u4,32.0,59.0,2.0,11.0,2.0
85,u4,37.0,10.0,3.0,0.0,3.0
85,u4,42.0,13.0,13.0,5.0,2.0
85,u4,47.0,0.0,3.0,0.0,0.0
85,u4,52.0,1.0,0.0,1.0,1.0
85,u5,7.0,2.0,0.0,0.0,0.0
85,u5,12.0,26.0,0.0,2.0,0.0
85,u5,17.0,48.0,0.0,12.0,0.0
85,u5,22.0,58.0,2.0,39.0,0.0
85,u5,27.0,118.0,6.0,44.0,5.0
85,u5,32.0,66.0,56.0,7.0,0.0
85,u5,37.0,18.0,6.0,8.0,13.0
85,u5,42.0,4.0,8.0,5.0,1.0
85,u5,47.0,6.0,1.0,4.0,3.0
85,u5,52.0,1.0,1.0,2.0,2.0
85,u6,7.0,6.0,0.0,1.0,0.0
85,u6,12.0,1.0,0.0,8.0,0.0
85,u6,17.0,10.0,0.0,15.0,1.0
85,u6,22.0,46.0,0.0,33.0,1.0
85,u6,27.0,68.0,2.0,61.0,4.0
85,u6,32.0,52.0,41.0,20.0,80.0
85,u6,37.0,9.0,19.0,45.0,10.0
85,u6,42.0,6.0,13.0,5.0,18.0
85,u6,47.0,3.0,0.0,9.0,6.0
85,u6,52.0,1.0,1.0,7.0,5.0
85,u7,7.0,9.0,0.0,4.0,0.0
85,u7,12.0,7.0,0.0,4.0,0.0
85,u7,17.0,25.0,1.0,13.0,0.0
85,u7,22.0,33.0,1.0,17.0,0.0
85,u7,27.0,34.0,10.0,16.0,29.0
85,u7,32.0,9.0,15.0,13.0,16.0
85,u7,37.0,10.0,3.0,16.0,10.0
85,u7,42.0,2.0,0.0,9.0,6.0
85,u7,47.0,3.0,2.0,8.0,0.0
85,u7,52.0,0.0,0.0,2.0,7.0
85,u8,7.0,2.0,0.0,2.0,0.0
85,u8,12.0,10.0,0.0,4.0,0.0
85,u8,17.0,28.0,3.0,17.0,0.0
85,u8,22.0,43.0,14.0,13.0,4.0
85,u8,27.0,12.0,6.0,3.0,7.0
85,u8,32.0,50.0,2.0,13.0,5.0
85,u8,37.0,33.0,1.0,10.0,9.0
85,u8,42.0,7.0,0.0,3.0,5.0
85,u8,47.0,9.0,2.0,1.0,0.0
85,u8,52.0,7.0,0.0,0.0,1.0
86,u1,7.0,14.0,1.0,1.0,0.0
86,u1,12.0,31.0,0.0,17.0,0.0
86,u1,17.0,64.0,0.0,29.0,1.0
86,u1,22.0,53.0,0.0,50.0,5.0
86,u1,27.0,47.0,0.0,53.0,7.0
86,u1,32.0,25.0,10.0,6.0,23.0
86,u1,37.0,14.0,1.0,1.0,15.0
86,u1,42.0,11.0,3.0,0.0,2.0
86,u1,47.0,14.0,12.0,0.0,0.0
86,u1,52.0,9.0,9.0,0.0,0.0
86,u2,7.0,8.0,0.0,5.0,0.0
86,u2,12.0,10.0,0.0,4.0,0.0
86,u2,17.0,9.0,0.0,3.0,0.0
86,u2,22.0,37.0,0.0,8.0,0.0
86,u2,27.0,49.0,0.0,29.0,0.0
86,u2,32.0,92.0,10.0,15.0,2.0
86,u2,37.0,113.0,22.0,19.0,8.0
86,u2,42.0,34.0,10.0,9.0,6.0
86,u2,47.0,23.0,3.0,4.0,2.0
86,u2,52.0,7.0,28.0,2.0,8.0
86,u3,7.0,11.0,0.0,3.0,0.0
86,u3,12.0,4.0,0.0,7.0,0.0
86,u3,17.0,32.0,0.0,8.0,0.0
86,u3,22.0,50.0,2.0,14.0,4.0
86,u3,27.0,62.0,26.0,29.0,8.0
86,u3,32.0,28.0,56.0,31.0,19.0
86,u3,37.0,15.0,0.0,9.0,5.0
86,u3,42.0,7.0,5.0,0.0,9.0
86,u3,47.0,2.0,3.0,0.0,1.0
86,u3,52.0,4.0,1.0,0.0,0.0
86,u4,7.0,7.0,2.0,1.0,0.0
86,u4,12.0,10.0,0.0,8.0,0.0
86,u4,17.0,8.0,0.0,19.0,1.0
86,u4,22.0,40.0,2.0,73.0,1.0
86,u4,27.0,56.0,0.0,71.0,11.0
86,u4,32.0,48.0,23.0,42.0,25.0
86,u4,37.0,23.0,4.0,10.0,9.0
86,u4,42.0,10.0,2.0,4.0,12.0
86,u4,47.0,1.0,1.0,2.0,4.0
86,u4,52.0,0.0,3.0,1.0,4.0
86,u5,7.0,2.0,0.0,2.0,0.0
86,u5,12.0,16.0,0.0,4.0,0.0
86,u5,17.0,7.0,0.0,0.0,0.0
86,u5,22.0,30.0,0.0,5.0,0.0
86,u5,27.0,20.0,0.0,8.0,0.0
86,u5,32.0,26.0,12.0,4.0,0.0
86,u5,37.0,54.0,3.0,1.0,0.0
86,u5,42.0,22.0,0.0,1.0,0.0
86,u5,47.0,11.0,28.0,1.0,0.0
86,u5,52.0,16.0,9.0,0.0,0.0
86,u6,7.0,2.0,0.0,1.0,0.0
86,u6,12.0,8.0,0.0,8.0,0.0
86,u6,17.0,44.0,2.0,9.0,0.0
86,u6,22.0,65.0,4.0,18.0,0.0
86,u6,27.0,58.0,2.0,11.0,7.0
86,u6,32.0,50.0,6.0,1.0,0.0
86,u6,37.0,18.0,4.0,2.0,2.0
86,u6,42.0,7.0,11.0,1.0,1.0
86,u6,47.0,0.0,2.0,0.0,2.0
86,u6,52.0,4.0,5.0,3.0,0.0
86,u7,7.0,8.0,0.0,0.0,0.0
86,u7,12.0,24.0,1.0,7.0,0.0
86,u7,17.0,37.0,1.0,4.0,0.0
86,u7,22.0,98.0,1.0,7.0,0.0
86,u7,27.0,112.0,0.0,17.0,1.0
86,u7,32.0,65.0,14.0,8.0,3.0
86,u7,37.0,42.0,4.0,13.0,2.0
86,u7,42.0,40.0,3.0,4.0,2.0
86,u7,47.0,2.0,4.0,0.0,2.0
86,u7,52.0,15.0,2.0,0.0,0.0
86,u8,7.0,5.0,0.0,6.0,0.0
86,u8,12.0,12.0,0.0,6.0,0.0
86,u8,17.0,53.0,1.0,15.0,0.0
86,u8,22.0,176.0,0.0,39.0,0.0
86,u8,27.0,129.0,0.0,21.0,1.0
86,u8,32.0,46.0,42.0,6.0,16.0
86,u8,37.0,10.0,20.0,5.0,9.0
86,u8,42.0,7.0,3.0,7.0,4.0
86,u8,47.0,3.0,3.0,10.0,3.0
86,u8,52.0,3.0,0.0,5.0,4.0
87,u1,7.0,7.0,0.0,1.0,0.0
87,u1,12.0,22.0,0.0,13.0,0.0
87,u1,17.0,85.0,3.0,21.0,0.0
87,u1,22.0,30.0,0.0,3.0,8.0
87,u1,27.0,16.0,3.0,12.0,5.0
87,u1,32.0,24.0,6.0,1.0,1.0
87,u1,37.0,16.0,1.0,0.0,0.0
87,u1,42.0,13.0,10.0,0.0,1.0
87,u1,47.0,15.0,0.0,0.0,0.0
87,u1,52.0,7.0,0.0,0.0,0.0
87,u2,7.0,9.0,0.0,0.0,0.0
87,u2,12.0,7.0,0.0,18.0,0.0
87,u2,17.0,39.0,0.0,12.0,0.0
87,u2,22.0,58.0,0.0,20.0,0.0
87,u2,27.0,48.0,2.0,27.0,12.0
87,u2,32.0,61.0,29.0,7.0,13.0
87,u2,37.0,14.0,12.0,17.0,22.0
87,u2,42.0,6.0,2.0,22.0,7.0
87,u2,47.0,1.0,0.0,1.0,7.0
87,u2,52.0,0.0,2.0,1.0,1.0
87,u3,7.0,10.0,0.0,2.0,0.0
87,u3,12.0,12.0,0.0,4.0,0.0
87,u3,17.0,14.0,0.0,2.0,0.0
87,u3,22.0,29.0,2.0,7.0,0.0
87,u3,27.0,96.0,4.0,20.0,1.0
87,u3,32.0,69.0,23.0,15.0,11.0
87,u3,37.0,59.0,6.0,5.0,17.0
87,u3,42.0,25.0,3.0,1.0,5.0
87,u3,47.0,28.0,0.0,1.0,0.0
87,u3,52.0,40.0,0.0,6.0,0.0
87,u4,7.0,9.0,0.0,3.0,0.0
87,u4,12.0,15.0,0.0,3.0,0.0
87,u4,17.0,43.0,0.0,33.0,0.0
87,u4,22.0,157.0,1.0,34.0,0.0
87,u4,27.0,36.0,0.0,26.0,17.0
87,u4,32.0,9.0,1.0,17.0,9.0
87,u4,37.0,1.0,5.0,8.0,8.0
87,u4,42.0,0.0,4.0,3.0,0.0
87,u4,47.0,3.0,0.0,6.0,2.0
87,u4,52.0,5.0,0.0,6.0,5.0
87,u5,7.0,9.0,0.0,7.0,0.0
87,u5,12.0,21.0,0.0,3.0,0.0
87,u5,17.0,42.0,1.0,12.0,0.0
87,u5,22.0,63.0,0.0,23.0,2.0
87,u5,27.0,72.0,22.0,12.0,2.0
87,u5,32.0,112.0,55.0,13.0,3.0
87,u5,37.0,54.0,81.0,11.0,6.0
87,u5,42.0,43.0,56.0,0.0,10.0
87,u5,47.0,13.0,2.0,2.0,1.0
87,u5,52.0,7.0,0.0,0.0,0.0
87,u6,7.0,1.0,0.0,1.0,0.0
87,u6,12.0,13.0,1.0,5.0,0.0
87,u6,17.0,27.0,0.0,6.0,0.0
87,u6,22.0,26.0,0.0,9.0,0.0
87,u6,27.0,46.0,2.0,18.0,0.0
87,u6,32.0,96.0,0.0,2.0,0.0
87,u6,37.0,120.0,6.0,11.0,0.0
87,u6,42.0,14.0,0.0,7.0,4.0
87,u6,47.0,6.0,2.0,1.0,2.0
87,u6,52.0,1.0,4.0,0.0,0.0
87,u7,7.0,4.0,0.0,2.0,0.0
87,u7,12.0,9.0,0.0,7.0,0.0
87,u7,17.0,28.0,1.0,17.0,0.0
87,u7,22.0,49.0,3.0,19.0,0.0
87,u7,27.0,111.0,0.0,40.0,32.0
87,u7,32.0,61.0,17.0,16.0,22.0
87,u7,37.0,39.0,18.0,4.0,3.0
87,u7,42.0,33.0,4.0,2.0,6.0
87,u7,47.0,7.0,18.0,5.0,0.0
87,u7,52.0,20.0,3.0,0.0,1.0
87,u8,7.0,10.0,0.0,0.0,0.0
87,u8,12.0,14.0,0.0,5.0,0.0
87,u8,17.0,42.0,0.0,8.0,0.0
87,u8,22.0,42.0,0.0,19.0,0.0
87,u8,27.0,108.0,10.0,23.0,0.0
87,u8,32.0,45.0,30.0,30.0,26.0
87,u8,37.0,83.0,20.0,15.0,8.0
87,u8,42.0,34.0,4.0,2.0,17.0
87,u8,47.0,28.0,15.0,2.0,1.0
87,u8,52.0,28.0,0.0,1.0,1.0
88,u1,7.0,6.0,0.0,2.0,0.0
88,u1,12.0,30.0,0.0,3.0,0.0
88,u1,17.0,58.0,0.0,14.0,1.0
88,u1,22.0,106.0,2.0,21.0,5.0
88,u1,27.0,24.0,5.0,3.0,1.0
88,u1,32.0,11.0,22.0,4.0,2.0
88,u1,37.0,3.0,2.0,2.0,0.0
88,u1,42.0,1.0,3.0,2.0,0.0
88,u1,47.0,1.0,2.0,3.0,2.0
88,u1,52.0,0.0,0.0,3.0,5.0
88,u2,7.0,5.0,0.0,4.0,0.0
88,u2,12.0,16.0,0.0,3.0,1.0
88,u2,17.0,30.0,0.0,25.0,0.0
88,u2,22.0,82.0,0.0,61.0,0.0
88,u2,27.0,181.0,34.0,84.0,46.0
88,u2,32.0,89.0,34.0,24.0,11.0
88,u2,37.0,42.0,3.0,29.0,18.0
88,u2,42.0,45.0,15.0,13.0,0.0
88,u2,47.0,1.0,7.0,4.0,4.0
88,u2,52.0,2.0,3.0,0.0,2.0
88,u3,7.0,11.0,0.0,1.0,0.0
88,u3,12.0,26.0,0.0,8.0,0.0
88,u3,17.0,48.0,0.0,4.0,0.0
88,u3,22.0,87.0,0.0,20.0,0.0
88,u3,27.0,27.0,5.0,11.0,5.0
88,u3,32.0,66.0,22.0,4.0,1.0
88,u3,37.0,41.0,25.0,9.0,2.0
88,u3,42.0,15.0,14.0,1.0,2.0
88,u3,47.0,12.0,10.0,0.0,0.0
88,u3,52.0,12.0,8.0,0.0,1.0
88,u4,7.0,3.0,0.0,0.0,0.0
88,u4,12.0,5.0,0.0,2.0,0.0
88,u4,17.0,19.0,2.0,11.0,1.0
88,u4,22.0,39.0,1.0,17.0,1.0
88,u4,27.0,17.0,2.0,71.0,3.0
88,u4,32.0,6.0,4.0,11.0,25.0
88,u4,37.0,1.0,3.0,3.0,32.0
88,u4,42.0,1.0,2.0,0.0,1.0
88,u4,47.0,0.0,0.0,2.0,2.0
88,u4,52.0,1.0,0.0,0.0,2.0
88,u5,7.0,2.0,0.0,2.0,0.0
88,u5,12.0,12.0,0.0,3.0,0.0
88,u5,17.0,34.0,2.0,5.0,0.0
88,u5,22.0,56.0,2.0,21.0,0.0
88,u5,27.0,46.0,18.0,10.0,2.0
88,u5,32.0,77.0,2.0,4.0,3.0
88,u5,37.0,93.0,36.0,5.0,4.0
88,u5,42.0,33.0,0.0,1.0,4.0
88,u5,47.0,26.0,2.0,0.0,1.0
88,u5,52.0,12.0,14.0,0.0,0.0
88,u6,7.0,6.0,0.0,0.0,0.0
88,u6,12.0,27.0,0.0,3.0,1.0
88,u6,17.0,27.0,0.0,12.0,0.0
88,u6,22.0,79.0,1.0,25.0,0.0
88,u6,27.0,59.0,0.0,64.0,4.0
88,u6,32.0,87.0,77.0,39.0,13.0
88,u6,37.0,39.0,33.0,26.0,38.0
88,u6,42.0,8.0,2.0,15.0,27.0
88,u6,47.0,3.0,0.0,2.0,23.0
88,u6,52.0,4.0,0.0,4.0,0.0
88,u7,7.0,4.0,0.0,0.0,0.0
88,u7,12.0,5.0,0.0,6.0,0.0
88,u7,17.0,21.0,0.0,15.0,0.0
88,u7,22.0,56.0,6.0,14.0,6.0
88,u7,27.0,34.0,2.0,28.0,21.0
88,u7,32.0,22.0,14.0,8.0,18.0
88,u7,37.0,14.0,2.0,8.0,1.0
88,u7,42.0,2.0,7.0,7.0,3.0
88,u7,47.0,5.0,1.0,0.0,1.0
88,u7,52.0,5.0,1.0,4.0,0.0
88,u8,7.0,3.0,0.0,0.0,0.0
88,u8,12.0,4.0,1.0,2.0,0.0
88,u8,17.0,32.0,0.0,11.0,0.0
88,u8,22.0,60.0,0.0,19.0,0.0
88,u8,27.0,121.0,12.0,12.0,0.0
88,u8,32.0,37.0,35.0,6.0,7.0
88,u8,37.0,5.0,12.0,5.0,3.0
88,u8,42.0,5.0,9.0,3.0,7.0
88,u8,47.0,10.0,5.0,2.0,0.0
88,u8,52.0,7.0,0.0,2.0,0.0
89,u1,7.0,4.0,0.0,2.0,0.0
89,u1,12.0,7.0,1.0,3.0,0.0
89,u1,17.0,14.0,0.0,9.0,0.0
89,u1,22.0,56.0,0.0,28.0,4.0
89,u1,27.0,103.0,3.0,27.0,11.0
89,u1,32.0,28.0,65.0,21.0,1.0
89,u1,37.0,31.0,35.0,2.0,0.0
89,u1,42.0,29.0,20.0,2.0,1.0
89,u1,47.0,5.0,0.0,0.0,2.0
89,u1,52.0,10.0,1.0,1.0,0.0
89,u2,7.0,5.0,0.0,2.0,0.0
89,u2,12.0,26.0,0.0,3.0,0.0
89,u2,17.0,22.0,1.0,5.0,2.0
89,u2,22.0,41.0,3.0,13.0,4.0
89,u2,27.0,79.0,13.0,12.0,0.0
89,u2,32.0,90.0,25.0,4.0,9.0
89,u2,37.0,50.0,11.0,6.0,7.0
89,u2,42.0,29.0,35.0,10.0,19.0
89,u2,47.0,17.0,0.0,2.0,8.0
89,u2,52.0,24.0,1.0,5.0,0.0
89,u3,7.0,9.0,0.0,2.0,0.0
89,u3,12.0,9.0,0.0,4.0,0.0
89,u3,17.0,20.0,0.0,10.0,0.0
89,u3,22.0,11.0,0.0,43.0,3.0
89,u3,27.0,35.0,0.0,54.0,4.0
89,u3,32.0,20.0,77.0,31.0,28.0
89,u3,37.0,7.0,3.0,6.0,6.0
89,u3,42.0,4.0,16.0,0.0,3.0
89,u3,47.0,3.0,1.0,0.0,1.0
89,u3,52.0,0.0,0.0,1.0,0.0
89,u4,7.0,12.0,0.0,1.0,0.0
89,u4,12.0,30.0,0.0,2.0,0.0
89,u4,17.0,74.0,1.0,7.0,0.0
89,u4,22.0,99.0,39.0,14.0,0.0
89,u4,27.0,141.0,19.0,28.0,10.0
89,u4,32.0,41.0,28.0,6.0,3.0
89,u4,37.0,20.0,7.0,2.0,0.0
89,u4,42.0,14.0,5.0,0.0,5.0
89,u4,47.0,2.0,0.0,0.0,4.0
89,u4,52.0,2.0,0.0,1.0,0.0
89,u5,7.0,4.0,0.0,1.0,0.0
89,u5,12.0,4.0,0.0,2.0,0.0
89,u5,17.0,16.0,0.0,3.0,0.0
89,u5,22.0,33.0,0.0,58.0,2.0
89,u5,27.0,26.0,5.0,43.0,49.0
89,u5,32.0,16.0,1.0,55.0,56.0
89,u5,37.0,3.0,18.0,40.0,53.0
89,u5,42.0,0.0,12.0,6.0,23.0
89,u5,47.0,1.0,0.0,0.0,3.0
89,u5,52.0,1.0,0.0,3.0,2.0
89,u6,7.0,5.0,0.0,1.0,0.0
89,u6,12.0,4.0,0.0,1.0,0.0
89,u6,17.0,39.0,0.0,5.0,0.0
89,u6,22.0,43.0,0.0,4.0,1.0
89,u6,27.0,61.0,4.0,4.0,0.0
89,u6,32.0,35.0,18.0,9.0,7.0
89,u6,37.0,18.0,0.0,2.0,0.0
89,u6,42.0,21.0,0.0,2.0,0.0
89,u6,47.0,4.0,1.0,1.0,1.0
89,u6,52.0,2.0,4.0,1.0,0.0
89,u7,7.0,5.0,0.0,1.0,0.0
89,u7,12.0,11.0,0.0,11.0,1.0
89,u7,17.0,40.0,0.0,15.0,0.0
89,u7,22.0,24.0,11.0,43.0,11.0
89,u7,27.0,60.0,11.0,14.0,29.0
89,u7,32.0,118.0,29.0,2.0,17.0
89,u7,37.0,135.0,3.0,4.0,7.0
89,u7,42.0,20.0,35.0,2.0,4.0
89,u7,47.0,10.0,17.0,0.0,0.0
89,u7,52.0,9.0,2.0,0.0,1.0
89,u8,7.0,4.0,0.0,0.0,0.0
89,u8,12.0,16.0,0.0,6.0,0.0
89,u8,17.0,48.0,0.0,8.0,0.0
89,u8,22.0,174.0,2.0,19.0,2.0
89,u8,27.0,77.0,1.0,8.0,0.0
89,u8,32.0,59.0,25.0,4.0,4.0
89,u8,37.0,36.0,11.0,1.0,4.0
89,u8,42.0,3.0,8.0,0.0,1.0
89,u8,47.0,1.0,0.0,0.0,1.0
89,u8,52.0,0.0,0.0,0.0,1.0
90,u1,7.0,4.0,0.0,2.0,0.0
90,u1,12.0,13.0,0.0,1.0,0.0
90,u1,17.0,7.0,1.0,9.0,0.0
90,u1,22.0,75.0,4.0,36.0,0.0
90,u1,27.0,159.0,6.0,26.0,5.0
90,u1,32.0,85.0,5.0,25.0,10.0
90,u1,37.0,35.0,16.0,10.0,5.0
90,u1,42.0,21.0,40.0,4.0,6.0
90,u1,47.0,11.0,6.0,1.0,4.0
90,u1,52.0,14.0,2.0,5.0,3.0
90,u2,7.0,8.0,0.0,0.0,0.0
90,u2,12.0,17.0,0.0,1.0,1.0
90,u2,17.0,44.0,0.0,11.0,0.0
90,u2,22.0,36.0,0.0,9.0,0.0
90,u2,27.0,165.0,11.0,8.0,0.0
90,u2,32.0,102.0,15.0,2.0,3.0
90,u2,37.0,47.0,3.0,2.0,0.0
90,u2,42.0,86.0,5.0,1.0,1.0
90,u2,47.0,6.0,4.0,1.0,0.0
90,u2,52.0,2.0,12.0,0.0,0.0
90,u3,7.0,2.0,0.0,2.0,0.0
90,u3,12.0,2.0,1.0,4.0,0.0
90,u3,17.0,10.0,0.0,4.0,0.0
90,u3,22.0,14.0,0.0,18.0,0.0
90,u3,27.0,31.0,2.0,14.0,0.0
90,u3,32.0,20.0,24.0,24.0,6.0
90,u3,37.0,61.0,6.0,5.0,4.0
90,u3,42.0,21.0,13.0,12.0,5.0
90,u3,47.0,11.0,6.0,1.0,1.0
90,u3,52.0,8.0,6.0,0.0,3.0
90,u4,7.0,3.0,0.0,1.0,0.0
90,u4,12.0,1.0,0.0,1.0,0.0
90,u4,17.0,21.0,0.0,3.0,0.0
90,u4,22.0,53.0,0.0,11.0,0.0
90,u4,27.0,21.0,1.0,15.0,0.0
90,u4,32.0,78.0,13.0,3.0,0.0
90,u4,37.0,10.0,0.0,7.0,4.0
90,u4,42.0,14.0,0.0,3.0,5.0
90,u4,47.0,4.0,0.0,1.0,0.0
90,u4,52.0,2.0,0.0,0.0,0.0
90,u5,7.0,3.0,0.0,3.0,0.0
90,u5,12.0,43.0,0.0,1.0,0.0
90,u5,17.0,35.0,0.0,6.0,0.0
90,u5,22.0,30.0,1.0,10.0,0.0
90,u5,27.0,19.0,8.0,6.0,3.0
90,u5,32.0,61.0,32.0,8.0,2.0
90,u5,37.0,11.0,8.0,3.0,10.0
90,u5,42.0,8.0,15.0,1.0,11.0
90,u5,47.0,5.0,0.0,9.0,1.0
90,u5,52.0,11.0,0.0,4.0,0.0
90,u6,7.0,11.0,0.0,2.0,0.0
90,u6,12.0,36.0,0.0,5.0,0.0
90,u6,17.0,41.0,3.0,17.0,0.0
90,u6,22.0,90.0,0.0,41.0,0.0
90,u6,27.0,90.0,47.0,18.0,20.0
90,u6,32.0,45.0,6.0,20.0,15.0
90,u6,37.0,22.0,42.0,12.0,11.0
90,u6,42.0,11.0,1.0,19.0,2.0
90,u6,47.0,6.0,5.0,5.0,2.0
90,u6,52.0,2.0,0.0,2.0,0.0
90,u7,7.0,3.0,0.0,1.0,0.0
90,u7,12.0,59.0,0.0,2.0,0.0
90,u7,17.0,65.0,0.0,8.0,0.0
90,u7,22.0,23.0,1.0,28.0,0.0
90,u7,27.0,70.0,21.0,5.0,4.0
90,u7,32.0,52.0,10.0,12.0,5.0
90,u7,37.0,10.0,2.0,5.0,0.0
90,u7,42.0,38.0,6.0,1.0,0.0
90,u7,47.0,51.0,35.0,0.0,0.0
90,u7,52.0,47.0,4.0,2.0,0.0
90,u8,7.0,1.0,0.0,1.0,0.0
90,u8,12.0,17.0,0.0,5.0,0.0
90,u8,17.0,32.0,0.0,4.0,0.0
90,u8,22.0,25.0,0.0,24.0,1.0
90,u8,27.0,31.0,21.0,42.0,0.0
90,u8,32.0,29.0,5.0,17.0,19.0
90,u8,37.0,7.0,1.0,0.0,2.0
90,u8,42.0,1.0,0.0,2.0,1.0
90,u8,47.0,1.0,0.0,1.0,5.0
90,u8,52.0,0.0,0.0,1.0,1.0
91,u1,7.0,2.0,0.0,5.0,0.0
91,u1,12.0,26.0,0.0,2.0,0.0
91,u1,17.0,32.0,0.0,5.0,0.0
91,u1,22.0,57.0,1.0,10.0,0.0
91,u1,27.0,62.0,0.0,8.0,1.0
91,u1,32.0,40.0,0.0,2.0,1.0
91,u1,37.0,43.0,10.0,2.0,1.0
91,u1,42.0,8.0,7.0,3.0,2.0
91,u1,47.0,5.0,1.0,0.0,0.0
91,u1,52.0,0.0,1.0,0.0,0.0
91,u2,7.0,2.0,0.0,1.0,1.0
91,u2,12.0,6.0,0.0,8.0,0.0
91,u2,17.0,24.0,0.0,10.0,0.0
91,u2,22.0,97.0,4.0,29.0,0.0
91,u2,27.0,76.0,8.0,6.0,25.0
91,u2,32.0,76.0,27.0,3.0,10.0
91,u2,37.0,18.0,75.0,12.0,6.0
91,u2,42.0,7.0,0.0,1.0,0.0
91,u2,47.0,7.0,0.0,1.0,0.0
91,u2,52.0,5.0,6.0,2.0,0.0
91,u3,7.0,1.0,0.0,0.0,0.0
91,u3,12.0,33.0,0.0,10.0,0.0
91,u3,17.0,17.0,1.0,6.0,0.0
91,u3,22.0,23.0,1.0,21.0,5.0
91,u3,27.0,35.0,3.0,26.0,3.0
91,u3,32.0,27.0,16.0,3.0,18.0
91,u3,37.0,13.0,0.0,0.0,4.0
91,u3,42.0,4.0,4.0,3.0,0.0
91,u3,47.0,26.0,2.0,0.0,0.0
91,u3,52.0,20.0,0.0,0.0,1.0
91,u4,7.0,6.0,0.0,0.0,0.0
91,u4,12.0,5.0,0.0,3.0,0.0
91,u4,17.0,17.0,0.0,9.0,0.0
91,u4,22.0,123.0,1.0,6.0,0.0
91,u4,27.0,52.0,0.0,10.0,3.0
91,u4,32.0,79.0,76.0,6.0,8.0
91,u4,37.0,121.0,76.0,10.0,0.0
91,u4,42.0,58.0,15.0,1.0,6.0
91,u4,47.0,73.0,0.0,2.0,1.0
91,u4,52.0,43.0,2.0,2.0,2.0
91,u5,7.0,3.0,0.0,3.0,0.0
91,u5,12.0,11.0,0.0,2.0,0.0
91,u5,17.0,84.0,2.0,9.0,1.0
91,u5,22.0,215.0,6.0,25.0,1.0
91,u5,27.0,188.0,5.0,23.0,15.0
91,u5,32.0,80.0,25.0,8.0,0.0
91,u5,37.0,20.0,1.0,5.0,5.0
91,u5,42.0,186.0,0.0,3.0,2.0
91,u5,47.0,103.0,5.0,1.0,0.0
91,u5,52.0,72.0,2.0,0.0,1.0
91,u6,7.0,3.0,0.0,1.0,0.0
91,u6,12.0,33.0,0.0,4.0,0.0
91,u6,17.0,65.0,0.0,3.0,1.0
91,u6,22.0,111.0,2.0,20.0,1.0
91,u6,27.0,43.0,16.0,6.0,0.0
91,u6,32.0,21.0,27.0,14.0,2.0
91,u6,37.0,14.0,30.0,5.0,0.0
91,u6,42.0,37.0,2.0,2.0,0.0
91,u6,47.0,13.0,3.0,1.0,0.0
91,u6,52.0,24.0,1.0,0.0,0.0
91,u7,7.0,3.0,0.0,2.0,0.0
91,u7,12.0,10.0,0.0,2.0,0.0
91,u7,17.0,59.0,0.0,35.0,0.0
91,u7,22.0,72.0,0.0,40.0,1.0
91,u7,27.0,72.0,9.0,33.0,1.0
91,u7,32.0,92.0,31.0,21.0,25.0
91,u7,37.0,14.0,5.0,6.0,3.0
91,u7,42.0,15.0,1.0,2.0,4.0
91,u7,47.0,17.0,6.0,0.0,4.0
91,u7,52.0,25.0,0.0,2.0,0.0
91,u8,7.0,7.0,0.0,6.0,0.0
91,u8,12.0,16.0,0.0,1.0,0.0
91,u8,17.0,36.0,0.0,2.0,0.0
91,u8,22.0,61.0,1.0,5.0,0.0
91,u8,27.0,54.0,1.0,4.0,0.0
91,u8,32.0,59.0,1.0,3.0,6.0
91,u8,37.0,13.0,12.0,1.0,2.0
91,u8,42.0,27.0,5.0,1.0,0.0
91,u8,47.0,11.0,2.0,0.0,1.0
91,u8,52.0,12.0,1.0,0.0,0.0
92,u1,7.0,2.0,0.0,1.0,0.0
92,u1,12.0,25.0,0.0,8.0,0.0
92,u1,17.0,8.0,1.0,8.0,0.0
92,u1,22.0,15.0,0.0,19.0,0.0
92,u1,27.0,49.0,0.0,19.0,4.0
92,u1,32.0,72.0,1.0,38.0,4.0
92,u1,37.0,36.0,19.0,29.0,8.0
92,u1,42.0,11.0,3.0,4.0,11.0
92,u1,47.0,18.0,7.0,0.0,6.0
92,u1,52.0,6.0,5.0,0.0,5.0
92,u2,7.0,1.0,0.0,1.0,0.0
92,u2,12.0,18.0,0.0,6.0,0.0
92,u2,17.0,25.0,0.0,24.0,0.0
92,u2,22.0,15.0,0.0,10.0,0.0
92,u2,27.0,41.0,1.0,12.0,0.0
92,u2,32.0,30.0,0.0,63.0,4.0
92,u2,37.0,20.0,46.0,26.0,26.0
92,u2,42.0,42.0,11.0,16.0,10.0
92,u2,47.0,15.0,6.0,1.0,0.0
92,u2,52.0,2.0,0.0,1.0,1.0
92,u3,7.0,2.0,0.0,3.0,0.0
92,u3,12.0,6.0,0.0,8.0,0.0
92,u3,17.0,17.0,0.0,3.0,0.0
92,u3,22.0,42.0,1.0,16.0,0.0
92,u3,27.0,45.0,0.0,3.0,1.0
92,u3,32.0,83.0,3.0,26.0,2.0
92,u3,37.0,89.0,3.0,8.0,3.0
92,u3,42.0,80.0,21.0,9.0,1.0
92,u3,47.0,23.0,12.0,20.0,0.0
92,u3,52.0,12.0,0.0,3.0,0.0
92,u4,7.0,6.0,0.0,0.0,0.0
92,u4,12.0,10.0,0.0,2.0,0.0
92,u4,17.0,80.0,0.0,3.0,0.0
92,u4,22.0,71.0,1.0,11.0,0.0
92,u4,27.0,24.0,2.0,11.0,0.0
92,u4,32.0,35.0,11.0,2.0,3.0
92,u4,37.0,28.0,13.0,4.0,5.0
92,u4,42.0,8.0,4.0,2.0,0.0
92,u4,47.0,5.0,1.0,4.0,0.0
92,u4,52.0,1.0,0.0,2.0,4.0
92,u5,7.0,3.0,0.0,0.0,0.0
92,u5,12.0,8.0,0.0,2.0,0.0
92,u5,17.0,28.0,0.0,4.0,0.0
92,u5,22.0,32.0,8.0,1.0,0.0
92,u5,27.0,16.0,4.0,2.0,0.0
92,u5,32.0,24.0,0.0,3.0,2.0
92,u5,37.0,5.0,2.0,1.0,0.0
92,u5,42.0,3.0,5.0,2.0,2.0
92,u5,47.0,0.0,0.0,1.0,0.0
92,u5,52.0,0.0,0.0,0.0,0.0
92,u6,7.0,3.0,0.0,1.0,0.0
92,u6,12.0,1.0,1.0,8.0,0.0
92,u6,17.0,18.0,0.0,25.0,0.0
92,u6,22.0,19.0,0.0,31.0,0.0
92,u6,27.0,77.0,2.0,46.0,13.0
92,u6,32.0,46.0,1.0,20.0,42.0
92,u6,37.0,20.0,26.0,25.0,30.0
92,u6,42.0,6.0,1.0,8.0,2.0
92,u6,47.0,18.0,2.0,1.0,19.0
92,u6,52.0,9.0,0.0,4.0,0.0
92,u7,7.0,9.0,0.0,2.0,0.0
92,u7,12.0,10.0,0.0,4.0,0.0
92,u7,17.0,27.0,0.0,1.0,0.0
92,u7,22.0,83.0,9.0,4.0,0.0
92,u7,27.0,64.0,0.0,8.0,0.0
92,u7,32.0,145.0,5.0,3.0,2.0
92,u7,37.0,16.0,43.0,5.0,1.0
92,u7,42.0,13.0,17.0,2.0,0.0
92,u7,47.0,10.0,2.0,0.0,1.0
92,u7,52.0,14.0,3.0,0.0,0.0
92,u8,7.0,3.0,0.0,1.0,0.0
92,u8,12.0,18.0,0.0,5.0,0.0
92,u8,17.0,16.0,3.0,4.0,1.0
92,u8,22.0,5.0,48.0,5.0,1.0
92,u8,27.0,21.0,0.0,0.0,1.0
92,u8,32.0,14.0,3.0,5.0,1.0
92,u8,37.0,4.0,2.0,0.0,0.0
92,u8,42.0,4.0,0.0,0.0,0.0
92,u8,47.0,2.0,0.0,0.0,0.0
92,u8,52.0,1.0,6.0,0.0,0.0
93,u1,7.0,10.0,0.0,0.0,0.0
93,u1,12.0,0.0,1.0,3.0,0.0
93,u1,17.0,8.0,9.0,4.0,0.0
93,u1,22.0,19.0,2.0,10.0,0.0
93,u1,27.0,14.0,1.0,14.0,4.0
93,u1,32.0,8.0,3.0,17.0,3.0
93,u1,37.0,15.0,11.0,5.0,21.0
93,u1,42.0,7.0,7.0,5.0,2.0
93,u1,47.0,6.0,1.0,5.0,0.0
93,u1,52.0,13.0,0.0,3.0,0.0
93,u2,7.0,3.0,0.0,1.0,1.0
93,u2,12.0,22.0,1.0,2.0,0.0
93,u2,17.0,28.0,0.0,8.0,0.0
93,u2,22.0,34.0,34.0,16.0,1.0
93,u2,27.0,49.0,7.0,9.0,17.0
93,u2,32.0,36.0,6.0,5.0,12.0
93,u2,37.0,13.0,2.0,10.0,1.0
93,u2,42.0,3.0,1.0,3.0,1.0
93,u2,47.0,1.0,2.0,2.0,6.0
93,u2,52.0,1.0,0.0,0.0,1.0
93,u3,7.0,8.0,0.0,0.0,0.0
93,u3,12.0,17.0,0.0,0.0,1.0
93,u3,17.0,40.0,0.0,1.0,0.0
93,u3,22.0,69.0,1.0,5.0,1.0
93,u3,27.0,59.0,7.0,8.0,9.0
93,u3,32.0,94.0,4.0,11.0,3.0
93,u3,37.0,22.0,9.0,8.0,6.0
93,u3,42.0,18.0,6.0,6.0,2.0
93,u3,47.0,11.0,1.0,2.0,0.0
93,u3,52.0,9.0,3.0,0.0,0.0
93,u4,7.0,5.0,0.0,1.0,0.0
93,u4,12.0,5.0,0.0,4.0,0.0
93,u4,17.0,61.0,0.0,10.0,0.0
93,u4,22.0,106.0,0.0,16.0,0.0
93,u4,27.0,82.0,8.0,27.0,4.0
93,u4,32.0,26.0,3.0,1.0,1.0
93,u4,37.0,34.0,0.0,4.0,1.0
93,u4,42.0,3.0,4.0,0.0,2.0
93,u4,47.0,3.0,0.0,3.0,0.0
93,u4,52.0,12.0,1.0,1.0,0.0
93,u5,7.0,0.0,0.0,4.0,0.0
93,u5,12.0,5.0,0.0,1.0,0.0
93,u5,17.0,24.0,0.0,6.0,0.0
93,u5,22.0,28.0,0.0,33.0,0.0
93,u5,27.0,35.0,10.0,39.0,1.0
93,u5,32.0,89.0,10.0,27.0,2.0
93,u5,37.0,31.0,1.0,40.0,3.0
93,u5,42.0,4.0,2.0,2.0,3.0
93,u5,47.0,1.0,1.0,7.0,7.0
93,u5,52.0,0.0,0.0,9.0,3.0
93,u6,7.0,6.0,0.0,0.0,0.0
93,u6,12.0,11.0,0.0,1.0,0.0
93,u6,17.0,8.0,0.0,8.0,0.0
93,u6,22.0,32.0,5.0,9.0,0.0
93,u6,27.0,70.0,4.0,12.0,3.0
93,u6,32.0,24.0,4.0,3.0,5.0
93,u6,37.0,20.0,6.0,3.0,7.0
93,u6,42.0,6.0,6.0,0.0,0.0
93,u6,47.0,14.0,5.0,0.0,0.0
93,u6,52.0,16.0,2.0,3.0,0.0
93,u7,7.0,3.0,0.0,0.0,0.0
93,u7,12.0,6.0,0.0,1.0,0.0
93,u7,17.0,8.0,0.0,2.0,0.0
93,u7,22.0,14.0,0.0,12.0,0.0
93,u7,27.0,35.0,2.0,45.0,1.0
93,u7,32.0,183.0,6.0,18.0,1.0
93,u7,37.0,31.0,32.0,21.0,2.0
93,u7,42.0,11.0,21.0,8.0,0.0
93,u7,47.0,39.0,7.0,5.0,0.0
93,u7,52.0,21.0,4.0,2.0,2.0
93,u8,7.0,3.0,0.0,2.0,0.0
93,u8,12.0,2.0,0.0,2.0,0.0
93,u8,17.0,30.0,0.0,7.0,0.0
93,u8,22.0,22.0,2.0,7.0,0.0
93,u8,27.0,60.0,11.0,7.0,2.0
93,u8,32.0,45.0,14.0,12.0,1.0
93,u8,37.0,22.0,0.0,3.0,5.0
93,u8,42.0,36.0,1.0,1.0,6.0
93,u8,47.0,2.0,2.0,1.0,2.0
93,u8,52.0,9.0,1.0,1.0,3.0
94,u1,7.0,5.0,0.0,0.0,0.0
94,u1,12.0,11.0,0.0,2.0,0.0
94,u1,17.0,9.0,0.0,2.0,1.0
94,u1,22.0,57.0,0.0,11.0,0.0
94,u1,27.0,67.0,8.0,2.0,2.0
94,u1,32.0,33.0,37.0,18.0,7.0
94,u1,37.0,36.0,24.0,2.0,10.0
94,u1,42.0,24.0,0.0,6.0,2.0
94,u1,47.0,7.0,0.0,7.0,5.0
94,u1,52.0,8.0,3.0,2.0,0.0
94,u2,7.0,13.0,0.0,4.0,0.0
94,u2,12.0,16.0,0.0,6.0,0.0
94,u2,17.0,44.0,0.0,3.0,0.0
94,u2,22.0,54.0,1.0,17.0,0.0
94,u2,27.0,166.0,6.0,9.0,0.0
94,u2,32.0,26.0,53.0,5.0,0.0
94,u2,37.0,13.0,0.0,0.0,3.0
94,u2,42.0,2.0,5.0,0.0,0.0
94,u2,47.0,7.0,0.0,1.0,0.0
94,u2,52.0,2.0,1.0,0.0,1.0
94,u3,7.0,2.0,0.0,1.0,0.0
94,u3,12.0,16.0,0.0,8.0,0.0
94,u3,17.0,23.0,0.0,5.0,0.0
94,u3,22.0,20.0,2.0,48.0,0.0
94,u3,27.0,61.0,17.0,16.0,26.0
94,u3,32.0,32.0,14.0,13.0,10.0
94,u3,37.0,13.0,4.0,5.0,16.0
94,u3,42.0,13.0,0.0,7.0,4.0
94,u3,47.0,52.0,7.0,1.0,1.0
94,u3,52.0,38.0,4.0,2.0,0.0
94,u4,7.0,12.0,0.0,1.0,0.0
94,u4,12.0,10.0,0.0,1.0,0.0
94,u4,17.0,19.0,0.0,5.0,0.0
94,u4,22.0,72.0,1.0,13.0,1.0
94,u4,27.0,76.0,0.0,42.0,1.0
94,u4,32.0,65.0,4.0,39.0,2.0
94,u4,37.0,106.0,6.0,25.0,29.0
94,u4,42.0,14.0,0.0,19.0,61.0
94,u4,47.0,3.0,12.0,14.0,32.0
94,u4,52.0,3.0,2.0,14.0,16.0
94,u5,7.0,3.0,0.0,0.0,0.0
94,u5,12.0,27.0,0.0,3.0,0.0
94,u5,17.0,80.0,0.0,22.0,0.0
94,u5,22.0,23.0,2.0,12.0,0.0
94,u5,27.0,112.0,19.0,41.0,0.0
94,u5,32.0,92.0,31.0,4.0,3.0
94,u5,37.0,30.0,10.0,13.0,1.0
94,u5,42.0,25.0,33.0,9.0,9.0
94,u5,47.0,10.0,2.0,6.0,3.0
94,u5,52.0,7.0,2.0,5.0,3.0
94,u6,7.0,4.0,0.0,0.0,0.0
94,u6,12.0,13.0,0.0,7.0,0.0
94,u6,17.0,18.0,1.0,8.0,0.0
94,u6,22.0,19.0,2.0,15.0,0.0
94,u6,27.0,17.0,0.0,10.0,1.0
94,u6,32.0,49.0,2.0,12.0,2.0
94,u6,37.0,30.0,0.0,2.0,5.0
94,u6,42.0,13.0,1.0,0.0,2.0
94,u6,47.0,12.0,4.0,3.0,0.0
94,u6,52.0,8.0,0.0,2.0,0.0
94,u7,7.0,6.0,0.0,1.0,0.0
94,u7,12.0,9.0,0.0,6.0,0.0
94,u7,17.0,50.0,2.0,6.0,0.0
94,u7,22.0,24.0,5.0,42.0,5.0
94,u7,27.0,185.0,5.0,9.0,15.0
94,u7,32.0,56.0,10.0,16.0,6.0
94,u7,37.0,3.0,56.0,1.0,0.0
94,u7,42.0,5.0,5.0,0.0,3.0
94,u7,47.0,0.0,3.0,3.0,2.0
94,u7,52.0,2.0,1.0,0.0,0.0
94,u8,7.0,5.0,0.0,1.0,0.0
94,u8,12.0,42.0,0.0,3.0,0.0
94,u8,17.0,64.0,0.0,26.0,1.0
94,u8,22.0,49.0,7.0,6.0,3.0
94,u8,27.0,107.0,31.0,19.0,10.0
94,u8,32.0,72.0,52.0,24.0,0.0
94,u8,37.0,15.0,3.0,27.0,1.0
94,u8,42.0,10.0,0.0,9.0,11.0
94,u8,47.0,8.0,2.0,0.0,0.0
94,u8,52.0,0.0,2.0,0.0,1.0
95,u1,7.0,8.0,0.0,2.0,0.0
95,u1,12.0,15.0,0.0,8.0,0.0
95,u1,17.0,50.0,0.0,11.0,0.0
95,u1,22.0,115.0,1.0,17.0,6.0
95,u1,27.0,20.0,9.0,2.0,2.0
95,u1,32.0,13.0,4.0,5.0,3.0
95,u1,37.0,3.0,0.0,0.0,0.0
95,u1,42.0,6.0,5.0,2.0,1.0
95,u1,47.0,23.0,3.0,1.0,1.0
95,u1,52.0,12.0,1.0,0.0,0.0
95,u2,7.0,4.0,0.0,4.0,0.0
95,u2,12.0,18.0,0.0,2.0,0.0
95,u2,17.0,47.0,1.0,3.0,0.0
95,u2,22.0,109.0,17.0,17.0,0.0
95,u2,27.0,71.0,78.0,5.0,10.0
95,u2,32.0,36.0,12.0,7.0,8.0
95,u2,37.0,13.0,4.0,8.0,1.0
95,u2,42.0,5.0,2.0,4.0,0.0
95,u2,47.0,3.0,0.0,1.0,0.0
95,u2,52.0,6.0,1.0,10.0,0.0
95,u3,7.0,6.0,0.0,1.0,0.0
95,u3,12.0,13.0,0.0,3.0,0.0
95,u3,17.0,3.0,1.0,6.0,0.0
95,u3,22.0,55.0,6.0,16.0,1.0
95,u3,27.0,58.0,12.0,2.0,3.0
95,u3,32.0,101.0,3.0,1.0,1.0
95,u3,37.0,20.0,5.0,1.0,2.0
95,u3,42.0,27.0,1.0,2.0,0.0
95,u3,47.0,14.0,0.0,1.0,0.0
95,u3,52.0,12.0,2.0,0.0,0.0
95,u4,7.0,0.0,0.0,2.0,0.0
95,u4,12.0,9.0,0.0,9.0,0.0
95,u4,17.0,25.0,0.0,12.0,0.0
95,u4,22.0,19.0,0.0,18.0,0.0
95,u4,27.0,84.0,9.0,26.0,2.0
95,u4,32.0,38.0,15.0,28.0,8.0
95,u4,37.0,41.0,2.0,9.0,3.0
95,u4,42.0,9.0,2.0,1.0,4.0
95,u4,47.0,59.0,13.0,1.0,0.0
95,u4,52.0,11.0,6.0,0.0,0.0
95,u5,7.0,6.0,0.0,3.0,0.0
95,u5,12.0,17.0,0.0,1.0,0.0
95,u5,17.0,24.0,0.0,27.0,0.0
95,u5,22.0,34.0,1.0,30.0,0.0
95,u5,27.0,90.0,4.0,28.0,9.0
95,u5,32.0,68.0,14.0,7.0,0.0
95,u5,37.0,25.0,1.0,3.0,4.0
95,u5,42.0,19.0,3.0,2.0,6.0
95,u5,47.0,7.0,4.0,1.0,0.0
95,u5,52.0,4.0,0.0,2.0,0.0
95,u6,7.0,17.0,0.0,1.0,0.0
95,u6,12.0,40.0,0.0,5.0,0.0
95,u6,17.0,84.0,1.0,22.0,1.0
95,u6,22.0,115.0,40.0,20.0,2.0
95,u6,27.0,71.0,2.0,21.0,2.0
95,u6,32.0,101.0,2.0,9.0,1.0
95,u6,37.0,33.0,1.0,4.0,5.0
95,u6,42.0,19.0,1.0,3.0,7.0
95,u6,47.0,16.0,0.0,1.0,0.0
95,u6,52.0,15.0,2.0,0.0,1.0
95,u7,7.0,0.0,1.0,3.0,0.0
95,u7,12.0,5.0,0.0,4.0,0.0
95,u7,17.0,40.0,0.0,20.0,0.0
95,u7,22.0,182.0,1.0,29.0,1.0
95,u7,27.0,40.0,21.0,67.0,2.0
95,u7,32.0,25.0,23.0,71.0,14.0
95,u7,37.0,6.0,6.0,29.0,40.0
95,u7,42.0,1.0,0.0,3.0,5.0
95,u7,47.0,0.0,0.0,3.0,27.0
95,u7,52.0,0.0,0.0,2.0,17.0
95,u8,7.0,5.0,0.0,4.0,0.0
95,u8,12.0,21.0,0.0,3.0,0.0
95,u8,17.0,46.0,0.0,29.0,1.0
95,u8,22.0,98.0,3.0,39.0,0.0
95,u8,27.0,23.0,69.0,43.0,8.0
95,u8,32.0,49.0,2.0,3.0,13.0
95,u8,37.0,57.0,20.0,10.0,19.0
95,u8,42.0,20.0,10.0,6.0,9.0
95,u8,47.0,6.0,0.0,2.0,4.0
95,u8,52.0,4.0,1.0,2.0,2.0
96,u1,7.0,2.0,0.0,2.0,0.0
96,u1,12.0,12.0,0.0,8.0,0.0
96,u1,17.0,22.0,0.0,17.0,4.0
96,u1,22.0,52.0,8.0,37.0,6.0
96,u1,27.0,121.0,12.0,30.0,1.0
96,u1,32.0,31.0,1.0,21.0,7.0
96,u1,37.0,18.0,37.0,9.0,1.0
96,u1,42.0,1.0,2.0,6.0,19.0
96,u1,47.0,0.0,0.0,3.0,6.0
96,u1,52.0,0.0,0.0,1.0,1.0
96,u2,7.0,4.0,0.0,2.0,0.0
96,u2,12.0,25.0,0.0,10.0,0.0
96,u2,17.0,57.0,0.0,2.0,1.0
96,u2,22.0,45.0,0.0,8.0,0.0
96,u2,27.0,59.0,4.0,22.0,1.0
96,u2,32.0,35.0,13.0,36.0,7.0
96,u2,37.0,19.0,48.0,6.0,4.0
96,u2,42.0,24.0,24.0,7.0,0.0
96,u2,47.0,28.0,39.0,2.0,0.0
96,u2,52.0,14.0,14.0,3.0,1.0
96,u3,7.0,8.0,0.0,1.0,0.0
96,u3,12.0,16.0,0.0,2.0,0.0
96,u3,17.0,8.0,1.0,12.0,0.0
96,u3,22.0,89.0,0.0,7.0,1.0
96,u3,27.0,92.0,0.0,72.0,6.0
96,u3,32.0,73.0,5.0,15.0,15.0
96,u3,37.0,14.0,0.0,18.0,24.0
96,u3,42.0,58.0,3.0,13.0,2.0
96,u3,47.0,15.0,4.0,3.0,6.0
96,u3,52.0,9.0,6.0,0.0,1.0
96,u4,7.0,3.0,0.0,0.0,0.0
96,u4,12.0,12.0,0.0,6.0,0.0
96,u4,17.0,18.0,0.0,11.0,0.0
96,u4,22.0,30.0,0.0,42.0,0.0
96,u4,27.0,40.0,0.0,26.0,7.0
96,u4,32.0,84.0,8.0,13.0,5.0
96,u4,37.0,8.0,17.0,9.0,15.0
96,u4,42.0,31.0,3.0,1.0,0.0
96,u4,47.0,10.0,1.0,3.0,1.0
96,u4,52.0,2.0,4.0,1.0,2.0
96,u5,7.0,5.0,0.0,6.0,1.0
96,u5,12.0,12.0,0.0,5.0,0.0
96,u5,17.0,62.0,1.0,31.0,1.0
96,u5,22.0,84.0,15.0,93.0,8.0
96,u5,27.0,14.0,11.0,44.0,88.0
96,u5,32.0,5.0,4.0,14.0,84.0
96,u5,37.0,4.0,20.0,1.0,2.0
96,u5,42.0,3.0,1.0,12.0,11.0
96,u5,47.0,3.0,0.0,2.0,4.0
96,u5,52.0,3.0,0.0,1.0,4.0
96,u6,7.0,13.0,0.0,4.0,0.0
96,u6,12.0,21.0,1.0,0.0,0.0
96,u6,17.0,70.0,0.0,9.0,0.0
96,u6,22.0,37.0,0.0,27.0,6.0
96,u6,27.0,65.0,2.0,15.0,21.0
96,u6,32.0,37.0,19.0,9.0,29.0
96,u6,37.0,7.0,4.0,5.0,6.0
96,u6,42.0,2.0,6.0,1.0,16.0
96,u6,47.0,0.0,3.0,1.0,1.0
96,u6,52.0,3.0,0.0,2.0,1.0
96,u7,7.0,1.0,0.0,2.0,0.0
96,u7,12.0,12.0,0.0,6.0,0.0
96,u7,17.0,54.0,0.0,1.0,0.0
96,u7,22.0,73.0,0.0,28.0,1.0
96,u7,27.0,106.0,21.0,22.0,27.0
96,u7,32.0,40.0,30.0,13.0,6.0
96,u7,37.0,31.0,15.0,5.0,2.0
96,u7,42.0,8.0,1.0,0.0,2.0
96,u7,47.0,0.0,0.0,0.0,0.0
96,u7,52.0,0.0,0.0,0.0,0.0
96,u8,7.0,7.0,0.0,0.0,0.0
96,u8,12.0,9.0,0.0,0.0,0.0
96,u8,17.0,24.0,1.0,5.0,0.0
96,u8,22.0,51.0,23.0,18.0,3.0
96,u8,27.0,116.0,54.0,27.0,2.0
96,u8,32.0,10.0,3.0,6.0,3.0
96,u8,37.0,7.0,20.0,2.0,2.0
96,u8,42.0,1.0,1.0,0.0,1.0
96,u8,47.0,0.0,0.0,0.0,0.0
96,u8,52.0,0.0,0.0,0.0,0.0
97,u1,7.0,8.0,0.0,1.0,0.0
97,u1,12.0,10.0,1.0,1.0,0.0
97,u1,17.0,31.0,3.0,4.0,0.0
97,u1,22.0,73.0,9.0,20.0,2.0
97,u1,27.0,114.0,13.0,10.0,2.0
97,u1,32.0,32.0,32.0,17.0,19.0
97,u1,37.0,16.0,35.0,4.0,2.0
97,u1,42.0,16.0,18.0,2.0,2.0
97,u1,47.0,4.0,1.0,1.0,0.0
97,u1,52.0,0.0,0.0,1.0,0.0
97,u2,7.0,2.0,0.0,0.0,0.0
97,u2,12.0,5.0,0.0,2.0,0.0
97,u2,17.0,1.0,0.0,6.0,0.0
97,u2,22.0,4.0,0.0,8.0,0.0
97,u2,27.0,19.0,1.0,2.0,0.0
97,u2,32.0,38.0,2.0,14.0,2.0
97,u2,37.0,8.0,1.0,24.0,1.0
97,u2,42.0,26.0,15.0,13.0,3.0
97,u2,47.0,7.0,7.0,4.0,4.0
97,u2,52.0,7.0,7.0,15.0,0.0
97,u3,7.0,8.0,0.0,5.0,0.0
97,u3,12.0,16.0,0.0,4.0,0.0
97,u3,17.0,11.0,0.0,5.0,0.0
97,u3,22.0,13.0,1.0,13.0,0.0
97,u3,27.0,32.0,1.0,3.0,1.0
97,u3,32.0,30.0,6.0,14.0,1.0
97,u3,37.0,24.0,2.0,24.0,5.0
97,u3,42.0,8.0,8.0,11.0,8.0
97,u3,47.0,6.0,26.0,0.0,0.0
97,u3,52.0,3.0,1.0,0.0,3.0
97,u4,7.0,1.0,0.0,5.0,0.0
97,u4,12.0,21.0,0.0,0.0,0.0
97,u4,17.0,89.0,0.0,12.0,0.0
97,u4,22.0,128.0,0.0,38.0,1.0
97,u4,27.0,48.0,6.0,17.0,2.0
97,u4,32.0,59.0,4.0,10.0,0.0
97,u4,37.0,13.0,0.0,9.0,2.0
97,u4,42.0,8.0,4.0,3.0,0.0
97,u4,47.0,12.0,6.0,0.0,2.0
97,u4,52.0,6.0,0.0,0.0,0.0
97,u5,7.0,3.0,0.0,1.0,0.0
97,u5,12.0,13.0,0.0,6.0,0.0
97,u5,17.0,9.0,0.0,7.0,0.0
97,u5,22.0,8.0,0.0,17.0,0.0
97,u5,27.0,19.0,1.0,9.0,1.0
97,u5,32.0,38.0,7.0,99.0,11.0
97,u5,37.0,23.0,6.0,30.0,22.0
97,u5,42.0,4.0,19.0,12.0,11.0
97,u5,47.0,0.0,0.0,2.0,9.0
97,u5,52.0,0.0,0.0,2.0,4.0
97,u6,7.0,4.0,0.0,3.0,0.0
97,u6,12.0,5.0,0.0,2.0,0.0
97,u6,17.0,21.0,0.0,18.0,0.0
97,u6,22.0,36.0,0.0,39.0,0.0
97,u6,27.0,155.0,20.0,42.0,39.0
97,u6,32.0,56.0,24.0,4.0,1.0
97,u6,37.0,35.0,52.0,14.0,0.0
97,u6,42.0,12.0,4.0,12.0,17.0
97,u6,47.0,7.0,6.0,2.0,7.0
97,u6,52.0,5.0,0.0,2.0,2.0
97,u7,7.0,7.0,0.0,0.0,0.0
97,u7,12.0,9.0,0.0,7.0,0.0
97,u7,17.0,18.0,0.0,13.0,0.0
97,u7,22.0,95.0,0.0,26.0,0.0
97,u7,27.0,64.0,1.0,26.0,0.0
97,u7,32.0,115.0,5.0,19.0,4.0
97,u7,37.0,22.0,23.0,8.0,2.0
97,u7,42.0,31.0,8.0,1.0,8.0
97,u7,47.0,9.0,3.0,3.0,0.0
97,u7,52.0,0.0,1.0,1.0,0.0
97,u8,7.0,4.0,0.0,0.0,0.0
97,u8,12.0,10.0,0.0,2.0,0.0
97,u8,17.0,17.0,1.0,12.0,0.0
97,u8,22.0,109.0,2.0,11.0,4.0
97,u8,27.0,146.0,4.0,28.0,8.0
97,u8,32.0,46.0,0.0,9.0,14.0
97,u8,37.0,8.0,9.0,10.0,2.0
97,u8,42.0,9.0,18.0,2.0,5.0
97,u8,47.0,9.0,3.0,1.0,0.0
97,u8,52.0,1.0,0.0,0.0,0.0
98,u1,7.0,3.0,0.0,1.0,0.0
98,u1,12.0,10.0,0.0,3.0,0.0
98,u1,17.0,10.0,0.0,1.0,0.0
98,u1,22.0,21.0,2.0,8.0,0.0
98,u1,27.0,37.0,1.0,8.0,0.0
98,u1,32.0,12.0,4.0,9.0,11.0
98,u1,37.0,8.0,9.0,6.0,11.0
98,u1,42.0,4.0,19.0,5.0,3.0
98,u1,47.0,2.0,2.0,3.0,5.0
98,u1,52.0,1.0,0.0,0.0,1.0
98,u2,7.0,2.0,0.0,0.0,0.0
98,u2,12.0,7.0,1.0,3.0,0.0
98,u2,17.0,40.0,0.0,14.0,0.0
98,u2,22.0,108.0,1.0,23.0,2.0
98,u2,27.0,84.0,11.0,42.0,11.0
98,u2,32.0,77.0,26.0,10.0,14.0
98,u2,37.0,81.0,10.0,14.0,3.0
98,u2,42.0,42.0,16.0,19.0,0.0
98,u2,47.0,26.0,43.0,20.0,2.0
98,u2,52.0,11.0,5.0,8.0,1.0
98,u3,7.0,4.0,0.0,2.0,0.0
98,u3,12.0,20.0,0.0,2.0,0.0
98,u3,17.0,109.0,3.0,9.0,0.0
98,u3,22.0,112.0,37.0,16.0,2.0
98,u3,27.0,123.0,8.0,25.0,0.0
98,u3,32.0,10.0,15.0,10.0,2.0
98,u3,37.0,17.0,9.0,8.0,2.0
98,u3,42.0,9.0,0.0,1.0,1.0
98,u3,47.0,1.0,1.0,1.0,0.0
98,u3,52.0,0.0,0.0,0.0,0.0
98,u4,7.0,4.0,0.0,2.0,0.0
98,u4,12.0,34.0,0.0,1.0,0.0
98,u4,17.0,46.0,2.0,3.0,0.0
98,u4,22.0,54.0,1.0,7.0,4.0
98,u4,27.0,66.0,7.0,3.0,2.0
98,u4,32.0,57.0,0.0,1.0,0.0
98,u4,37.0,20.0,16.0,2.0,1.0
98,u4,42.0,52.0,11.0,3.0,0.0
98,u4,47.0,23.0,16.0,0.0,0.0
98,u4,52.0,6.0,10.0,1.0,1.0
98,u5,7.0,4.0,0.0,0.0,0.0
98,u5,12.0,1.0,0.0,0.0,0.0
98,u5,17.0,15.0,0.0,7.0,0.0
98,u5,22.0,6.0,0.0,16.0,1.0
98,u5,27.0,36.0,6.0,7.0,3.0
98,u5,32.0,19.0,4.0,9.0,1.0
98,u5,37.0,9.0,1.0,5.0,0.0
98,u5,42.0,28.0,3.0,11.0,11.0
98,u5,47.0,3.0,6.0,3.0,6.0
98,u5,52.0,0.0,5.0,2.0,5.0
98,u6,7.0,6.0,0.0,2.0,0.0
98,u6,12.0,29.0,0.0,6.0,0.0
98,u6,17.0,29.0,0.0,15.0,0.0
98,u6,22.0,53.0,0.0,29.0,0.0
98,u6,27.0,164.0,4.0,44.0,4.0
98,u6,32.0,45.0,15.0,44.0,17.0
98,u6,37.0,30.0,6.0,20.0,22.0
98,u6,42.0,3.0,2.0,2.0,1.0
98,u6,47.0,4.0,0.0,3.0,0.0
98,u6,52.0,4.0,0.0,1.0,2.0
98,u7,7.0,5.0,0.0,1.0,0.0
98,u7,12.0,16.0,0.0,6.0,0.0
98,u7,17.0,23.0,0.0,10.0,0.0
98,u7,22.0,27.0,4.0,39.0,0.0
98,u7,27.0,130.0,7.0,32.0,22.0
98,u7,32.0,72.0,65.0,21.0,58.0
98,u7,37.0,3.0,13.0,0.0,6.0
98,u7,42.0,3.0,2.0,4.0,0.0
98,u7,47.0,3.0,5.0,4.0,0.0
98,u7,52.0,24.0,1.0,6.0,1.0
98,u8,7.0,3.0,0.0,2.0,0.0
98,u8,12.0,21.0,1.0,2.0,0.0
98,u8,17.0,19.0,1.0,5.0,0.0
98,u8,22.0,47.0,3.0,18.0,0.0
98,u8,27.0,96.0,3.0,30.0,5.0
98,u8,32.0,51.0,2.0,30.0,9.0
98,u8,37.0,27.0,5.0,13.0,0.0
98,u8,42.0,15.0,0.0,4.0,3.0
98,u8,47.0,6.0,11.0,8.0,1.0
98,u8,52.0,43.0,3.0,2.0,1.0
99,u1,7.0,5.0,0.0,3.0,0.0
99,u1,12.0,3.0,0.0,6.0,0.0
99,u1,17.0,25.0,0.0,6.0,0.0
99,u1,22.0,28.0,1.0,22.0,2.0
99,u1,27.0,54.0,5.0,21.0,0.0
99,u1,32.0,21.0,7.0,15.0,0.0
99,u1,37.0,19.0,4.0,3.0,3.0
99,u1,42.0,7.0,2.0,0.0,2.0
99,u1,47.0,2.0,0.0,0.0,0.0
99,u1,52.0,1.0,4.0,0.0,0.0
99,u2,7.0,5.0,0.0,0.0,0.0
99,u2,12.0,12.0,0.0,21.0,0.0
99,u2,17.0,38.0,0.0,45.0,2.0
99,u2,22.0,38.0,2.0,32.0,9.0
99,u2,27.0,24.0,10.0,18.0,49.0
99,u2,32.0,43.0,0.0,5.0,6.0
99,u2,37.0,2.0,7.0,1.0,2.0
99,u2,42.0,2.0,3.0,5.0,2.0
99,u2,47.0,0.0,3.0,5.0,3.0
99,u2,52.0,0.0,1.0,7.0,1.0
99,u3,7.0,0.0,0.0,0.0,0.0
99,u3,12.0,11.0,1.0,1.0,0.0
99,u3,17.0,23.0,0.0,18.0,0.0
99,u3,22.0,43.0,0.0,19.0,1.0
99,u3,27.0,30.0,1.0,18.0,7.0
99,u3,32.0,42.0,2.0,31.0,1.0
99,u3,37.0,22.0,31.0,37.0,4.0
99,u3,42.0,6.0,1.0,8.0,4.0
99,u3,47.0,2.0,1.0,6.0,5.0
99,u3,52.0,7.0,1.0,5.0,1.0
99,u4,7.0,3.0,0.0,0.0,0.0
99,u4,12.0,79.0,0.0,4.0,0.0
99,u4,17.0,38.0,0.0,19.0,0.0
99,u4,22.0,120.0,3.0,47.0,3.0
99,u4,27.0,39.0,43.0,13.0,8.0
99,u4,32.0,10.0,1.0,7.0,1.0
99,u4,37.0,5.0,1.0,1.0,2.0
99,u4,42.0,4.0,1.0,0.0,18.0
99,u4,47.0,0.0,0.0,0.0,0.0
99,u4,52.0,1.0,0.0,2.0,0.0
99,u5,7.0,1.0,0.0,0.0,0.0
99,u5,12.0,28.0,0.0,7.0,0.0
99,u5,17.0,16.0,0.0,13.0,0.0
99,u5,22.0,221.0,1.0,45.0,0.0
99,u5,27.0,86.0,25.0,23.0,11.0
99,u5,32.0,68.0,59.0,18.0,5.0
99,u5,37.0,36.0,0.0,7.0,0.0
99,u5,42.0,38.0,4.0,0.0,2.0
99,u5,47.0,22.0,7.0,0.0,0.0
99,u5,52.0,7.0,4.0,1.0,1.0
99,u6,7.0,8.0,0.0,5.0,0.0
99,u6,12.0,11.0,0.0,6.0,0.0
99,u6,17.0,44.0,0.0,22.0,0.0
99,u6,22.0,141.0,1.0,65.0,0.0
99,u6,27.0,60.0,4.0,51.0,37.0
99,u6,32.0,33.0,29.0,17.0,19.0
99,u6,37.0,83.0,7.0,13.0,23.0
99,u6,42.0,34.0,3.0,7.0,20.0
99,u6,47.0,12.0,6.0,18.0,11.0
99,u6,52.0,10.0,0.0,5.0,5.0
99,u7,7.0,5.0,0.0,1.0,0.0
99,u7,12.0,7.0,0.0,9.0,0.0
99,u7,17.0,36.0,0.0,6.0,0.0
99,u7,22.0,65.0,0.0,27.0,3.0
99,u7,27.0,110.0,30.0,23.0,3.0
99,u7,32.0,21.0,14.0,23.0,18.0
99,u7,37.0,25.0,1.0,6.0,3.0
99,u7,42.0,2.0,2.0,7.0,1.0
99,u7,47.0,8.0,0.0,2.0,2.0
99,u7,52.0,23.0,0.0,0.0,0.0
99,u8,7.0,9.0,0.0,1.0,0.0
99,u8,12.0,23.0,0.0,8.0,1.0
99,u8,17.0,67.0,1.0,10.0,0.0
99,u8,22.0,124.0,18.0,14.0,5.0
99,u8,27.0,61.0,68.0,10.0,5.0
99,u8,32.0,12.0,30.0,2.0,0.0
99,u8,37.0,6.0,0.0,1.0,2.0
99,u8,42.0,1.0,0.0,0.0,0.0
99,u8,47.0,1.0,1.0,0.0,0.0
99,u8,52.0,3.0,0.0,1.0,0.0
100,u1,7.0,12.0,0.0,2.0,0.0
100,u1,12.0,25.0,1.0,5.0,0.0
100,u1,17.0,67.0,3.0,28.0,0.0
100,u1,22.0,55.0,34.0,66.0,3.0
100,u1,27.0,43.0,8.0,32.0,12.0
100,u1,32.0,47.0,17.0,3.0,12.0
100,u1,37.0,67.0,27.0,1.0,6.0
100,u1,42.0,111.0,8.0,0.0,2.0
100,u1,47.0,37.0,2.0,0.0,0.0
100,u1,52.0,10.0,24.0,0.0,0.0
100,u2,7.0,6.0,0.0,0.0,0.0
100,u2,12.0,10.0,0.0,1.0,0.0
100,u2,17.0,26.0,0.0,11.0,0.0
100,u2,22.0,95.0,3.0,6.0,0.0
100,u2,27.0,51.0,7.0,10.0,0.0
100,u2,32.0,73.0,1.0,2.0,0.0
100,u2,37.0,3.0,19.0,1.0,0.0
100,u2,42.0,23.0,14.0,0.0,0.0
100,u2,47.0,66.0,6.0,1.0,0.0
100,u2,52.0,16.0,14.0,2.0,0.0
100,u3,7.0,8.0,0.0,1.0,0.0
100,u3,12.0,32.0,0.0,12.0,0.0
100,u3,17.0,76.0,0.0,13.0,1.0
100,u3,22.0,51.0,2.0,65.0,0.0
100,u3,27.0,50.0,1.0,53.0,71.0
100,u3,32.0,58.0,18.0,40.0,18.0
100,u3,37.0,41.0,5.0,31.0,8.0
100,u3,42.0,8.0,1.0,12.0,13.0
100,u3,47.0,6.0,4.0,2.0,14.0
100,u3,52.0,5.0,7.0,1.0,4.0
100,u4,7.0,6.0,0.0,0.0,0.0
100,u4,12.0,7.0,0.0,7.0,0.0
100,u4,17.0,9.0,0.0,2.0,0.0
100,u4,22.0,34.0,0.0,8.0,0.0
100,u4,27.0,55.0,1.0,7.0,0.0
100,u4,32.0,27.0,5.0,6.0,1.0
100,u4,37.0,28.0,3.0,9.0,1.0
100,u4,42.0,45.0,4.0,9.0,3.0
100,u4,47.0,26.0,10.0,7.0,5.0
100,u4,52.0,6.0,3.0,3.0,1.0
100,u5,7.0,5.0,0.0,6.0,0.0
100,u5,12.0,14.0,0.0,7.0,0.0
100,u5,17.0,70.0,0.0,24.0,0.0
100,u5,22.0,40.0,0.0,25.0,0.0
100,u5,27.0,218.0,2.0,16.0,2.0
100,u5,32.0,100.0,26.0,34.0,2.0
100,u5,37.0,70.0,0.0,7.0,5.0
100,u5,42.0,10.0,6.0,6.0,2.0
100,u5,47.0,5.0,7.0,3.0,8.0
100,u5,52.0,4.0,0.0,1.0,5.0
100,u6,7.0,3.0,0.0,1.0,0.0
100,u6,12.0,12.0,0.0,8.0,0.0
100,u6,17.0,17.0,0.0,6.0,0.0
100,u6,22.0,39.0,0.0,9.0,0.0
100,u6,27.0,35.0,0.0,21.0,0.0
100,u6,32.0,50.0,0.0,84.0,0.0
100,u6,37.0,40.0,5.0,39.0,16.0
100,u6,42.0,44.0,10.0,12.0,46.0
100,u6,47.0,2.0,9.0,13.0,2.0
100,u6,52.0,2.0,10.0,10.0,16.0
100,u7,7.0,3.0,0.0,0.0,0.0
100,u7,12.0,13.0,0.0,4.0,1.0
100,u7,17.0,38.0,0.0,12.0,3.0
100,u7,22.0,66.0,1.0,24.0,4.0
100,u7,27.0,14.0,0.0,34.0,2.0
100,u7,32.0,14.0,3.0,3.0,1.0
100,u7,37.0,5.0,6.0,2.0,4.0
100,u7,42.0,1.0,3.0,0.0,0.0
100,u7,47.0,2.0,0.0,0.0,0.0
100,u7,52.0,0.0,0.0,0.0,0.0
100,u8,7.0,3.0,0.0,0.0,0.0
100,u8,12.0,3.0,0.0,3.0,0.0
100,u8,17.0,15.0,0.0,16.0,0.0
100,u8,22.0,29.0,1.0,9.0,0.0
100,u8,27.0,17.0,1.0,25.0,2.0
100,u8,32.0,61.0,1.0,37.0,19.0
100,u8,37.0,8.0,7.0,15.0,34.0
100,u8,42.0,7.0,1.0,9.0,7.0
100,u8,47.0,5.0,2.0,4.0,0.0
100,u8,52.0,1.0,2.0,2.0,1.0
