"b","unit","day","dentadult","dentinf"
1,"u1",7,6,0
1,"u1",12,19,0
1,"u1",17,35,0
1,"u1",22,56,0
1,"u1",27,89,0
1,"u1",32,125,4
1,"u1",37,126,47
1,"u1",42,62,25
1,"u1",47,33,3
1,"u1",52,35,19
1,"u2",7,12,1
1,"u2",12,12,0
1,"u2",17,12,0
1,"u2",22,18,0
1,"u2",27,36,0
1,"u2",32,36,5
1,"u2",37,61,9
1,"u2",42,41,5
1,"u2",47,35,14
1,"u2",52,46,1
1,"u3",7,4,0
1,"u3",12,20,0
1,"u3",17,50,0
1,"u3",22,44,3
1,"u3",27,31,10
1,"u3",32,35,16
1,"u3",37,17,2
1,"u3",42,1,10
1,"u3",47,0,1
1,"u3",52,0,0
1,"u4",7,3,0
1,"u4",12,13,0
1,"u4",17,11,0
1,"u4",22,55,0
1,"u4",27,224,0
1,"u4",32,301,1
1,"u4",37,216,131
1,"u4",42,285,5
1,"u4",47,96,41
1,"u4",52,45,25
1,"u5",7,5,0
1,"u5",12,24,0
1,"u5",17,29,0
1,"u5",22,47,0
1,"u5",27,87,2
1,"u5",32,308,6
1,"u5",37,112,38
1,"u5",42,67,56
1,"u5",47,42,14
1,"u5",52,5,12
1,"u6",7,2,0
1,"u6",12,23,0
1,"u6",17,39,0
1,"u6",22,175,0
1,"u6",27,151,1
1,"u6",32,219,1
1,"u6",37,72,2
1,"u6",42,148,2
1,"u6",47,57,0
1,"u6",52,47,2
1,"u7",7,5,0
1,"u7",12,13,1
1,"u7",17,27,2
1,"u7",22,14,12
1,"u7",27,29,41
1,"u7",32,20,25
1,"u7",37,3,43
1,"u7",42,1,20
1,"u7",47,4,4
1,"u7",52,8,0
1,"u8",7,13,0
1,"u8",12,29,0
1,"u8",17,30,0
1,"u8",22,95,2
1,"u8",27,98,20
1,"u8",32,109,11
1,"u8",37,45,6
1,"u8",42,32,0
1,"u8",47,4,0
1,"u8",52,5,0
2,"u1",7,7,0
2,"u1",12,22,1
2,"u1",17,51,3
2,"u1",22,69,1
2,"u1",27,57,5
2,"u1",32,55,12
2,"u1",37,11,10
2,"u1",42,11,2
2,"u1",47,2,1
2,"u1",52,7,0
2,"u2",7,8,0
2,"u2",12,14,0
2,"u2",17,19,0
2,"u2",22,78,9
2,"u2",27,83,3
2,"u2",32,127,31
2,"u2",37,93,5
2,"u2",42,82,17
2,"u2",47,43,26
2,"u2",52,21,11
2,"u3",7,1,0
2,"u3",12,22,0
2,"u3",17,43,0
2,"u3",22,94,0
2,"u3",27,286,6
2,"u3",32,131,185
2,"u3",37,139,229
2,"u3",42,47,48
2,"u3",47,26,0
2,"u3",52,32,0
2,"u4",7,7,0
2,"u4",12,14,0
2,"u4",17,51,0
2,"u4",22,97,0
2,"u4",27,109,0
2,"u4",32,173,0
2,"u4",37,391,17
2,"u4",42,176,66
2,"u4",47,137,54
2,"u4",52,31,7
2,"u5",7,10,0
2,"u5",12,12,0
2,"u5",17,21,0
2,"u5",22,64,1
2,"u5",27,99,7
2,"u5",32,94,2
2,"u5",37,44,1
2,"u5",42,34,5
2,"u5",47,17,9
2,"u5",52,5,25
2,"u6",7,10,0
2,"u6",12,55,0
2,"u6",17,189,1
2,"u6",22,255,21
2,"u6",27,328,51
2,"u6",32,87,78
2,"u6",37,74,17
2,"u6",42,13,1
2,"u6",47,3,3
2,"u6",52,0,0
2,"u7",7,3,0
2,"u7",12,29,0
2,"u7",17,132,0
2,"u7",22,138,1
2,"u7",27,112,0
2,"u7",32,223,46
2,"u7",37,49,14
2,"u7",42,14,4
2,"u7",47,23,1
2,"u7",52,21,0
2,"u8",7,6,0
2,"u8",12,10,0
2,"u8",17,38,0
2,"u8",22,45,0
2,"u8",27,182,1
2,"u8",32,313,0
2,"u8",37,164,25
2,"u8",42,142,12
2,"u8",47,75,19
2,"u8",52,13,3
3,"u1",7,4,0
3,"u1",12,30,0
3,"u1",17,33,1
3,"u1",22,55,0
3,"u1",27,48,0
3,"u1",32,85,0
3,"u1",37,173,2
3,"u1",42,191,2
3,"u1",47,206,40
3,"u1",52,188,308
3,"u2",7,7,0
3,"u2",12,35,0
3,"u2",17,44,0
3,"u2",22,119,0
3,"u2",27,63,2
3,"u2",32,69,19
3,"u2",37,103,69
3,"u2",42,9,80
3,"u2",47,6,2
3,"u2",52,1,0
3,"u3",7,5,0
3,"u3",12,20,0
3,"u3",17,43,0
3,"u3",22,200,0
3,"u3",27,105,0
3,"u3",32,182,15
3,"u3",37,70,42
3,"u3",42,28,92
3,"u3",47,4,0
3,"u3",52,3,0
3,"u4",7,2,0
3,"u4",12,14,0
3,"u4",17,17,7
3,"u4",22,74,6
3,"u4",27,36,3
3,"u4",32,39,6
3,"u4",37,33,1
3,"u4",42,11,4
3,"u4",47,4,1
3,"u4",52,2,1
3,"u5",7,10,0
3,"u5",12,31,1
3,"u5",17,81,1
3,"u5",22,97,1
3,"u5",27,85,13
3,"u5",32,49,132
3,"u5",37,10,6
3,"u5",42,2,9
3,"u5",47,1,0
3,"u5",52,0,0
3,"u6",7,3,0
3,"u6",12,26,0
3,"u6",17,60,0
3,"u6",22,172,0
3,"u6",27,232,1
3,"u6",32,109,55
3,"u6",37,46,88
3,"u6",42,28,106
3,"u6",47,16,1
3,"u6",52,13,1
3,"u7",7,6,0
3,"u7",12,31,0
3,"u7",17,103,0
3,"u7",22,127,0
3,"u7",27,164,1
3,"u7",32,288,18
3,"u7",37,140,119
3,"u7",42,47,73
3,"u7",47,40,26
3,"u7",52,27,6
3,"u8",7,6,0
3,"u8",12,38,1
3,"u8",17,84,0
3,"u8",22,139,0
3,"u8",27,154,4
3,"u8",32,145,22
3,"u8",37,43,18
3,"u8",42,12,1
3,"u8",47,8,3
3,"u8",52,1,10
4,"u1",7,9,0
4,"u1",12,19,0
4,"u1",17,36,3
4,"u1",22,21,1
4,"u1",27,66,4
4,"u1",32,49,1
4,"u1",37,49,0
4,"u1",42,104,0
4,"u1",47,139,4
4,"u1",52,52,18
4,"u2",7,7,0
4,"u2",12,26,0
4,"u2",17,35,2
4,"u2",22,97,0
4,"u2",27,201,15
4,"u2",32,114,0
4,"u2",37,30,59
4,"u2",42,19,4
4,"u2",47,12,23
4,"u2",52,5,1
4,"u3",7,9,0
4,"u3",12,10,0
4,"u3",17,24,0
4,"u3",22,41,0
4,"u3",27,62,8
4,"u3",32,218,4
4,"u3",37,100,21
4,"u3",42,104,25
4,"u3",47,15,5
4,"u3",52,7,7
4,"u4",7,9,0
4,"u4",12,11,0
4,"u4",17,29,36
4,"u4",22,30,61
4,"u4",27,5,1
4,"u4",32,13,0
4,"u4",37,11,1
4,"u4",42,17,0
4,"u4",47,11,6
4,"u4",52,3,1
4,"u5",7,2,0
4,"u5",12,18,1
4,"u5",17,22,0
4,"u5",22,61,1
4,"u5",27,132,0
4,"u5",32,223,1
4,"u5",37,165,8
4,"u5",42,138,78
4,"u5",47,43,5
4,"u5",52,41,71
4,"u6",7,13,0
4,"u6",12,17,0
4,"u6",17,99,3
4,"u6",22,133,9
4,"u6",27,70,23
4,"u6",32,76,20
4,"u6",37,47,27
4,"u6",42,11,6
4,"u6",47,14,6
4,"u6",52,4,0
4,"u7",7,1,0
4,"u7",12,12,0
4,"u7",17,23,0
4,"u7",22,62,0
4,"u7",27,85,0
4,"u7",32,118,0
4,"u7",37,115,0
4,"u7",42,97,25
4,"u7",47,57,1
4,"u7",52,97,3
4,"u8",7,2,0
4,"u8",12,6,0
4,"u8",17,51,0
4,"u8",22,70,1
4,"u8",27,120,0
4,"u8",32,232,4
4,"u8",37,107,3
4,"u8",42,41,42
4,"u8",47,6,3
4,"u8",52,8,1
5,"u1",7,7,0
5,"u1",12,23,0
5,"u1",17,29,0
5,"u1",22,76,0
5,"u1",27,346,0
5,"u1",32,383,0
5,"u1",37,223,5
5,"u1",42,276,17
5,"u1",47,140,2
5,"u1",52,26,32
5,"u2",7,11,0
5,"u2",12,41,0
5,"u2",17,93,4
5,"u2",22,161,39
5,"u2",27,192,13
5,"u2",32,47,6
5,"u2",37,10,3
5,"u2",42,26,0
5,"u2",47,25,0
5,"u2",52,19,0
5,"u3",7,8,0
5,"u3",12,34,0
5,"u3",17,35,0
5,"u3",22,95,12
5,"u3",27,105,11
5,"u3",32,143,41
5,"u3",37,73,10
5,"u3",42,13,0
5,"u3",47,4,2
5,"u3",52,6,3
5,"u4",7,3,0
5,"u4",12,6,0
5,"u4",17,27,0
5,"u4",22,109,5
5,"u4",27,252,14
5,"u4",32,166,11
5,"u4",37,46,29
5,"u4",42,8,32
5,"u4",47,11,2
5,"u4",52,8,7
5,"u5",7,5,0
5,"u5",12,21,0
5,"u5",17,39,1
5,"u5",22,49,0
5,"u5",27,93,3
5,"u5",32,82,37
5,"u5",37,33,6
5,"u5",42,65,15
5,"u5",47,65,9
5,"u5",52,72,1
5,"u6",7,13,0
5,"u6",12,26,0
5,"u6",17,140,0
5,"u6",22,160,2
5,"u6",27,280,14
5,"u6",32,119,8
5,"u6",37,30,19
5,"u6",42,11,2
5,"u6",47,12,0
5,"u6",52,15,0
5,"u7",7,4,0
5,"u7",12,7,0
5,"u7",17,61,0
5,"u7",22,207,0
5,"u7",27,118,0
5,"u7",32,181,1
5,"u7",37,230,4
5,"u7",42,35,11
5,"u7",47,40,5
5,"u7",52,46,27
5,"u8",7,3,0
5,"u8",12,14,0
5,"u8",17,22,1
5,"u8",22,46,5
5,"u8",27,38,0
5,"u8",32,36,14
5,"u8",37,66,7
5,"u8",42,30,8
5,"u8",47,43,1
5,"u8",52,44,8
6,"u1",7,6,0
6,"u1",12,32,0
6,"u1",17,38,0
6,"u1",22,71,2
6,"u1",27,113,25
6,"u1",32,83,5
6,"u1",37,51,44
6,"u1",42,28,10
6,"u1",47,24,9
6,"u1",52,18,1
6,"u2",7,2,0
6,"u2",12,13,0
6,"u2",17,31,0
6,"u2",22,98,0
6,"u2",27,135,2
6,"u2",32,219,4
6,"u2",37,125,121
6,"u2",42,62,10
6,"u2",47,32,4
6,"u2",52,52,59
6,"u3",7,9,0
6,"u3",12,10,0
6,"u3",17,14,0
6,"u3",22,58,1
6,"u3",27,138,3
6,"u3",32,173,4
6,"u3",37,93,40
6,"u3",42,122,46
6,"u3",47,51,39
6,"u3",52,28,37
6,"u4",7,6,0
6,"u4",12,17,0
6,"u4",17,34,0
6,"u4",22,207,1
6,"u4",27,246,51
6,"u4",32,29,70
6,"u4",37,7,3
6,"u4",42,6,1
6,"u4",47,1,0
6,"u4",52,1,0
6,"u5",7,1,0
6,"u5",12,13,0
6,"u5",17,26,0
6,"u5",22,64,0
6,"u5",27,144,0
6,"u5",32,228,0
6,"u5",37,315,2
6,"u5",42,241,40
6,"u5",47,101,59
6,"u5",52,91,3
6,"u6",7,8,0
6,"u6",12,7,0
6,"u6",17,17,0
6,"u6",22,47,0
6,"u6",27,122,0
6,"u6",32,140,0
6,"u6",37,197,0
6,"u6",42,238,1
6,"u6",47,204,0
6,"u6",52,210,23
6,"u7",7,11,1
6,"u7",12,19,0
6,"u7",17,42,0
6,"u7",22,124,0
6,"u7",27,258,1
6,"u7",32,153,30
6,"u7",37,181,46
6,"u7",42,125,15
6,"u7",47,55,20
6,"u7",52,31,17
6,"u8",7,7,0
6,"u8",12,19,1
6,"u8",17,25,3
6,"u8",22,37,4
6,"u8",27,76,5
6,"u8",32,18,9
6,"u8",37,9,4
6,"u8",42,10,9
6,"u8",47,13,0
6,"u8",52,41,7
7,"u1",7,6,0
7,"u1",12,9,0
7,"u1",17,31,1
7,"u1",22,70,0
7,"u1",27,177,0
7,"u1",32,252,2
7,"u1",37,125,14
7,"u1",42,105,94
7,"u1",47,35,2
7,"u1",52,19,4
7,"u2",7,4,0
7,"u2",12,5,0
7,"u2",17,17,0
7,"u2",22,67,0
7,"u2",27,216,1
7,"u2",32,121,3
7,"u2",37,201,48
7,"u2",42,66,56
7,"u2",47,15,7
7,"u2",52,6,5
7,"u3",7,10,0
7,"u3",12,7,0
7,"u3",17,19,0
7,"u3",22,43,0
7,"u3",27,132,1
7,"u3",32,130,15
7,"u3",37,152,20
7,"u3",42,84,274
7,"u3",47,23,11
7,"u3",52,6,0
7,"u4",7,6,0
7,"u4",12,8,0
7,"u4",17,57,1
7,"u4",22,50,0
7,"u4",27,128,12
7,"u4",32,121,3
7,"u4",37,75,9
7,"u4",42,80,17
7,"u4",47,43,7
7,"u4",52,5,2
7,"u5",7,8,0
7,"u5",12,24,0
7,"u5",17,111,0
7,"u5",22,199,8
7,"u5",27,162,144
7,"u5",32,34,52
7,"u5",37,25,0
7,"u5",42,25,0
7,"u5",47,24,0
7,"u5",52,29,1
7,"u6",7,2,0
7,"u6",12,16,0
7,"u6",17,36,0
7,"u6",22,111,0
7,"u6",27,214,0
7,"u6",32,349,8
7,"u6",37,126,43
7,"u6",42,7,5
7,"u6",47,7,5
7,"u6",52,1,0
7,"u7",7,6,0
7,"u7",12,12,0
7,"u7",17,28,0
7,"u7",22,30,0
7,"u7",27,59,0
7,"u7",32,55,1
7,"u7",37,118,1
7,"u7",42,123,32
7,"u7",47,52,10
7,"u7",52,34,4
7,"u8",7,9,0
7,"u8",12,23,0
7,"u8",17,53,0
7,"u8",22,72,0
7,"u8",27,200,48
7,"u8",32,23,46
7,"u8",37,7,25
7,"u8",42,3,4
7,"u8",47,4,2
7,"u8",52,6,3
8,"u1",7,3,0
8,"u1",12,12,0
8,"u1",17,38,0
8,"u1",22,82,0
8,"u1",27,97,4
8,"u1",32,48,0
8,"u1",37,46,0
8,"u1",42,41,6
8,"u1",47,14,6
8,"u1",52,23,1
8,"u2",7,4,0
8,"u2",12,12,1
8,"u2",17,23,0
8,"u2",22,15,2
8,"u2",27,39,11
8,"u2",32,32,44
8,"u2",37,9,66
8,"u2",42,8,6
8,"u2",47,13,8
8,"u2",52,7,2
8,"u3",7,2,0
8,"u3",12,22,0
8,"u3",17,20,0
8,"u3",22,44,0
8,"u3",27,72,3
8,"u3",32,129,0
8,"u3",37,163,7
8,"u3",42,123,1
8,"u3",47,243,23
8,"u3",52,192,0
8,"u4",7,6,0
8,"u4",12,12,0
8,"u4",17,34,0
8,"u4",22,91,0
8,"u4",27,161,1
8,"u4",32,180,8
8,"u4",37,59,63
8,"u4",42,25,143
8,"u4",47,7,40
8,"u4",52,1,3
8,"u5",7,12,0
8,"u5",12,28,0
8,"u5",17,28,1
8,"u5",22,52,0
8,"u5",27,82,8
8,"u5",32,30,2
8,"u5",37,19,0
8,"u5",42,6,4
8,"u5",47,2,1
8,"u5",52,3,2
8,"u6",7,10,0
8,"u6",12,10,0
8,"u6",17,29,0
8,"u6",22,19,0
8,"u6",27,69,0
8,"u6",32,86,9
8,"u6",37,50,14
8,"u6",42,37,13
8,"u6",47,58,6
8,"u6",52,43,1
8,"u7",7,5,0
8,"u7",12,14,1
8,"u7",17,57,0
8,"u7",22,190,0
8,"u7",27,180,10
8,"u7",32,296,8
8,"u7",37,47,41
8,"u7",42,19,46
8,"u7",47,11,2
8,"u7",52,15,7
8,"u8",7,3,0
8,"u8",12,13,0
8,"u8",17,63,1
8,"u8",22,96,7
8,"u8",27,59,4
8,"u8",32,73,61
8,"u8",37,16,24
8,"u8",42,1,48
8,"u8",47,0,0
8,"u8",52,3,0
9,"u1",7,2,0
9,"u1",12,23,0
9,"u1",17,49,0
9,"u1",22,114,7
9,"u1",27,74,6
9,"u1",32,21,3
9,"u1",37,8,6
9,"u1",42,4,5
9,"u1",47,8,0
9,"u1",52,5,1
9,"u2",7,1,0
9,"u2",12,27,0
9,"u2",17,117,0
9,"u2",22,130,0
9,"u2",27,263,0
9,"u2",32,211,86
9,"u2",37,72,24
9,"u2",42,69,9
9,"u2",47,55,66
9,"u2",52,13,5
9,"u3",7,6,0
9,"u3",12,17,0
9,"u3",17,33,0
9,"u3",22,71,0
9,"u3",27,82,2
9,"u3",32,195,19
9,"u3",37,126,17
9,"u3",42,31,19
9,"u3",47,11,0
9,"u3",52,11,3
9,"u4",7,5,0
9,"u4",12,11,0
9,"u4",17,18,0
9,"u4",22,53,2
9,"u4",27,85,0
9,"u4",32,99,3
9,"u4",37,55,10
9,"u4",42,24,6
9,"u4",47,16,29
9,"u4",52,31,15
9,"u5",7,5,0
9,"u5",12,7,0
9,"u5",17,28,0
9,"u5",22,39,0
9,"u5",27,80,0
9,"u5",32,93,1
9,"u5",37,174,6
9,"u5",42,137,6
9,"u5",47,152,5
9,"u5",52,32,22
9,"u6",7,9,0
9,"u6",12,26,0
9,"u6",17,75,0
9,"u6",22,219,1
9,"u6",27,192,9
9,"u6",32,133,50
9,"u6",37,111,12
9,"u6",42,99,14
9,"u6",47,42,5
9,"u6",52,9,1
9,"u7",7,1,0
9,"u7",12,12,0
9,"u7",17,26,0
9,"u7",22,62,1
9,"u7",27,160,0
9,"u7",32,171,2
9,"u7",37,78,56
9,"u7",42,11,37
9,"u7",47,1,1
9,"u7",52,0,0
9,"u8",7,3,1
9,"u8",12,20,0
9,"u8",17,60,0
9,"u8",22,114,2
9,"u8",27,117,2
9,"u8",32,163,16
9,"u8",37,71,32
9,"u8",42,20,2
9,"u8",47,8,13
9,"u8",52,7,0
10,"u1",7,10,0
10,"u1",12,17,0
10,"u1",17,60,1
10,"u1",22,160,0
10,"u1",27,466,1
10,"u1",32,281,5
10,"u1",37,187,1
10,"u1",42,243,21
10,"u1",47,32,21
10,"u1",52,4,6
10,"u2",7,9,0
10,"u2",12,16,0
10,"u2",17,29,0
10,"u2",22,62,0
10,"u2",27,63,0
10,"u2",32,155,71
10,"u2",37,117,347
10,"u2",42,70,1
10,"u2",47,24,5
10,"u2",52,20,30
10,"u3",7,2,0
10,"u3",12,23,0
10,"u3",17,65,0
10,"u3",22,120,1
10,"u3",27,106,6
10,"u3",32,83,17
10,"u3",37,98,26
10,"u3",42,71,30
10,"u3",47,62,8
10,"u3",52,49,4
10,"u4",7,7,0
10,"u4",12,13,0
10,"u4",17,26,0
10,"u4",22,51,1
10,"u4",27,51,0
10,"u4",32,47,22
10,"u4",37,17,7
10,"u4",42,9,0
10,"u4",47,20,1
10,"u4",52,27,0
10,"u5",7,3,0
10,"u5",12,21,0
10,"u5",17,26,1
10,"u5",22,120,0
10,"u5",27,129,1
10,"u5",32,174,54
10,"u5",37,199,12
10,"u5",42,79,21
10,"u5",47,17,3
10,"u5",52,10,2
10,"u6",7,6,0
10,"u6",12,24,0
10,"u6",17,57,0
10,"u6",22,132,1
10,"u6",27,146,18
10,"u6",32,110,15
10,"u6",37,102,3
10,"u6",42,21,9
10,"u6",47,4,1
10,"u6",52,7,0
10,"u7",7,4,0
10,"u7",12,8,0
10,"u7",17,34,0
10,"u7",22,88,3
10,"u7",27,143,0
10,"u7",32,90,8
10,"u7",37,83,61
10,"u7",42,44,12
10,"u7",47,15,1
10,"u7",52,16,2
10,"u8",7,8,0
10,"u8",12,30,0
10,"u8",17,54,0
10,"u8",22,114,0
10,"u8",27,158,0
10,"u8",32,145,22
10,"u8",37,118,142
10,"u8",42,76,18
10,"u8",47,17,11
10,"u8",52,2,0
11,"u1",7,11,0
11,"u1",12,7,0
11,"u1",17,13,0
11,"u1",22,32,0
11,"u1",27,78,0
11,"u1",32,187,0
11,"u1",37,175,0
11,"u1",42,116,37
11,"u1",47,39,5
11,"u1",52,13,17
11,"u2",7,5,0
11,"u2",12,37,0
11,"u2",17,79,1
11,"u2",22,143,0
11,"u2",27,420,3
11,"u2",32,220,29
11,"u2",37,103,64
11,"u2",42,64,10
11,"u2",47,45,0
11,"u2",52,69,3
11,"u3",7,9,0
11,"u3",12,15,0
11,"u3",17,43,0
11,"u3",22,51,0
11,"u3",27,215,0
11,"u3",32,559,12
11,"u3",37,208,1
11,"u3",42,68,49
11,"u3",47,16,3
11,"u3",52,26,3
11,"u4",7,5,0
11,"u4",12,11,0
11,"u4",17,76,3
11,"u4",22,81,0
11,"u4",27,335,11
11,"u4",32,102,100
11,"u4",37,27,54
11,"u4",42,16,1
11,"u4",47,10,0
11,"u4",52,8,2
11,"u5",7,1,0
11,"u5",12,3,0
11,"u5",17,30,0
11,"u5",22,54,0
11,"u5",27,50,0
11,"u5",32,245,6
11,"u5",37,299,6
11,"u5",42,64,8
11,"u5",47,56,7
11,"u5",52,55,15
11,"u6",7,4,0
11,"u6",12,13,0
11,"u6",17,49,0
11,"u6",22,62,0
11,"u6",27,70,11
11,"u6",32,90,0
11,"u6",37,191,0
11,"u6",42,69,2
11,"u6",47,88,12
11,"u6",52,88,49
11,"u7",7,17,0
11,"u7",12,38,0
11,"u7",17,21,0
11,"u7",22,113,7
11,"u7",27,95,1
11,"u7",32,34,67
11,"u7",37,19,32
11,"u7",42,11,1
11,"u7",47,5,1
11,"u7",52,7,1
11,"u8",7,4,0
11,"u8",12,11,0
11,"u8",17,17,0
11,"u8",22,47,0
11,"u8",27,136,4
11,"u8",32,101,1
11,"u8",37,93,76
11,"u8",42,22,4
11,"u8",47,29,3
11,"u8",52,16,5
12,"u1",7,10,0
12,"u1",12,9,0
12,"u1",17,36,0
12,"u1",22,103,0
12,"u1",27,73,4
12,"u1",32,141,19
12,"u1",37,87,44
12,"u1",42,101,4
12,"u1",47,61,22
12,"u1",52,13,0
12,"u2",7,5,0
12,"u2",12,24,0
12,"u2",17,98,0
12,"u2",22,179,0
12,"u2",27,261,2
12,"u2",32,199,17
12,"u2",37,46,14
12,"u2",42,19,5
12,"u2",47,3,6
12,"u2",52,3,0
12,"u3",7,9,0
12,"u3",12,13,0
12,"u3",17,56,0
12,"u3",22,46,0
12,"u3",27,113,0
12,"u3",32,199,8
12,"u3",37,111,64
12,"u3",42,32,30
12,"u3",47,15,26
12,"u3",52,10,1
12,"u4",7,4,0
12,"u4",12,35,0
12,"u4",17,23,0
12,"u4",22,17,0
12,"u4",27,41,39
12,"u4",32,37,3
12,"u4",37,30,0
12,"u4",42,41,1
12,"u4",47,56,1
12,"u4",52,59,1
12,"u5",7,3,0
12,"u5",12,11,0
12,"u5",17,50,5
12,"u5",22,40,5
12,"u5",27,53,0
12,"u5",32,27,3
12,"u5",37,27,3
12,"u5",42,69,3
12,"u5",47,30,51
12,"u5",52,31,6
12,"u6",7,14,0
12,"u6",12,14,0
12,"u6",17,76,0
12,"u6",22,126,0
12,"u6",27,309,0
12,"u6",32,273,1
12,"u6",37,242,28
12,"u6",42,103,4
12,"u6",47,50,24
12,"u6",52,13,16
12,"u7",7,9,0
12,"u7",12,15,0
12,"u7",17,37,2
12,"u7",22,73,3
12,"u7",27,138,12
12,"u7",32,146,27
12,"u7",37,239,85
12,"u7",42,235,46
12,"u7",47,108,306
12,"u7",52,41,33
12,"u8",7,12,1
12,"u8",12,15,0
12,"u8",17,88,1
12,"u8",22,357,7
12,"u8",27,265,318
12,"u8",32,349,403
12,"u8",37,88,34
12,"u8",42,15,24
12,"u8",47,24,10
12,"u8",52,8,2
13,"u1",7,5,0
13,"u1",12,10,0
13,"u1",17,34,0
13,"u1",22,73,1
13,"u1",27,80,7
13,"u1",32,144,3
13,"u1",37,80,2
13,"u1",42,87,29
13,"u1",47,45,21
13,"u1",52,5,3
13,"u2",7,5,0
13,"u2",12,20,0
13,"u2",17,16,0
13,"u2",22,52,0
13,"u2",27,96,1
13,"u2",32,229,5
13,"u2",37,82,41
13,"u2",42,84,4
13,"u2",47,39,4
13,"u2",52,39,2
13,"u3",7,6,0
13,"u3",12,6,3
13,"u3",17,49,0
13,"u3",22,73,0
13,"u3",27,88,0
13,"u3",32,206,7
13,"u3",37,305,60
13,"u3",42,236,181
13,"u3",47,36,17
13,"u3",52,38,1
13,"u4",7,4,0
13,"u4",12,10,0
13,"u4",17,13,0
13,"u4",22,18,0
13,"u4",27,79,1
13,"u4",32,105,1
13,"u4",37,155,19
13,"u4",42,145,2
13,"u4",47,78,16
13,"u4",52,84,5
13,"u5",7,5,0
13,"u5",12,13,0
13,"u5",17,46,6
13,"u5",22,104,4
13,"u5",27,47,10
13,"u5",32,87,1
13,"u5",37,84,9
13,"u5",42,83,147
13,"u5",47,40,54
13,"u5",52,9,20
13,"u6",7,12,0
13,"u6",12,37,0
13,"u6",17,71,0
13,"u6",22,133,1
13,"u6",27,167,22
13,"u6",32,136,83
13,"u6",37,26,34
13,"u6",42,12,1
13,"u6",47,15,1
13,"u6",52,30,0
13,"u7",7,13,0
13,"u7",12,31,0
13,"u7",17,35,0
13,"u7",22,116,5
13,"u7",27,156,12
13,"u7",32,77,39
13,"u7",37,30,3
13,"u7",42,82,50
13,"u7",47,75,11
13,"u7",52,35,10
13,"u8",7,4,0
13,"u8",12,2,0
13,"u8",17,14,0
13,"u8",22,66,0
13,"u8",27,125,0
13,"u8",32,96,0
13,"u8",37,122,1
13,"u8",42,125,5
13,"u8",47,138,9
13,"u8",52,70,0
14,"u1",7,16,0
14,"u1",12,17,0
14,"u1",17,42,0
14,"u1",22,140,0
14,"u1",27,273,2
14,"u1",32,329,0
14,"u1",37,131,2
14,"u1",42,149,78
14,"u1",47,69,79
14,"u1",52,11,3
14,"u2",7,4,0
14,"u2",12,16,0
14,"u2",17,93,0
14,"u2",22,86,0
14,"u2",27,168,5
14,"u2",32,69,245
14,"u2",37,26,6
14,"u2",42,56,5
14,"u2",47,10,1
14,"u2",52,13,1
14,"u3",7,6,0
14,"u3",12,25,0
14,"u3",17,72,0
14,"u3",22,152,1
14,"u3",27,156,2
14,"u3",32,255,40
14,"u3",37,46,20
14,"u3",42,78,10
14,"u3",47,17,1
14,"u3",52,25,6
14,"u4",7,13,0
14,"u4",12,7,1
14,"u4",17,34,1
14,"u4",22,86,0
14,"u4",27,150,7
14,"u4",32,324,60
14,"u4",37,89,56
14,"u4",42,35,14
14,"u4",47,10,5
14,"u4",52,10,0
14,"u5",7,9,0
14,"u5",12,19,1
14,"u5",17,24,1
14,"u5",22,177,0
14,"u5",27,274,11
14,"u5",32,195,0
14,"u5",37,150,15
14,"u5",42,85,57
14,"u5",47,46,247
14,"u5",52,27,6
14,"u6",7,2,0
14,"u6",12,8,0
14,"u6",17,26,0
14,"u6",22,53,0
14,"u6",27,116,0
14,"u6",32,139,0
14,"u6",37,142,6
14,"u6",42,132,36
14,"u6",47,32,118
14,"u6",52,15,72
14,"u7",7,10,0
14,"u7",12,17,0
14,"u7",17,17,0
14,"u7",22,41,0
14,"u7",27,251,1
14,"u7",32,200,12
14,"u7",37,103,21
14,"u7",42,30,40
14,"u7",47,23,33
14,"u7",52,15,0
14,"u8",7,1,0
14,"u8",12,25,0
14,"u8",17,59,0
14,"u8",22,131,0
14,"u8",27,85,21
14,"u8",32,58,104
14,"u8",37,19,9
14,"u8",42,22,2
14,"u8",47,23,0
14,"u8",52,29,2
15,"u1",7,1,0
15,"u1",12,23,0
15,"u1",17,83,0
15,"u1",22,170,0
15,"u1",27,350,27
15,"u1",32,232,7
15,"u1",37,42,102
15,"u1",42,7,174
15,"u1",47,1,4
15,"u1",52,2,0
15,"u2",7,9,0
15,"u2",12,18,0
15,"u2",17,60,0
15,"u2",22,143,3
15,"u2",27,137,2
15,"u2",32,105,19
15,"u2",37,93,49
15,"u2",42,15,2
15,"u2",47,6,6
15,"u2",52,6,1
15,"u3",7,4,0
15,"u3",12,23,1
15,"u3",17,68,0
15,"u3",22,86,6
15,"u3",27,200,19
15,"u3",32,86,13
15,"u3",37,38,5
15,"u3",42,20,0
15,"u3",47,15,3
15,"u3",52,1,4
15,"u4",7,6,0
15,"u4",12,45,1
15,"u4",17,94,1
15,"u4",22,134,68
15,"u4",27,77,9
15,"u4",32,28,24
15,"u4",37,34,4
15,"u4",42,20,33
15,"u4",47,18,1
15,"u4",52,21,3
15,"u5",7,9,0
15,"u5",12,21,0
15,"u5",17,41,0
15,"u5",22,125,0
15,"u5",27,150,2
15,"u5",32,413,71
15,"u5",37,118,320
15,"u5",42,59,17
15,"u5",47,36,6
15,"u5",52,37,6
15,"u6",7,11,0
15,"u6",12,38,0
15,"u6",17,170,0
15,"u6",22,201,4
15,"u6",27,248,28
15,"u6",32,126,2
15,"u6",37,28,24
15,"u6",42,6,1
15,"u6",47,7,1
15,"u6",52,9,0
15,"u7",7,2,0
15,"u7",12,18,0
15,"u7",17,32,0
15,"u7",22,125,0
15,"u7",27,110,0
15,"u7",32,280,4
15,"u7",37,71,60
15,"u7",42,62,3
15,"u7",47,10,35
15,"u7",52,6,5
15,"u8",7,10,0
15,"u8",12,21,0
15,"u8",17,40,0
15,"u8",22,103,0
15,"u8",27,117,22
15,"u8",32,64,4
15,"u8",37,50,11
15,"u8",42,17,0
15,"u8",47,19,3
15,"u8",52,13,21
16,"u1",7,7,0
16,"u1",12,30,0
16,"u1",17,45,0
16,"u1",22,77,0
16,"u1",27,188,5
16,"u1",32,46,18
16,"u1",37,32,31
16,"u1",42,13,1
16,"u1",47,9,4
16,"u1",52,20,0
16,"u2",7,11,0
16,"u2",12,26,0
16,"u2",17,172,0
16,"u2",22,491,2
16,"u2",27,365,20
16,"u2",32,90,1
16,"u2",37,28,2
16,"u2",42,35,23
16,"u2",47,8,5
16,"u2",52,19,0
16,"u3",7,5,0
16,"u3",12,14,0
16,"u3",17,61,0
16,"u3",22,129,2
16,"u3",27,105,2
16,"u3",32,118,106
16,"u3",37,55,17
16,"u3",42,9,22
16,"u3",47,25,0
16,"u3",52,17,1
16,"u4",7,7,0
16,"u4",12,12,1
16,"u4",17,22,0
16,"u4",22,107,2
16,"u4",27,205,4
16,"u4",32,108,8
16,"u4",37,51,5
16,"u4",42,57,2
16,"u4",47,5,19
16,"u4",52,8,3
16,"u5",7,5,0
16,"u5",12,21,0
16,"u5",17,28,0
16,"u5",22,38,0
16,"u5",27,138,0
16,"u5",32,55,7
16,"u5",37,84,1
16,"u5",42,99,4
16,"u5",47,62,9
16,"u5",52,22,1
16,"u6",7,5,0
16,"u6",12,35,0
16,"u6",17,67,0
16,"u6",22,101,1
16,"u6",27,144,5
16,"u6",32,106,69
16,"u6",37,25,52
16,"u6",42,34,3
16,"u6",47,40,80
16,"u6",52,47,159
16,"u7",7,7,0
16,"u7",12,14,0
16,"u7",17,31,0
16,"u7",22,83,0
16,"u7",27,312,0
16,"u7",32,303,0
16,"u7",37,278,22
16,"u7",42,133,54
16,"u7",47,31,55
16,"u7",52,35,61
16,"u8",7,8,0
16,"u8",12,23,0
16,"u8",17,52,0
16,"u8",22,113,1
16,"u8",27,203,0
16,"u8",32,267,0
16,"u8",37,115,16
16,"u8",42,59,4
16,"u8",47,4,11
16,"u8",52,3,0
17,"u1",7,3,0
17,"u1",12,9,0
17,"u1",17,13,0
17,"u1",22,29,0
17,"u1",27,32,1
17,"u1",32,63,17
17,"u1",37,42,3
17,"u1",42,27,5
17,"u1",47,39,1
17,"u1",52,46,45
17,"u2",7,13,0
17,"u2",12,28,1
17,"u2",17,44,0
17,"u2",22,77,1
17,"u2",27,141,3
17,"u2",32,296,2
17,"u2",37,152,100
17,"u2",42,112,95
17,"u2",47,71,120
17,"u2",52,58,16
17,"u3",7,7,0
17,"u3",12,17,1
17,"u3",17,36,1
17,"u3",22,148,3
17,"u3",27,289,13
17,"u3",32,60,19
17,"u3",37,149,17
17,"u3",42,159,24
17,"u3",47,43,69
17,"u3",52,44,27
17,"u4",7,7,1
17,"u4",12,24,0
17,"u4",17,27,1
17,"u4",22,84,0
17,"u4",27,69,0
17,"u4",32,159,0
17,"u4",37,242,4
17,"u4",42,163,29
17,"u4",47,87,4
17,"u4",52,66,3
17,"u5",7,9,0
17,"u5",12,14,0
17,"u5",17,44,0
17,"u5",22,81,1
17,"u5",27,115,2
17,"u5",32,84,20
17,"u5",37,41,59
17,"u5",42,17,23
17,"u5",47,4,4
17,"u5",52,8,1
17,"u6",7,13,1
17,"u6",12,34,1
17,"u6",17,23,1
17,"u6",22,111,3
17,"u6",27,174,0
17,"u6",32,129,15
17,"u6",37,56,6
17,"u6",42,8,10
17,"u6",47,1,0
17,"u6",52,5,0
17,"u7",7,6,1
17,"u7",12,31,1
17,"u7",17,40,0
17,"u7",22,193,15
17,"u7",27,114,1
17,"u7",32,32,11
17,"u7",37,6,51
17,"u7",42,2,0
17,"u7",47,6,0
17,"u7",52,1,0
17,"u8",7,5,1
17,"u8",12,22,0
17,"u8",17,61,0
17,"u8",22,68,3
17,"u8",27,81,4
17,"u8",32,31,14
17,"u8",37,31,4
17,"u8",42,19,19
17,"u8",47,9,1
17,"u8",52,7,4
18,"u1",7,5,0
18,"u1",12,10,0
18,"u1",17,24,0
18,"u1",22,73,0
18,"u1",27,125,3
18,"u1",32,102,1
18,"u1",37,39,0
18,"u1",42,19,18
18,"u1",47,38,33
18,"u1",52,12,0
18,"u2",7,3,1
18,"u2",12,23,0
18,"u2",17,35,0
18,"u2",22,145,1
18,"u2",27,206,0
18,"u2",32,164,105
18,"u2",37,172,8
18,"u2",42,98,21
18,"u2",47,19,5
18,"u2",52,8,1
18,"u3",7,5,0
18,"u3",12,7,0
18,"u3",17,58,2
18,"u3",22,47,3
18,"u3",27,73,9
18,"u3",32,54,3
18,"u3",37,97,11
18,"u3",42,89,31
18,"u3",47,2,0
18,"u3",52,0,2
18,"u4",7,4,0
18,"u4",12,13,0
18,"u4",17,30,0
18,"u4",22,145,0
18,"u4",27,216,1
18,"u4",32,141,0
18,"u4",37,44,8
18,"u4",42,15,101
18,"u4",47,7,0
18,"u4",52,1,0
18,"u5",7,8,0
18,"u5",12,15,0
18,"u5",17,37,0
18,"u5",22,177,8
18,"u5",27,389,6
18,"u5",32,218,21
18,"u5",37,45,35
18,"u5",42,48,12
18,"u5",47,17,1
18,"u5",52,19,36
18,"u6",7,3,0
18,"u6",12,38,1
18,"u6",17,98,9
18,"u6",22,109,41
18,"u6",27,117,9
18,"u6",32,40,1
18,"u6",37,52,6
18,"u6",42,30,0
18,"u6",47,30,1
18,"u6",52,16,0
18,"u7",7,2,0
18,"u7",12,11,0
18,"u7",17,29,0
18,"u7",22,73,0
18,"u7",27,82,0
18,"u7",32,138,0
18,"u7",37,111,37
18,"u7",42,39,3
18,"u7",47,32,0
18,"u7",52,29,0
18,"u8",7,7,0
18,"u8",12,19,0
18,"u8",17,57,1
18,"u8",22,90,2
18,"u8",27,198,10
18,"u8",32,121,9
18,"u8",37,41,6
18,"u8",42,34,5
18,"u8",47,9,2
18,"u8",52,9,0
19,"u1",7,11,0
19,"u1",12,31,1
19,"u1",17,85,6
19,"u1",22,133,9
19,"u1",27,247,33
19,"u1",32,100,113
19,"u1",37,21,10
19,"u1",42,22,3
19,"u1",47,10,0
19,"u1",52,2,0
19,"u2",7,5,0
19,"u2",12,33,1
19,"u2",17,114,1
19,"u2",22,137,4
19,"u2",27,98,8
19,"u2",32,37,42
19,"u2",37,45,3
19,"u2",42,45,0
19,"u2",47,68,1
19,"u2",52,34,6
19,"u3",7,4,0
19,"u3",12,7,0
19,"u3",17,21,0
19,"u3",22,112,0
19,"u3",27,222,2
19,"u3",32,188,49
19,"u3",37,78,2
19,"u3",42,62,7
19,"u3",47,53,0
19,"u3",52,49,3
19,"u4",7,8,0
19,"u4",12,26,0
19,"u4",17,10,0
19,"u4",22,54,0
19,"u4",27,94,2
19,"u4",32,128,45
19,"u4",37,104,0
19,"u4",42,84,12
19,"u4",47,53,4
19,"u4",52,54,3
19,"u5",7,8,0
19,"u5",12,3,0
19,"u5",17,13,0
19,"u5",22,56,0
19,"u5",27,99,0
19,"u5",32,243,3
19,"u5",37,386,5
19,"u5",42,87,58
19,"u5",47,45,8
19,"u5",52,22,1
19,"u6",7,4,0
19,"u6",12,13,0
19,"u6",17,30,0
19,"u6",22,49,14
19,"u6",27,29,6
19,"u6",32,22,0
19,"u6",37,13,0
19,"u6",42,22,2
19,"u6",47,23,2
19,"u6",52,30,1
19,"u7",7,3,0
19,"u7",12,33,0
19,"u7",17,80,0
19,"u7",22,236,0
19,"u7",27,263,1
19,"u7",32,221,0
19,"u7",37,281,1
19,"u7",42,271,1
19,"u7",47,87,9
19,"u7",52,130,79
19,"u8",7,8,0
19,"u8",12,7,0
19,"u8",17,41,0
19,"u8",22,129,0
19,"u8",27,168,17
19,"u8",32,165,17
19,"u8",37,203,1
19,"u8",42,132,171
19,"u8",47,59,20
19,"u8",52,49,0
20,"u1",7,5,0
20,"u1",12,19,0
20,"u1",17,51,0
20,"u1",22,84,1
20,"u1",27,42,0
20,"u1",32,16,21
20,"u1",37,26,33
20,"u1",42,39,0
20,"u1",47,27,4
20,"u1",52,47,0
20,"u2",7,9,0
20,"u2",12,26,0
20,"u2",17,113,0
20,"u2",22,212,13
20,"u2",27,146,84
20,"u2",32,50,47
20,"u2",37,13,7
20,"u2",42,22,8
20,"u2",47,20,26
20,"u2",52,40,3
20,"u3",7,9,0
20,"u3",12,25,0
20,"u3",17,37,0
20,"u3",22,57,0
20,"u3",27,164,26
20,"u3",32,224,11
20,"u3",37,162,3
20,"u3",42,103,18
20,"u3",47,47,0
20,"u3",52,40,6
20,"u4",7,5,0
20,"u4",12,12,0
20,"u4",17,37,1
20,"u4",22,87,1
20,"u4",27,96,12
20,"u4",32,64,12
20,"u4",37,14,7
20,"u4",42,12,5
20,"u4",47,12,1
20,"u4",52,12,3
20,"u5",7,3,0
20,"u5",12,22,0
20,"u5",17,88,0
20,"u5",22,185,1
20,"u5",27,111,3
20,"u5",32,89,95
20,"u5",37,56,28
20,"u5",42,38,0
20,"u5",47,27,37
20,"u5",52,14,28
20,"u6",7,5,0
20,"u6",12,29,0
20,"u6",17,41,6
20,"u6",22,130,0
20,"u6",27,244,22
20,"u6",32,54,11
20,"u6",37,7,3
20,"u6",42,5,0
20,"u6",47,5,0
20,"u6",52,2,0
20,"u7",7,11,0
20,"u7",12,27,0
20,"u7",17,35,0
20,"u7",22,110,0
20,"u7",27,122,0
20,"u7",32,231,10
20,"u7",37,164,28
20,"u7",42,46,26
20,"u7",47,27,0
20,"u7",52,33,10
20,"u8",7,10,0
20,"u8",12,14,0
20,"u8",17,51,0
20,"u8",22,50,0
20,"u8",27,196,11
20,"u8",32,66,21
20,"u8",37,5,0
20,"u8",42,12,9
20,"u8",47,4,0
20,"u8",52,6,3
21,"u1",7,8,0
21,"u1",12,17,1
21,"u1",17,12,0
21,"u1",22,68,1
21,"u1",27,61,0
21,"u1",32,204,0
21,"u1",37,177,17
21,"u1",42,108,21
21,"u1",47,51,133
21,"u1",52,46,23
21,"u2",7,7,0
21,"u2",12,19,0
21,"u2",17,52,1
21,"u2",22,89,1
21,"u2",27,237,2
21,"u2",32,145,10
21,"u2",37,113,30
21,"u2",42,59,8
21,"u2",47,21,4
21,"u2",52,12,17
21,"u3",7,3,0
21,"u3",12,18,0
21,"u3",17,49,0
21,"u3",22,62,0
21,"u3",27,146,0
21,"u3",32,351,5
21,"u3",37,292,7
21,"u3",42,95,110
21,"u3",47,115,11
21,"u3",52,102,7
21,"u4",7,4,0
21,"u4",12,22,0
21,"u4",17,28,0
21,"u4",22,79,0
21,"u4",27,85,0
21,"u4",32,190,0
21,"u4",37,214,5
21,"u4",42,264,67
21,"u4",47,71,29
21,"u4",52,36,2
21,"u5",7,6,0
21,"u5",12,25,0
21,"u5",17,91,0
21,"u5",22,109,159
21,"u5",27,56,24
21,"u5",32,43,16
21,"u5",37,11,5
21,"u5",42,2,0
21,"u5",47,0,1
21,"u5",52,0,0
21,"u6",7,13,0
21,"u6",12,33,0
21,"u6",17,83,0
21,"u6",22,175,0
21,"u6",27,195,5
21,"u6",32,206,13
21,"u6",37,28,2
21,"u6",42,27,81
21,"u6",47,23,13
21,"u6",52,17,17
21,"u7",7,3,0
21,"u7",12,11,0
21,"u7",17,84,0
21,"u7",22,87,1
21,"u7",27,164,6
21,"u7",32,86,86
21,"u7",37,42,5
21,"u7",42,5,25
21,"u7",47,0,0
21,"u7",52,2,1
21,"u8",7,12,1
21,"u8",12,41,0
21,"u8",17,107,14
21,"u8",22,88,6
21,"u8",27,120,68
21,"u8",32,30,3
21,"u8",37,24,9
21,"u8",42,86,0
21,"u8",47,61,3
21,"u8",52,48,1
22,"u1",7,10,0
22,"u1",12,17,0
22,"u1",17,76,0
22,"u1",22,113,0
22,"u1",27,137,0
22,"u1",32,173,4
22,"u1",37,220,31
22,"u1",42,38,4
22,"u1",47,9,4
22,"u1",52,5,0
22,"u2",7,11,0
22,"u2",12,34,0
22,"u2",17,41,0
22,"u2",22,82,0
22,"u2",27,145,2
22,"u2",32,101,13
22,"u2",37,99,23
22,"u2",42,46,187
22,"u2",47,63,1
22,"u2",52,62,17
22,"u3",7,6,0
22,"u3",12,23,0
22,"u3",17,68,0
22,"u3",22,135,2
22,"u3",27,133,9
22,"u3",32,43,47
22,"u3",37,64,12
22,"u3",42,25,25
22,"u3",47,21,1
22,"u3",52,20,3
22,"u4",7,8,0
22,"u4",12,10,0
22,"u4",17,28,0
22,"u4",22,91,0
22,"u4",27,378,1
22,"u4",32,416,69
22,"u4",37,124,46
22,"u4",42,35,6
22,"u4",47,13,0
22,"u4",52,11,6
22,"u5",7,11,0
22,"u5",12,25,0
22,"u5",17,56,0
22,"u5",22,154,4
22,"u5",27,179,7
22,"u5",32,115,5
22,"u5",37,4,42
22,"u5",42,4,5
22,"u5",47,0,0
22,"u5",52,0,0
22,"u6",7,11,0
22,"u6",12,20,0
22,"u6",17,37,0
22,"u6",22,76,1
22,"u6",27,116,69
22,"u6",32,50,115
22,"u6",37,44,4
22,"u6",42,38,19
22,"u6",47,9,5
22,"u6",52,4,0
22,"u7",7,9,0
22,"u7",12,25,0
22,"u7",17,93,7
22,"u7",22,377,15
22,"u7",27,249,154
22,"u7",32,36,13
22,"u7",37,23,4
22,"u7",42,6,1
22,"u7",47,1,0
22,"u7",52,10,0
22,"u8",7,10,0
22,"u8",12,15,0
22,"u8",17,72,0
22,"u8",22,102,0
22,"u8",27,308,0
22,"u8",32,164,17
22,"u8",37,136,93
22,"u8",42,22,10
22,"u8",47,4,3
22,"u8",52,4,3
23,"u1",7,10,0
23,"u1",12,22,0
23,"u1",17,57,0
23,"u1",22,138,0
23,"u1",27,115,1
23,"u1",32,219,6
23,"u1",37,127,2
23,"u1",42,82,61
23,"u1",47,43,2
23,"u1",52,40,4
23,"u2",7,2,0
23,"u2",12,14,0
23,"u2",17,23,0
23,"u2",22,123,0
23,"u2",27,72,0
23,"u2",32,126,12
23,"u2",37,52,15
23,"u2",42,39,6
23,"u2",47,41,3
23,"u2",52,8,3
23,"u3",7,6,0
23,"u3",12,13,0
23,"u3",17,11,0
23,"u3",22,39,0
23,"u3",27,169,0
23,"u3",32,615,1
23,"u3",37,584,210
23,"u3",42,91,6
23,"u3",47,127,0
23,"u3",52,34,26
23,"u4",7,3,0
23,"u4",12,26,0
23,"u4",17,80,0
23,"u4",22,84,8
23,"u4",27,111,2
23,"u4",32,77,18
23,"u4",37,11,23
23,"u4",42,50,2
23,"u4",47,53,3
23,"u4",52,53,3
23,"u5",7,8,0
23,"u5",12,7,0
23,"u5",17,29,0
23,"u5",22,49,1
23,"u5",27,162,0
23,"u5",32,77,10
23,"u5",37,117,46
23,"u5",42,39,13
23,"u5",47,12,5
23,"u5",52,17,6
23,"u6",7,6,0
23,"u6",12,44,0
23,"u6",17,115,0
23,"u6",22,217,9
23,"u6",27,226,0
23,"u6",32,186,7
23,"u6",37,93,213
23,"u6",42,54,25
23,"u6",47,23,19
23,"u6",52,51,4
23,"u7",7,11,0
23,"u7",12,20,0
23,"u7",17,120,0
23,"u7",22,197,0
23,"u7",27,374,0
23,"u7",32,328,4
23,"u7",37,228,4
23,"u7",42,260,6
23,"u7",47,71,27
23,"u7",52,45,6
23,"u8",7,5,0
23,"u8",12,14,0
23,"u8",17,10,0
23,"u8",22,32,0
23,"u8",27,33,0
23,"u8",32,77,0
23,"u8",37,50,0
23,"u8",42,127,1
23,"u8",47,162,7
23,"u8",52,69,102
24,"u1",7,2,0
24,"u1",12,5,0
24,"u1",17,32,0
24,"u1",22,77,0
24,"u1",27,140,0
24,"u1",32,252,0
24,"u1",37,411,5
24,"u1",42,522,166
24,"u1",47,79,20
24,"u1",52,35,2
24,"u2",7,7,0
24,"u2",12,4,0
24,"u2",17,24,0
24,"u2",22,80,0
24,"u2",27,107,0
24,"u2",32,119,1
24,"u2",37,32,11
24,"u2",42,34,1
24,"u2",47,22,9
24,"u2",52,11,2
24,"u3",7,8,0
24,"u3",12,8,0
24,"u3",17,61,0
24,"u3",22,179,3
24,"u3",27,139,18
24,"u3",32,185,27
24,"u3",37,45,44
24,"u3",42,46,12
24,"u3",47,3,17
24,"u3",52,8,4
24,"u4",7,6,0
24,"u4",12,18,1
24,"u4",17,66,1
24,"u4",22,129,0
24,"u4",27,90,5
24,"u4",32,65,3
24,"u4",37,26,15
24,"u4",42,7,52
24,"u4",47,9,2
24,"u4",52,18,5
24,"u5",7,8,0
24,"u5",12,10,0
24,"u5",17,32,0
24,"u5",22,73,0
24,"u5",27,168,0
24,"u5",32,142,19
24,"u5",37,37,56
24,"u5",42,8,26
24,"u5",47,7,5
24,"u5",52,16,0
24,"u6",7,7,0
24,"u6",12,23,0
24,"u6",17,68,0
24,"u6",22,102,0
24,"u6",27,122,1
24,"u6",32,207,3
24,"u6",37,139,321
24,"u6",42,119,39
24,"u6",47,16,20
24,"u6",52,8,15
24,"u7",7,0,0
24,"u7",12,12,0
24,"u7",17,25,1
24,"u7",22,123,1
24,"u7",27,198,3
24,"u7",32,141,14
24,"u7",37,92,136
24,"u7",42,74,70
24,"u7",47,32,16
24,"u7",52,8,7
24,"u8",7,10,0
24,"u8",12,16,0
24,"u8",17,23,0
24,"u8",22,44,0
24,"u8",27,66,1
24,"u8",32,45,4
24,"u8",37,15,6
24,"u8",42,3,4
24,"u8",47,2,3
24,"u8",52,1,0
25,"u1",7,9,0
25,"u1",12,35,0
25,"u1",17,138,0
25,"u1",22,212,0
25,"u1",27,171,4
25,"u1",32,150,18
25,"u1",37,20,152
25,"u1",42,23,19
25,"u1",47,9,1
25,"u1",52,1,3
25,"u2",7,6,0
25,"u2",12,13,0
25,"u2",17,21,0
25,"u2",22,45,0
25,"u2",27,202,0
25,"u2",32,159,1
25,"u2",37,236,0
25,"u2",42,101,66
25,"u2",47,72,193
25,"u2",52,27,61
25,"u3",7,3,0
25,"u3",12,20,1
25,"u3",17,59,3
25,"u3",22,123,1
25,"u3",27,170,26
25,"u3",32,70,4
25,"u3",37,40,3
25,"u3",42,20,31
25,"u3",47,28,7
25,"u3",52,17,0
25,"u4",7,6,0
25,"u4",12,28,0
25,"u4",17,114,0
25,"u4",22,270,3
25,"u4",27,394,27
25,"u4",32,218,48
25,"u4",37,58,28
25,"u4",42,26,2
25,"u4",47,21,4
25,"u4",52,22,4
25,"u5",7,8,0
25,"u5",12,10,1
25,"u5",17,85,2
25,"u5",22,85,1
25,"u5",27,158,5
25,"u5",32,100,6
25,"u5",37,45,9
25,"u5",42,67,11
25,"u5",47,44,8
25,"u5",52,18,5
25,"u6",7,1,0
25,"u6",12,27,0
25,"u6",17,64,0
25,"u6",22,97,1
25,"u6",27,107,0
25,"u6",32,128,13
25,"u6",37,24,25
25,"u6",42,17,0
25,"u6",47,38,12
25,"u6",52,18,18
25,"u7",7,2,0
25,"u7",12,16,0
25,"u7",17,66,2
25,"u7",22,174,1
25,"u7",27,112,1
25,"u7",32,222,8
25,"u7",37,65,28
25,"u7",42,21,26
25,"u7",47,28,8
25,"u7",52,30,8
25,"u8",7,4,0
25,"u8",12,13,0
25,"u8",17,95,1
25,"u8",22,262,0
25,"u8",27,186,144
25,"u8",32,66,1
25,"u8",37,32,13
25,"u8",42,13,17
25,"u8",47,7,1
25,"u8",52,6,0
26,"u1",7,4,0
26,"u1",12,17,0
26,"u1",17,61,0
26,"u1",22,138,0
26,"u1",27,98,1
26,"u1",32,233,0
26,"u1",37,119,37
26,"u1",42,185,34
26,"u1",47,120,137
26,"u1",52,20,23
26,"u2",7,13,0
26,"u2",12,14,0
26,"u2",17,55,0
26,"u2",22,53,6
26,"u2",27,44,13
26,"u2",32,41,9
26,"u2",37,18,7
26,"u2",42,4,13
26,"u2",47,4,0
26,"u2",52,6,2
26,"u3",7,5,0
26,"u3",12,7,0
26,"u3",17,11,0
26,"u3",22,52,0
26,"u3",27,90,0
26,"u3",32,113,0
26,"u3",37,161,4
26,"u3",42,170,16
26,"u3",47,81,164
26,"u3",52,49,39
26,"u4",7,3,1
26,"u4",12,18,0
26,"u4",17,62,1
26,"u4",22,91,68
26,"u4",27,22,0
26,"u4",32,14,8
26,"u4",37,20,1
26,"u4",42,24,2
26,"u4",47,25,1
26,"u4",52,4,4
26,"u5",7,8,0
26,"u5",12,25,0
26,"u5",17,126,0
26,"u5",22,197,5
26,"u5",27,222,1
26,"u5",32,59,56
26,"u5",37,40,35
26,"u5",42,22,2
26,"u5",47,58,0
26,"u5",52,18,13
26,"u6",7,9,0
26,"u6",12,19,0
26,"u6",17,19,0
26,"u6",22,74,2
26,"u6",27,61,5
26,"u6",32,108,5
26,"u6",37,25,67
26,"u6",42,36,4
26,"u6",47,67,40
26,"u6",52,78,16
26,"u7",7,2,0
26,"u7",12,18,0
26,"u7",17,22,0
26,"u7",22,51,0
26,"u7",27,65,0
26,"u7",32,102,0
26,"u7",37,335,3
26,"u7",42,449,1
26,"u7",47,179,174
26,"u7",52,72,7
26,"u8",7,9,0
26,"u8",12,10,0
26,"u8",17,42,0
26,"u8",22,46,0
26,"u8",27,175,1
26,"u8",32,177,10
26,"u8",37,153,6
26,"u8",42,112,22
26,"u8",47,41,5
26,"u8",52,33,10
27,"u1",7,6,0
27,"u1",12,6,0
27,"u1",17,41,0
27,"u1",22,85,0
27,"u1",27,88,11
27,"u1",32,245,14
27,"u1",37,76,12
27,"u1",42,32,29
27,"u1",47,17,0
27,"u1",52,17,0
27,"u2",7,7,0
27,"u2",12,13,0
27,"u2",17,37,0
27,"u2",22,38,0
27,"u2",27,157,14
27,"u2",32,193,22
27,"u2",37,89,0
27,"u2",42,23,5
27,"u2",47,1,11
27,"u2",52,1,0
27,"u3",7,9,0
27,"u3",12,16,1
27,"u3",17,23,4
27,"u3",22,23,0
27,"u3",27,48,1
27,"u3",32,79,66
27,"u3",37,44,153
27,"u3",42,15,0
27,"u3",47,6,0
27,"u3",52,9,0
27,"u4",7,9,0
27,"u4",12,12,0
27,"u4",17,29,0
27,"u4",22,30,0
27,"u4",27,76,2
27,"u4",32,120,26
27,"u4",37,65,6
27,"u4",42,63,7
27,"u4",47,44,0
27,"u4",52,52,2
27,"u5",7,4,0
27,"u5",12,26,0
27,"u5",17,72,0
27,"u5",22,83,0
27,"u5",27,148,0
27,"u5",32,379,6
27,"u5",37,344,1
27,"u5",42,93,50
27,"u5",47,50,18
27,"u5",52,38,17
27,"u6",7,6,0
27,"u6",12,13,0
27,"u6",17,43,0
27,"u6",22,144,3
27,"u6",27,131,95
27,"u6",32,151,3
27,"u6",37,37,10
27,"u6",42,25,0
27,"u6",47,25,11
27,"u6",52,12,4
27,"u7",7,4,0
27,"u7",12,13,1
27,"u7",17,35,0
27,"u7",22,41,0
27,"u7",27,97,0
27,"u7",32,363,3
27,"u7",37,386,32
27,"u7",42,159,135
27,"u7",47,256,67
27,"u7",52,176,20
27,"u8",7,6,0
27,"u8",12,37,0
27,"u8",17,39,0
27,"u8",22,74,2
27,"u8",27,148,2
27,"u8",32,150,6
27,"u8",37,66,25
27,"u8",42,40,237
27,"u8",47,18,0
27,"u8",52,6,0
28,"u1",7,5,0
28,"u1",12,15,0
28,"u1",17,40,2
28,"u1",22,72,4
28,"u1",27,78,4
28,"u1",32,71,9
28,"u1",37,26,18
28,"u1",42,48,11
28,"u1",47,14,6
28,"u1",52,11,4
28,"u2",7,5,0
28,"u2",12,20,0
28,"u2",17,68,0
28,"u2",22,74,18
28,"u2",27,143,6
28,"u2",32,51,26
28,"u2",37,62,1
28,"u2",42,32,8
28,"u2",47,31,1
28,"u2",52,20,1
28,"u3",7,14,0
28,"u3",12,20,0
28,"u3",17,96,0
28,"u3",22,227,2
28,"u3",27,335,48
28,"u3",32,190,3
28,"u3",37,62,20
28,"u3",42,4,58
28,"u3",47,8,4
28,"u3",52,3,3
28,"u4",7,15,0
28,"u4",12,17,0
28,"u4",17,30,0
28,"u4",22,80,1
28,"u4",27,122,0
28,"u4",32,77,2
28,"u4",37,207,0
28,"u4",42,160,26
28,"u4",47,19,4
28,"u4",52,10,1
28,"u5",7,8,0
28,"u5",12,21,0
28,"u5",17,29,0
28,"u5",22,63,0
28,"u5",27,126,0
28,"u5",32,273,4
28,"u5",37,358,9
28,"u5",42,135,565
28,"u5",47,109,43
28,"u5",52,77,156
28,"u6",7,2,0
28,"u6",12,9,0
28,"u6",17,83,0
28,"u6",22,121,0
28,"u6",27,210,1
28,"u6",32,99,4
28,"u6",37,49,64
28,"u6",42,10,42
28,"u6",47,2,12
28,"u6",52,3,2
28,"u7",7,4,0
28,"u7",12,10,0
28,"u7",17,29,0
28,"u7",22,109,2
28,"u7",27,100,1
28,"u7",32,163,4
28,"u7",37,159,20
28,"u7",42,70,122
28,"u7",47,33,14
28,"u7",52,49,27
28,"u8",7,9,0
28,"u8",12,15,1
28,"u8",17,46,0
28,"u8",22,83,0
28,"u8",27,102,0
28,"u8",32,170,6
28,"u8",37,157,27
28,"u8",42,44,57
28,"u8",47,15,2
28,"u8",52,4,5
29,"u1",7,8,0
29,"u1",12,17,0
29,"u1",17,48,0
29,"u1",22,85,0
29,"u1",27,229,5
29,"u1",32,273,9
29,"u1",37,36,10
29,"u1",42,18,5
29,"u1",47,13,8
29,"u1",52,8,2
29,"u2",7,15,0
29,"u2",12,23,0
29,"u2",17,101,3
29,"u2",22,197,5
29,"u2",27,161,2
29,"u2",32,80,17
29,"u2",37,55,4
29,"u2",42,62,0
29,"u2",47,81,6
29,"u2",52,69,26
29,"u3",7,8,0
29,"u3",12,22,0
29,"u3",17,25,0
29,"u3",22,151,1
29,"u3",27,92,19
29,"u3",32,87,229
29,"u3",37,28,20
29,"u3",42,5,1
29,"u3",47,1,0
29,"u3",52,2,0
29,"u4",7,5,0
29,"u4",12,26,0
29,"u4",17,22,2
29,"u4",22,99,10
29,"u4",27,178,1
29,"u4",32,97,47
29,"u4",37,17,20
29,"u4",42,8,0
29,"u4",47,5,0
29,"u4",52,6,0
29,"u5",7,15,0
29,"u5",12,24,0
29,"u5",17,56,0
29,"u5",22,132,1
29,"u5",27,157,5
29,"u5",32,100,13
29,"u5",37,57,8
29,"u5",42,35,29
29,"u5",47,12,2
29,"u5",52,8,2
29,"u6",7,5,0
29,"u6",12,20,0
29,"u6",17,24,1
29,"u6",22,36,0
29,"u6",27,67,1
29,"u6",32,80,7
29,"u6",37,60,2
29,"u6",42,67,4
29,"u6",47,5,26
29,"u6",52,5,1
29,"u7",7,5,0
29,"u7",12,15,0
29,"u7",17,57,0
29,"u7",22,175,1
29,"u7",27,311,111
29,"u7",32,151,24
29,"u7",37,189,89
29,"u7",42,56,45
29,"u7",47,92,43
29,"u7",52,165,153
29,"u8",7,9,0
29,"u8",12,18,0
29,"u8",17,40,0
29,"u8",22,101,19
29,"u8",27,139,0
29,"u8",32,103,70
29,"u8",37,51,5
29,"u8",42,38,11
29,"u8",47,35,1
29,"u8",52,30,1
30,"u1",7,3,0
30,"u1",12,14,2
30,"u1",17,22,0
30,"u1",22,26,0
30,"u1",27,22,0
30,"u1",32,71,0
30,"u1",37,173,32
30,"u1",42,112,264
30,"u1",47,75,0
30,"u1",52,14,0
30,"u2",7,7,0
30,"u2",12,23,0
30,"u2",17,172,0
30,"u2",22,229,0
30,"u2",27,331,6
30,"u2",32,204,95
30,"u2",37,93,8
30,"u2",42,42,26
30,"u2",47,35,0
30,"u2",52,19,2
30,"u3",7,10,0
30,"u3",12,9,0
30,"u3",17,25,0
30,"u3",22,71,3
30,"u3",27,37,2
30,"u3",32,95,0
30,"u3",37,111,33
30,"u3",42,88,6
30,"u3",47,66,4
30,"u3",52,19,8
30,"u4",7,4,0
30,"u4",12,12,0
30,"u4",17,46,0
30,"u4",22,235,2
30,"u4",27,120,38
30,"u4",32,59,29
30,"u4",37,11,42
30,"u4",42,5,1
30,"u4",47,0,6
30,"u4",52,2,1
30,"u5",7,5,0
30,"u5",12,31,0
30,"u5",17,59,0
30,"u5",22,64,0
30,"u5",27,267,2
30,"u5",32,160,5
30,"u5",37,116,6
30,"u5",42,68,16
30,"u5",47,23,3
30,"u5",52,6,32
30,"u6",7,9,0
30,"u6",12,9,0
30,"u6",17,24,0
30,"u6",22,58,1
30,"u6",27,124,0
30,"u6",32,158,2
30,"u6",37,129,10
30,"u6",42,62,7
30,"u6",47,19,34
30,"u6",52,4,17
30,"u7",7,4,0
30,"u7",12,14,0
30,"u7",17,35,0
30,"u7",22,63,0
30,"u7",27,263,2
30,"u7",32,362,18
30,"u7",37,104,10
30,"u7",42,30,28
30,"u7",47,9,2
30,"u7",52,3,72
30,"u8",7,3,0
30,"u8",12,14,0
30,"u8",17,34,1
30,"u8",22,55,0
30,"u8",27,68,20
30,"u8",32,33,11
30,"u8",37,93,5
30,"u8",42,99,6
30,"u8",47,46,5
30,"u8",52,21,6
31,"u1",7,4,0
31,"u1",12,8,0
31,"u1",17,28,1
31,"u1",22,130,2
31,"u1",27,102,56
31,"u1",32,143,2
31,"u1",37,79,54
31,"u1",42,40,30
31,"u1",47,21,3
31,"u1",52,15,3
31,"u2",7,5,0
31,"u2",12,17,0
31,"u2",17,17,0
31,"u2",22,47,1
31,"u2",27,75,1
31,"u2",32,76,0
31,"u2",37,225,0
31,"u2",42,198,148
31,"u2",47,94,9
31,"u2",52,77,0
31,"u3",7,8,0
31,"u3",12,12,1
31,"u3",17,36,0
31,"u3",22,53,0
31,"u3",27,90,3
31,"u3",32,110,27
31,"u3",37,192,31
31,"u3",42,96,18
31,"u3",47,51,11
31,"u3",52,24,43
31,"u4",7,10,0
31,"u4",12,8,0
31,"u4",17,48,0
31,"u4",22,37,0
31,"u4",27,124,1
31,"u4",32,101,9
31,"u4",37,69,5
31,"u4",42,13,11
31,"u4",47,10,1
31,"u4",52,2,0
31,"u5",7,1,1
31,"u5",12,15,0
31,"u5",17,21,1
31,"u5",22,49,1
31,"u5",27,69,0
31,"u5",32,99,0
31,"u5",37,126,25
31,"u5",42,77,4
31,"u5",47,36,4
31,"u5",52,14,0
31,"u6",7,6,0
31,"u6",12,28,0
31,"u6",17,33,0
31,"u6",22,60,0
31,"u6",27,176,0
31,"u6",32,249,6
31,"u6",37,272,10
31,"u6",42,61,38
31,"u6",47,29,5
31,"u6",52,15,1
31,"u7",7,4,0
31,"u7",12,48,0
31,"u7",17,50,0
31,"u7",22,137,0
31,"u7",27,213,0
31,"u7",32,135,1
31,"u7",37,126,13
31,"u7",42,92,67
31,"u7",47,24,15
31,"u7",52,93,5
31,"u8",7,3,0
31,"u8",12,6,0
31,"u8",17,46,0
31,"u8",22,48,0
31,"u8",27,115,0
31,"u8",32,298,0
31,"u8",37,157,1
31,"u8",42,216,24
31,"u8",47,134,9
31,"u8",52,15,56
32,"u1",7,5,0
32,"u1",12,22,1
32,"u1",17,145,0
32,"u1",22,140,0
32,"u1",27,249,14
32,"u1",32,108,25
32,"u1",37,50,2
32,"u1",42,33,2
32,"u1",47,69,4
32,"u1",52,84,8
32,"u2",7,7,0
32,"u2",12,8,0
32,"u2",17,23,3
32,"u2",22,70,1
32,"u2",27,109,3
32,"u2",32,26,53
32,"u2",37,12,6
32,"u2",42,7,5
32,"u2",47,3,0
32,"u2",52,0,1
32,"u3",7,6,0
32,"u3",12,21,0
32,"u3",17,38,0
32,"u3",22,77,0
32,"u3",27,115,0
32,"u3",32,105,6
32,"u3",37,90,12
32,"u3",42,31,22
32,"u3",47,29,3
32,"u3",52,32,0
32,"u4",7,9,0
32,"u4",12,21,0
32,"u4",17,56,0
32,"u4",22,123,1
32,"u4",27,208,1
32,"u4",32,130,1
32,"u4",37,39,36
32,"u4",42,18,2
32,"u4",47,13,1
32,"u4",52,12,2
32,"u5",7,8,0
32,"u5",12,30,0
32,"u5",17,106,0
32,"u5",22,315,20
32,"u5",27,164,24
32,"u5",32,79,15
32,"u5",37,66,3
32,"u5",42,29,9
32,"u5",47,50,3
32,"u5",52,23,0
32,"u6",7,3,0
32,"u6",12,12,0
32,"u6",17,31,0
32,"u6",22,85,0
32,"u6",27,198,0
32,"u6",32,221,0
32,"u6",37,290,0
32,"u6",42,254,29
32,"u6",47,141,188
32,"u6",52,76,22
32,"u7",7,6,0
32,"u7",12,9,0
32,"u7",17,113,0
32,"u7",22,139,0
32,"u7",27,226,7
32,"u7",32,177,8
32,"u7",37,132,61
32,"u7",42,49,38
32,"u7",47,81,0
32,"u7",52,50,3
32,"u8",7,7,0
32,"u8",12,14,0
32,"u8",17,44,0
32,"u8",22,74,0
32,"u8",27,260,2
32,"u8",32,196,1
32,"u8",37,226,0
32,"u8",42,198,25
32,"u8",47,60,48
32,"u8",52,47,26
33,"u1",7,2,0
33,"u1",12,20,0
33,"u1",17,54,0
33,"u1",22,47,0
33,"u1",27,89,3
33,"u1",32,79,3
33,"u1",37,24,14
33,"u1",42,23,0
33,"u1",47,7,4
33,"u1",52,5,7
33,"u2",7,5,0
33,"u2",12,15,0
33,"u2",17,60,0
33,"u2",22,55,0
33,"u2",27,146,0
33,"u2",32,219,23
33,"u2",37,97,18
33,"u2",42,101,20
33,"u2",47,52,3
33,"u2",52,10,2
33,"u3",7,8,0
33,"u3",12,15,1
33,"u3",17,37,0
33,"u3",22,56,0
33,"u3",27,122,0
33,"u3",32,225,0
33,"u3",37,287,52
33,"u3",42,329,33
33,"u3",47,220,98
33,"u3",52,56,46
33,"u4",7,10,0
33,"u4",12,11,0
33,"u4",17,30,0
33,"u4",22,49,1
33,"u4",27,90,4
33,"u4",32,78,12
33,"u4",37,84,22
33,"u4",42,36,16
33,"u4",47,41,0
33,"u4",52,31,3
33,"u5",7,13,0
33,"u5",12,36,0
33,"u5",17,56,0
33,"u5",22,92,0
33,"u5",27,131,2
33,"u5",32,157,0
33,"u5",37,142,47
33,"u5",42,45,8
33,"u5",47,21,0
33,"u5",52,9,4
33,"u6",7,6,0
33,"u6",12,15,0
33,"u6",17,51,0
33,"u6",22,128,16
33,"u6",27,74,104
33,"u6",32,89,55
33,"u6",37,60,17
33,"u6",42,11,0
33,"u6",47,9,4
33,"u6",52,25,3
33,"u7",7,9,0
33,"u7",12,12,0
33,"u7",17,51,0
33,"u7",22,82,4
33,"u7",27,129,10
33,"u7",32,104,183
33,"u7",37,75,223
33,"u7",42,8,1
33,"u7",47,0,0
33,"u7",52,0,1
33,"u8",7,1,0
33,"u8",12,13,0
33,"u8",17,21,0
33,"u8",22,56,0
33,"u8",27,58,0
33,"u8",32,175,1
33,"u8",37,223,21
33,"u8",42,168,3
33,"u8",47,105,0
33,"u8",52,63,49
34,"u1",7,6,0
34,"u1",12,8,0
34,"u1",17,68,0
34,"u1",22,85,9
34,"u1",27,212,13
34,"u1",32,132,27
34,"u1",37,83,10
34,"u1",42,65,23
34,"u1",47,26,4
34,"u1",52,19,0
34,"u2",7,15,1
34,"u2",12,42,0
34,"u2",17,212,0
34,"u2",22,328,1
34,"u2",27,231,0
34,"u2",32,112,38
34,"u2",37,53,71
34,"u2",42,44,0
34,"u2",47,10,0
34,"u2",52,18,0
34,"u3",7,8,0
34,"u3",12,16,1
34,"u3",17,55,1
34,"u3",22,43,10
34,"u3",27,37,14
34,"u3",32,14,6
34,"u3",37,41,9
34,"u3",42,14,63
34,"u3",47,13,3
34,"u3",52,7,3
34,"u4",7,9,0
34,"u4",12,15,0
34,"u4",17,42,0
34,"u4",22,144,0
34,"u4",27,430,16
34,"u4",32,61,31
34,"u4",37,36,11
34,"u4",42,16,0
34,"u4",47,16,0
34,"u4",52,16,0
34,"u5",7,11,1
34,"u5",12,18,0
34,"u5",17,79,1
34,"u5",22,81,0
34,"u5",27,103,1
34,"u5",32,243,70
34,"u5",37,42,7
34,"u5",42,6,24
34,"u5",47,1,3
34,"u5",52,1,2
34,"u6",7,9,1
34,"u6",12,17,1
34,"u6",17,57,1
34,"u6",22,74,0
34,"u6",27,55,10
34,"u6",32,31,24
34,"u6",37,7,4
34,"u6",42,20,23
34,"u6",47,11,0
34,"u6",52,17,0
34,"u7",7,7,1
34,"u7",12,22,0
34,"u7",17,73,2
34,"u7",22,103,1
34,"u7",27,143,9
34,"u7",32,188,91
34,"u7",37,46,128
34,"u7",42,31,88
34,"u7",47,4,54
34,"u7",52,5,2
34,"u8",7,8,0
34,"u8",12,22,0
34,"u8",17,15,0
34,"u8",22,49,1
34,"u8",27,64,1
34,"u8",32,92,0
34,"u8",37,179,1
34,"u8",42,153,16
34,"u8",47,144,68
34,"u8",52,62,9
35,"u1",7,3,0
35,"u1",12,14,0
35,"u1",17,19,0
35,"u1",22,46,0
35,"u1",27,119,1
35,"u1",32,211,0
35,"u1",37,211,0
35,"u1",42,84,26
35,"u1",47,102,2
35,"u1",52,23,0
35,"u2",7,6,0
35,"u2",12,15,0
35,"u2",17,42,0
35,"u2",22,52,0
35,"u2",27,72,0
35,"u2",32,78,0
35,"u2",37,57,0
35,"u2",42,95,14
35,"u2",47,96,15
35,"u2",52,96,13
35,"u3",7,6,0
35,"u3",12,17,0
35,"u3",17,49,0
35,"u3",22,53,3
35,"u3",27,167,6
35,"u3",32,39,19
35,"u3",37,6,22
35,"u3",42,1,0
35,"u3",47,4,0
35,"u3",52,6,1
35,"u4",7,6,0
35,"u4",12,21,0
35,"u4",17,61,0
35,"u4",22,123,0
35,"u4",27,203,0
35,"u4",32,144,0
35,"u4",37,162,11
35,"u4",42,185,14
35,"u4",47,55,10
35,"u4",52,41,197
35,"u5",7,9,0
35,"u5",12,16,0
35,"u5",17,98,0
35,"u5",22,242,2
35,"u5",27,63,6
35,"u5",32,33,22
35,"u5",37,64,4
35,"u5",42,38,0
35,"u5",47,40,0
35,"u5",52,38,1
35,"u6",7,5,0
35,"u6",12,53,1
35,"u6",17,100,0
35,"u6",22,160,11
35,"u6",27,141,4
35,"u6",32,92,128
35,"u6",37,215,48
35,"u6",42,69,97
35,"u6",47,58,49
35,"u6",52,21,0
35,"u7",7,7,0
35,"u7",12,16,1
35,"u7",17,18,0
35,"u7",22,74,0
35,"u7",27,111,8
35,"u7",32,147,3
35,"u7",37,113,129
35,"u7",42,38,1
35,"u7",47,18,3
35,"u7",52,17,2
35,"u8",7,9,0
35,"u8",12,24,0
35,"u8",17,23,0
35,"u8",22,69,0
35,"u8",27,119,0
35,"u8",32,249,0
35,"u8",37,292,6
35,"u8",42,222,13
35,"u8",47,53,27
35,"u8",52,40,16
36,"u1",7,5,0
36,"u1",12,9,0
36,"u1",17,33,0
36,"u1",22,64,0
36,"u1",27,87,0
36,"u1",32,198,0
36,"u1",37,559,0
36,"u1",42,338,10
36,"u1",47,141,1
36,"u1",52,85,88
36,"u2",7,2,0
36,"u2",12,8,0
36,"u2",17,13,0
36,"u2",22,30,8
36,"u2",27,26,2
36,"u2",32,9,1
36,"u2",37,17,0
36,"u2",42,22,0
36,"u2",47,10,0
36,"u2",52,46,0
36,"u3",7,4,0
36,"u3",12,13,0
36,"u3",17,34,0
36,"u3",22,56,0
36,"u3",27,129,0
36,"u3",32,150,1
36,"u3",37,146,0
36,"u3",42,99,8
36,"u3",47,75,53
36,"u3",52,22,50
36,"u4",7,6,0
36,"u4",12,25,0
36,"u4",17,32,0
36,"u4",22,65,0
36,"u4",27,81,0
36,"u4",32,143,5
36,"u4",37,292,53
36,"u4",42,114,26
36,"u4",47,57,2
36,"u4",52,4,45
36,"u5",7,5,0
36,"u5",12,6,0
36,"u5",17,42,0
36,"u5",22,58,0
36,"u5",27,250,5
36,"u5",32,100,11
36,"u5",37,88,5
36,"u5",42,14,3
36,"u5",47,2,20
36,"u5",52,2,0
36,"u6",7,7,0
36,"u6",12,11,0
36,"u6",17,21,0
36,"u6",22,80,3
36,"u6",27,85,0
36,"u6",32,113,13
36,"u6",37,200,7
36,"u6",42,51,1
36,"u6",47,47,5
36,"u6",52,25,7
36,"u7",7,11,0
36,"u7",12,37,0
36,"u7",17,39,1
36,"u7",22,104,0
36,"u7",27,169,0
36,"u7",32,218,1
36,"u7",37,148,3
36,"u7",42,64,24
36,"u7",47,5,86
36,"u7",52,11,1
36,"u8",7,6,0
36,"u8",12,7,0
36,"u8",17,66,0
36,"u8",22,107,0
36,"u8",27,162,2
36,"u8",32,281,3
36,"u8",37,121,158
36,"u8",42,62,7
36,"u8",47,20,10
36,"u8",52,10,6
37,"u1",7,4,0
37,"u1",12,23,1
37,"u1",17,37,1
37,"u1",22,88,3
37,"u1",27,96,13
37,"u1",32,71,28
37,"u1",37,75,1
37,"u1",42,22,21
37,"u1",47,12,19
37,"u1",52,7,5
37,"u2",7,3,0
37,"u2",12,10,1
37,"u2",17,19,0
37,"u2",22,68,0
37,"u2",27,152,0
37,"u2",32,215,21
37,"u2",37,76,81
37,"u2",42,32,11
37,"u2",47,26,53
37,"u2",52,19,0
37,"u3",7,4,0
37,"u3",12,11,0
37,"u3",17,39,0
37,"u3",22,50,0
37,"u3",27,53,0
37,"u3",32,114,0
37,"u3",37,301,1
37,"u3",42,350,9
37,"u3",47,375,94
37,"u3",52,94,6
37,"u4",7,12,0
37,"u4",12,14,0
37,"u4",17,29,1
37,"u4",22,96,1
37,"u4",27,110,0
37,"u4",32,146,2
37,"u4",37,53,9
37,"u4",42,56,8
37,"u4",47,91,19
37,"u4",52,17,29
37,"u5",7,5,0
37,"u5",12,11,0
37,"u5",17,11,1
37,"u5",22,42,2
37,"u5",27,57,1
37,"u5",32,121,3
37,"u5",37,59,10
37,"u5",42,56,2
37,"u5",47,91,3
37,"u5",52,90,14
37,"u6",7,8,0
37,"u6",12,22,0
37,"u6",17,62,0
37,"u6",22,39,0
37,"u6",27,103,9
37,"u6",32,221,8
37,"u6",37,209,20
37,"u6",42,111,4
37,"u6",47,93,20
37,"u6",52,86,11
37,"u7",7,2,0
37,"u7",12,25,1
37,"u7",17,27,0
37,"u7",22,37,0
37,"u7",27,101,11
37,"u7",32,187,31
37,"u7",37,131,3
37,"u7",42,51,0
37,"u7",47,38,0
37,"u7",52,38,13
37,"u8",7,7,0
37,"u8",12,12,0
37,"u8",17,27,0
37,"u8",22,173,0
37,"u8",27,370,0
37,"u8",32,281,5
37,"u8",37,89,58
37,"u8",42,68,41
37,"u8",47,46,10
37,"u8",52,32,19
38,"u1",7,6,1
38,"u1",12,22,0
38,"u1",17,101,0
38,"u1",22,149,8
38,"u1",27,124,0
38,"u1",32,43,15
38,"u1",37,22,23
38,"u1",42,3,13
38,"u1",47,4,0
38,"u1",52,4,0
38,"u2",7,6,0
38,"u2",12,19,0
38,"u2",17,39,0
38,"u2",22,91,0
38,"u2",27,259,0
38,"u2",32,299,5
38,"u2",37,282,43
38,"u2",42,133,16
38,"u2",47,17,13
38,"u2",52,15,1
38,"u3",7,10,0
38,"u3",12,33,0
38,"u3",17,113,0
38,"u3",22,141,0
38,"u3",27,164,0
38,"u3",32,308,12
38,"u3",37,90,29
38,"u3",42,45,10
38,"u3",47,16,17
38,"u3",52,9,0
38,"u4",7,2,0
38,"u4",12,9,1
38,"u4",17,29,1
38,"u4",22,30,7
38,"u4",27,64,0
38,"u4",32,130,18
38,"u4",37,92,6
38,"u4",42,112,0
38,"u4",47,91,0
38,"u4",52,28,13
38,"u5",7,8,0
38,"u5",12,20,0
38,"u5",17,38,0
38,"u5",22,67,0
38,"u5",27,88,2
38,"u5",32,98,5
38,"u5",37,108,21
38,"u5",42,195,24
38,"u5",47,97,13
38,"u5",52,62,6
38,"u6",7,9,0
38,"u6",12,20,0
38,"u6",17,36,0
38,"u6",22,32,0
38,"u6",27,73,0
38,"u6",32,121,1
38,"u6",37,99,31
38,"u6",42,117,20
38,"u6",47,63,23
38,"u6",52,57,28
38,"u7",7,2,0
38,"u7",12,22,0
38,"u7",17,42,1
38,"u7",22,71,0
38,"u7",27,155,11
38,"u7",32,158,29
38,"u7",37,47,0
38,"u7",42,8,67
38,"u7",47,2,17
38,"u7",52,4,2
38,"u8",7,6,0
38,"u8",12,23,0
38,"u8",17,29,0
38,"u8",22,55,0
38,"u8",27,106,0
38,"u8",32,116,0
38,"u8",37,98,21
38,"u8",42,73,38
38,"u8",47,51,33
38,"u8",52,43,26
39,"u1",7,3,0
39,"u1",12,18,0
39,"u1",17,57,0
39,"u1",22,23,3
39,"u1",27,23,28
39,"u1",32,21,23
39,"u1",37,57,24
39,"u1",42,56,8
39,"u1",47,51,18
39,"u1",52,29,60
39,"u2",7,4,0
39,"u2",12,18,0
39,"u2",17,32,0
39,"u2",22,143,1
39,"u2",27,170,3
39,"u2",32,217,1
39,"u2",37,239,2
39,"u2",42,176,43
39,"u2",47,77,15
39,"u2",52,10,1
39,"u3",7,7,0
39,"u3",12,36,0
39,"u3",17,27,3
39,"u3",22,167,1
39,"u3",27,133,1
39,"u3",32,71,27
39,"u3",37,46,69
39,"u3",42,11,9
39,"u3",47,1,7
39,"u3",52,2,0
39,"u4",7,1,0
39,"u4",12,9,0
39,"u4",17,14,0
39,"u4",22,40,0
39,"u4",27,46,0
39,"u4",32,63,0
39,"u4",37,67,0
39,"u4",42,169,1
39,"u4",47,203,11
39,"u4",52,95,118
39,"u5",7,5,0
39,"u5",12,9,0
39,"u5",17,24,0
39,"u5",22,89,0
39,"u5",27,190,3
39,"u5",32,171,4
39,"u5",37,149,106
39,"u5",42,78,10
39,"u5",47,42,21
39,"u5",52,24,0
39,"u6",7,12,0
39,"u6",12,14,0
39,"u6",17,31,0
39,"u6",22,55,0
39,"u6",27,157,0
39,"u6",32,196,4
39,"u6",37,125,28
39,"u6",42,35,6
39,"u6",47,7,3
39,"u6",52,2,1
39,"u7",7,4,0
39,"u7",12,8,0
39,"u7",17,35,2
39,"u7",22,46,0
39,"u7",27,120,66
39,"u7",32,64,11
39,"u7",37,32,11
39,"u7",42,40,2
39,"u7",47,39,4
39,"u7",52,17,14
39,"u8",7,6,0
39,"u8",12,11,0
39,"u8",17,35,0
39,"u8",22,41,0
39,"u8",27,109,4
39,"u8",32,82,0
39,"u8",37,106,2
39,"u8",42,95,13
39,"u8",47,107,110
39,"u8",52,79,26
40,"u1",7,7,0
40,"u1",12,20,0
40,"u1",17,44,0
40,"u1",22,116,1
40,"u1",27,109,0
40,"u1",32,111,14
40,"u1",37,100,6
40,"u1",42,147,4
40,"u1",47,87,31
40,"u1",52,37,115
40,"u2",7,10,0
40,"u2",12,13,0
40,"u2",17,31,0
40,"u2",22,87,0
40,"u2",27,150,0
40,"u2",32,133,177
40,"u2",37,116,1
40,"u2",42,10,8
40,"u2",47,1,8
40,"u2",52,1,1
40,"u3",7,12,0
40,"u3",12,21,0
40,"u3",17,72,2
40,"u3",22,112,1
40,"u3",27,146,53
40,"u3",32,71,178
40,"u3",37,61,15
40,"u3",42,28,14
40,"u3",47,14,1
40,"u3",52,1,0
40,"u4",7,3,0
40,"u4",12,15,0
40,"u4",17,32,0
40,"u4",22,64,0
40,"u4",27,190,0
40,"u4",32,137,10
40,"u4",37,73,53
40,"u4",42,18,0
40,"u4",47,29,11
40,"u4",52,31,1
40,"u5",7,7,0
40,"u5",12,16,0
40,"u5",17,27,0
40,"u5",22,106,0
40,"u5",27,183,0
40,"u5",32,240,6
40,"u5",37,138,100
40,"u5",42,70,52
40,"u5",47,251,20
40,"u5",52,149,37
40,"u6",7,12,0
40,"u6",12,18,0
40,"u6",17,38,0
40,"u6",22,141,0
40,"u6",27,257,6
40,"u6",32,175,8
40,"u6",37,129,59
40,"u6",42,40,17
40,"u6",47,15,133
40,"u6",52,1,6
40,"u7",7,3,0
40,"u7",12,6,2
40,"u7",17,34,0
40,"u7",22,99,0
40,"u7",27,259,2
40,"u7",32,140,128
40,"u7",37,48,5
40,"u7",42,48,21
40,"u7",47,17,1
40,"u7",52,13,3
40,"u8",7,4,0
40,"u8",12,22,0
40,"u8",17,47,1
40,"u8",22,75,11
40,"u8",27,148,3
40,"u8",32,180,2
40,"u8",37,97,4
40,"u8",42,81,5
40,"u8",47,44,1
40,"u8",52,68,3
41,"u1",7,4,0
41,"u1",12,12,0
41,"u1",17,20,0
41,"u1",22,45,0
41,"u1",27,64,0
41,"u1",32,91,1
41,"u1",37,140,1
41,"u1",42,35,45
41,"u1",47,27,4
41,"u1",52,17,1
41,"u2",7,15,1
41,"u2",12,19,0
41,"u2",17,71,0
41,"u2",22,113,0
41,"u2",27,269,2
41,"u2",32,297,19
41,"u2",37,188,48
41,"u2",42,36,185
41,"u2",47,30,6
41,"u2",52,77,13
41,"u3",7,10,0
41,"u3",12,42,0
41,"u3",17,94,0
41,"u3",22,239,0
41,"u3",27,161,6
41,"u3",32,82,1
41,"u3",37,22,46
41,"u3",42,2,0
41,"u3",47,2,6
41,"u3",52,3,5
41,"u4",7,3,0
41,"u4",12,14,0
41,"u4",17,29,2
41,"u4",22,54,1
41,"u4",27,153,15
41,"u4",32,135,1
41,"u4",37,54,16
41,"u4",42,61,1
41,"u4",47,19,13
41,"u4",52,23,6
41,"u5",7,4,0
41,"u5",12,15,0
41,"u5",17,24,0
41,"u5",22,56,0
41,"u5",27,92,0
41,"u5",32,239,0
41,"u5",37,86,76
41,"u5",42,65,1
41,"u5",47,21,3
41,"u5",52,17,0
41,"u6",7,1,0
41,"u6",12,13,0
41,"u6",17,54,0
41,"u6",22,100,0
41,"u6",27,67,6
41,"u6",32,93,6
41,"u6",37,123,11
41,"u6",42,83,143
41,"u6",47,44,24
41,"u6",52,35,0
41,"u7",7,5,0
41,"u7",12,33,0
41,"u7",17,38,0
41,"u7",22,74,0
41,"u7",27,155,10
41,"u7",32,248,17
41,"u7",37,118,98
41,"u7",42,35,74
41,"u7",47,20,10
41,"u7",52,6,14
41,"u8",7,9,0
41,"u8",12,22,0
41,"u8",17,74,0
41,"u8",22,98,0
41,"u8",27,146,0
41,"u8",32,113,4
41,"u8",37,180,4
41,"u8",42,54,47
41,"u8",47,29,13
41,"u8",52,13,3
42,"u1",7,2,0
42,"u1",12,9,2
42,"u1",17,21,0
42,"u1",22,77,0
42,"u1",27,60,0
42,"u1",32,90,7
42,"u1",37,85,2
42,"u1",42,69,16
42,"u1",47,45,11
42,"u1",52,13,11
42,"u2",7,10,0
42,"u2",12,29,0
42,"u2",17,53,0
42,"u2",22,110,0
42,"u2",27,410,1
42,"u2",32,310,53
42,"u2",37,92,82
42,"u2",42,44,53
42,"u2",47,6,12
42,"u2",52,0,0
42,"u3",7,12,0
42,"u3",12,12,0
42,"u3",17,28,0
42,"u3",22,29,0
42,"u3",27,146,3
42,"u3",32,159,57
42,"u3",37,122,244
42,"u3",42,69,126
42,"u3",47,19,10
42,"u3",52,22,0
42,"u4",7,5,0
42,"u4",12,18,0
42,"u4",17,25,0
42,"u4",22,70,0
42,"u4",27,86,0
42,"u4",32,274,0
42,"u4",37,342,1
42,"u4",42,259,222
42,"u4",47,172,234
42,"u4",52,139,1
42,"u5",7,5,0
42,"u5",12,16,1
42,"u5",17,43,0
42,"u5",22,217,6
42,"u5",27,163,122
42,"u5",32,12,104
42,"u5",37,8,2
42,"u5",42,16,2
42,"u5",47,20,1
42,"u5",52,25,0
42,"u6",7,7,0
42,"u6",12,11,0
42,"u6",17,21,0
42,"u6",22,92,0
42,"u6",27,367,6
42,"u6",32,172,5
42,"u6",37,132,99
42,"u6",42,36,2
42,"u6",47,14,6
42,"u6",52,11,6
42,"u7",7,6,0
42,"u7",12,30,0
42,"u7",17,72,0
42,"u7",22,85,0
42,"u7",27,163,3
42,"u7",32,100,9
42,"u7",37,109,16
42,"u7",42,85,1
42,"u7",47,33,1
42,"u7",52,42,9
42,"u8",7,12,0
42,"u8",12,31,1
42,"u8",17,69,0
42,"u8",22,174,1
42,"u8",27,89,3
42,"u8",32,77,21
42,"u8",37,91,4
42,"u8",42,56,12
42,"u8",47,100,10
42,"u8",52,36,78
43,"u1",7,8,0
43,"u1",12,34,0
43,"u1",17,95,0
43,"u1",22,158,2
43,"u1",27,74,5
43,"u1",32,151,6
43,"u1",37,41,93
43,"u1",42,28,0
43,"u1",47,60,2
43,"u1",52,59,5
43,"u2",7,7,0
43,"u2",12,39,0
43,"u2",17,40,0
43,"u2",22,89,0
43,"u2",27,91,3
43,"u2",32,117,19
43,"u2",37,49,37
43,"u2",42,11,4
43,"u2",47,19,5
43,"u2",52,13,2
43,"u3",7,8,0
43,"u3",12,20,0
43,"u3",17,82,0
43,"u3",22,122,0
43,"u3",27,173,0
43,"u3",32,275,6
43,"u3",37,236,190
43,"u3",42,43,18
43,"u3",47,12,49
43,"u3",52,14,9
43,"u4",7,12,0
43,"u4",12,34,0
43,"u4",17,40,4
43,"u4",22,324,3
43,"u4",27,168,15
43,"u4",32,227,109
43,"u4",37,60,23
43,"u4",42,18,8
43,"u4",47,6,1
43,"u4",52,18,1
43,"u5",7,6,0
43,"u5",12,13,1
43,"u5",17,70,0
43,"u5",22,140,2
43,"u5",27,160,0
43,"u5",32,131,9
43,"u5",37,88,55
43,"u5",42,58,46
43,"u5",47,68,23
43,"u5",52,36,32
43,"u6",7,3,1
43,"u6",12,14,0
43,"u6",17,46,0
43,"u6",22,109,1
43,"u6",27,205,18
43,"u6",32,112,3
43,"u6",37,39,15
43,"u6",42,14,1
43,"u6",47,18,9
43,"u6",52,24,0
43,"u7",7,3,0
43,"u7",12,10,0
43,"u7",17,23,0
43,"u7",22,61,5
43,"u7",27,144,2
43,"u7",32,152,25
43,"u7",37,79,2
43,"u7",42,52,54
43,"u7",47,52,5
43,"u7",52,66,11
43,"u8",7,8,0
43,"u8",12,6,0
43,"u8",17,25,0
43,"u8",22,69,0
43,"u8",27,192,0
43,"u8",32,221,8
43,"u8",37,189,12
43,"u8",42,67,4
43,"u8",47,32,35
43,"u8",52,44,2
44,"u1",7,3,0
44,"u1",12,21,0
44,"u1",17,45,1
44,"u1",22,171,11
44,"u1",27,129,72
44,"u1",32,47,74
44,"u1",37,14,13
44,"u1",42,3,8
44,"u1",47,6,1
44,"u1",52,5,0
44,"u2",7,12,0
44,"u2",12,13,0
44,"u2",17,42,0
44,"u2",22,110,0
44,"u2",27,222,0
44,"u2",32,168,6
44,"u2",37,166,8
44,"u2",42,34,0
44,"u2",47,39,2
44,"u2",52,40,3
44,"u3",7,6,0
44,"u3",12,11,0
44,"u3",17,66,0
44,"u3",22,73,0
44,"u3",27,125,1
44,"u3",32,176,17
44,"u3",37,406,36
44,"u3",42,533,49
44,"u3",47,416,177
44,"u3",52,95,1
44,"u4",7,13,0
44,"u4",12,11,0
44,"u4",17,23,0
44,"u4",22,23,0
44,"u4",27,77,0
44,"u4",32,90,0
44,"u4",37,131,22
44,"u4",42,126,7
44,"u4",47,86,21
44,"u4",52,46,4
44,"u5",7,14,0
44,"u5",12,12,0
44,"u5",17,49,1
44,"u5",22,65,0
44,"u5",27,119,5
44,"u5",32,78,6
44,"u5",37,66,2
44,"u5",42,24,1
44,"u5",47,6,2
44,"u5",52,3,1
44,"u6",7,6,0
44,"u6",12,14,0
44,"u6",17,42,0
44,"u6",22,143,0
44,"u6",27,103,8
44,"u6",32,91,13
44,"u6",37,58,5
44,"u6",42,75,1
44,"u6",47,55,0
44,"u6",52,41,1
44,"u7",7,4,0
44,"u7",12,15,0
44,"u7",17,19,0
44,"u7",22,69,0
44,"u7",27,203,0
44,"u7",32,247,11
44,"u7",37,168,10
44,"u7",42,180,21
44,"u7",47,84,18
44,"u7",52,13,1
44,"u8",7,11,0
44,"u8",12,15,0
44,"u8",17,27,1
44,"u8",22,71,0
44,"u8",27,56,2
44,"u8",32,85,44
44,"u8",37,63,12
44,"u8",42,46,4
44,"u8",47,4,5
44,"u8",52,0,3
45,"u1",7,6,0
45,"u1",12,22,0
45,"u1",17,16,0
45,"u1",22,55,0
45,"u1",27,193,0
45,"u1",32,344,1
45,"u1",37,183,16
45,"u1",42,41,41
45,"u1",47,45,8
45,"u1",52,15,5
45,"u2",7,10,1
45,"u2",12,9,0
45,"u2",17,31,1
45,"u2",22,115,0
45,"u2",27,136,0
45,"u2",32,259,2
45,"u2",37,166,9
45,"u2",42,45,79
45,"u2",47,13,20
45,"u2",52,2,0
45,"u3",7,8,0
45,"u3",12,12,1
45,"u3",17,16,0
45,"u3",22,67,0
45,"u3",27,131,3
45,"u3",32,273,1
45,"u3",37,104,20
45,"u3",42,35,12
45,"u3",47,15,2
45,"u3",52,7,5
45,"u4",7,3,0
45,"u4",12,33,0
45,"u4",17,43,0
45,"u4",22,86,1
45,"u4",27,274,0
45,"u4",32,280,1
45,"u4",37,132,22
45,"u4",42,34,33
45,"u4",47,13,1
45,"u4",52,5,4
45,"u5",7,6,0
45,"u5",12,15,0
45,"u5",17,29,0
45,"u5",22,79,0
45,"u5",27,153,0
45,"u5",32,206,0
45,"u5",37,354,20
45,"u5",42,164,23
45,"u5",47,37,16
45,"u5",52,12,12
45,"u6",7,6,0
45,"u6",12,14,0
45,"u6",17,20,0
45,"u6",22,48,0
45,"u6",27,62,0
45,"u6",32,260,0
45,"u6",37,178,2
45,"u6",42,121,27
45,"u6",47,47,10
45,"u6",52,32,21
45,"u7",7,1,0
45,"u7",12,12,0
45,"u7",17,51,0
45,"u7",22,70,1
45,"u7",27,38,1
45,"u7",32,65,14
45,"u7",37,12,51
45,"u7",42,1,2
45,"u7",47,0,0
45,"u7",52,0,0
45,"u8",7,0,0
45,"u8",12,13,0
45,"u8",17,45,0
45,"u8",22,69,0
45,"u8",27,108,4
45,"u8",32,58,51
45,"u8",37,34,49
45,"u8",42,27,8
45,"u8",47,43,0
45,"u8",52,41,26
46,"u1",7,8,0
46,"u1",12,29,0
46,"u1",17,93,0
46,"u1",22,109,0
46,"u1",27,138,6
46,"u1",32,159,19
46,"u1",37,113,49
46,"u1",42,23,1
46,"u1",47,12,4
46,"u1",52,8,1
46,"u2",7,5,0
46,"u2",12,26,1
46,"u2",17,84,0
46,"u2",22,167,10
46,"u2",27,218,16
46,"u2",32,93,22
46,"u2",37,69,6
46,"u2",42,66,0
46,"u2",47,55,5
46,"u2",52,31,2
46,"u3",7,2,0
46,"u3",12,10,0
46,"u3",17,49,0
46,"u3",22,115,0
46,"u3",27,162,0
46,"u3",32,160,47
46,"u3",37,112,47
46,"u3",42,31,3
46,"u3",47,22,3
46,"u3",52,10,2
46,"u4",7,5,0
46,"u4",12,32,0
46,"u4",17,79,0
46,"u4",22,94,1
46,"u4",27,165,5
46,"u4",32,344,2
46,"u4",37,148,18
46,"u4",42,55,24
46,"u4",47,28,4
46,"u4",52,48,29
46,"u5",7,11,0
46,"u5",12,39,0
46,"u5",17,76,0
46,"u5",22,122,5
46,"u5",27,111,56
46,"u5",32,50,16
46,"u5",37,20,0
46,"u5",42,17,3
46,"u5",47,20,0
46,"u5",52,23,7
46,"u6",7,0,0
46,"u6",12,19,0
46,"u6",17,60,0
46,"u6",22,118,0
46,"u6",27,103,1
46,"u6",32,157,5
46,"u6",37,129,28
46,"u6",42,23,25
46,"u6",47,12,4
46,"u6",52,6,1
46,"u7",7,2,0
46,"u7",12,6,0
46,"u7",17,33,1
46,"u7",22,84,11
46,"u7",27,60,5
46,"u7",32,44,12
46,"u7",37,45,2
46,"u7",42,58,23
46,"u7",47,14,5
46,"u7",52,8,2
46,"u8",7,4,0
46,"u8",12,8,0
46,"u8",17,16,0
46,"u8",22,52,4
46,"u8",27,67,1
46,"u8",32,218,1
46,"u8",37,56,100
46,"u8",42,43,13
46,"u8",47,38,20
46,"u8",52,47,12
47,"u1",7,17,0
47,"u1",12,48,0
47,"u1",17,145,0
47,"u1",22,196,4
47,"u1",27,292,14
47,"u1",32,122,32
47,"u1",37,33,6
47,"u1",42,65,2
47,"u1",47,39,4
47,"u1",52,10,1
47,"u2",7,4,0
47,"u2",12,32,0
47,"u2",17,61,1
47,"u2",22,131,5
47,"u2",27,201,4
47,"u2",32,83,16
47,"u2",37,42,52
47,"u2",42,16,1
47,"u2",47,5,27
47,"u2",52,3,0
47,"u3",7,6,2
47,"u3",12,23,0
47,"u3",17,54,0
47,"u3",22,68,0
47,"u3",27,156,1
47,"u3",32,124,9
47,"u3",37,71,49
47,"u3",42,12,0
47,"u3",47,12,1
47,"u3",52,4,1
47,"u4",7,13,0
47,"u4",12,27,0
47,"u4",17,21,0
47,"u4",22,72,0
47,"u4",27,69,0
47,"u4",32,66,62
47,"u4",37,27,30
47,"u4",42,19,4
47,"u4",47,14,2
47,"u4",52,20,3
47,"u5",7,4,0
47,"u5",12,9,0
47,"u5",17,26,0
47,"u5",22,93,1
47,"u5",27,135,3
47,"u5",32,163,9
47,"u5",37,164,27
47,"u5",42,78,29
47,"u5",47,47,24
47,"u5",52,17,1
47,"u6",7,10,0
47,"u6",12,18,0
47,"u6",17,42,2
47,"u6",22,141,2
47,"u6",27,226,12
47,"u6",32,61,100
47,"u6",37,32,10
47,"u6",42,20,12
47,"u6",47,8,0
47,"u6",52,1,2
47,"u7",7,7,0
47,"u7",12,37,0
47,"u7",17,32,1
47,"u7",22,49,1
47,"u7",27,83,16
47,"u7",32,52,3
47,"u7",37,73,12
47,"u7",42,22,8
47,"u7",47,10,11
47,"u7",52,2,1
47,"u8",7,4,0
47,"u8",12,21,0
47,"u8",17,34,1
47,"u8",22,45,0
47,"u8",27,59,0
47,"u8",32,21,0
47,"u8",37,104,0
47,"u8",42,129,2
47,"u8",47,72,4
47,"u8",52,96,0
48,"u1",7,9,0
48,"u1",12,36,0
48,"u1",17,23,0
48,"u1",22,33,7
48,"u1",27,100,16
48,"u1",32,114,17
48,"u1",37,96,4
48,"u1",42,52,41
48,"u1",47,30,15
48,"u1",52,25,1
48,"u2",7,4,0
48,"u2",12,11,0
48,"u2",17,9,0
48,"u2",22,71,0
48,"u2",27,69,0
48,"u2",32,100,0
48,"u2",37,265,0
48,"u2",42,281,4
48,"u2",47,264,19
48,"u2",52,77,0
48,"u3",7,7,1
48,"u3",12,21,0
48,"u3",17,37,0
48,"u3",22,47,0
48,"u3",27,144,0
48,"u3",32,213,4
48,"u3",37,95,6
48,"u3",42,64,23
48,"u3",47,7,31
48,"u3",52,26,2
48,"u4",7,7,0
48,"u4",12,17,0
48,"u4",17,53,0
48,"u4",22,50,0
48,"u4",27,87,0
48,"u4",32,143,1
48,"u4",37,307,0
48,"u4",42,107,67
48,"u4",47,88,0
48,"u4",52,29,21
48,"u5",7,6,0
48,"u5",12,6,0
48,"u5",17,20,0
48,"u5",22,60,0
48,"u5",27,138,0
48,"u5",32,313,2
48,"u5",37,326,1
48,"u5",42,192,27
48,"u5",47,25,11
48,"u5",52,18,19
48,"u6",7,5,0
48,"u6",12,38,0
48,"u6",17,46,0
48,"u6",22,264,0
48,"u6",27,244,1
48,"u6",32,87,85
48,"u6",37,53,12
48,"u6",42,19,20
48,"u6",47,12,32
48,"u6",52,1,2
48,"u7",7,5,0
48,"u7",12,11,1
48,"u7",17,20,0
48,"u7",22,46,0
48,"u7",27,100,0
48,"u7",32,155,2
48,"u7",37,111,8
48,"u7",42,102,15
48,"u7",47,46,58
48,"u7",52,27,0
48,"u8",7,0,0
48,"u8",12,40,0
48,"u8",17,103,0
48,"u8",22,101,0
48,"u8",27,157,0
48,"u8",32,126,3
48,"u8",37,115,7
48,"u8",42,65,36
48,"u8",47,12,7
48,"u8",52,6,5
49,"u1",7,9,0
49,"u1",12,12,0
49,"u1",17,51,0
49,"u1",22,152,0
49,"u1",27,276,9
49,"u1",32,200,7
49,"u1",37,38,181
49,"u1",42,10,0
49,"u1",47,10,1
49,"u1",52,18,0
49,"u2",7,7,0
49,"u2",12,11,0
49,"u2",17,34,0
49,"u2",22,65,0
49,"u2",27,119,0
49,"u2",32,172,0
49,"u2",37,337,0
49,"u2",42,347,1
49,"u2",47,172,9
49,"u2",52,135,0
49,"u3",7,9,0
49,"u3",12,24,0
49,"u3",17,72,0
49,"u3",22,108,0
49,"u3",27,192,0
49,"u3",32,187,6
49,"u3",37,47,7
49,"u3",42,79,15
49,"u3",47,75,9
49,"u3",52,65,13
49,"u4",7,12,0
49,"u4",12,18,0
49,"u4",17,26,0
49,"u4",22,31,0
49,"u4",27,35,1
49,"u4",32,41,0
49,"u4",37,108,8
49,"u4",42,97,8
49,"u4",47,55,4
49,"u4",52,42,0
49,"u5",7,5,0
49,"u5",12,18,0
49,"u5",17,14,0
49,"u5",22,35,0
49,"u5",27,134,0
49,"u5",32,203,3
49,"u5",37,152,29
49,"u5",42,192,13
49,"u5",47,70,27
49,"u5",52,38,37
49,"u6",7,9,0
49,"u6",12,64,0
49,"u6",17,67,0
49,"u6",22,82,2
49,"u6",27,190,13
49,"u6",32,52,25
49,"u6",37,44,17
49,"u6",42,21,0
49,"u6",47,36,1
49,"u6",52,45,0
49,"u7",7,1,0
49,"u7",12,20,0
49,"u7",17,26,0
49,"u7",22,44,0
49,"u7",27,180,0
49,"u7",32,228,7
49,"u7",37,299,99
49,"u7",42,143,20
49,"u7",47,30,0
49,"u7",52,9,77
49,"u8",7,3,0
49,"u8",12,19,0
49,"u8",17,24,0
49,"u8",22,35,0
49,"u8",27,96,0
49,"u8",32,54,0
49,"u8",37,167,0
49,"u8",42,142,10
49,"u8",47,39,63
49,"u8",52,7,80
50,"u1",7,4,0
50,"u1",12,41,0
50,"u1",17,83,0
50,"u1",22,145,0
50,"u1",27,205,5
50,"u1",32,116,4
50,"u1",37,54,35
50,"u1",42,9,9
50,"u1",47,8,7
50,"u1",52,5,8
50,"u2",7,4,0
50,"u2",12,20,0
50,"u2",17,51,0
50,"u2",22,56,1
50,"u2",27,151,34
50,"u2",32,128,42
50,"u2",37,37,11
50,"u2",42,0,16
50,"u2",47,0,0
50,"u2",52,1,0
50,"u3",7,7,0
50,"u3",12,25,1
50,"u3",17,42,0
50,"u3",22,74,0
50,"u3",27,168,0
50,"u3",32,253,2
50,"u3",37,221,37
50,"u3",42,109,11
50,"u3",47,70,11
50,"u3",52,48,7
50,"u4",7,11,0
50,"u4",12,42,0
50,"u4",17,56,0
50,"u4",22,179,0
50,"u4",27,118,18
50,"u4",32,99,44
50,"u4",37,100,63
50,"u4",42,69,70
50,"u4",47,26,66
50,"u4",52,25,15
50,"u5",7,8,0
50,"u5",12,12,0
50,"u5",17,67,0
50,"u5",22,103,0
50,"u5",27,228,0
50,"u5",32,174,0
50,"u5",37,150,25
50,"u5",42,140,40
50,"u5",47,63,18
50,"u5",52,6,19
50,"u6",7,6,0
50,"u6",12,25,0
50,"u6",17,73,1
50,"u6",22,196,1
50,"u6",27,82,3
50,"u6",32,74,55
50,"u6",37,41,17
50,"u6",42,23,2
50,"u6",47,15,1
50,"u6",52,18,3
50,"u7",7,6,0
50,"u7",12,53,0
50,"u7",17,101,0
50,"u7",22,144,0
50,"u7",27,138,113
50,"u7",32,196,28
50,"u7",37,50,47
50,"u7",42,43,6
50,"u7",47,30,78
50,"u7",52,35,2
50,"u8",7,8,0
50,"u8",12,22,0
50,"u8",17,60,0
50,"u8",22,38,0
50,"u8",27,198,0
50,"u8",32,209,0
50,"u8",37,95,64
50,"u8",42,49,1
50,"u8",47,8,11
50,"u8",52,0,0
51,"u1",7,4,0
51,"u1",12,16,0
51,"u1",17,41,3
51,"u1",22,227,10
51,"u1",27,134,36
51,"u1",32,173,57
51,"u1",37,105,11
51,"u1",42,56,32
51,"u1",47,40,7
51,"u1",52,12,0
51,"u2",7,7,0
51,"u2",12,9,0
51,"u2",17,36,0
51,"u2",22,70,0
51,"u2",27,128,5
51,"u2",32,134,110
51,"u2",37,54,20
51,"u2",42,7,1
51,"u2",47,1,3
51,"u2",52,5,0
51,"u3",7,6,0
51,"u3",12,11,0
51,"u3",17,39,0
51,"u3",22,103,0
51,"u3",27,253,0
51,"u3",32,225,49
51,"u3",37,179,149
51,"u3",42,55,8
51,"u3",47,22,33
51,"u3",52,14,5
51,"u4",7,10,0
51,"u4",12,14,0
51,"u4",17,25,2
51,"u4",22,47,12
51,"u4",27,109,1
51,"u4",32,61,3
51,"u4",37,10,2
51,"u4",42,2,16
51,"u4",47,4,0
51,"u4",52,7,0
51,"u5",7,2,0
51,"u5",12,19,0
51,"u5",17,40,1
51,"u5",22,56,0
51,"u5",27,124,0
51,"u5",32,255,34
51,"u5",37,102,5
51,"u5",42,49,20
51,"u5",47,50,10
51,"u5",52,12,0
51,"u6",7,3,0
51,"u6",12,21,0
51,"u6",17,47,3
51,"u6",22,136,15
51,"u6",27,50,10
51,"u6",32,36,2
51,"u6",37,34,1
51,"u6",42,46,2
51,"u6",47,73,1
51,"u6",52,21,1
51,"u7",7,7,0
51,"u7",12,15,0
51,"u7",17,41,1
51,"u7",22,60,0
51,"u7",27,88,1
51,"u7",32,128,9
51,"u7",37,118,1
51,"u7",42,96,4
51,"u7",47,55,2
51,"u7",52,18,5
51,"u8",7,5,0
51,"u8",12,15,0
51,"u8",17,29,0
51,"u8",22,56,0
51,"u8",27,100,0
51,"u8",32,152,1
51,"u8",37,170,2
51,"u8",42,93,52
51,"u8",47,51,8
51,"u8",52,24,0
52,"u1",7,4,0
52,"u1",12,13,0
52,"u1",17,71,1
52,"u1",22,186,4
52,"u1",27,108,16
52,"u1",32,65,104
52,"u1",37,34,27
52,"u1",42,38,26
52,"u1",47,7,0
52,"u1",52,22,12
52,"u2",7,4,0
52,"u2",12,9,0
52,"u2",17,66,0
52,"u2",22,69,0
52,"u2",27,92,0
52,"u2",32,156,1
52,"u2",37,151,4
52,"u2",42,280,11
52,"u2",47,74,0
52,"u2",52,109,3
52,"u3",7,16,0
52,"u3",12,32,0
52,"u3",17,41,2
52,"u3",22,135,0
52,"u3",27,149,0
52,"u3",32,285,34
52,"u3",37,119,83
52,"u3",42,65,268
52,"u3",47,20,111
52,"u3",52,12,6
52,"u4",7,1,0
52,"u4",12,14,2
52,"u4",17,36,0
52,"u4",22,34,1
52,"u4",27,150,2
52,"u4",32,107,2
52,"u4",37,237,0
52,"u4",42,80,46
52,"u4",47,6,5
52,"u4",52,11,1
52,"u5",7,11,0
52,"u5",12,7,0
52,"u5",17,33,0
52,"u5",22,106,0
52,"u5",27,111,4
52,"u5",32,226,10
52,"u5",37,108,47
52,"u5",42,40,22
52,"u5",47,7,6
52,"u5",52,2,0
52,"u6",7,1,0
52,"u6",12,21,0
52,"u6",17,42,0
52,"u6",22,99,6
52,"u6",27,138,11
52,"u6",32,34,30
52,"u6",37,7,5
52,"u6",42,4,2
52,"u6",47,19,4
52,"u6",52,22,8
52,"u7",7,2,0
52,"u7",12,26,0
52,"u7",17,43,0
52,"u7",22,169,0
52,"u7",27,469,12
52,"u7",32,133,147
52,"u7",37,65,8
52,"u7",42,28,122
52,"u7",47,20,0
52,"u7",52,28,25
52,"u8",7,5,0
52,"u8",12,6,0
52,"u8",17,45,0
52,"u8",22,109,0
52,"u8",27,101,1
52,"u8",32,162,11
52,"u8",37,78,1
52,"u8",42,104,0
52,"u8",47,64,69
52,"u8",52,3,18
53,"u1",7,4,0
53,"u1",12,8,0
53,"u1",17,49,0
53,"u1",22,219,5
53,"u1",27,128,12
53,"u1",32,134,48
53,"u1",37,80,8
53,"u1",42,70,2
53,"u1",47,52,3
53,"u1",52,81,1
53,"u2",7,7,0
53,"u2",12,17,0
53,"u2",17,51,1
53,"u2",22,97,13
53,"u2",27,24,5
53,"u2",32,2,0
53,"u2",37,2,7
53,"u2",42,12,0
53,"u2",47,4,0
53,"u2",52,11,0
53,"u3",7,4,0
53,"u3",12,14,0
53,"u3",17,23,0
53,"u3",22,36,0
53,"u3",27,67,0
53,"u3",32,42,0
53,"u3",37,65,0
53,"u3",42,176,3
53,"u3",47,130,21
53,"u3",52,94,0
53,"u4",7,4,0
53,"u4",12,15,0
53,"u4",17,65,0
53,"u4",22,369,2
53,"u4",27,687,131
53,"u4",32,913,250
53,"u4",37,409,9
53,"u4",42,676,454
53,"u4",47,228,93
53,"u4",52,147,49
53,"u5",7,8,0
53,"u5",12,16,1
53,"u5",17,69,0
53,"u5",22,127,2
53,"u5",27,104,1
53,"u5",32,116,8
53,"u5",37,112,4
53,"u5",42,33,17
53,"u5",47,42,9
53,"u5",52,43,2
53,"u6",7,6,0
53,"u6",12,13,0
53,"u6",17,29,0
53,"u6",22,113,0
53,"u6",27,162,1
53,"u6",32,209,8
53,"u6",37,85,18
53,"u6",42,91,4
53,"u6",47,19,0
53,"u6",52,14,1
53,"u7",7,4,1
53,"u7",12,10,0
53,"u7",17,77,0
53,"u7",22,135,0
53,"u7",27,321,18
53,"u7",32,117,20
53,"u7",37,42,17
53,"u7",42,5,21
53,"u7",47,26,5
53,"u7",52,24,2
53,"u8",7,2,0
53,"u8",12,14,0
53,"u8",17,17,0
53,"u8",22,39,3
53,"u8",27,64,4
53,"u8",32,67,4
53,"u8",37,33,5
53,"u8",42,54,0
53,"u8",47,15,44
53,"u8",52,7,0
54,"u1",7,5,0
54,"u1",12,15,0
54,"u1",17,32,0
54,"u1",22,81,0
54,"u1",27,212,0
54,"u1",32,230,3
54,"u1",37,108,35
54,"u1",42,115,31
54,"u1",47,13,1
54,"u1",52,23,0
54,"u2",7,2,0
54,"u2",12,15,0
54,"u2",17,28,0
54,"u2",22,82,0
54,"u2",27,113,1
54,"u2",32,129,0
54,"u2",37,234,47
54,"u2",42,99,8
54,"u2",47,17,17
54,"u2",52,26,0
54,"u3",7,9,0
54,"u3",12,21,1
54,"u3",17,47,0
54,"u3",22,86,1
54,"u3",27,76,1
54,"u3",32,81,3
54,"u3",37,35,27
54,"u3",42,2,0
54,"u3",47,2,0
54,"u3",52,2,0
54,"u4",7,9,0
54,"u4",12,5,0
54,"u4",17,57,0
54,"u4",22,219,0
54,"u4",27,312,1
54,"u4",32,201,57
54,"u4",37,168,89
54,"u4",42,30,43
54,"u4",47,8,10
54,"u4",52,7,0
54,"u5",7,3,0
54,"u5",12,23,1
54,"u5",17,63,6
54,"u5",22,313,2
54,"u5",27,106,88
54,"u5",32,51,4
54,"u5",37,17,6
54,"u5",42,0,6
54,"u5",47,0,1
54,"u5",52,0,0
54,"u6",7,6,0
54,"u6",12,23,0
54,"u6",17,81,1
54,"u6",22,147,0
54,"u6",27,132,15
54,"u6",32,60,2
54,"u6",37,21,19
54,"u6",42,23,3
54,"u6",47,50,0
54,"u6",52,26,0
54,"u7",7,1,0
54,"u7",12,22,0
54,"u7",17,55,0
54,"u7",22,125,0
54,"u7",27,278,1
54,"u7",32,272,0
54,"u7",37,119,36
54,"u7",42,98,0
54,"u7",47,42,14
54,"u7",52,67,2
54,"u8",7,6,0
54,"u8",12,18,0
54,"u8",17,17,0
54,"u8",22,42,1
54,"u8",27,50,1
54,"u8",32,68,1
54,"u8",37,59,34
54,"u8",42,21,9
54,"u8",47,19,4
54,"u8",52,2,11
55,"u1",7,3,0
55,"u1",12,19,0
55,"u1",17,17,0
55,"u1",22,27,0
55,"u1",27,109,1
55,"u1",32,140,3
55,"u1",37,190,49
55,"u1",42,402,61
55,"u1",47,310,15
55,"u1",52,28,9
55,"u2",7,8,0
55,"u2",12,21,0
55,"u2",17,40,0
55,"u2",22,109,1
55,"u2",27,77,0
55,"u2",32,322,13
55,"u2",37,216,2
55,"u2",42,172,38
55,"u2",47,53,42
55,"u2",52,39,4
55,"u3",7,5,0
55,"u3",12,37,0
55,"u3",17,90,3
55,"u3",22,218,6
55,"u3",27,177,8
55,"u3",32,182,1
55,"u3",37,118,49
55,"u3",42,18,16
55,"u3",47,9,15
55,"u3",52,11,0
55,"u4",7,9,0
55,"u4",12,41,0
55,"u4",17,122,3
55,"u4",22,60,70
55,"u4",27,104,19
55,"u4",32,109,2
55,"u4",37,24,22
55,"u4",42,13,1
55,"u4",47,1,0
55,"u4",52,5,0
55,"u5",7,3,0
55,"u5",12,19,0
55,"u5",17,25,0
55,"u5",22,126,0
55,"u5",27,349,1
55,"u5",32,510,12
55,"u5",37,149,105
55,"u5",42,36,0
55,"u5",47,47,2
55,"u5",52,20,6
55,"u6",7,6,0
55,"u6",12,33,0
55,"u6",17,53,0
55,"u6",22,59,0
55,"u6",27,109,0
55,"u6",32,134,2
55,"u6",37,192,6
55,"u6",42,59,23
55,"u6",47,24,7
55,"u6",52,11,2
55,"u7",7,6,0
55,"u7",12,35,0
55,"u7",17,75,0
55,"u7",22,150,1
55,"u7",27,116,4
55,"u7",32,145,2
55,"u7",37,92,80
55,"u7",42,103,12
55,"u7",47,83,4
55,"u7",52,132,2
55,"u8",7,6,0
55,"u8",12,19,0
55,"u8",17,37,0
55,"u8",22,118,0
55,"u8",27,172,5
55,"u8",32,175,6
55,"u8",37,80,66
55,"u8",42,20,1
55,"u8",47,17,3
55,"u8",52,4,1
56,"u1",7,6,0
56,"u1",12,17,0
56,"u1",17,22,0
56,"u1",22,39,0
56,"u1",27,70,2
56,"u1",32,91,2
56,"u1",37,198,9
56,"u1",42,95,27
56,"u1",47,102,5
56,"u1",52,45,265
56,"u2",7,3,0
56,"u2",12,28,0
56,"u2",17,73,3
56,"u2",22,46,5
56,"u2",27,60,8
56,"u2",32,37,2
56,"u2",37,13,12
56,"u2",42,32,13
56,"u2",47,35,1
56,"u2",52,53,8
56,"u3",7,7,0
56,"u3",12,12,0
56,"u3",17,31,4
56,"u3",22,126,1
56,"u3",27,115,2
56,"u3",32,112,1
56,"u3",37,32,6
56,"u3",42,30,6
56,"u3",47,76,10
56,"u3",52,24,23
56,"u4",7,14,0
56,"u4",12,27,0
56,"u4",17,42,0
56,"u4",22,78,0
56,"u4",27,222,14
56,"u4",32,77,47
56,"u4",37,24,1
56,"u4",42,25,9
56,"u4",47,19,0
56,"u4",52,15,0
56,"u5",7,5,1
56,"u5",12,13,0
56,"u5",17,16,0
56,"u5",22,26,0
56,"u5",27,157,0
56,"u5",32,114,10
56,"u5",37,181,48
56,"u5",42,32,86
56,"u5",47,10,5
56,"u5",52,13,3
56,"u6",7,7,0
56,"u6",12,25,0
56,"u6",17,20,0
56,"u6",22,51,0
56,"u6",27,30,0
56,"u6",32,103,0
56,"u6",37,176,0
56,"u6",42,88,4
56,"u6",47,119,3
56,"u6",52,177,0
56,"u7",7,3,0
56,"u7",12,15,0
56,"u7",17,54,0
56,"u7",22,58,0
56,"u7",27,117,0
56,"u7",32,210,15
56,"u7",37,189,38
56,"u7",42,74,17
56,"u7",47,26,61
56,"u7",52,6,2
56,"u8",7,3,0
56,"u8",12,9,0
56,"u8",17,34,0
56,"u8",22,47,1
56,"u8",27,195,5
56,"u8",32,213,13
56,"u8",37,207,9
56,"u8",42,80,9
56,"u8",47,45,104
56,"u8",52,72,0
57,"u1",7,5,0
57,"u1",12,13,0
57,"u1",17,50,0
57,"u1",22,62,0
57,"u1",27,107,0
57,"u1",32,132,0
57,"u1",37,316,2
57,"u1",42,169,49
57,"u1",47,59,53
57,"u1",52,37,41
57,"u2",7,12,0
57,"u2",12,13,0
57,"u2",17,17,0
57,"u2",22,31,0
57,"u2",27,35,0
57,"u2",32,111,12
57,"u2",37,55,9
57,"u2",42,18,1
57,"u2",47,3,0
57,"u2",52,2,0
57,"u3",7,7,0
57,"u3",12,10,0
57,"u3",17,18,0
57,"u3",22,59,0
57,"u3",27,45,0
57,"u3",32,124,0
57,"u3",37,171,0
57,"u3",42,118,9
57,"u3",47,93,3
57,"u3",52,39,49
57,"u4",7,12,0
57,"u4",12,17,0
57,"u4",17,59,0
57,"u4",22,101,8
57,"u4",27,126,14
57,"u4",32,23,15
57,"u4",37,2,2
57,"u4",42,0,0
57,"u4",47,0,0
57,"u4",52,0,0
57,"u5",7,7,0
57,"u5",12,33,0
57,"u5",17,30,0
57,"u5",22,60,0
57,"u5",27,116,4
57,"u5",32,242,12
57,"u5",37,418,14
57,"u5",42,120,45
57,"u5",47,78,22
57,"u5",52,27,46
57,"u6",7,9,0
57,"u6",12,11,0
57,"u6",17,49,0
57,"u6",22,323,1
57,"u6",27,188,85
57,"u6",32,168,65
57,"u6",37,101,27
57,"u6",42,53,29
57,"u6",47,70,2
57,"u6",52,53,42
57,"u7",7,5,0
57,"u7",12,15,0
57,"u7",17,35,0
57,"u7",22,122,0
57,"u7",27,106,1
57,"u7",32,197,4
57,"u7",37,308,4
57,"u7",42,231,23
57,"u7",47,75,41
57,"u7",52,27,9
57,"u8",7,8,0
57,"u8",12,10,0
57,"u8",17,20,0
57,"u8",22,89,10
57,"u8",27,49,1
57,"u8",32,94,7
57,"u8",37,17,27
57,"u8",42,7,0
57,"u8",47,47,1
57,"u8",52,52,2
58,"u1",7,15,0
58,"u1",12,46,0
58,"u1",17,176,2
58,"u1",22,191,0
58,"u1",27,218,14
58,"u1",32,42,71
58,"u1",37,34,32
58,"u1",42,18,12
58,"u1",47,9,1
58,"u1",52,14,0
58,"u2",7,8,0
58,"u2",12,20,0
58,"u2",17,30,0
58,"u2",22,69,1
58,"u2",27,104,9
58,"u2",32,129,18
58,"u2",37,56,14
58,"u2",42,65,7
58,"u2",47,12,0
58,"u2",52,7,2
58,"u3",7,6,0
58,"u3",12,24,0
58,"u3",17,23,0
58,"u3",22,62,0
58,"u3",27,88,2
58,"u3",32,68,13
58,"u3",37,86,5
58,"u3",42,55,3
58,"u3",47,56,18
58,"u3",52,7,18
58,"u4",7,4,0
58,"u4",12,19,0
58,"u4",17,29,0
58,"u4",22,85,1
58,"u4",27,101,5
58,"u4",32,176,39
58,"u4",37,103,25
58,"u4",42,13,5
58,"u4",47,5,2
58,"u4",52,7,9
58,"u5",7,3,0
58,"u5",12,22,0
58,"u5",17,30,0
58,"u5",22,53,1
58,"u5",27,74,0
58,"u5",32,100,0
58,"u5",37,102,1
58,"u5",42,119,6
58,"u5",47,115,16
58,"u5",52,24,53
58,"u6",7,6,0
58,"u6",12,11,0
58,"u6",17,29,0
58,"u6",22,101,0
58,"u6",27,83,0
58,"u6",32,106,4
58,"u6",37,385,11
58,"u6",42,152,68
58,"u6",47,79,114
58,"u6",52,41,1
58,"u7",7,16,0
58,"u7",12,24,0
58,"u7",17,79,0
58,"u7",22,187,0
58,"u7",27,641,3
58,"u7",32,234,45
58,"u7",37,224,107
58,"u7",42,108,20
58,"u7",47,51,2
58,"u7",52,30,0
58,"u8",7,18,0
58,"u8",12,21,0
58,"u8",17,73,0
58,"u8",22,104,0
58,"u8",27,210,0
58,"u8",32,270,9
58,"u8",37,150,85
58,"u8",42,59,61
58,"u8",47,22,5
58,"u8",52,14,16
59,"u1",7,7,0
59,"u1",12,28,0
59,"u1",17,128,1
59,"u1",22,103,0
59,"u1",27,217,0
59,"u1",32,91,0
59,"u1",37,266,16
59,"u1",42,52,53
59,"u1",47,42,34
59,"u1",52,19,6
59,"u2",7,6,0
59,"u2",12,26,0
59,"u2",17,85,0
59,"u2",22,94,3
59,"u2",27,59,10
59,"u2",32,87,0
59,"u2",37,64,1
59,"u2",42,62,41
59,"u2",47,30,9
59,"u2",52,28,2
59,"u3",7,11,0
59,"u3",12,14,0
59,"u3",17,42,1
59,"u3",22,151,28
59,"u3",27,480,60
59,"u3",32,171,111
59,"u3",37,111,10
59,"u3",42,43,82
59,"u3",47,12,8
59,"u3",52,2,1
59,"u4",7,12,0
59,"u4",12,15,0
59,"u4",17,32,0
59,"u4",22,81,1
59,"u4",27,61,0
59,"u4",32,151,4
59,"u4",37,169,15
59,"u4",42,202,139
59,"u4",47,63,26
59,"u4",52,33,12
59,"u5",7,6,0
59,"u5",12,16,1
59,"u5",17,40,1
59,"u5",22,67,7
59,"u5",27,154,3
59,"u5",32,63,222
59,"u5",37,60,11
59,"u5",42,13,21
59,"u5",47,19,1
59,"u5",52,19,1
59,"u6",7,3,0
59,"u6",12,35,0
59,"u6",17,200,1
59,"u6",22,197,109
59,"u6",27,105,1
59,"u6",32,37,61
59,"u6",37,26,0
59,"u6",42,25,1
59,"u6",47,9,3
59,"u6",52,11,0
59,"u7",7,1,0
59,"u7",12,9,1
59,"u7",17,19,0
59,"u7",22,50,0
59,"u7",27,47,0
59,"u7",32,146,1
59,"u7",37,89,0
59,"u7",42,129,2
59,"u7",47,105,31
59,"u7",52,43,0
59,"u8",7,8,0
59,"u8",12,37,0
59,"u8",17,27,0
59,"u8",22,57,2
59,"u8",27,60,25
59,"u8",32,99,2
59,"u8",37,99,2
59,"u8",42,46,0
59,"u8",47,31,2
59,"u8",52,17,1
60,"u1",7,6,0
60,"u1",12,9,0
60,"u1",17,31,0
60,"u1",22,39,0
60,"u1",27,77,0
60,"u1",32,188,0
60,"u1",37,70,0
60,"u1",42,166,3
60,"u1",47,219,0
60,"u1",52,135,7
60,"u2",7,4,0
60,"u2",12,18,0
60,"u2",17,26,0
60,"u2",22,48,0
60,"u2",27,72,5
60,"u2",32,66,3
60,"u2",37,145,1
60,"u2",42,52,12
60,"u2",47,25,86
60,"u2",52,25,55
60,"u3",7,15,0
60,"u3",12,22,0
60,"u3",17,35,0
60,"u3",22,88,0
60,"u3",27,205,0
60,"u3",32,119,0
60,"u3",37,335,0
60,"u3",42,393,157
60,"u3",47,88,9
60,"u3",52,36,15
60,"u4",7,6,0
60,"u4",12,22,0
60,"u4",17,32,0
60,"u4",22,59,0
60,"u4",27,344,1
60,"u4",32,98,8
60,"u4",37,145,52
60,"u4",42,47,1
60,"u4",47,43,9
60,"u4",52,22,5
60,"u5",7,7,0
60,"u5",12,30,1
60,"u5",17,121,1
60,"u5",22,134,0
60,"u5",27,160,3
60,"u5",32,133,0
60,"u5",37,54,41
60,"u5",42,10,10
60,"u5",47,2,0
60,"u5",52,1,0
60,"u6",7,3,0
60,"u6",12,16,0
60,"u6",17,14,0
60,"u6",22,66,0
60,"u6",27,113,0
60,"u6",32,481,8
60,"u6",37,165,0
60,"u6",42,45,20
60,"u6",47,18,59
60,"u6",52,22,4
60,"u7",7,2,0
60,"u7",12,18,1
60,"u7",17,47,0
60,"u7",22,88,3
60,"u7",27,108,10
60,"u7",32,88,22
60,"u7",37,24,18
60,"u7",42,33,4
60,"u7",47,33,19
60,"u7",52,20,16
60,"u8",7,11,0
60,"u8",12,18,1
60,"u8",17,41,0
60,"u8",22,68,1
60,"u8",27,103,32
60,"u8",32,181,5
60,"u8",37,80,1
60,"u8",42,17,12
60,"u8",47,10,2
60,"u8",52,5,3
61,"u1",7,12,0
61,"u1",12,46,0
61,"u1",17,126,1
61,"u1",22,101,3
61,"u1",27,203,43
61,"u1",32,81,1
61,"u1",37,90,4
61,"u1",42,80,8
61,"u1",47,20,23
61,"u1",52,0,1
61,"u2",7,4,0
61,"u2",12,13,0
61,"u2",17,37,0
61,"u2",22,94,0
61,"u2",27,193,0
61,"u2",32,193,0
61,"u2",37,231,12
61,"u2",42,198,42
61,"u2",47,249,75
61,"u2",52,95,274
61,"u3",7,3,0
61,"u3",12,24,0
61,"u3",17,34,0
61,"u3",22,122,0
61,"u3",27,315,5
61,"u3",32,362,73
61,"u3",37,66,6
61,"u3",42,19,2
61,"u3",47,24,0
61,"u3",52,23,0
61,"u4",7,4,0
61,"u4",12,20,0
61,"u4",17,39,0
61,"u4",22,78,2
61,"u4",27,103,0
61,"u4",32,97,7
61,"u4",37,75,3
61,"u4",42,23,1
61,"u4",47,7,0
61,"u4",52,0,1
61,"u5",7,6,0
61,"u5",12,7,0
61,"u5",17,19,0
61,"u5",22,37,0
61,"u5",27,84,1
61,"u5",32,65,5
61,"u5",37,91,13
61,"u5",42,112,31
61,"u5",47,96,4
61,"u5",52,71,20
61,"u6",7,2,0
61,"u6",12,10,0
61,"u6",17,19,0
61,"u6",22,25,0
61,"u6",27,84,0
61,"u6",32,45,11
61,"u6",37,132,26
61,"u6",42,85,17
61,"u6",47,68,45
61,"u6",52,8,5
61,"u7",7,12,0
61,"u7",12,18,0
61,"u7",17,59,2
61,"u7",22,236,4
61,"u7",27,173,140
61,"u7",32,70,68
61,"u7",37,32,7
61,"u7",42,40,3
61,"u7",47,8,82
61,"u7",52,6,2
61,"u8",7,3,0
61,"u8",12,13,0
61,"u8",17,19,0
61,"u8",22,38,0
61,"u8",27,48,0
61,"u8",32,162,0
61,"u8",37,164,0
61,"u8",42,129,2
61,"u8",47,159,84
61,"u8",52,41,38
62,"u1",7,4,0
62,"u1",12,25,0
62,"u1",17,20,0
62,"u1",22,73,7
62,"u1",27,163,3
62,"u1",32,84,7
62,"u1",37,44,2
62,"u1",42,11,8
62,"u1",47,17,0
62,"u1",52,18,0
62,"u2",7,13,0
62,"u2",12,16,0
62,"u2",17,60,0
62,"u2",22,70,0
62,"u2",27,117,1
62,"u2",32,243,2
62,"u2",37,319,0
62,"u2",42,175,10
62,"u2",47,32,28
62,"u2",52,9,1
62,"u3",7,6,0
62,"u3",12,23,1
62,"u3",17,25,0
62,"u3",22,126,0
62,"u3",27,112,4
62,"u3",32,51,59
62,"u3",37,36,20
62,"u3",42,17,5
62,"u3",47,22,7
62,"u3",52,23,0
62,"u4",7,3,1
62,"u4",12,7,0
62,"u4",17,19,2
62,"u4",22,37,0
62,"u4",27,41,1
62,"u4",32,66,1
62,"u4",37,46,12
62,"u4",42,25,0
62,"u4",47,16,5
62,"u4",52,12,0
62,"u5",7,6,0
62,"u5",12,15,0
62,"u5",17,72,0
62,"u5",22,306,73
62,"u5",27,92,30
62,"u5",32,65,0
62,"u5",37,72,18
62,"u5",42,25,25
62,"u5",47,21,23
62,"u5",52,17,4
62,"u6",7,5,0
62,"u6",12,27,0
62,"u6",17,52,0
62,"u6",22,62,0
62,"u6",27,166,0
62,"u6",32,196,8
62,"u6",37,69,12
62,"u6",42,56,21
62,"u6",47,16,1
62,"u6",52,21,4
62,"u7",7,4,0
62,"u7",12,15,0
62,"u7",17,72,1
62,"u7",22,114,1
62,"u7",27,129,3
62,"u7",32,88,76
62,"u7",37,38,0
62,"u7",42,19,4
62,"u7",47,9,0
62,"u7",52,2,3
62,"u8",7,3,0
62,"u8",12,15,0
62,"u8",17,35,0
62,"u8",22,61,1
62,"u8",27,94,0
62,"u8",32,159,1
62,"u8",37,106,15
62,"u8",42,66,3
62,"u8",47,21,5
62,"u8",52,4,4
63,"u1",7,4,0
63,"u1",12,35,0
63,"u1",17,50,0
63,"u1",22,64,0
63,"u1",27,134,0
63,"u1",32,156,0
63,"u1",37,188,7
63,"u1",42,106,58
63,"u1",47,95,1
63,"u1",52,37,7
63,"u2",7,14,0
63,"u2",12,50,0
63,"u2",17,109,0
63,"u2",22,123,2
63,"u2",27,296,9
63,"u2",32,146,20
63,"u2",37,114,0
63,"u2",42,80,14
63,"u2",47,41,8
63,"u2",52,17,0
63,"u3",7,7,0
63,"u3",12,8,0
63,"u3",17,48,1
63,"u3",22,188,2
63,"u3",27,183,3
63,"u3",32,81,29
63,"u3",37,1,9
63,"u3",42,3,21
63,"u3",47,6,0
63,"u3",52,4,0
63,"u4",7,5,0
63,"u4",12,16,0
63,"u4",17,30,0
63,"u4",22,45,1
63,"u4",27,51,1
63,"u4",32,62,8
63,"u4",37,92,6
63,"u4",42,53,61
63,"u4",47,4,17
63,"u4",52,10,42
63,"u5",7,2,0
63,"u5",12,8,0
63,"u5",17,70,0
63,"u5",22,133,2
63,"u5",27,174,12
63,"u5",32,283,7
63,"u5",37,233,217
63,"u5",42,346,10
63,"u5",47,170,29
63,"u5",52,107,173
63,"u6",7,5,0
63,"u6",12,16,0
63,"u6",17,25,0
63,"u6",22,53,0
63,"u6",27,78,0
63,"u6",32,201,0
63,"u6",37,257,2
63,"u6",42,198,1
63,"u6",47,138,22
63,"u6",52,86,6
63,"u7",7,2,0
63,"u7",12,13,0
63,"u7",17,24,0
63,"u7",22,52,1
63,"u7",27,90,2
63,"u7",32,132,8
63,"u7",37,106,21
63,"u7",42,63,16
63,"u7",47,20,5
63,"u7",52,6,1
63,"u8",7,2,0
63,"u8",12,14,0
63,"u8",17,43,0
63,"u8",22,111,0
63,"u8",27,100,1
63,"u8",32,190,21
63,"u8",37,39,47
63,"u8",42,25,3
63,"u8",47,31,11
63,"u8",52,4,14
64,"u1",7,5,0
64,"u1",12,16,0
64,"u1",17,39,0
64,"u1",22,182,1
64,"u1",27,283,3
64,"u1",32,104,1
64,"u1",37,27,9
64,"u1",42,71,3
64,"u1",47,43,44
64,"u1",52,16,3
64,"u2",7,2,0
64,"u2",12,11,0
64,"u2",17,82,0
64,"u2",22,47,1
64,"u2",27,194,1
64,"u2",32,71,77
64,"u2",37,51,20
64,"u2",42,55,23
64,"u2",47,10,12
64,"u2",52,3,1
64,"u3",7,6,0
64,"u3",12,21,0
64,"u3",17,39,0
64,"u3",22,125,0
64,"u3",27,145,2
64,"u3",32,91,31
64,"u3",37,50,25
64,"u3",42,75,6
64,"u3",47,21,29
64,"u3",52,1,2
64,"u4",7,10,0
64,"u4",12,3,0
64,"u4",17,37,0
64,"u4",22,67,0
64,"u4",27,105,0
64,"u4",32,174,0
64,"u4",37,196,16
64,"u4",42,103,16
64,"u4",47,48,21
64,"u4",52,22,2
64,"u5",7,10,0
64,"u5",12,19,0
64,"u5",17,27,1
64,"u5",22,114,1
64,"u5",27,120,130
64,"u5",32,34,17
64,"u5",37,18,19
64,"u5",42,5,13
64,"u5",47,0,3
64,"u5",52,1,1
64,"u6",7,2,0
64,"u6",12,6,1
64,"u6",17,51,0
64,"u6",22,85,0
64,"u6",27,149,0
64,"u6",32,120,10
64,"u6",37,42,6
64,"u6",42,18,6
64,"u6",47,7,9
64,"u6",52,7,0
64,"u7",7,8,1
64,"u7",12,21,0
64,"u7",17,39,0
64,"u7",22,87,4
64,"u7",27,74,8
64,"u7",32,40,4
64,"u7",37,32,11
64,"u7",42,7,1
64,"u7",47,2,2
64,"u7",52,1,0
64,"u8",7,7,0
64,"u8",12,23,0
64,"u8",17,43,0
64,"u8",22,77,1
64,"u8",27,114,9
64,"u8",32,32,1
64,"u8",37,33,11
64,"u8",42,19,0
64,"u8",47,8,5
64,"u8",52,6,0
65,"u1",7,11,0
65,"u1",12,20,0
65,"u1",17,81,0
65,"u1",22,84,0
65,"u1",27,205,1
65,"u1",32,115,2
65,"u1",37,558,5
65,"u1",42,221,392
65,"u1",47,64,53
65,"u1",52,9,15
65,"u2",7,8,0
65,"u2",12,6,0
65,"u2",17,40,0
65,"u2",22,84,0
65,"u2",27,71,0
65,"u2",32,291,29
65,"u2",37,259,27
65,"u2",42,25,30
65,"u2",47,12,15
65,"u2",52,53,2
65,"u3",7,4,0
65,"u3",12,12,0
65,"u3",17,25,0
65,"u3",22,186,2
65,"u3",27,309,1
65,"u3",32,232,99
65,"u3",37,34,3
65,"u3",42,23,7
65,"u3",47,36,12
65,"u3",52,100,29
65,"u4",7,6,1
65,"u4",12,16,0
65,"u4",17,34,3
65,"u4",22,56,2
65,"u4",27,78,13
65,"u4",32,116,1
65,"u4",37,97,8
65,"u4",42,38,10
65,"u4",47,47,3
65,"u4",52,30,0
65,"u5",7,5,0
65,"u5",12,9,0
65,"u5",17,21,0
65,"u5",22,60,0
65,"u5",27,128,0
65,"u5",32,97,0
65,"u5",37,192,0
65,"u5",42,253,13
65,"u5",47,156,0
65,"u5",52,83,13
65,"u6",7,4,0
65,"u6",12,22,0
65,"u6",17,56,0
65,"u6",22,112,0
65,"u6",27,379,2
65,"u6",32,288,17
65,"u6",37,106,4
65,"u6",42,75,33
65,"u6",47,16,4
65,"u6",52,19,0
65,"u7",7,10,0
65,"u7",12,26,0
65,"u7",17,61,0
65,"u7",22,91,0
65,"u7",27,106,1
65,"u7",32,142,0
65,"u7",37,166,17
65,"u7",42,118,30
65,"u7",47,114,36
65,"u7",52,43,23
65,"u8",7,7,0
65,"u8",12,18,3
65,"u8",17,27,0
65,"u8",22,85,2
65,"u8",27,137,0
65,"u8",32,116,3
65,"u8",37,40,0
65,"u8",42,63,2
65,"u8",47,47,14
65,"u8",52,51,12
66,"u1",7,6,0
66,"u1",12,9,0
66,"u1",17,43,0
66,"u1",22,63,1
66,"u1",27,90,1
66,"u1",32,188,0
66,"u1",37,212,7
66,"u1",42,159,7
66,"u1",47,79,31
66,"u1",52,46,8
66,"u2",7,3,0
66,"u2",12,15,0
66,"u2",17,31,0
66,"u2",22,54,0
66,"u2",27,151,0
66,"u2",32,114,2
66,"u2",37,35,7
66,"u2",42,53,4
66,"u2",47,31,83
66,"u2",52,4,0
66,"u3",7,4,0
66,"u3",12,21,0
66,"u3",17,29,0
66,"u3",22,39,0
66,"u3",27,114,0
66,"u3",32,200,0
66,"u3",37,151,10
66,"u3",42,73,3
66,"u3",47,53,4
66,"u3",52,25,10
66,"u4",7,3,0
66,"u4",12,46,0
66,"u4",17,59,7
66,"u4",22,67,15
66,"u4",27,162,8
66,"u4",32,132,9
66,"u4",37,93,9
66,"u4",42,66,108
66,"u4",47,16,8
66,"u4",52,8,0
66,"u5",7,5,0
66,"u5",12,18,0
66,"u5",17,40,0
66,"u5",22,63,5
66,"u5",27,105,0
66,"u5",32,163,11
66,"u5",37,124,2
66,"u5",42,103,43
66,"u5",47,51,14
66,"u5",52,12,15
66,"u6",7,9,0
66,"u6",12,19,0
66,"u6",17,61,0
66,"u6",22,113,5
66,"u6",27,92,13
66,"u6",32,52,13
66,"u6",37,27,54
66,"u6",42,3,21
66,"u6",47,0,13
66,"u6",52,0,0
66,"u7",7,6,0
66,"u7",12,24,0
66,"u7",17,24,0
66,"u7",22,59,0
66,"u7",27,74,4
66,"u7",32,106,68
66,"u7",37,56,4
66,"u7",42,14,10
66,"u7",47,2,4
66,"u7",52,1,0
66,"u8",7,8,0
66,"u8",12,10,0
66,"u8",17,13,0
66,"u8",22,36,0
66,"u8",27,37,0
66,"u8",32,117,0
66,"u8",37,172,15
66,"u8",42,131,20
66,"u8",47,102,13
66,"u8",52,84,2
67,"u1",7,4,0
67,"u1",12,13,0
67,"u1",17,101,0
67,"u1",22,507,2
67,"u1",27,455,25
67,"u1",32,117,6
67,"u1",37,16,6
67,"u1",42,7,0
67,"u1",47,8,0
67,"u1",52,16,0
67,"u2",7,10,0
67,"u2",12,19,0
67,"u2",17,24,0
67,"u2",22,80,5
67,"u2",27,182,25
67,"u2",32,25,14
67,"u2",37,10,3
67,"u2",42,2,0
67,"u2",47,3,0
67,"u2",52,6,0
67,"u3",7,6,0
67,"u3",12,8,1
67,"u3",17,78,1
67,"u3",22,118,6
67,"u3",27,159,2
67,"u3",32,160,2
67,"u3",37,121,18
67,"u3",42,64,6
67,"u3",47,53,6
67,"u3",52,26,3
67,"u4",7,2,0
67,"u4",12,11,0
67,"u4",17,38,3
67,"u4",22,84,18
67,"u4",27,71,58
67,"u4",32,41,11
67,"u4",37,46,51
67,"u4",42,28,0
67,"u4",47,33,0
67,"u4",52,18,0
67,"u5",7,16,0
67,"u5",12,21,0
67,"u5",17,78,0
67,"u5",22,103,1
67,"u5",27,168,0
67,"u5",32,111,7
67,"u5",37,37,8
67,"u5",42,6,0
67,"u5",47,3,4
67,"u5",52,0,0
67,"u6",7,4,0
67,"u6",12,19,0
67,"u6",17,42,1
67,"u6",22,158,2
67,"u6",27,109,49
67,"u6",32,77,7
67,"u6",37,51,6
67,"u6",42,43,4
67,"u6",47,12,48
67,"u6",52,0,0
67,"u7",7,11,0
67,"u7",12,12,0
67,"u7",17,18,1
67,"u7",22,61,3
67,"u7",27,100,9
67,"u7",32,119,3
67,"u7",37,85,17
67,"u7",42,25,35
67,"u7",47,20,2
67,"u7",52,35,13
67,"u8",7,11,0
67,"u8",12,32,2
67,"u8",17,117,1
67,"u8",22,119,46
67,"u8",27,24,49
67,"u8",32,31,15
67,"u8",37,16,13
67,"u8",42,21,77
67,"u8",47,22,1
67,"u8",52,9,1
68,"u1",7,8,0
68,"u1",12,25,1
68,"u1",17,83,0
68,"u1",22,165,0
68,"u1",27,194,0
68,"u1",32,191,0
68,"u1",37,194,191
68,"u1",42,162,21
68,"u1",47,62,13
68,"u1",52,24,17
68,"u2",7,6,0
68,"u2",12,25,0
68,"u2",17,32,0
68,"u2",22,317,0
68,"u2",27,227,2
68,"u2",32,64,4
68,"u2",37,50,263
68,"u2",42,17,1
68,"u2",47,3,4
68,"u2",52,1,0
68,"u3",7,7,1
68,"u3",12,27,1
68,"u3",17,37,2
68,"u3",22,53,1
68,"u3",27,82,4
68,"u3",32,21,2
68,"u3",37,9,5
68,"u3",42,4,0
68,"u3",47,7,0
68,"u3",52,10,0
68,"u4",7,9,1
68,"u4",12,13,0
68,"u4",17,23,0
68,"u4",22,38,0
68,"u4",27,78,0
68,"u4",32,92,1
68,"u4",37,83,1
68,"u4",42,102,46
68,"u4",47,88,40
68,"u4",52,16,19
68,"u5",7,7,0
68,"u5",12,15,0
68,"u5",17,31,0
68,"u5",22,93,0
68,"u5",27,262,0
68,"u5",32,227,0
68,"u5",37,223,0
68,"u5",42,376,36
68,"u5",47,106,142
68,"u5",52,106,54
68,"u6",7,6,0
68,"u6",12,19,0
68,"u6",17,102,2
68,"u6",22,75,6
68,"u6",27,96,21
68,"u6",32,35,21
68,"u6",37,16,96
68,"u6",42,8,0
68,"u6",47,6,1
68,"u6",52,15,1
68,"u7",7,5,0
68,"u7",12,13,0
68,"u7",17,15,0
68,"u7",22,28,0
68,"u7",27,113,0
68,"u7",32,180,1
68,"u7",37,169,46
68,"u7",42,60,38
68,"u7",47,41,10
68,"u7",52,13,3
68,"u8",7,8,0
68,"u8",12,10,0
68,"u8",17,34,0
68,"u8",22,74,0
68,"u8",27,135,1
68,"u8",32,276,1
68,"u8",37,177,28
68,"u8",42,75,37
68,"u8",47,33,35
68,"u8",52,49,6
69,"u1",7,6,0
69,"u1",12,21,0
69,"u1",17,36,0
69,"u1",22,23,0
69,"u1",27,125,0
69,"u1",32,98,0
69,"u1",37,159,2
69,"u1",42,139,2
69,"u1",47,180,3
69,"u1",52,31,5
69,"u2",7,6,0
69,"u2",12,15,0
69,"u2",17,34,1
69,"u2",22,130,0
69,"u2",27,403,3
69,"u2",32,250,78
69,"u2",37,123,13
69,"u2",42,41,5
69,"u2",47,10,40
69,"u2",52,1,0
69,"u3",7,10,0
69,"u3",12,28,0
69,"u3",17,46,0
69,"u3",22,58,0
69,"u3",27,145,1
69,"u3",32,283,5
69,"u3",37,242,5
69,"u3",42,63,17
69,"u3",47,29,15
69,"u3",52,3,16
69,"u4",7,0,0
69,"u4",12,11,0
69,"u4",17,14,1
69,"u4",22,46,0
69,"u4",27,99,2
69,"u4",32,98,15
69,"u4",37,82,1
69,"u4",42,41,6
69,"u4",47,27,80
69,"u4",52,20,0
69,"u5",7,9,0
69,"u5",12,50,2
69,"u5",17,58,0
69,"u5",22,82,0
69,"u5",27,51,0
69,"u5",32,175,1
69,"u5",37,120,75
69,"u5",42,79,48
69,"u5",47,23,56
69,"u5",52,20,20
69,"u6",7,2,0
69,"u6",12,23,0
69,"u6",17,17,0
69,"u6",22,75,0
69,"u6",27,146,1
69,"u6",32,116,0
69,"u6",37,164,44
69,"u6",42,154,72
69,"u6",47,42,8
69,"u6",52,19,5
69,"u7",7,6,0
69,"u7",12,11,0
69,"u7",17,25,0
69,"u7",22,168,0
69,"u7",27,227,5
69,"u7",32,81,0
69,"u7",37,138,11
69,"u7",42,55,84
69,"u7",47,27,14
69,"u7",52,10,2
69,"u8",7,9,0
69,"u8",12,28,0
69,"u8",17,50,0
69,"u8",22,125,2
69,"u8",27,143,0
69,"u8",32,132,13
69,"u8",37,88,15
69,"u8",42,19,3
69,"u8",47,13,2
69,"u8",52,14,1
70,"u1",7,8,0
70,"u1",12,20,3
70,"u1",17,42,2
70,"u1",22,79,13
70,"u1",27,81,4
70,"u1",32,85,5
70,"u1",37,5,29
70,"u1",42,21,0
70,"u1",47,26,3
70,"u1",52,27,0
70,"u2",7,4,0
70,"u2",12,27,0
70,"u2",17,19,0
70,"u2",22,88,0
70,"u2",27,176,1
70,"u2",32,288,7
70,"u2",37,124,0
70,"u2",42,210,37
70,"u2",47,101,16
70,"u2",52,90,29
70,"u3",7,0,0
70,"u3",12,22,0
70,"u3",17,44,0
70,"u3",22,42,0
70,"u3",27,194,0
70,"u3",32,144,35
70,"u3",37,131,69
70,"u3",42,13,2
70,"u3",47,14,2
70,"u3",52,4,1
70,"u4",7,2,0
70,"u4",12,8,0
70,"u4",17,19,2
70,"u4",22,21,0
70,"u4",27,42,0
70,"u4",32,48,4
70,"u4",37,49,0
70,"u4",42,65,30
70,"u4",47,35,2
70,"u4",52,33,2
70,"u5",7,5,0
70,"u5",12,13,0
70,"u5",17,33,0
70,"u5",22,106,2
70,"u5",27,112,14
70,"u5",32,76,92
70,"u5",37,24,39
70,"u5",42,47,2
70,"u5",47,94,5
70,"u5",52,131,11
70,"u6",7,5,0
70,"u6",12,24,0
70,"u6",17,58,0
70,"u6",22,150,0
70,"u6",27,213,4
70,"u6",32,149,28
70,"u6",37,49,26
70,"u6",42,24,0
70,"u6",47,18,0
70,"u6",52,15,4
70,"u7",7,7,0
70,"u7",12,6,0
70,"u7",17,44,0
70,"u7",22,59,1
70,"u7",27,57,0
70,"u7",32,126,10
70,"u7",37,120,48
70,"u7",42,33,3
70,"u7",47,43,19
70,"u7",52,22,6
70,"u8",7,7,0
70,"u8",12,31,0
70,"u8",17,56,0
70,"u8",22,118,0
70,"u8",27,122,74
70,"u8",32,16,4
70,"u8",37,40,5
70,"u8",42,32,5
70,"u8",47,39,21
70,"u8",52,58,1
71,"u1",7,4,0
71,"u1",12,11,0
71,"u1",17,89,0
71,"u1",22,118,0
71,"u1",27,148,0
71,"u1",32,152,10
71,"u1",37,94,38
71,"u1",42,81,3
71,"u1",47,65,16
71,"u1",52,117,9
71,"u2",7,7,0
71,"u2",12,14,2
71,"u2",17,50,0
71,"u2",22,100,0
71,"u2",27,125,16
71,"u2",32,138,0
71,"u2",37,89,15
71,"u2",42,17,17
71,"u2",47,14,1
71,"u2",52,10,96
71,"u3",7,2,0
71,"u3",12,15,0
71,"u3",17,74,0
71,"u3",22,91,0
71,"u3",27,187,1
71,"u3",32,127,14
71,"u3",37,117,13
71,"u3",42,48,1
71,"u3",47,23,24
71,"u3",52,3,4
71,"u4",7,5,0
71,"u4",12,14,0
71,"u4",17,21,0
71,"u4",22,33,0
71,"u4",27,38,0
71,"u4",32,91,2
71,"u4",37,127,0
71,"u4",42,88,34
71,"u4",47,47,1
71,"u4",52,11,47
71,"u5",7,4,0
71,"u5",12,18,0
71,"u5",17,24,0
71,"u5",22,56,0
71,"u5",27,109,6
71,"u5",32,79,3
71,"u5",37,66,27
71,"u5",42,74,34
71,"u5",47,43,11
71,"u5",52,15,13
71,"u6",7,15,0
71,"u6",12,18,0
71,"u6",17,73,0
71,"u6",22,62,0
71,"u6",27,94,0
71,"u6",32,115,5
71,"u6",37,74,54
71,"u6",42,59,71
71,"u6",47,66,40
71,"u6",52,120,1
71,"u7",7,12,1
71,"u7",12,27,0
71,"u7",17,109,0
71,"u7",22,74,1
71,"u7",27,146,5
71,"u7",32,143,15
71,"u7",37,109,36
71,"u7",42,140,1
71,"u7",47,174,260
71,"u7",52,66,504
71,"u8",7,5,0
71,"u8",12,5,1
71,"u8",17,10,1
71,"u8",22,38,0
71,"u8",27,30,1
71,"u8",32,56,13
71,"u8",37,38,35
71,"u8",42,97,8
71,"u8",47,47,7
71,"u8",52,27,5
72,"u1",7,6,0
72,"u1",12,20,0
72,"u1",17,35,0
72,"u1",22,178,0
72,"u1",27,191,0
72,"u1",32,117,17
72,"u1",37,78,20
72,"u1",42,55,9
72,"u1",47,16,13
72,"u1",52,27,1
72,"u2",7,4,0
72,"u2",12,9,0
72,"u2",17,11,0
72,"u2",22,53,0
72,"u2",27,138,0
72,"u2",32,198,28
72,"u2",37,61,48
72,"u2",42,9,1
72,"u2",47,0,2
72,"u2",52,19,2
72,"u3",7,6,0
72,"u3",12,17,1
72,"u3",17,34,0
72,"u3",22,134,16
72,"u3",27,123,10
72,"u3",32,23,24
72,"u3",37,29,53
72,"u3",42,17,0
72,"u3",47,17,2
72,"u3",52,9,0
72,"u4",7,6,0
72,"u4",12,15,0
72,"u4",17,58,0
72,"u4",22,127,1
72,"u4",27,244,192
72,"u4",32,55,21
72,"u4",37,23,23
72,"u4",42,30,19
72,"u4",47,37,3
72,"u4",52,48,1
72,"u5",7,3,0
72,"u5",12,28,0
72,"u5",17,53,0
72,"u5",22,142,0
72,"u5",27,134,1
72,"u5",32,453,25
72,"u5",37,242,37
72,"u5",42,44,49
72,"u5",47,5,3
72,"u5",52,3,0
72,"u6",7,8,0
72,"u6",12,20,0
72,"u6",17,32,0
72,"u6",22,34,0
72,"u6",27,127,2
72,"u6",32,77,3
72,"u6",37,117,1
72,"u6",42,64,20
72,"u6",47,26,14
72,"u6",52,9,4
72,"u7",7,2,0
72,"u7",12,8,0
72,"u7",17,12,1
72,"u7",22,75,0
72,"u7",27,99,7
72,"u7",32,254,36
72,"u7",37,15,1
72,"u7",42,4,1
72,"u7",47,5,0
72,"u7",52,3,0
72,"u8",7,1,0
72,"u8",12,9,0
72,"u8",17,39,0
72,"u8",22,56,0
72,"u8",27,175,6
72,"u8",32,128,20
72,"u8",37,20,0
72,"u8",42,38,18
72,"u8",47,60,1
72,"u8",52,99,0
73,"u1",7,3,0
73,"u1",12,10,0
73,"u1",17,19,0
73,"u1",22,77,0
73,"u1",27,121,0
73,"u1",32,94,6
73,"u1",37,232,25
73,"u1",42,93,4
73,"u1",47,30,23
73,"u1",52,31,5
73,"u2",7,8,0
73,"u2",12,15,0
73,"u2",17,65,0
73,"u2",22,67,0
73,"u2",27,73,1
73,"u2",32,126,2
73,"u2",37,179,25
73,"u2",42,87,48
73,"u2",47,33,7
73,"u2",52,24,0
73,"u3",7,4,0
73,"u3",12,14,3
73,"u3",17,37,0
73,"u3",22,208,1
73,"u3",27,144,44
73,"u3",32,74,5
73,"u3",37,13,4
73,"u3",42,3,3
73,"u3",47,0,2
73,"u3",52,0,0
73,"u4",7,13,0
73,"u4",12,16,0
73,"u4",17,24,0
73,"u4",22,149,0
73,"u4",27,197,0
73,"u4",32,204,24
73,"u4",37,131,274
73,"u4",42,44,4
73,"u4",47,5,1
73,"u4",52,7,4
73,"u5",7,10,0
73,"u5",12,12,0
73,"u5",17,47,0
73,"u5",22,186,0
73,"u5",27,143,0
73,"u5",32,195,23
73,"u5",37,224,12
73,"u5",42,113,22
73,"u5",47,18,3
73,"u5",52,24,4
73,"u6",7,4,0
73,"u6",12,17,0
73,"u6",17,242,0
73,"u6",22,181,0
73,"u6",27,479,3
73,"u6",32,136,40
73,"u6",37,45,15
73,"u6",42,51,50
73,"u6",47,39,2
73,"u6",52,10,4
73,"u7",7,5,0
73,"u7",12,17,0
73,"u7",17,37,0
73,"u7",22,71,0
73,"u7",27,133,0
73,"u7",32,92,26
73,"u7",37,83,5
73,"u7",42,25,0
73,"u7",47,10,2
73,"u7",52,10,5
73,"u8",7,6,0
73,"u8",12,15,0
73,"u8",17,54,15
73,"u8",22,63,12
73,"u8",27,124,1
73,"u8",32,86,14
73,"u8",37,67,14
73,"u8",42,13,13
73,"u8",47,15,0
73,"u8",52,22,1
74,"u1",7,2,0
74,"u1",12,18,0
74,"u1",17,51,0
74,"u1",22,113,0
74,"u1",27,141,1
74,"u1",32,213,16
74,"u1",37,198,333
74,"u1",42,46,7
74,"u1",47,85,4
74,"u1",52,102,2
74,"u2",7,6,1
74,"u2",12,13,0
74,"u2",17,51,0
74,"u2",22,126,0
74,"u2",27,188,9
74,"u2",32,385,79
74,"u2",37,94,25
74,"u2",42,43,4
74,"u2",47,12,4
74,"u2",52,11,0
74,"u3",7,3,0
74,"u3",12,6,0
74,"u3",17,21,0
74,"u3",22,21,0
74,"u3",27,59,0
74,"u3",32,40,7
74,"u3",37,68,6
74,"u3",42,77,12
74,"u3",47,236,5
74,"u3",52,214,26
74,"u4",7,17,0
74,"u4",12,32,0
74,"u4",17,59,0
74,"u4",22,108,0
74,"u4",27,204,2
74,"u4",32,56,17
74,"u4",37,9,35
74,"u4",42,10,5
74,"u4",47,13,0
74,"u4",52,13,0
74,"u5",7,13,0
74,"u5",12,30,0
74,"u5",17,38,0
74,"u5",22,151,5
74,"u5",27,137,2
74,"u5",32,57,1
74,"u5",37,26,1
74,"u5",42,24,9
74,"u5",47,13,2
74,"u5",52,6,0
74,"u6",7,4,0
74,"u6",12,13,0
74,"u6",17,32,0
74,"u6",22,47,0
74,"u6",27,166,0
74,"u6",32,210,0
74,"u6",37,378,10
74,"u6",42,229,29
74,"u6",47,78,186
74,"u6",52,23,17
74,"u7",7,6,0
74,"u7",12,42,0
74,"u7",17,150,0
74,"u7",22,221,10
74,"u7",27,244,37
74,"u7",32,45,194
74,"u7",37,16,25
74,"u7",42,8,32
74,"u7",47,6,17
74,"u7",52,9,5
74,"u8",7,6,0
74,"u8",12,18,0
74,"u8",17,43,0
74,"u8",22,166,0
74,"u8",27,290,1
74,"u8",32,339,27
74,"u8",37,261,6
74,"u8",42,44,41
74,"u8",47,4,8
74,"u8",52,4,1
75,"u1",7,4,0
75,"u1",12,10,0
75,"u1",17,26,0
75,"u1",22,74,0
75,"u1",27,113,0
75,"u1",32,258,1
75,"u1",37,281,5
75,"u1",42,250,9
75,"u1",47,188,122
75,"u1",52,82,12
75,"u2",7,3,0
75,"u2",12,18,0
75,"u2",17,40,2
75,"u2",22,67,1
75,"u2",27,212,0
75,"u2",32,89,33
75,"u2",37,120,8
75,"u2",42,16,16
75,"u2",47,32,0
75,"u2",52,43,8
75,"u3",7,8,0
75,"u3",12,23,0
75,"u3",17,23,2
75,"u3",22,39,0
75,"u3",27,30,0
75,"u3",32,55,0
75,"u3",37,88,2
75,"u3",42,119,37
75,"u3",47,42,12
75,"u3",52,12,5
75,"u4",7,2,0
75,"u4",12,12,0
75,"u4",17,16,0
75,"u4",22,53,0
75,"u4",27,101,0
75,"u4",32,136,0
75,"u4",37,205,1
75,"u4",42,185,15
75,"u4",47,73,12
75,"u4",52,13,2
75,"u5",7,4,0
75,"u5",12,12,0
75,"u5",17,44,8
75,"u5",22,59,0
75,"u5",27,304,3
75,"u5",32,123,39
75,"u5",37,48,64
75,"u5",42,23,3
75,"u5",47,6,1
75,"u5",52,7,2
75,"u6",7,14,0
75,"u6",12,12,2
75,"u6",17,18,0
75,"u6",22,30,1
75,"u6",27,74,3
75,"u6",32,46,25
75,"u6",37,25,11
75,"u6",42,17,2
75,"u6",47,21,0
75,"u6",52,21,1
75,"u7",7,1,0
75,"u7",12,6,0
75,"u7",17,53,0
75,"u7",22,149,2
75,"u7",27,226,3
75,"u7",32,159,24
75,"u7",37,54,8
75,"u7",42,40,1
75,"u7",47,64,6
75,"u7",52,33,0
75,"u8",7,9,0
75,"u8",12,30,0
75,"u8",17,28,0
75,"u8",22,126,2
75,"u8",27,137,6
75,"u8",32,162,17
75,"u8",37,62,90
75,"u8",42,7,1
75,"u8",47,7,3
75,"u8",52,16,0
76,"u1",7,5,0
76,"u1",12,16,0
76,"u1",17,28,0
76,"u1",22,78,0
76,"u1",27,235,0
76,"u1",32,300,13
76,"u1",37,131,97
76,"u1",42,69,7
76,"u1",47,78,33
76,"u1",52,32,3
76,"u2",7,3,0
76,"u2",12,18,0
76,"u2",17,42,0
76,"u2",22,117,0
76,"u2",27,150,0
76,"u2",32,153,3
76,"u2",37,416,133
76,"u2",42,166,218
76,"u2",47,109,43
76,"u2",52,70,32
76,"u3",7,8,0
76,"u3",12,45,0
76,"u3",17,76,1
76,"u3",22,313,57
76,"u3",27,112,62
76,"u3",32,33,112
76,"u3",37,29,9
76,"u3",42,9,1
76,"u3",47,4,15
76,"u3",52,12,4
76,"u4",7,3,0
76,"u4",12,19,0
76,"u4",17,28,0
76,"u4",22,105,1
76,"u4",27,214,10
76,"u4",32,157,42
76,"u4",37,84,6
76,"u4",42,48,9
76,"u4",47,23,6
76,"u4",52,10,13
76,"u5",7,5,0
76,"u5",12,15,0
76,"u5",17,25,0
76,"u5",22,94,1
76,"u5",27,79,0
76,"u5",32,103,1
76,"u5",37,118,65
76,"u5",42,110,61
76,"u5",47,22,15
76,"u5",52,6,4
76,"u6",7,2,0
76,"u6",12,7,0
76,"u6",17,21,4
76,"u6",22,38,0
76,"u6",27,52,0
76,"u6",32,132,1
76,"u6",37,193,7
76,"u6",42,191,140
76,"u6",47,112,48
76,"u6",52,52,11
76,"u7",7,13,0
76,"u7",12,20,0
76,"u7",17,29,2
76,"u7",22,58,6
76,"u7",27,178,17
76,"u7",32,62,4
76,"u7",37,49,1
76,"u7",42,41,13
76,"u7",47,19,7
76,"u7",52,13,0
76,"u8",7,6,2
76,"u8",12,20,0
76,"u8",17,70,0
76,"u8",22,88,0
76,"u8",27,77,9
76,"u8",32,97,6
76,"u8",37,142,26
76,"u8",42,58,36
76,"u8",47,20,11
76,"u8",52,7,0
77,"u1",7,7,0
77,"u1",12,14,0
77,"u1",17,27,0
77,"u1",22,78,0
77,"u1",27,133,4
77,"u1",32,75,11
77,"u1",37,33,25
77,"u1",42,11,3
77,"u1",47,8,0
77,"u1",52,9,0
77,"u2",7,9,0
77,"u2",12,19,0
77,"u2",17,60,0
77,"u2",22,54,0
77,"u2",27,151,0
77,"u2",32,163,0
77,"u2",37,265,1
77,"u2",42,424,183
77,"u2",47,162,13
77,"u2",52,27,9
77,"u3",7,8,0
77,"u3",12,14,0
77,"u3",17,47,0
77,"u3",22,94,0
77,"u3",27,171,2
77,"u3",32,204,0
77,"u3",37,146,91
77,"u3",42,50,9
77,"u3",47,13,0
77,"u3",52,8,6
77,"u4",7,11,0
77,"u4",12,25,0
77,"u4",17,118,0
77,"u4",22,247,1
77,"u4",27,461,1
77,"u4",32,672,91
77,"u4",37,58,38
77,"u4",42,24,36
77,"u4",47,12,0
77,"u4",52,23,0
77,"u5",7,4,0
77,"u5",12,16,0
77,"u5",17,31,2
77,"u5",22,74,2
77,"u5",27,41,1
77,"u5",32,162,1
77,"u5",37,178,6
77,"u5",42,52,126
77,"u5",47,24,26
77,"u5",52,31,2
77,"u6",7,2,0
77,"u6",12,18,0
77,"u6",17,40,0
77,"u6",22,61,0
77,"u6",27,99,4
77,"u6",32,228,93
77,"u6",37,337,45
77,"u6",42,102,14
77,"u6",47,17,12
77,"u6",52,9,4
77,"u7",7,6,0
77,"u7",12,23,0
77,"u7",17,50,0
77,"u7",22,141,0
77,"u7",27,278,5
77,"u7",32,186,44
77,"u7",37,62,30
77,"u7",42,15,10
77,"u7",47,2,0
77,"u7",52,4,0
77,"u8",7,10,0
77,"u8",12,4,0
77,"u8",17,21,1
77,"u8",22,54,0
77,"u8",27,242,14
77,"u8",32,178,3
77,"u8",37,152,34
77,"u8",42,74,18
77,"u8",47,82,3
77,"u8",52,138,1
78,"u1",7,2,0
78,"u1",12,18,0
78,"u1",17,17,0
78,"u1",22,49,2
78,"u1",27,78,0
78,"u1",32,101,3
78,"u1",37,108,10
78,"u1",42,61,21
78,"u1",47,18,142
78,"u1",52,8,5
78,"u2",7,5,0
78,"u2",12,25,0
78,"u2",17,76,0
78,"u2",22,82,0
78,"u2",27,234,13
78,"u2",32,127,28
78,"u2",37,53,15
78,"u2",42,25,0
78,"u2",47,32,4
78,"u2",52,29,15
78,"u3",7,4,0
78,"u3",12,14,0
78,"u3",17,36,0
78,"u3",22,88,0
78,"u3",27,115,0
78,"u3",32,248,0
78,"u3",37,263,9
78,"u3",42,146,9
78,"u3",47,79,7
78,"u3",52,34,55
78,"u4",7,6,0
78,"u4",12,13,0
78,"u4",17,47,0
78,"u4",22,68,0
78,"u4",27,248,0
78,"u4",32,160,193
78,"u4",37,160,70
78,"u4",42,87,47
78,"u4",47,43,1
78,"u4",52,46,0
78,"u5",7,5,0
78,"u5",12,16,0
78,"u5",17,21,0
78,"u5",22,143,0
78,"u5",27,169,1
78,"u5",32,331,1
78,"u5",37,297,8
78,"u5",42,209,136
78,"u5",47,52,77
78,"u5",52,16,4
78,"u6",7,9,0
78,"u6",12,19,0
78,"u6",17,55,0
78,"u6",22,113,0
78,"u6",27,122,11
78,"u6",32,145,65
78,"u6",37,101,1
78,"u6",42,98,3
78,"u6",47,18,95
78,"u6",52,6,5
78,"u7",7,5,0
78,"u7",12,27,0
78,"u7",17,35,0
78,"u7",22,67,0
78,"u7",27,90,3
78,"u7",32,205,2
78,"u7",37,184,2
78,"u7",42,58,3
78,"u7",47,53,15
78,"u7",52,115,2
78,"u8",7,6,0
78,"u8",12,14,0
78,"u8",17,60,0
78,"u8",22,117,1
78,"u8",27,222,0
78,"u8",32,137,5
78,"u8",37,54,16
78,"u8",42,20,1
78,"u8",47,20,2
78,"u8",52,29,3
79,"u1",7,3,0
79,"u1",12,13,0
79,"u1",17,36,0
79,"u1",22,95,0
79,"u1",27,166,0
79,"u1",32,74,126
79,"u1",37,33,38
79,"u1",42,38,5
79,"u1",47,96,28
79,"u1",52,63,8
79,"u2",7,10,0
79,"u2",12,9,0
79,"u2",17,26,0
79,"u2",22,57,0
79,"u2",27,86,0
79,"u2",32,258,2
79,"u2",37,161,12
79,"u2",42,77,96
79,"u2",47,42,9
79,"u2",52,47,4
79,"u3",7,7,0
79,"u3",12,15,0
79,"u3",17,68,0
79,"u3",22,93,1
79,"u3",27,312,0
79,"u3",32,132,9
79,"u3",37,127,178
79,"u3",42,20,15
79,"u3",47,24,0
79,"u3",52,56,1
79,"u4",7,12,0
79,"u4",12,14,0
79,"u4",17,28,0
79,"u4",22,31,0
79,"u4",27,95,0
79,"u4",32,128,0
79,"u4",37,240,0
79,"u4",42,197,1
79,"u4",47,291,0
79,"u4",52,232,4
79,"u5",7,10,0
79,"u5",12,11,0
79,"u5",17,27,0
79,"u5",22,81,0
79,"u5",27,70,3
79,"u5",32,133,22
79,"u5",37,78,24
79,"u5",42,46,13
79,"u5",47,11,3
79,"u5",52,15,2
79,"u6",7,6,0
79,"u6",12,22,1
79,"u6",17,31,0
79,"u6",22,55,0
79,"u6",27,126,0
79,"u6",32,187,2
79,"u6",37,329,0
79,"u6",42,216,17
79,"u6",47,160,38
79,"u6",52,80,14
79,"u7",7,3,0
79,"u7",12,13,2
79,"u7",17,52,3
79,"u7",22,144,2
79,"u7",27,154,0
79,"u7",32,61,77
79,"u7",37,19,15
79,"u7",42,8,7
79,"u7",47,5,3
79,"u7",52,5,1
79,"u8",7,4,0
79,"u8",12,29,0
79,"u8",17,58,1
79,"u8",22,92,15
79,"u8",27,49,0
79,"u8",32,11,40
79,"u8",37,8,0
79,"u8",42,12,1
79,"u8",47,13,1
79,"u8",52,28,1
80,"u1",7,3,0
80,"u1",12,7,0
80,"u1",17,36,0
80,"u1",22,70,0
80,"u1",27,104,0
80,"u1",32,92,0
80,"u1",37,205,1
80,"u1",42,133,4
80,"u1",47,70,21
80,"u1",52,40,110
80,"u2",7,18,0
80,"u2",12,27,0
80,"u2",17,36,0
80,"u2",22,33,0
80,"u2",27,116,3
80,"u2",32,116,3
80,"u2",37,81,3
80,"u2",42,45,97
80,"u2",47,32,5
80,"u2",52,25,1
80,"u3",7,14,0
80,"u3",12,30,1
80,"u3",17,24,0
80,"u3",22,87,0
80,"u3",27,108,75
80,"u3",32,49,8
80,"u3",37,66,5
80,"u3",42,57,34
80,"u3",47,32,16
80,"u3",52,50,10
80,"u4",7,8,0
80,"u4",12,7,0
80,"u4",17,26,0
80,"u4",22,40,6
80,"u4",27,113,23
80,"u4",32,88,121
80,"u4",37,68,2
80,"u4",42,47,0
80,"u4",47,29,8
80,"u4",52,35,6
80,"u5",7,6,0
80,"u5",12,9,0
80,"u5",17,43,0
80,"u5",22,116,0
80,"u5",27,146,0
80,"u5",32,217,170
80,"u5",37,52,20
80,"u5",42,30,2
80,"u5",47,15,2
80,"u5",52,2,2
80,"u6",7,5,0
80,"u6",12,26,0
80,"u6",17,61,0
80,"u6",22,105,0
80,"u6",27,80,0
80,"u6",32,43,9
80,"u6",37,23,3
80,"u6",42,24,2
80,"u6",47,41,2
80,"u6",52,68,1
80,"u7",7,7,0
80,"u7",12,38,0
80,"u7",17,52,2
80,"u7",22,67,4
80,"u7",27,155,4
80,"u7",32,160,6
80,"u7",37,105,10
80,"u7",42,21,1
80,"u7",47,18,0
80,"u7",52,21,0
80,"u8",7,4,0
80,"u8",12,37,0
80,"u8",17,66,0
80,"u8",22,123,0
80,"u8",27,129,0
80,"u8",32,193,3
80,"u8",37,151,1
80,"u8",42,85,28
80,"u8",47,106,8
80,"u8",52,96,65
81,"u1",7,7,0
81,"u1",12,19,0
81,"u1",17,23,0
81,"u1",22,37,0
81,"u1",27,151,2
81,"u1",32,165,7
81,"u1",37,169,42
81,"u1",42,27,11
81,"u1",47,12,2
81,"u1",52,2,54
81,"u2",7,10,0
81,"u2",12,14,0
81,"u2",17,58,0
81,"u2",22,102,10
81,"u2",27,115,18
81,"u2",32,62,1
81,"u2",37,20,1
81,"u2",42,4,15
81,"u2",47,5,5
81,"u2",52,3,0
81,"u3",7,10,0
81,"u3",12,22,0
81,"u3",17,31,0
81,"u3",22,111,0
81,"u3",27,64,0
81,"u3",32,163,24
81,"u3",37,178,2
81,"u3",42,33,30
81,"u3",47,9,5
81,"u3",52,2,6
81,"u4",7,7,0
81,"u4",12,19,0
81,"u4",17,100,0
81,"u4",22,223,3
81,"u4",27,191,5
81,"u4",32,378,40
81,"u4",37,94,8
81,"u4",42,44,33
81,"u4",47,79,41
81,"u4",52,144,2
81,"u5",7,13,0
81,"u5",12,17,0
81,"u5",17,40,0
81,"u5",22,115,0
81,"u5",27,254,2
81,"u5",32,303,32
81,"u5",37,117,100
81,"u5",42,29,8
81,"u5",47,19,16
81,"u5",52,20,6
81,"u6",7,18,2
81,"u6",12,45,0
81,"u6",17,90,3
81,"u6",22,46,17
81,"u6",27,70,16
81,"u6",32,50,17
81,"u6",37,34,1
81,"u6",42,29,2
81,"u6",47,27,1
81,"u6",52,25,1
81,"u7",7,7,0
81,"u7",12,11,0
81,"u7",17,27,0
81,"u7",22,69,1
81,"u7",27,81,1
81,"u7",32,49,12
81,"u7",37,21,45
81,"u7",42,4,1
81,"u7",47,0,1
81,"u7",52,8,0
81,"u8",7,1,0
81,"u8",12,34,0
81,"u8",17,41,1
81,"u8",22,66,0
81,"u8",27,125,2
81,"u8",32,248,2
81,"u8",37,174,95
81,"u8",42,70,166
81,"u8",47,9,180
81,"u8",52,7,6
82,"u1",7,9,0
82,"u1",12,36,1
82,"u1",17,48,1
82,"u1",22,112,5
82,"u1",27,101,6
82,"u1",32,190,2
82,"u1",37,26,8
82,"u1",42,17,2
82,"u1",47,19,2
82,"u1",52,18,8
82,"u2",7,4,0
82,"u2",12,11,0
82,"u2",17,17,1
82,"u2",22,126,0
82,"u2",27,207,2
82,"u2",32,223,58
82,"u2",37,137,19
82,"u2",42,21,34
82,"u2",47,10,12
82,"u2",52,4,0
82,"u3",7,7,0
82,"u3",12,12,0
82,"u3",17,114,0
82,"u3",22,213,17
82,"u3",27,182,37
82,"u3",32,132,300
82,"u3",37,68,33
82,"u3",42,47,0
82,"u3",47,8,0
82,"u3",52,4,1
82,"u4",7,6,0
82,"u4",12,17,0
82,"u4",17,13,0
82,"u4",22,125,0
82,"u4",27,152,3
82,"u4",32,225,131
82,"u4",37,51,23
82,"u4",42,35,11
82,"u4",47,98,0
82,"u4",52,39,13
82,"u5",7,4,0
82,"u5",12,38,0
82,"u5",17,64,1
82,"u5",22,282,1
82,"u5",27,134,114
82,"u5",32,53,235
82,"u5",37,9,7
82,"u5",42,6,12
82,"u5",47,4,6
82,"u5",52,4,0
82,"u6",7,5,0
82,"u6",12,22,0
82,"u6",17,42,0
82,"u6",22,62,8
82,"u6",27,78,5
82,"u6",32,27,7
82,"u6",37,8,7
82,"u6",42,15,3
82,"u6",47,23,5
82,"u6",52,17,3
82,"u7",7,9,0
82,"u7",12,9,0
82,"u7",17,47,0
82,"u7",22,112,0
82,"u7",27,122,0
82,"u7",32,366,0
82,"u7",37,514,75
82,"u7",42,163,229
82,"u7",47,95,19
82,"u7",52,16,4
82,"u8",7,16,0
82,"u8",12,24,0
82,"u8",17,58,0
82,"u8",22,127,0
82,"u8",27,157,0
82,"u8",32,253,11
82,"u8",37,92,49
82,"u8",42,22,16
82,"u8",47,11,24
82,"u8",52,2,2
83,"u1",7,7,1
83,"u1",12,22,0
83,"u1",17,67,1
83,"u1",22,80,1
83,"u1",27,274,0
83,"u1",32,352,3
83,"u1",37,300,15
83,"u1",42,180,29
83,"u1",47,45,2
83,"u1",52,48,0
83,"u2",7,7,0
83,"u2",12,11,0
83,"u2",17,38,0
83,"u2",22,83,3
83,"u2",27,181,18
83,"u2",32,207,92
83,"u2",37,135,68
83,"u2",42,53,175
83,"u2",47,9,48
83,"u2",52,14,14
83,"u3",7,5,0
83,"u3",12,14,0
83,"u3",17,27,0
83,"u3",22,70,1
83,"u3",27,347,13
83,"u3",32,125,66
83,"u3",37,31,6
83,"u3",42,9,2
83,"u3",47,3,0
83,"u3",52,2,0
83,"u4",7,7,0
83,"u4",12,23,0
83,"u4",17,52,0
83,"u4",22,78,0
83,"u4",27,118,11
83,"u4",32,126,35
83,"u4",37,87,19
83,"u4",42,57,3
83,"u4",47,39,0
83,"u4",52,20,5
83,"u5",7,7,0
83,"u5",12,16,0
83,"u5",17,49,1
83,"u5",22,146,10
83,"u5",27,229,6
83,"u5",32,208,60
83,"u5",37,89,113
83,"u5",42,19,6
83,"u5",47,29,2
83,"u5",52,28,75
83,"u6",7,13,0
83,"u6",12,37,2
83,"u6",17,37,0
83,"u6",22,142,1
83,"u6",27,177,12
83,"u6",32,116,2
83,"u6",37,44,43
83,"u6",42,17,14
83,"u6",47,17,2
83,"u6",52,6,42
83,"u7",7,7,0
83,"u7",12,15,1
83,"u7",17,23,0
83,"u7",22,83,4
83,"u7",27,115,10
83,"u7",32,178,4
83,"u7",37,167,9
83,"u7",42,81,16
83,"u7",47,34,40
83,"u7",52,13,0
83,"u8",7,8,0
83,"u8",12,13,0
83,"u8",17,35,0
83,"u8",22,81,0
83,"u8",27,135,38
83,"u8",32,73,1
83,"u8",37,40,53
83,"u8",42,8,1
83,"u8",47,16,2
83,"u8",52,24,0
84,"u1",7,12,0
84,"u1",12,95,0
84,"u1",17,205,0
84,"u1",22,206,7
84,"u1",27,87,37
84,"u1",32,16,0
84,"u1",37,17,3
84,"u1",42,6,5
84,"u1",47,10,2
84,"u1",52,10,0
84,"u2",7,3,0
84,"u2",12,17,0
84,"u2",17,39,0
84,"u2",22,80,0
84,"u2",27,81,0
84,"u2",32,189,11
84,"u2",37,38,8
84,"u2",42,5,4
84,"u2",47,8,0
84,"u2",52,13,5
84,"u3",7,5,0
84,"u3",12,11,0
84,"u3",17,21,0
84,"u3",22,53,0
84,"u3",27,127,0
84,"u3",32,160,0
84,"u3",37,153,0
84,"u3",42,281,4
84,"u3",47,235,14
84,"u3",52,93,16
84,"u4",7,4,0
84,"u4",12,11,0
84,"u4",17,49,0
84,"u4",22,229,0
84,"u4",27,256,1
84,"u4",32,214,23
84,"u4",37,59,29
84,"u4",42,48,4
84,"u4",47,18,5
84,"u4",52,22,4
84,"u5",7,6,0
84,"u5",12,6,0
84,"u5",17,14,0
84,"u5",22,16,0
84,"u5",27,79,0
84,"u5",32,72,3
84,"u5",37,137,3
84,"u5",42,142,44
84,"u5",47,63,10
84,"u5",52,44,3
84,"u6",7,7,0
84,"u6",12,13,0
84,"u6",17,14,0
84,"u6",22,32,0
84,"u6",27,83,0
84,"u6",32,76,0
84,"u6",37,142,0
84,"u6",42,160,49
84,"u6",47,33,2
84,"u6",52,20,15
84,"u7",7,4,0
84,"u7",12,10,0
84,"u7",17,10,0
84,"u7",22,18,0
84,"u7",27,69,0
84,"u7",32,287,0
84,"u7",37,266,10
84,"u7",42,167,24
84,"u7",47,64,3
84,"u7",52,64,0
84,"u8",7,9,0
84,"u8",12,23,0
84,"u8",17,61,0
84,"u8",22,74,0
84,"u8",27,79,4
84,"u8",32,326,0
84,"u8",37,145,2
84,"u8",42,96,104
84,"u8",47,14,108
84,"u8",52,15,0
85,"u1",7,4,0
85,"u1",12,18,0
85,"u1",17,57,0
85,"u1",22,96,1
85,"u1",27,111,4
85,"u1",32,130,1
85,"u1",37,184,7
85,"u1",42,162,35
85,"u1",47,108,66
85,"u1",52,14,3
85,"u2",7,6,0
85,"u2",12,14,0
85,"u2",17,11,0
85,"u2",22,49,0
85,"u2",27,115,0
85,"u2",32,277,8
85,"u2",37,123,5
85,"u2",42,49,19
85,"u2",47,17,31
85,"u2",52,3,1
85,"u3",7,8,0
85,"u3",12,13,0
85,"u3",17,40,0
85,"u3",22,63,0
85,"u3",27,110,0
85,"u3",32,272,10
85,"u3",37,190,24
85,"u3",42,64,19
85,"u3",47,30,4
85,"u3",52,14,22
85,"u4",7,5,0
85,"u4",12,19,0
85,"u4",17,42,1
85,"u4",22,89,9
85,"u4",27,71,2
85,"u4",32,65,121
85,"u4",37,34,0
85,"u4",42,32,5
85,"u4",47,15,4
85,"u4",52,0,12
85,"u5",7,4,0
85,"u5",12,16,1
85,"u5",17,45,0
85,"u5",22,45,0
85,"u5",27,113,0
85,"u5",32,92,4
85,"u5",37,89,0
85,"u5",42,71,5
85,"u5",47,46,8
85,"u5",52,22,3
85,"u6",7,1,0
85,"u6",12,10,0
85,"u6",17,30,0
85,"u6",22,64,0
85,"u6",27,179,3
85,"u6",32,279,13
85,"u6",37,169,62
85,"u6",42,83,85
85,"u6",47,58,9
85,"u6",52,99,0
85,"u7",7,11,0
85,"u7",12,25,0
85,"u7",17,75,0
85,"u7",22,132,0
85,"u7",27,208,1
85,"u7",32,164,15
85,"u7",37,200,0
85,"u7",42,68,1
85,"u7",47,30,0
85,"u7",52,52,5
85,"u8",7,4,0
85,"u8",12,36,0
85,"u8",17,27,0
85,"u8",22,80,2
85,"u8",27,114,1
85,"u8",32,52,42
85,"u8",37,43,22
85,"u8",42,21,0
85,"u8",47,14,1
85,"u8",52,10,0
86,"u1",7,5,0
86,"u1",12,9,0
86,"u1",17,96,0
86,"u1",22,161,1
86,"u1",27,208,10
86,"u1",32,228,198
86,"u1",37,120,1
86,"u1",42,19,11
86,"u1",47,7,6
86,"u1",52,4,33
86,"u2",7,4,0
86,"u2",12,34,2
86,"u2",17,151,0
86,"u2",22,323,6
86,"u2",27,130,16
86,"u2",32,17,0
86,"u2",37,6,26
86,"u2",42,1,3
86,"u2",47,0,0
86,"u2",52,0,0
86,"u3",7,11,0
86,"u3",12,39,0
86,"u3",17,22,0
86,"u3",22,113,1
86,"u3",27,183,12
86,"u3",32,60,93
86,"u3",37,30,10
86,"u3",42,6,12
86,"u3",47,10,1
86,"u3",52,5,0
86,"u4",7,5,0
86,"u4",12,6,0
86,"u4",17,58,2
86,"u4",22,109,5
86,"u4",27,138,13
86,"u4",32,99,6
86,"u4",37,53,19
86,"u4",42,18,13
86,"u4",47,13,0
86,"u4",52,16,7
86,"u5",7,3,0
86,"u5",12,21,0
86,"u5",17,24,0
86,"u5",22,56,0
86,"u5",27,116,7
86,"u5",32,173,19
86,"u5",37,119,31
86,"u5",42,47,32
86,"u5",47,24,8
86,"u5",52,43,0
86,"u6",7,5,0
86,"u6",12,11,0
86,"u6",17,42,5
86,"u6",22,18,2
86,"u6",27,4,1
86,"u6",32,13,0
86,"u6",37,26,0
86,"u6",42,23,0
86,"u6",47,32,1
86,"u6",52,49,4
86,"u7",7,5,0
86,"u7",12,14,0
86,"u7",17,22,1
86,"u7",22,49,3
86,"u7",27,61,10
86,"u7",32,92,11
86,"u7",37,112,3
86,"u7",42,33,58
86,"u7",47,5,4
86,"u7",52,12,4
86,"u8",7,2,0
86,"u8",12,12,0
86,"u8",17,46,0
86,"u8",22,37,3
86,"u8",27,117,0
86,"u8",32,195,1
86,"u8",37,265,3
86,"u8",42,119,2
86,"u8",47,114,10
86,"u8",52,70,26
87,"u1",7,10,0
87,"u1",12,13,0
87,"u1",17,18,0
87,"u1",22,72,0
87,"u1",27,145,3
87,"u1",32,171,12
87,"u1",37,114,221
87,"u1",42,45,3
87,"u1",47,21,2
87,"u1",52,17,2
87,"u2",7,5,0
87,"u2",12,19,0
87,"u2",17,60,6
87,"u2",22,63,5
87,"u2",27,23,4
87,"u2",32,3,2
87,"u2",37,0,2
87,"u2",42,0,0
87,"u2",47,0,0
87,"u2",52,0,0
87,"u3",7,6,0
87,"u3",12,18,0
87,"u3",17,39,0
87,"u3",22,38,0
87,"u3",27,121,0
87,"u3",32,77,5
87,"u3",37,92,9
87,"u3",42,76,1
87,"u3",47,4,22
87,"u3",52,10,0
87,"u4",7,7,0
87,"u4",12,7,0
87,"u4",17,93,0
87,"u4",22,151,0
87,"u4",27,153,2
87,"u4",32,206,0
87,"u4",37,345,5
87,"u4",42,209,30
87,"u4",47,64,128
87,"u4",52,21,56
87,"u5",7,12,0
87,"u5",12,38,1
87,"u5",17,68,2
87,"u5",22,64,139
87,"u5",27,62,13
87,"u5",32,241,19
87,"u5",37,170,102
87,"u5",42,103,3
87,"u5",47,27,2
87,"u5",52,6,3
87,"u6",7,9,0
87,"u6",12,58,0
87,"u6",17,50,0
87,"u6",22,114,1
87,"u6",27,148,4
87,"u6",32,66,7
87,"u6",37,16,4
87,"u6",42,10,0
87,"u6",47,8,0
87,"u6",52,4,0
87,"u7",7,9,0
87,"u7",12,25,0
87,"u7",17,74,1
87,"u7",22,57,0
87,"u7",27,141,3
87,"u7",32,131,2
87,"u7",37,156,17
87,"u7",42,35,8
87,"u7",47,8,5
87,"u7",52,2,0
87,"u8",7,1,0
87,"u8",12,17,0
87,"u8",17,39,0
87,"u8",22,111,0
87,"u8",27,261,2
87,"u8",32,320,11
87,"u8",37,141,1
87,"u8",42,29,167
87,"u8",47,11,3
87,"u8",52,9,0
88,"u1",7,9,1
88,"u1",12,27,0
88,"u1",17,68,0
88,"u1",22,107,0
88,"u1",27,103,0
88,"u1",32,161,15
88,"u1",37,52,19
88,"u1",42,1,3
88,"u1",47,0,0
88,"u1",52,0,0
88,"u2",7,11,0
88,"u2",12,17,0
88,"u2",17,79,1
88,"u2",22,108,3
88,"u2",27,129,38
88,"u2",32,115,23
88,"u2",37,28,2
88,"u2",42,24,0
88,"u2",47,30,4
88,"u2",52,21,1
88,"u3",7,8,0
88,"u3",12,20,0
88,"u3",17,23,0
88,"u3",22,71,1
88,"u3",27,220,8
88,"u3",32,114,2
88,"u3",37,33,30
88,"u3",42,17,7
88,"u3",47,51,11
88,"u3",52,49,3
88,"u4",7,5,0
88,"u4",12,41,0
88,"u4",17,29,0
88,"u4",22,52,0
88,"u4",27,149,0
88,"u4",32,194,0
88,"u4",37,153,9
88,"u4",42,68,43
88,"u4",47,32,2
88,"u4",52,42,7
88,"u5",7,2,0
88,"u5",12,8,0
88,"u5",17,25,0
88,"u5",22,61,0
88,"u5",27,114,1
88,"u5",32,84,3
88,"u5",37,49,29
88,"u5",42,36,2
88,"u5",47,31,1
88,"u5",52,38,1
88,"u6",7,14,0
88,"u6",12,16,1
88,"u6",17,97,0
88,"u6",22,145,27
88,"u6",27,105,3
88,"u6",32,185,56
88,"u6",37,22,16
88,"u6",42,2,12
88,"u6",47,4,0
88,"u6",52,0,0
88,"u7",7,6,0
88,"u7",12,11,0
88,"u7",17,46,1
88,"u7",22,71,0
88,"u7",27,216,11
88,"u7",32,143,101
88,"u7",37,45,29
88,"u7",42,30,6
88,"u7",47,9,26
88,"u7",52,1,0
88,"u8",7,4,0
88,"u8",12,11,1
88,"u8",17,67,3
88,"u8",22,127,0
88,"u8",27,147,2
88,"u8",32,102,13
88,"u8",37,55,3
88,"u8",42,2,0
88,"u8",47,0,0
88,"u8",52,0,0
89,"u1",7,4,0
89,"u1",12,20,0
89,"u1",17,32,1
89,"u1",22,68,0
89,"u1",27,90,0
89,"u1",32,123,0
89,"u1",37,74,66
89,"u1",42,16,14
89,"u1",47,16,26
89,"u1",52,9,27
89,"u2",7,6,0
89,"u2",12,14,0
89,"u2",17,20,0
89,"u2",22,62,0
89,"u2",27,143,0
89,"u2",32,144,6
89,"u2",37,174,6
89,"u2",42,132,43
89,"u2",47,31,12
89,"u2",52,6,8
89,"u3",7,7,0
89,"u3",12,27,0
89,"u3",17,72,0
89,"u3",22,211,0
89,"u3",27,302,0
89,"u3",32,241,64
89,"u3",37,65,0
89,"u3",42,40,3
89,"u3",47,9,11
89,"u3",52,7,7
89,"u4",7,6,0
89,"u4",12,17,0
89,"u4",17,25,0
89,"u4",22,70,1
89,"u4",27,151,1
89,"u4",32,115,11
89,"u4",37,71,22
89,"u4",42,15,0
89,"u4",47,12,2
89,"u4",52,14,0
89,"u5",7,6,0
89,"u5",12,20,0
89,"u5",17,25,0
89,"u5",22,66,0
89,"u5",27,156,2
89,"u5",32,313,1
89,"u5",37,277,1
89,"u5",42,247,16
89,"u5",47,25,8
89,"u5",52,17,6
89,"u6",7,7,0
89,"u6",12,20,0
89,"u6",17,27,2
89,"u6",22,66,3
89,"u6",27,15,33
89,"u6",32,24,4
89,"u6",37,13,0
89,"u6",42,6,1
89,"u6",47,39,0
89,"u6",52,18,12
89,"u7",7,8,0
89,"u7",12,8,0
89,"u7",17,24,0
89,"u7",22,82,0
89,"u7",27,109,0
89,"u7",32,187,0
89,"u7",37,287,5
89,"u7",42,287,178
89,"u7",47,159,50
89,"u7",52,24,120
89,"u8",7,6,0
89,"u8",12,11,0
89,"u8",17,19,0
89,"u8",22,20,2
89,"u8",27,23,2
89,"u8",32,39,8
89,"u8",37,41,25
89,"u8",42,12,19
89,"u8",47,1,2
89,"u8",52,1,0
90,"u1",7,8,0
90,"u1",12,22,0
90,"u1",17,42,1
90,"u1",22,77,0
90,"u1",27,123,0
90,"u1",32,137,3
90,"u1",37,146,0
90,"u1",42,96,9
90,"u1",47,22,5
90,"u1",52,9,32
90,"u2",7,4,0
90,"u2",12,21,0
90,"u2",17,36,0
90,"u2",22,46,2
90,"u2",27,126,0
90,"u2",32,134,0
90,"u2",37,152,0
90,"u2",42,155,1
90,"u2",47,84,27
90,"u2",52,148,1
90,"u3",7,8,0
90,"u3",12,16,0
90,"u3",17,13,1
90,"u3",22,64,0
90,"u3",27,124,0
90,"u3",32,124,46
90,"u3",37,73,8
90,"u3",42,19,17
90,"u3",47,19,1
90,"u3",52,12,2
90,"u4",7,5,0
90,"u4",12,11,0
90,"u4",17,49,0
90,"u4",22,145,0
90,"u4",27,287,0
90,"u4",32,232,19
90,"u4",37,123,9
90,"u4",42,64,4
90,"u4",47,6,7
90,"u4",52,3,1
90,"u5",7,11,0
90,"u5",12,20,0
90,"u5",17,59,0
90,"u5",22,58,0
90,"u5",27,108,3
90,"u5",32,138,13
90,"u5",37,146,36
90,"u5",42,103,1
90,"u5",47,46,26
90,"u5",52,53,0
90,"u6",7,4,0
90,"u6",12,9,0
90,"u6",17,38,0
90,"u6",22,218,0
90,"u6",27,95,1
90,"u6",32,124,109
90,"u6",37,26,5
90,"u6",42,6,1
90,"u6",47,6,3
90,"u6",52,2,0
90,"u7",7,4,0
90,"u7",12,26,0
90,"u7",17,127,2
90,"u7",22,334,0
90,"u7",27,293,20
90,"u7",32,113,74
90,"u7",37,67,20
90,"u7",42,59,21
90,"u7",47,31,4
90,"u7",52,45,3
90,"u8",7,4,0
90,"u8",12,7,0
90,"u8",17,25,0
90,"u8",22,55,0
90,"u8",27,143,0
90,"u8",32,159,0
90,"u8",37,218,4
90,"u8",42,193,7
90,"u8",47,145,6
90,"u8",52,167,0
91,"u1",7,11,0
91,"u1",12,16,0
91,"u1",17,38,0
91,"u1",22,66,1
91,"u1",27,149,0
91,"u1",32,86,4
91,"u1",37,40,2
91,"u1",42,8,0
91,"u1",47,6,5
91,"u1",52,0,0
91,"u2",7,6,0
91,"u2",12,30,0
91,"u2",17,32,0
91,"u2",22,62,0
91,"u2",27,95,0
91,"u2",32,258,42
91,"u2",37,72,9
91,"u2",42,23,4
91,"u2",47,15,0
91,"u2",52,8,1
91,"u3",7,9,0
91,"u3",12,36,0
91,"u3",17,50,3
91,"u3",22,155,1
91,"u3",27,149,0
91,"u3",32,207,45
91,"u3",37,98,371
91,"u3",42,17,72
91,"u3",47,27,2
91,"u3",52,25,0
91,"u4",7,2,0
91,"u4",12,6,0
91,"u4",17,19,0
91,"u4",22,36,0
91,"u4",27,86,0
91,"u4",32,110,0
91,"u4",37,154,0
91,"u4",42,105,1
91,"u4",47,189,2
91,"u4",52,60,1
91,"u5",7,9,0
91,"u5",12,12,0
91,"u5",17,56,0
91,"u5",22,133,0
91,"u5",27,138,0
91,"u5",32,132,22
91,"u5",37,171,78
91,"u5",42,60,15
91,"u5",47,13,27
91,"u5",52,9,3
91,"u6",7,3,1
91,"u6",12,11,0
91,"u6",17,19,0
91,"u6",22,24,0
91,"u6",27,42,0
91,"u6",32,162,0
91,"u6",37,141,0
91,"u6",42,98,1
91,"u6",47,23,48
91,"u6",52,9,6
91,"u7",7,5,0
91,"u7",12,17,0
91,"u7",17,55,0
91,"u7",22,129,0
91,"u7",27,169,6
91,"u7",32,68,128
91,"u7",37,29,2
91,"u7",42,30,0
91,"u7",47,50,3
91,"u7",52,29,1
91,"u8",7,5,0
91,"u8",12,8,0
91,"u8",17,74,0
91,"u8",22,139,1
91,"u8",27,189,3
91,"u8",32,279,24
91,"u8",37,149,172
91,"u8",42,92,47
91,"u8",47,51,17
91,"u8",52,17,7
92,"u1",7,3,0
92,"u1",12,8,0
92,"u1",17,20,1
92,"u1",22,65,0
92,"u1",27,123,0
92,"u1",32,68,68
92,"u1",37,15,29
92,"u1",42,19,13
92,"u1",47,10,4
92,"u1",52,2,5
92,"u2",7,4,0
92,"u2",12,13,0
92,"u2",17,33,0
92,"u2",22,57,0
92,"u2",27,207,0
92,"u2",32,161,1
92,"u2",37,145,57
92,"u2",42,42,2
92,"u2",47,26,3
92,"u2",52,22,11
92,"u3",7,10,0
92,"u3",12,14,0
92,"u3",17,40,0
92,"u3",22,94,1
92,"u3",27,100,1
92,"u3",32,165,9
92,"u3",37,114,90
92,"u3",42,74,5
92,"u3",47,47,0
92,"u3",52,27,43
92,"u4",7,8,0
92,"u4",12,21,0
92,"u4",17,35,0
92,"u4",22,18,2
92,"u4",27,66,7
92,"u4",32,41,5
92,"u4",37,19,29
92,"u4",42,12,25
92,"u4",47,11,0
92,"u4",52,28,1
92,"u5",7,5,0
92,"u5",12,8,0
92,"u5",17,14,0
92,"u5",22,40,0
92,"u5",27,57,0
92,"u5",32,150,0
92,"u5",37,322,0
92,"u5",42,393,17
92,"u5",47,204,13
92,"u5",52,88,5
92,"u6",7,7,0
92,"u6",12,22,0
92,"u6",17,33,0
92,"u6",22,162,0
92,"u6",27,307,2
92,"u6",32,221,68
92,"u6",37,38,45
92,"u6",42,68,45
92,"u6",47,21,33
92,"u6",52,4,3
92,"u7",7,8,0
92,"u7",12,7,0
92,"u7",17,50,0
92,"u7",22,44,0
92,"u7",27,63,0
92,"u7",32,104,1
92,"u7",37,87,3
92,"u7",42,170,10
92,"u7",47,44,3
92,"u7",52,16,3
92,"u8",7,2,0
92,"u8",12,37,0
92,"u8",17,33,0
92,"u8",22,70,9
92,"u8",27,115,22
92,"u8",32,92,34
92,"u8",37,81,61
92,"u8",42,28,13
92,"u8",47,43,0
92,"u8",52,73,16
93,"u1",7,4,0
93,"u1",12,14,0
93,"u1",17,37,1
93,"u1",22,75,5
93,"u1",27,62,3
93,"u1",32,76,0
93,"u1",37,31,7
93,"u1",42,28,0
93,"u1",47,10,4
93,"u1",52,3,0
93,"u2",7,8,0
93,"u2",12,20,1
93,"u2",17,52,0
93,"u2",22,116,1
93,"u2",27,163,3
93,"u2",32,126,4
93,"u2",37,171,23
93,"u2",42,101,26
93,"u2",47,24,91
93,"u2",52,11,188
93,"u3",7,2,0
93,"u3",12,15,0
93,"u3",17,15,0
93,"u3",22,23,0
93,"u3",27,70,0
93,"u3",32,117,0
93,"u3",37,151,0
93,"u3",42,134,0
93,"u3",47,112,14
93,"u3",52,105,18
93,"u4",7,7,0
93,"u4",12,10,0
93,"u4",17,48,0
93,"u4",22,94,0
93,"u4",27,73,0
93,"u4",32,72,0
93,"u4",37,264,0
93,"u4",42,117,3
93,"u4",47,104,23
93,"u4",52,38,5
93,"u5",7,4,0
93,"u5",12,30,0
93,"u5",17,53,0
93,"u5",22,166,3
93,"u5",27,206,18
93,"u5",32,121,14
93,"u5",37,18,25
93,"u5",42,2,1
93,"u5",47,6,1
93,"u5",52,5,24
93,"u6",7,5,0
93,"u6",12,22,1
93,"u6",17,58,0
93,"u6",22,155,8
93,"u6",27,243,29
93,"u6",32,168,59
93,"u6",37,53,14
93,"u6",42,59,3
93,"u6",47,39,1
93,"u6",52,43,8
93,"u7",7,4,0
93,"u7",12,6,0
93,"u7",17,32,0
93,"u7",22,84,0
93,"u7",27,104,3
93,"u7",32,140,3
93,"u7",37,73,0
93,"u7",42,55,28
93,"u7",47,12,8
93,"u7",52,5,0
93,"u8",7,15,0
93,"u8",12,25,0
93,"u8",17,28,0
93,"u8",22,115,0
93,"u8",27,156,0
93,"u8",32,226,1
93,"u8",37,374,12
93,"u8",42,221,22
93,"u8",47,161,20
93,"u8",52,56,8
94,"u1",7,2,0
94,"u1",12,25,0
94,"u1",17,96,0
94,"u1",22,165,0
94,"u1",27,249,0
94,"u1",32,203,8
94,"u1",37,92,9
94,"u1",42,39,4
94,"u1",47,19,43
94,"u1",52,6,0
94,"u2",7,4,0
94,"u2",12,5,0
94,"u2",17,30,0
94,"u2",22,107,0
94,"u2",27,66,11
94,"u2",32,234,0
94,"u2",37,200,23
94,"u2",42,71,51
94,"u2",47,32,2
94,"u2",52,70,4
94,"u3",7,6,0
94,"u3",12,16,0
94,"u3",17,46,4
94,"u3",22,82,0
94,"u3",27,73,60
94,"u3",32,8,1
94,"u3",37,5,12
94,"u3",42,5,0
94,"u3",47,5,1
94,"u3",52,6,6
94,"u4",7,6,0
94,"u4",12,5,0
94,"u4",17,19,0
94,"u4",22,60,0
94,"u4",27,67,2
94,"u4",32,101,1
94,"u4",37,133,12
94,"u4",42,46,13
94,"u4",47,13,116
94,"u4",52,12,12
94,"u5",7,10,0
94,"u5",12,16,0
94,"u5",17,84,0
94,"u5",22,254,2
94,"u5",27,70,33
94,"u5",32,44,27
94,"u5",37,26,3
94,"u5",42,38,10
94,"u5",47,28,18
94,"u5",52,31,1
94,"u6",7,9,0
94,"u6",12,25,0
94,"u6",17,46,0
94,"u6",22,136,1
94,"u6",27,174,0
94,"u6",32,108,5
94,"u6",37,101,5
94,"u6",42,71,6
94,"u6",47,53,2
94,"u6",52,16,24
94,"u7",7,19,0
94,"u7",12,22,4
94,"u7",17,133,7
94,"u7",22,142,39
94,"u7",27,83,32
94,"u7",32,39,22
94,"u7",37,22,2
94,"u7",42,3,9
94,"u7",47,0,4
94,"u7",52,0,0
94,"u8",7,8,0
94,"u8",12,17,0
94,"u8",17,59,1
94,"u8",22,123,1
94,"u8",27,101,17
94,"u8",32,129,6
94,"u8",37,44,0
94,"u8",42,12,7
94,"u8",47,11,3
94,"u8",52,18,0
95,"u1",7,8,0
95,"u1",12,12,0
95,"u1",17,31,0
95,"u1",22,44,0
95,"u1",27,85,0
95,"u1",32,131,5
95,"u1",37,142,208
95,"u1",42,125,82
95,"u1",47,80,19
95,"u1",52,107,24
95,"u2",7,2,0
95,"u2",12,24,0
95,"u2",17,25,0
95,"u2",22,104,0
95,"u2",27,292,0
95,"u2",32,159,29
95,"u2",37,117,6
95,"u2",42,15,1
95,"u2",47,0,2
95,"u2",52,0,0
95,"u3",7,0,0
95,"u3",12,30,0
95,"u3",17,37,2
95,"u3",22,57,2
95,"u3",27,272,35
95,"u3",32,383,311
95,"u3",37,329,92
95,"u3",42,431,139
95,"u3",47,127,5
95,"u3",52,80,24
95,"u4",7,8,0
95,"u4",12,15,0
95,"u4",17,45,0
95,"u4",22,52,0
95,"u4",27,94,12
95,"u4",32,42,41
95,"u4",37,28,1
95,"u4",42,18,7
95,"u4",47,3,24
95,"u4",52,0,4
95,"u5",7,9,0
95,"u5",12,22,0
95,"u5",17,48,1
95,"u5",22,198,0
95,"u5",27,246,0
95,"u5",32,164,6
95,"u5",37,210,0
95,"u5",42,189,36
95,"u5",47,43,1
95,"u5",52,25,10
95,"u6",7,0,0
95,"u6",12,9,3
95,"u6",17,52,2
95,"u6",22,77,0
95,"u6",27,65,14
95,"u6",32,17,5
95,"u6",37,60,0
95,"u6",42,17,10
95,"u6",47,10,6
95,"u6",52,4,0
95,"u7",7,2,0
95,"u7",12,8,0
95,"u7",17,28,0
95,"u7",22,20,0
95,"u7",27,132,0
95,"u7",32,202,2
95,"u7",37,228,15
95,"u7",42,119,19
95,"u7",47,46,1
95,"u7",52,44,0
95,"u8",7,9,0
95,"u8",12,23,0
95,"u8",17,57,0
95,"u8",22,122,0
95,"u8",27,309,1
95,"u8",32,215,2
95,"u8",37,158,3
95,"u8",42,144,75
95,"u8",47,104,28
95,"u8",52,59,12
96,"u1",7,4,0
96,"u1",12,16,1
96,"u1",17,42,0
96,"u1",22,103,13
96,"u1",27,203,12
96,"u1",32,43,23
96,"u1",37,26,15
96,"u1",42,0,1
96,"u1",47,4,0
96,"u1",52,10,0
96,"u2",7,3,0
96,"u2",12,13,0
96,"u2",17,19,0
96,"u2",22,54,0
96,"u2",27,120,0
96,"u2",32,345,0
96,"u2",37,383,30
96,"u2",42,168,83
96,"u2",47,41,44
96,"u2",52,43,13
96,"u3",7,2,0
96,"u3",12,16,0
96,"u3",17,57,0
96,"u3",22,242,1
96,"u3",27,133,35
96,"u3",32,66,24
96,"u3",37,2,21
96,"u3",42,2,0
96,"u3",47,2,0
96,"u3",52,0,0
96,"u4",7,14,0
96,"u4",12,9,0
96,"u4",17,21,1
96,"u4",22,64,0
96,"u4",27,82,0
96,"u4",32,74,1
96,"u4",37,72,2
96,"u4",42,18,5
96,"u4",47,7,0
96,"u4",52,1,0
96,"u5",7,6,0
96,"u5",12,14,0
96,"u5",17,39,0
96,"u5",22,99,0
96,"u5",27,98,0
96,"u5",32,316,0
96,"u5",37,196,0
96,"u5",42,390,10
96,"u5",47,136,147
96,"u5",52,7,1
96,"u6",7,9,0
96,"u6",12,14,0
96,"u6",17,23,0
96,"u6",22,65,0
96,"u6",27,137,1
96,"u6",32,70,63
96,"u6",37,20,20
96,"u6",42,3,2
96,"u6",47,6,1
96,"u6",52,8,1
96,"u7",7,7,0
96,"u7",12,35,0
96,"u7",17,39,0
96,"u7",22,148,0
96,"u7",27,276,19
96,"u7",32,200,34
96,"u7",37,69,44
96,"u7",42,125,6
96,"u7",47,105,7
96,"u7",52,26,7
96,"u8",7,2,0
96,"u8",12,22,0
96,"u8",17,43,0
96,"u8",22,168,0
96,"u8",27,68,7
96,"u8",32,111,0
96,"u8",37,289,18
96,"u8",42,188,11
96,"u8",47,103,2
96,"u8",52,56,7
97,"u1",7,4,0
97,"u1",12,14,0
97,"u1",17,8,8
97,"u1",22,125,0
97,"u1",27,70,29
97,"u1",32,216,249
97,"u1",37,231,391
97,"u1",42,210,91
97,"u1",47,118,1
97,"u1",52,50,0
97,"u2",7,6,0
97,"u2",12,22,0
97,"u2",17,41,0
97,"u2",22,59,0
97,"u2",27,73,0
97,"u2",32,136,0
97,"u2",37,111,48
97,"u2",42,24,40
97,"u2",47,26,5
97,"u2",52,23,0
97,"u3",7,4,0
97,"u3",12,12,0
97,"u3",17,26,0
97,"u3",22,87,0
97,"u3",27,125,1
97,"u3",32,218,0
97,"u3",37,270,9
97,"u3",42,222,143
97,"u3",47,44,11
97,"u3",52,8,20
97,"u4",7,6,0
97,"u4",12,17,0
97,"u4",17,34,0
97,"u4",22,181,0
97,"u4",27,136,2
97,"u4",32,241,1
97,"u4",37,300,25
97,"u4",42,181,174
97,"u4",47,57,115
97,"u4",52,23,45
97,"u5",7,8,0
97,"u5",12,16,1
97,"u5",17,17,0
97,"u5",22,32,1
97,"u5",27,103,6
97,"u5",32,98,7
97,"u5",37,107,53
97,"u5",42,136,15
97,"u5",47,68,81
97,"u5",52,16,2
97,"u6",7,1,0
97,"u6",12,12,0
97,"u6",17,11,0
97,"u6",22,87,0
97,"u6",27,75,0
97,"u6",32,249,0
97,"u6",37,154,34
97,"u6",42,90,30
97,"u6",47,13,15
97,"u6",52,1,0
97,"u7",7,6,0
97,"u7",12,40,0
97,"u7",17,83,0
97,"u7",22,247,1
97,"u7",27,282,4
97,"u7",32,260,1
97,"u7",37,52,246
97,"u7",42,55,1
97,"u7",47,12,0
97,"u7",52,37,4
97,"u8",7,23,0
97,"u8",12,21,0
97,"u8",17,68,11
97,"u8",22,209,28
97,"u8",27,220,2
97,"u8",32,165,363
97,"u8",37,17,4
97,"u8",42,2,0
97,"u8",47,5,0
97,"u8",52,1,1
98,"u1",7,7,0
98,"u1",12,17,0
98,"u1",17,50,0
98,"u1",22,145,3
98,"u1",27,219,1
98,"u1",32,389,9
98,"u1",37,59,34
98,"u1",42,19,10
98,"u1",47,13,17
98,"u1",52,10,0
98,"u2",7,8,0
98,"u2",12,7,0
98,"u2",17,35,0
98,"u2",22,152,22
98,"u2",27,123,14
98,"u2",32,29,47
98,"u2",37,20,3
98,"u2",42,21,30
98,"u2",47,6,4
98,"u2",52,8,0
98,"u3",7,5,0
98,"u3",12,11,0
98,"u3",17,58,0
98,"u3",22,68,2
98,"u3",27,80,11
98,"u3",32,128,5
98,"u3",37,79,23
98,"u3",42,39,40
98,"u3",47,22,5
98,"u3",52,10,1
98,"u4",7,11,0
98,"u4",12,9,0
98,"u4",17,59,0
98,"u4",22,104,1
98,"u4",27,148,0
98,"u4",32,104,139
98,"u4",37,87,66
98,"u4",42,38,2
98,"u4",47,27,5
98,"u4",52,35,0
98,"u5",7,4,0
98,"u5",12,30,0
98,"u5",17,40,2
98,"u5",22,81,4
98,"u5",27,153,4
98,"u5",32,88,22
98,"u5",37,50,148
98,"u5",42,2,9
98,"u5",47,2,0
98,"u5",52,6,0
98,"u6",7,8,0
98,"u6",12,15,0
98,"u6",17,25,0
98,"u6",22,39,0
98,"u6",27,109,0
98,"u6",32,102,0
98,"u6",37,252,1
98,"u6",42,96,5
98,"u6",47,58,153
98,"u6",52,24,0
98,"u7",7,6,0
98,"u7",12,13,0
98,"u7",17,76,0
98,"u7",22,75,2
98,"u7",27,85,39
98,"u7",32,57,9
98,"u7",37,57,5
98,"u7",42,27,2
98,"u7",47,11,2
98,"u7",52,7,1
98,"u8",7,6,0
98,"u8",12,4,0
98,"u8",17,16,0
98,"u8",22,32,0
98,"u8",27,79,0
98,"u8",32,58,2
98,"u8",37,134,13
98,"u8",42,192,185
98,"u8",47,69,6
98,"u8",52,21,63
99,"u1",7,2,1
99,"u1",12,13,0
99,"u1",17,45,0
99,"u1",22,23,0
99,"u1",27,143,18
99,"u1",32,57,8
99,"u1",37,79,18
99,"u1",42,58,2
99,"u1",47,57,55
99,"u1",52,25,31
99,"u2",7,3,0
99,"u2",12,12,0
99,"u2",17,59,0
99,"u2",22,108,0
99,"u2",27,81,0
99,"u2",32,126,204
99,"u2",37,12,12
99,"u2",42,10,0
99,"u2",47,3,1
99,"u2",52,1,0
99,"u3",7,6,0
99,"u3",12,28,0
99,"u3",17,74,1
99,"u3",22,47,4
99,"u3",27,165,2
99,"u3",32,177,368
99,"u3",37,52,2
99,"u3",42,18,4
99,"u3",47,27,2
99,"u3",52,31,6
99,"u4",7,2,0
99,"u4",12,23,0
99,"u4",17,43,0
99,"u4",22,129,0
99,"u4",27,151,0
99,"u4",32,133,32
99,"u4",37,83,6
99,"u4",42,36,103
99,"u4",47,5,2
99,"u4",52,1,1
99,"u5",7,1,0
99,"u5",12,15,0
99,"u5",17,39,8
99,"u5",22,47,26
99,"u5",27,13,38
99,"u5",32,22,5
99,"u5",37,9,3
99,"u5",42,2,1
99,"u5",47,8,1
99,"u5",52,6,2
99,"u6",7,0,0
99,"u6",12,9,0
99,"u6",17,42,0
99,"u6",22,228,0
99,"u6",27,242,0
99,"u6",32,146,5
99,"u6",37,146,6
99,"u6",42,144,56
99,"u6",47,66,43
99,"u6",52,24,3
99,"u7",7,9,0
99,"u7",12,45,0
99,"u7",17,83,0
99,"u7",22,376,0
99,"u7",27,129,5
99,"u7",32,153,29
99,"u7",37,61,9
99,"u7",42,53,2
99,"u7",47,90,10
99,"u7",52,57,4
99,"u8",7,6,0
99,"u8",12,11,0
99,"u8",17,83,3
99,"u8",22,148,1
99,"u8",27,35,41
99,"u8",32,22,149
99,"u8",37,18,40
99,"u8",42,7,2
99,"u8",47,3,0
99,"u8",52,0,0
100,"u1",7,9,0
100,"u1",12,19,0
100,"u1",17,100,0
100,"u1",22,85,0
100,"u1",27,293,1
100,"u1",32,153,2
100,"u1",37,122,0
100,"u1",42,55,3
100,"u1",47,22,13
100,"u1",52,4,1
100,"u2",7,3,0
100,"u2",12,12,0
100,"u2",17,68,0
100,"u2",22,60,0
100,"u2",27,258,0
100,"u2",32,381,45
100,"u2",37,63,169
100,"u2",42,49,31
100,"u2",47,21,61
100,"u2",52,29,0
100,"u3",7,3,0
100,"u3",12,20,3
100,"u3",17,31,0
100,"u3",22,53,44
100,"u3",27,64,2
100,"u3",32,48,9
100,"u3",37,54,4
100,"u3",42,11,1
100,"u3",47,1,0
100,"u3",52,4,4
100,"u4",7,11,0
100,"u4",12,16,0
100,"u4",17,74,0
100,"u4",22,84,2
100,"u4",27,108,0
100,"u4",32,63,5
100,"u4",37,88,2
100,"u4",42,45,26
100,"u4",47,47,8
100,"u4",52,40,26
100,"u5",7,9,0
100,"u5",12,9,0
100,"u5",17,66,0
100,"u5",22,145,0
100,"u5",27,433,20
100,"u5",32,102,25
100,"u5",37,35,12
100,"u5",42,11,14
100,"u5",47,20,0
100,"u5",52,6,0
100,"u6",7,5,0
100,"u6",12,13,0
100,"u6",17,23,0
100,"u6",22,62,1
100,"u6",27,208,0
100,"u6",32,101,30
100,"u6",37,45,139
100,"u6",42,16,7
100,"u6",47,4,4
100,"u6",52,5,0
100,"u7",7,6,0
100,"u7",12,15,0
100,"u7",17,50,1
100,"u7",22,50,5
100,"u7",27,49,9
100,"u7",32,58,4
100,"u7",37,41,1
100,"u7",42,48,4
100,"u7",47,68,0
100,"u7",52,53,28
100,"u8",7,3,0
100,"u8",12,32,0
100,"u8",17,43,0
100,"u8",22,76,0
100,"u8",27,142,4
100,"u8",32,120,3
100,"u8",37,207,8
100,"u8",42,45,20
100,"u8",47,9,1
100,"u8",52,10,3
