"b","unit","day","dentadult"
1,"u1",7,3
1,"u1",12,10
1,"u1",17,32
1,"u1",22,65
1,"u1",27,85
1,"u1",32,79
1,"u1",37,48
1,"u1",42,73
1,"u1",47,24
1,"u1",52,25
1,"u2",7,5
1,"u2",12,13
1,"u2",17,31
1,"u2",22,138
1,"u2",27,133
1,"u2",32,130
1,"u2",37,113
1,"u2",42,73
1,"u2",47,60
1,"u2",52,119
1,"u3",7,2
1,"u3",12,4
1,"u3",17,10
1,"u3",22,29
1,"u3",27,32
1,"u3",32,90
1,"u3",37,124
1,"u3",42,196
1,"u3",47,108
1,"u3",52,285
1,"u4",7,5
1,"u4",12,0
1,"u4",17,1
1,"u4",22,12
1,"u4",27,37
1,"u4",32,65
1,"u4",37,187
1,"u4",42,89
1,"u4",47,284
1,"u4",52,255
1,"u5",7,6
1,"u5",12,35
1,"u5",17,87
1,"u5",22,91
1,"u5",27,75
1,"u5",32,28
1,"u5",37,66
1,"u5",42,47
1,"u5",47,54
1,"u5",52,86
1,"u6",7,3
1,"u6",12,19
1,"u6",17,63
1,"u6",22,87
1,"u6",27,219
1,"u6",32,80
1,"u6",37,23
1,"u6",42,14
1,"u6",47,26
1,"u6",52,19
1,"u7",7,5
1,"u7",12,23
1,"u7",17,84
1,"u7",22,98
1,"u7",27,212
1,"u7",32,70
1,"u7",37,52
1,"u7",42,29
1,"u7",47,58
1,"u7",52,98
1,"u8",7,4
1,"u8",12,16
1,"u8",17,44
1,"u8",22,148
1,"u8",27,95
1,"u8",32,117
1,"u8",37,144
1,"u8",42,249
1,"u8",47,91
1,"u8",52,96
1,"u9",7,3
1,"u9",12,20
1,"u9",17,81
1,"u9",22,198
1,"u9",27,119
1,"u9",32,54
1,"u9",37,42
1,"u9",42,42
1,"u9",47,114
1,"u9",52,126
1,"u10",7,5
1,"u10",12,27
1,"u10",17,69
1,"u10",22,178
1,"u10",27,268
1,"u10",32,201
1,"u10",37,185
1,"u10",42,270
1,"u10",47,118
1,"u10",52,148
2,"u1",7,5
2,"u1",12,12
2,"u1",17,38
2,"u1",22,121
2,"u1",27,180
2,"u1",32,87
2,"u1",37,257
2,"u1",42,138
2,"u1",47,122
2,"u1",52,155
2,"u2",7,7
2,"u2",12,6
2,"u2",17,22
2,"u2",22,23
2,"u2",27,181
2,"u2",32,262
2,"u2",37,332
2,"u2",42,87
2,"u2",47,76
2,"u2",52,137
2,"u3",7,5
2,"u3",12,36
2,"u3",17,46
2,"u3",22,200
2,"u3",27,235
2,"u3",32,186
2,"u3",37,252
2,"u3",42,295
2,"u3",47,154
2,"u3",52,116
2,"u4",7,5
2,"u4",12,4
2,"u4",17,54
2,"u4",22,178
2,"u4",27,443
2,"u4",32,124
2,"u4",37,215
2,"u4",42,68
2,"u4",47,23
2,"u4",52,25
2,"u5",7,8
2,"u5",12,59
2,"u5",17,265
2,"u5",22,97
2,"u5",27,168
2,"u5",32,91
2,"u5",37,48
2,"u5",42,53
2,"u5",47,16
2,"u5",52,14
2,"u6",7,3
2,"u6",12,28
2,"u6",17,21
2,"u6",22,53
2,"u6",27,44
2,"u6",32,47
2,"u6",37,31
2,"u6",42,28
2,"u6",47,38
2,"u6",52,136
2,"u7",7,3
2,"u7",12,4
2,"u7",17,27
2,"u7",22,18
2,"u7",27,128
2,"u7",32,139
2,"u7",37,233
2,"u7",42,72
2,"u7",47,39
2,"u7",52,32
2,"u8",7,3
2,"u8",12,9
2,"u8",17,36
2,"u8",22,93
2,"u8",27,291
2,"u8",32,207
2,"u8",37,127
2,"u8",42,67
2,"u8",47,68
2,"u8",52,58
2,"u9",7,3
2,"u9",12,5
2,"u9",17,13
2,"u9",22,27
2,"u9",27,62
2,"u9",32,158
2,"u9",37,165
2,"u9",42,130
2,"u9",47,148
2,"u9",52,184
2,"u10",7,8
2,"u10",12,23
2,"u10",17,20
2,"u10",22,155
2,"u10",27,131
2,"u10",32,137
2,"u10",37,94
2,"u10",42,57
2,"u10",47,38
2,"u10",52,35
3,"u1",7,3
3,"u1",12,18
3,"u1",17,48
3,"u1",22,96
3,"u1",27,343
3,"u1",32,202
3,"u1",37,144
3,"u1",42,146
3,"u1",47,51
3,"u1",52,104
3,"u2",7,5
3,"u2",12,7
3,"u2",17,54
3,"u2",22,91
3,"u2",27,188
3,"u2",32,142
3,"u2",37,42
3,"u2",42,20
3,"u2",47,9
3,"u2",52,12
3,"u3",7,3
3,"u3",12,27
3,"u3",17,50
3,"u3",22,314
3,"u3",27,58
3,"u3",32,36
3,"u3",37,64
3,"u3",42,63
3,"u3",47,21
3,"u3",52,22
3,"u4",7,2
3,"u4",12,15
3,"u4",17,44
3,"u4",22,58
3,"u4",27,183
3,"u4",32,87
3,"u4",37,76
3,"u4",42,105
3,"u4",47,83
3,"u4",52,174
3,"u5",7,1
3,"u5",12,17
3,"u5",17,32
3,"u5",22,94
3,"u5",27,302
3,"u5",32,235
3,"u5",37,65
3,"u5",42,33
3,"u5",47,45
3,"u5",52,60
3,"u6",7,5
3,"u6",12,9
3,"u6",17,14
3,"u6",22,58
3,"u6",27,72
3,"u6",32,169
3,"u6",37,72
3,"u6",42,105
3,"u6",47,135
3,"u6",52,68
3,"u7",7,3
3,"u7",12,7
3,"u7",17,13
3,"u7",22,41
3,"u7",27,128
3,"u7",32,207
3,"u7",37,360
3,"u7",42,70
3,"u7",47,13
3,"u7",52,4
3,"u8",7,7
3,"u8",12,18
3,"u8",17,36
3,"u8",22,112
3,"u8",27,199
3,"u8",32,205
3,"u8",37,102
3,"u8",42,65
3,"u8",47,31
3,"u8",52,24
3,"u9",7,11
3,"u9",12,14
3,"u9",17,31
3,"u9",22,143
3,"u9",27,385
3,"u9",32,176
3,"u9",37,94
3,"u9",42,226
3,"u9",47,132
3,"u9",52,30
3,"u10",7,2
3,"u10",12,11
3,"u10",17,28
3,"u10",22,71
3,"u10",27,127
3,"u10",32,218
3,"u10",37,105
3,"u10",42,24
3,"u10",47,23
3,"u10",52,11
4,"u1",7,3
4,"u1",12,15
4,"u1",17,43
4,"u1",22,68
4,"u1",27,71
4,"u1",32,123
4,"u1",37,93
4,"u1",42,70
4,"u1",47,44
4,"u1",52,39
4,"u2",7,6
4,"u2",12,16
4,"u2",17,43
4,"u2",22,66
4,"u2",27,296
4,"u2",32,161
4,"u2",37,128
4,"u2",42,176
4,"u2",47,78
4,"u2",52,77
4,"u3",7,3
4,"u3",12,20
4,"u3",17,77
4,"u3",22,140
4,"u3",27,179
4,"u3",32,326
4,"u3",37,122
4,"u3",42,34
4,"u3",47,53
4,"u3",52,30
4,"u4",7,5
4,"u4",12,5
4,"u4",17,19
4,"u4",22,59
4,"u4",27,339
4,"u4",32,470
4,"u4",37,467
4,"u4",42,126
4,"u4",47,28
4,"u4",52,12
4,"u5",7,1
4,"u5",12,12
4,"u5",17,29
4,"u5",22,28
4,"u5",27,112
4,"u5",32,84
4,"u5",37,86
4,"u5",42,94
4,"u5",47,103
4,"u5",52,70
4,"u6",7,6
4,"u6",12,7
4,"u6",17,38
4,"u6",22,116
4,"u6",27,364
4,"u6",32,286
4,"u6",37,140
4,"u6",42,152
4,"u6",47,35
4,"u6",52,46
4,"u7",7,0
4,"u7",12,4
4,"u7",17,23
4,"u7",22,120
4,"u7",27,258
4,"u7",32,72
4,"u7",37,55
4,"u7",42,38
4,"u7",47,31
4,"u7",52,42
4,"u8",7,2
4,"u8",12,8
4,"u8",17,76
4,"u8",22,186
4,"u8",27,147
4,"u8",32,57
4,"u8",37,113
4,"u8",42,58
4,"u8",47,41
4,"u8",52,86
4,"u9",7,2
4,"u9",12,11
4,"u9",17,31
4,"u9",22,149
4,"u9",27,380
4,"u9",32,122
4,"u9",37,131
4,"u9",42,79
4,"u9",47,164
4,"u9",52,186
4,"u10",7,13
4,"u10",12,20
4,"u10",17,109
4,"u10",22,469
4,"u10",27,406
4,"u10",32,150
4,"u10",37,14
4,"u10",42,35
4,"u10",47,14
4,"u10",52,17
5,"u1",7,4
5,"u1",12,9
5,"u1",17,22
5,"u1",22,52
5,"u1",27,45
5,"u1",32,74
5,"u1",37,164
5,"u1",42,328
5,"u1",47,730
5,"u1",52,461
5,"u2",7,3
5,"u2",12,14
5,"u2",17,86
5,"u2",22,255
5,"u2",27,180
5,"u2",32,453
5,"u2",37,112
5,"u2",42,81
5,"u2",47,8
5,"u2",52,13
5,"u3",7,5
5,"u3",12,11
5,"u3",17,29
5,"u3",22,77
5,"u3",27,93
5,"u3",32,176
5,"u3",37,316
5,"u3",42,507
5,"u3",47,104
5,"u3",52,40
5,"u4",7,5
5,"u4",12,48
5,"u4",17,102
5,"u4",22,259
5,"u4",27,131
5,"u4",32,80
5,"u4",37,112
5,"u4",42,44
5,"u4",47,19
5,"u4",52,32
5,"u5",7,1
5,"u5",12,13
5,"u5",17,118
5,"u5",22,71
5,"u5",27,129
5,"u5",32,113
5,"u5",37,99
5,"u5",42,172
5,"u5",47,207
5,"u5",52,109
5,"u6",7,3
5,"u6",12,28
5,"u6",17,115
5,"u6",22,145
5,"u6",27,138
5,"u6",32,124
5,"u6",37,119
5,"u6",42,91
5,"u6",47,39
5,"u6",52,47
5,"u7",7,5
5,"u7",12,26
5,"u7",17,120
5,"u7",22,93
5,"u7",27,81
5,"u7",32,88
5,"u7",37,117
5,"u7",42,109
5,"u7",47,45
5,"u7",52,37
5,"u8",7,2
5,"u8",12,12
5,"u8",17,35
5,"u8",22,98
5,"u8",27,188
5,"u8",32,154
5,"u8",37,46
5,"u8",42,18
5,"u8",47,30
5,"u8",52,23
5,"u9",7,5
5,"u9",12,29
5,"u9",17,55
5,"u9",22,114
5,"u9",27,520
5,"u9",32,547
5,"u9",37,69
5,"u9",42,51
5,"u9",47,146
5,"u9",52,104
5,"u10",7,2
5,"u10",12,17
5,"u10",17,17
5,"u10",22,78
5,"u10",27,325
5,"u10",32,346
5,"u10",37,387
5,"u10",42,171
5,"u10",47,94
5,"u10",52,26
6,"u1",7,4
6,"u1",12,19
6,"u1",17,38
6,"u1",22,123
6,"u1",27,136
6,"u1",32,527
6,"u1",37,419
6,"u1",42,288
6,"u1",47,349
6,"u1",52,348
6,"u2",7,2
6,"u2",12,12
6,"u2",17,26
6,"u2",22,60
6,"u2",27,325
6,"u2",32,216
6,"u2",37,234
6,"u2",42,100
6,"u2",47,63
6,"u2",52,60
6,"u3",7,2
6,"u3",12,9
6,"u3",17,34
6,"u3",22,260
6,"u3",27,632
6,"u3",32,519
6,"u3",37,275
6,"u3",42,97
6,"u3",47,137
6,"u3",52,537
6,"u4",7,9
6,"u4",12,13
6,"u4",17,58
6,"u4",22,107
6,"u4",27,147
6,"u4",32,129
6,"u4",37,126
6,"u4",42,126
6,"u4",47,94
6,"u4",52,83
6,"u5",7,1
6,"u5",12,12
6,"u5",17,28
6,"u5",22,70
6,"u5",27,111
6,"u5",32,534
6,"u5",37,134
6,"u5",42,74
6,"u5",47,160
6,"u5",52,300
6,"u6",7,2
6,"u6",12,11
6,"u6",17,79
6,"u6",22,138
6,"u6",27,107
6,"u6",32,135
6,"u6",37,51
6,"u6",42,30
6,"u6",47,38
6,"u6",52,137
6,"u7",7,2
6,"u7",12,10
6,"u7",17,73
6,"u7",22,194
6,"u7",27,310
6,"u7",32,204
6,"u7",37,104
6,"u7",42,159
6,"u7",47,88
6,"u7",52,117
6,"u8",7,6
6,"u8",12,17
6,"u8",17,62
6,"u8",22,149
6,"u8",27,178
6,"u8",32,82
6,"u8",37,122
6,"u8",42,74
6,"u8",47,112
6,"u8",52,85
6,"u9",7,3
6,"u9",12,19
6,"u9",17,44
6,"u9",22,147
6,"u9",27,246
6,"u9",32,262
6,"u9",37,150
6,"u9",42,90
6,"u9",47,72
6,"u9",52,40
6,"u10",7,5
6,"u10",12,13
6,"u10",17,27
6,"u10",22,123
6,"u10",27,101
6,"u10",32,227
6,"u10",37,39
6,"u10",42,51
6,"u10",47,68
6,"u10",52,96
7,"u1",7,10
7,"u1",12,6
7,"u1",17,26
7,"u1",22,66
7,"u1",27,118
7,"u1",32,158
7,"u1",37,134
7,"u1",42,48
7,"u1",47,74
7,"u1",52,31
7,"u2",7,5
7,"u2",12,16
7,"u2",17,61
7,"u2",22,163
7,"u2",27,193
7,"u2",32,142
7,"u2",37,98
7,"u2",42,114
7,"u2",47,96
7,"u2",52,64
7,"u3",7,3
7,"u3",12,11
7,"u3",17,17
7,"u3",22,40
7,"u3",27,58
7,"u3",32,75
7,"u3",37,129
7,"u3",42,218
7,"u3",47,152
7,"u3",52,52
7,"u4",7,5
7,"u4",12,20
7,"u4",17,92
7,"u4",22,122
7,"u4",27,108
7,"u4",32,94
7,"u4",37,48
7,"u4",42,58
7,"u4",47,34
7,"u4",52,15
7,"u5",7,6
7,"u5",12,3
7,"u5",17,30
7,"u5",22,144
7,"u5",27,230
7,"u5",32,360
7,"u5",37,209
7,"u5",42,124
7,"u5",47,32
7,"u5",52,32
7,"u6",7,4
7,"u6",12,28
7,"u6",17,16
7,"u6",22,69
7,"u6",27,190
7,"u6",32,299
7,"u6",37,343
7,"u6",42,325
7,"u6",47,297
7,"u6",52,121
7,"u7",7,1
7,"u7",12,9
7,"u7",17,30
7,"u7",22,47
7,"u7",27,253
7,"u7",32,163
7,"u7",37,101
7,"u7",42,154
7,"u7",47,122
7,"u7",52,194
7,"u8",7,2
7,"u8",12,10
7,"u8",17,31
7,"u8",22,72
7,"u8",27,58
7,"u8",32,129
7,"u8",37,102
7,"u8",42,94
7,"u8",47,161
7,"u8",52,171
7,"u9",7,5
7,"u9",12,16
7,"u9",17,58
7,"u9",22,107
7,"u9",27,244
7,"u9",32,189
7,"u9",37,147
7,"u9",42,113
7,"u9",47,87
7,"u9",52,67
7,"u10",7,0
7,"u10",12,14
7,"u10",17,25
7,"u10",22,96
7,"u10",27,158
7,"u10",32,406
7,"u10",37,234
7,"u10",42,165
7,"u10",47,107
7,"u10",52,63
8,"u1",7,4
8,"u1",12,6
8,"u1",17,21
8,"u1",22,116
8,"u1",27,76
8,"u1",32,275
8,"u1",37,180
8,"u1",42,162
8,"u1",47,43
8,"u1",52,20
8,"u2",7,2
8,"u2",12,5
8,"u2",17,25
8,"u2",22,61
8,"u2",27,165
8,"u2",32,312
8,"u2",37,223
8,"u2",42,79
8,"u2",47,50
8,"u2",52,30
8,"u3",7,3
8,"u3",12,8
8,"u3",17,49
8,"u3",22,63
8,"u3",27,54
8,"u3",32,52
8,"u3",37,74
8,"u3",42,160
8,"u3",47,119
8,"u3",52,47
8,"u4",7,8
8,"u4",12,35
8,"u4",17,56
8,"u4",22,184
8,"u4",27,122
8,"u4",32,83
8,"u4",37,57
8,"u4",42,124
8,"u4",47,135
8,"u4",52,95
8,"u5",7,7
8,"u5",12,9
8,"u5",17,42
8,"u5",22,112
8,"u5",27,278
8,"u5",32,769
8,"u5",37,1024
8,"u5",42,390
8,"u5",47,530
8,"u5",52,107
8,"u6",7,3
8,"u6",12,6
8,"u6",17,11
8,"u6",22,49
8,"u6",27,169
8,"u6",32,79
8,"u6",37,41
8,"u6",42,19
8,"u6",47,50
8,"u6",52,70
8,"u7",7,5
8,"u7",12,27
8,"u7",17,103
8,"u7",22,311
8,"u7",27,144
8,"u7",32,71
8,"u7",37,26
8,"u7",42,21
8,"u7",47,30
8,"u7",52,17
8,"u8",7,7
8,"u8",12,14
8,"u8",17,38
8,"u8",22,65
8,"u8",27,85
8,"u8",32,167
8,"u8",37,59
8,"u8",42,52
8,"u8",47,63
8,"u8",52,113
8,"u9",7,6
8,"u9",12,21
8,"u9",17,51
8,"u9",22,119
8,"u9",27,246
8,"u9",32,172
8,"u9",37,65
8,"u9",42,35
8,"u9",47,116
8,"u9",52,48
8,"u10",7,6
8,"u10",12,28
8,"u10",17,117
8,"u10",22,149
8,"u10",27,61
8,"u10",32,60
8,"u10",37,25
8,"u10",42,21
8,"u10",47,49
8,"u10",52,73
9,"u1",7,4
9,"u1",12,12
9,"u1",17,28
9,"u1",22,73
9,"u1",27,110
9,"u1",32,131
9,"u1",37,111
9,"u1",42,99
9,"u1",47,107
9,"u1",52,210
9,"u2",7,5
9,"u2",12,7
9,"u2",17,14
9,"u2",22,98
9,"u2",27,154
9,"u2",32,167
9,"u2",37,171
9,"u2",42,93
9,"u2",47,51
9,"u2",52,51
9,"u3",7,1
9,"u3",12,8
9,"u3",17,43
9,"u3",22,242
9,"u3",27,257
9,"u3",32,959
9,"u3",37,234
9,"u3",42,151
9,"u3",47,62
9,"u3",52,41
9,"u4",7,9
9,"u4",12,13
9,"u4",17,96
9,"u4",22,243
9,"u4",27,113
9,"u4",32,40
9,"u4",37,50
9,"u4",42,12
9,"u4",47,26
9,"u4",52,19
9,"u5",7,11
9,"u5",12,13
9,"u5",17,34
9,"u5",22,144
9,"u5",27,313
9,"u5",32,117
9,"u5",37,95
9,"u5",42,69
9,"u5",47,72
9,"u5",52,61
9,"u6",7,1
9,"u6",12,19
9,"u6",17,89
9,"u6",22,676
9,"u6",27,347
9,"u6",32,335
9,"u6",37,340
9,"u6",42,122
9,"u6",47,29
9,"u6",52,18
9,"u7",7,5
9,"u7",12,22
9,"u7",17,22
9,"u7",22,91
9,"u7",27,151
9,"u7",32,422
9,"u7",37,107
9,"u7",42,217
9,"u7",47,91
9,"u7",52,62
9,"u8",7,2
9,"u8",12,10
9,"u8",17,32
9,"u8",22,48
9,"u8",27,50
9,"u8",32,209
9,"u8",37,107
9,"u8",42,53
9,"u8",47,113
9,"u8",52,142
9,"u9",7,3
9,"u9",12,3
9,"u9",17,86
9,"u9",22,180
9,"u9",27,218
9,"u9",32,76
9,"u9",37,40
9,"u9",42,17
9,"u9",47,22
9,"u9",52,13
9,"u10",7,2
9,"u10",12,15
9,"u10",17,127
9,"u10",22,100
9,"u10",27,143
9,"u10",32,52
9,"u10",37,24
9,"u10",42,31
9,"u10",47,61
9,"u10",52,40
10,"u1",7,5
10,"u1",12,9
10,"u1",17,14
10,"u1",22,86
10,"u1",27,142
10,"u1",32,191
10,"u1",37,41
10,"u1",42,11
10,"u1",47,14
10,"u1",52,3
10,"u2",7,4
10,"u2",12,27
10,"u2",17,46
10,"u2",22,39
10,"u2",27,97
10,"u2",32,252
10,"u2",37,139
10,"u2",42,63
10,"u2",47,44
10,"u2",52,23
10,"u3",7,2
10,"u3",12,8
10,"u3",17,40
10,"u3",22,104
10,"u3",27,263
10,"u3",32,91
10,"u3",37,57
10,"u3",42,32
10,"u3",47,48
10,"u3",52,84
10,"u4",7,3
10,"u4",12,18
10,"u4",17,65
10,"u4",22,156
10,"u4",27,178
10,"u4",32,78
10,"u4",37,29
10,"u4",42,24
10,"u4",47,12
10,"u4",52,13
10,"u5",7,1
10,"u5",12,3
10,"u5",17,23
10,"u5",22,65
10,"u5",27,177
10,"u5",32,229
10,"u5",37,358
10,"u5",42,109
10,"u5",47,31
10,"u5",52,39
10,"u6",7,0
10,"u6",12,7
10,"u6",17,10
10,"u6",22,30
10,"u6",27,103
10,"u6",32,154
10,"u6",37,92
10,"u6",42,35
10,"u6",47,122
10,"u6",52,93
10,"u7",7,7
10,"u7",12,5
10,"u7",17,48
10,"u7",22,136
10,"u7",27,275
10,"u7",32,176
10,"u7",37,46
10,"u7",42,63
10,"u7",47,68
10,"u7",52,33
10,"u8",7,11
10,"u8",12,19
10,"u8",17,60
10,"u8",22,128
10,"u8",27,375
10,"u8",32,84
10,"u8",37,111
10,"u8",42,88
10,"u8",47,89
10,"u8",52,54
10,"u9",7,2
10,"u9",12,16
10,"u9",17,21
10,"u9",22,48
10,"u9",27,374
10,"u9",32,191
10,"u9",37,76
10,"u9",42,30
10,"u9",47,16
10,"u9",52,9
10,"u10",7,7
10,"u10",12,26
10,"u10",17,18
10,"u10",22,82
10,"u10",27,151
10,"u10",32,129
10,"u10",37,61
10,"u10",42,52
10,"u10",47,115
10,"u10",52,119
11,"u1",7,0
11,"u1",12,5
11,"u1",17,23
11,"u1",22,66
11,"u1",27,106
11,"u1",32,330
11,"u1",37,402
11,"u1",42,443
11,"u1",47,158
11,"u1",52,61
11,"u2",7,2
11,"u2",12,26
11,"u2",17,118
11,"u2",22,296
11,"u2",27,153
11,"u2",32,45
11,"u2",37,19
11,"u2",42,42
11,"u2",47,77
11,"u2",52,241
11,"u3",7,5
11,"u3",12,45
11,"u3",17,31
11,"u3",22,132
11,"u3",27,386
11,"u3",32,188
11,"u3",37,227
11,"u3",42,266
11,"u3",47,105
11,"u3",52,26
11,"u4",7,2
11,"u4",12,4
11,"u4",17,48
11,"u4",22,106
11,"u4",27,322
11,"u4",32,136
11,"u4",37,80
11,"u4",42,27
11,"u4",47,22
11,"u4",52,16
11,"u5",7,4
11,"u5",12,6
11,"u5",17,23
11,"u5",22,68
11,"u5",27,45
11,"u5",32,187
11,"u5",37,77
11,"u5",42,107
11,"u5",47,380
11,"u5",52,283
11,"u6",7,12
11,"u6",12,16
11,"u6",17,50
11,"u6",22,64
11,"u6",27,129
11,"u6",32,373
11,"u6",37,499
11,"u6",42,144
11,"u6",47,207
11,"u6",52,102
11,"u7",7,0
11,"u7",12,13
11,"u7",17,18
11,"u7",22,70
11,"u7",27,157
11,"u7",32,189
11,"u7",37,103
11,"u7",42,35
11,"u7",47,22
11,"u7",52,21
11,"u8",7,11
11,"u8",12,14
11,"u8",17,9
11,"u8",22,54
11,"u8",27,156
11,"u8",32,148
11,"u8",37,70
11,"u8",42,101
11,"u8",47,63
11,"u8",52,19
11,"u9",7,9
11,"u9",12,10
11,"u9",17,94
11,"u9",22,148
11,"u9",27,147
11,"u9",32,303
11,"u9",37,414
11,"u9",42,127
11,"u9",47,42
11,"u9",52,20
11,"u10",7,2
11,"u10",12,5
11,"u10",17,36
11,"u10",22,85
11,"u10",27,136
11,"u10",32,93
11,"u10",37,64
11,"u10",42,14
11,"u10",47,40
11,"u10",52,21
12,"u1",7,1
12,"u1",12,12
12,"u1",17,64
12,"u1",22,134
12,"u1",27,175
12,"u1",32,480
12,"u1",37,454
12,"u1",42,232
12,"u1",47,105
12,"u1",52,60
12,"u2",7,2
12,"u2",12,10
12,"u2",17,11
12,"u2",22,100
12,"u2",27,248
12,"u2",32,421
12,"u2",37,309
12,"u2",42,160
12,"u2",47,102
12,"u2",52,91
12,"u3",7,0
12,"u3",12,12
12,"u3",17,66
12,"u3",22,75
12,"u3",27,243
12,"u3",32,322
12,"u3",37,111
12,"u3",42,62
12,"u3",47,71
12,"u3",52,36
12,"u4",7,5
12,"u4",12,10
12,"u4",17,80
12,"u4",22,498
12,"u4",27,297
12,"u4",32,309
12,"u4",37,109
12,"u4",42,229
12,"u4",47,18
12,"u4",52,22
12,"u5",7,3
12,"u5",12,6
12,"u5",17,14
12,"u5",22,88
12,"u5",27,187
12,"u5",32,222
12,"u5",37,224
12,"u5",42,265
12,"u5",47,346
12,"u5",52,250
12,"u6",7,7
12,"u6",12,21
12,"u6",17,44
12,"u6",22,75
12,"u6",27,119
12,"u6",32,94
12,"u6",37,74
12,"u6",42,73
12,"u6",47,64
12,"u6",52,35
12,"u7",7,2
12,"u7",12,5
12,"u7",17,34
12,"u7",22,75
12,"u7",27,56
12,"u7",32,87
12,"u7",37,120
12,"u7",42,182
12,"u7",47,28
12,"u7",52,25
12,"u8",7,9
12,"u8",12,10
12,"u8",17,49
12,"u8",22,198
12,"u8",27,219
12,"u8",32,483
12,"u8",37,234
12,"u8",42,31
12,"u8",47,69
12,"u8",52,95
12,"u9",7,7
12,"u9",12,37
12,"u9",17,20
12,"u9",22,59
12,"u9",27,301
12,"u9",32,440
12,"u9",37,345
12,"u9",42,615
12,"u9",47,650
12,"u9",52,345
12,"u10",7,4
12,"u10",12,23
12,"u10",17,24
12,"u10",22,101
12,"u10",27,172
12,"u10",32,195
12,"u10",37,225
12,"u10",42,749
12,"u10",47,321
12,"u10",52,294
13,"u1",7,1
13,"u1",12,5
13,"u1",17,17
13,"u1",22,25
13,"u1",27,85
13,"u1",32,162
13,"u1",37,361
13,"u1",42,269
13,"u1",47,202
13,"u1",52,57
13,"u2",7,4
13,"u2",12,22
13,"u2",17,121
13,"u2",22,92
13,"u2",27,51
13,"u2",32,210
13,"u2",37,322
13,"u2",42,1006
13,"u2",47,281
13,"u2",52,125
13,"u3",7,0
13,"u3",12,16
13,"u3",17,38
13,"u3",22,96
13,"u3",27,489
13,"u3",32,242
13,"u3",37,87
13,"u3",42,164
13,"u3",47,111
13,"u3",52,126
13,"u4",7,4
13,"u4",12,31
13,"u4",17,130
13,"u4",22,250
13,"u4",27,211
13,"u4",32,150
13,"u4",37,78
13,"u4",42,10
13,"u4",47,11
13,"u4",52,75
13,"u5",7,4
13,"u5",12,11
13,"u5",17,52
13,"u5",22,107
13,"u5",27,206
13,"u5",32,258
13,"u5",37,136
13,"u5",42,29
13,"u5",47,44
13,"u5",52,58
13,"u6",7,1
13,"u6",12,14
13,"u6",17,38
13,"u6",22,59
13,"u6",27,121
13,"u6",32,146
13,"u6",37,165
13,"u6",42,211
13,"u6",47,128
13,"u6",52,30
13,"u7",7,1
13,"u7",12,7
13,"u7",17,11
13,"u7",22,24
13,"u7",27,68
13,"u7",32,65
13,"u7",37,309
13,"u7",42,101
13,"u7",47,112
13,"u7",52,73
13,"u8",7,4
13,"u8",12,7
13,"u8",17,82
13,"u8",22,112
13,"u8",27,83
13,"u8",32,274
13,"u8",37,166
13,"u8",42,186
13,"u8",47,131
13,"u8",52,86
13,"u9",7,4
13,"u9",12,18
13,"u9",17,199
13,"u9",22,345
13,"u9",27,631
13,"u9",32,432
13,"u9",37,142
13,"u9",42,63
13,"u9",47,55
13,"u9",52,110
13,"u10",7,1
13,"u10",12,10
13,"u10",17,54
13,"u10",22,168
13,"u10",27,289
13,"u10",32,380
13,"u10",37,108
13,"u10",42,81
13,"u10",47,141
13,"u10",52,106
14,"u1",7,4
14,"u1",12,7
14,"u1",17,35
14,"u1",22,75
14,"u1",27,218
14,"u1",32,267
14,"u1",37,82
14,"u1",42,39
14,"u1",47,56
14,"u1",52,67
14,"u2",7,2
14,"u2",12,14
14,"u2",17,56
14,"u2",22,86
14,"u2",27,97
14,"u2",32,208
14,"u2",37,96
14,"u2",42,51
14,"u2",47,44
14,"u2",52,38
14,"u3",7,2
14,"u3",12,9
14,"u3",17,34
14,"u3",22,131
14,"u3",27,118
14,"u3",32,418
14,"u3",37,294
14,"u3",42,112
14,"u3",47,31
14,"u3",52,6
14,"u4",7,1
14,"u4",12,9
14,"u4",17,21
14,"u4",22,20
14,"u4",27,67
14,"u4",32,177
14,"u4",37,167
14,"u4",42,80
14,"u4",47,30
14,"u4",52,52
14,"u5",7,3
14,"u5",12,15
14,"u5",17,28
14,"u5",22,81
14,"u5",27,171
14,"u5",32,86
14,"u5",37,207
14,"u5",42,49
14,"u5",47,68
14,"u5",52,16
14,"u6",7,3
14,"u6",12,11
14,"u6",17,19
14,"u6",22,86
14,"u6",27,105
14,"u6",32,192
14,"u6",37,170
14,"u6",42,90
14,"u6",47,96
14,"u6",52,41
14,"u7",7,3
14,"u7",12,8
14,"u7",17,21
14,"u7",22,65
14,"u7",27,121
14,"u7",32,199
14,"u7",37,112
14,"u7",42,119
14,"u7",47,102
14,"u7",52,177
14,"u8",7,3
14,"u8",12,12
14,"u8",17,76
14,"u8",22,160
14,"u8",27,175
14,"u8",32,139
14,"u8",37,397
14,"u8",42,140
14,"u8",47,29
14,"u8",52,64
14,"u9",7,4
14,"u9",12,6
14,"u9",17,19
14,"u9",22,103
14,"u9",27,223
14,"u9",32,84
14,"u9",37,132
14,"u9",42,85
14,"u9",47,79
14,"u9",52,31
14,"u10",7,5
14,"u10",12,41
14,"u10",17,76
14,"u10",22,215
14,"u10",27,559
14,"u10",32,238
14,"u10",37,220
14,"u10",42,149
14,"u10",47,106
14,"u10",52,96
15,"u1",7,4
15,"u1",12,23
15,"u1",17,44
15,"u1",22,153
15,"u1",27,729
15,"u1",32,587
15,"u1",37,242
15,"u1",42,397
15,"u1",47,116
15,"u1",52,52
15,"u2",7,3
15,"u2",12,15
15,"u2",17,26
15,"u2",22,167
15,"u2",27,233
15,"u2",32,88
15,"u2",37,95
15,"u2",42,75
15,"u2",47,78
15,"u2",52,101
15,"u3",7,5
15,"u3",12,12
15,"u3",17,12
15,"u3",22,118
15,"u3",27,161
15,"u3",32,89
15,"u3",37,79
15,"u3",42,100
15,"u3",47,171
15,"u3",52,255
15,"u4",7,5
15,"u4",12,27
15,"u4",17,17
15,"u4",22,49
15,"u4",27,206
15,"u4",32,335
15,"u4",37,131
15,"u4",42,119
15,"u4",47,101
15,"u4",52,58
15,"u5",7,3
15,"u5",12,33
15,"u5",17,72
15,"u5",22,106
15,"u5",27,101
15,"u5",32,59
15,"u5",37,76
15,"u5",42,13
15,"u5",47,3
15,"u5",52,21
15,"u6",7,4
15,"u6",12,5
15,"u6",17,18
15,"u6",22,68
15,"u6",27,142
15,"u6",32,93
15,"u6",37,152
15,"u6",42,515
15,"u6",47,160
15,"u6",52,74
15,"u7",7,8
15,"u7",12,49
15,"u7",17,146
15,"u7",22,192
15,"u7",27,270
15,"u7",32,354
15,"u7",37,223
15,"u7",42,339
15,"u7",47,224
15,"u7",52,48
15,"u8",7,4
15,"u8",12,38
15,"u8",17,58
15,"u8",22,59
15,"u8",27,62
15,"u8",32,47
15,"u8",37,191
15,"u8",42,175
15,"u8",47,33
15,"u8",52,42
15,"u9",7,10
15,"u9",12,13
15,"u9",17,16
15,"u9",22,80
15,"u9",27,141
15,"u9",32,238
15,"u9",37,180
15,"u9",42,304
15,"u9",47,271
15,"u9",52,304
15,"u10",7,5
15,"u10",12,57
15,"u10",17,103
15,"u10",22,580
15,"u10",27,322
15,"u10",32,681
15,"u10",37,477
15,"u10",42,83
15,"u10",47,109
15,"u10",52,27
16,"u1",7,3
16,"u1",12,4
16,"u1",17,12
16,"u1",22,32
16,"u1",27,109
16,"u1",32,189
16,"u1",37,507
16,"u1",42,300
16,"u1",47,253
16,"u1",52,72
16,"u2",7,10
16,"u2",12,15
16,"u2",17,109
16,"u2",22,143
16,"u2",27,175
16,"u2",32,142
16,"u2",37,54
16,"u2",42,55
16,"u2",47,69
16,"u2",52,219
16,"u3",7,1
16,"u3",12,3
16,"u3",17,20
16,"u3",22,111
16,"u3",27,58
16,"u3",32,88
16,"u3",37,143
16,"u3",42,83
16,"u3",47,46
16,"u3",52,16
16,"u4",7,6
16,"u4",12,7
16,"u4",17,27
16,"u4",22,69
16,"u4",27,66
16,"u4",32,88
16,"u4",37,53
16,"u4",42,130
16,"u4",47,62
16,"u4",52,88
16,"u5",7,2
16,"u5",12,2
16,"u5",17,16
16,"u5",22,42
16,"u5",27,111
16,"u5",32,247
16,"u5",37,151
16,"u5",42,54
16,"u5",47,7
16,"u5",52,4
16,"u6",7,1
16,"u6",12,5
16,"u6",17,15
16,"u6",22,140
16,"u6",27,156
16,"u6",32,188
16,"u6",37,218
16,"u6",42,240
16,"u6",47,76
16,"u6",52,50
16,"u7",7,6
16,"u7",12,13
16,"u7",17,32
16,"u7",22,37
16,"u7",27,58
16,"u7",32,57
16,"u7",37,75
16,"u7",42,63
16,"u7",47,57
16,"u7",52,105
16,"u8",7,1
16,"u8",12,2
16,"u8",17,6
16,"u8",22,19
16,"u8",27,56
16,"u8",32,92
16,"u8",37,109
16,"u8",42,271
16,"u8",47,102
16,"u8",52,108
16,"u9",7,0
16,"u9",12,16
16,"u9",17,8
16,"u9",22,111
16,"u9",27,275
16,"u9",32,398
16,"u9",37,282
16,"u9",42,70
16,"u9",47,59
16,"u9",52,29
16,"u10",7,4
16,"u10",12,32
16,"u10",17,108
16,"u10",22,221
16,"u10",27,339
16,"u10",32,788
16,"u10",37,191
16,"u10",42,161
16,"u10",47,89
16,"u10",52,25
17,"u1",7,6
17,"u1",12,7
17,"u1",17,19
17,"u1",22,85
17,"u1",27,135
17,"u1",32,100
17,"u1",37,86
17,"u1",42,87
17,"u1",47,22
17,"u1",52,23
17,"u2",7,4
17,"u2",12,6
17,"u2",17,26
17,"u2",22,60
17,"u2",27,46
17,"u2",32,148
17,"u2",37,234
17,"u2",42,337
17,"u2",47,182
17,"u2",52,118
17,"u3",7,1
17,"u3",12,3
17,"u3",17,12
17,"u3",22,150
17,"u3",27,90
17,"u3",32,63
17,"u3",37,62
17,"u3",42,60
17,"u3",47,21
17,"u3",52,55
17,"u4",7,1
17,"u4",12,6
17,"u4",17,20
17,"u4",22,202
17,"u4",27,233
17,"u4",32,210
17,"u4",37,147
17,"u4",42,132
17,"u4",47,141
17,"u4",52,128
17,"u5",7,4
17,"u5",12,5
17,"u5",17,32
17,"u5",22,49
17,"u5",27,66
17,"u5",32,127
17,"u5",37,200
17,"u5",42,132
17,"u5",47,85
17,"u5",52,56
17,"u6",7,1
17,"u6",12,3
17,"u6",17,23
17,"u6",22,48
17,"u6",27,116
17,"u6",32,325
17,"u6",37,89
17,"u6",42,173
17,"u6",47,166
17,"u6",52,138
17,"u7",7,8
17,"u7",12,25
17,"u7",17,36
17,"u7",22,157
17,"u7",27,69
17,"u7",32,118
17,"u7",37,123
17,"u7",42,172
17,"u7",47,227
17,"u7",52,97
17,"u8",7,1
17,"u8",12,12
17,"u8",17,63
17,"u8",22,142
17,"u8",27,33
17,"u8",32,36
17,"u8",37,117
17,"u8",42,113
17,"u8",47,214
17,"u8",52,89
17,"u9",7,3
17,"u9",12,13
17,"u9",17,23
17,"u9",22,111
17,"u9",27,77
17,"u9",32,66
17,"u9",37,88
17,"u9",42,161
17,"u9",47,85
17,"u9",52,13
17,"u10",7,1
17,"u10",12,25
17,"u10",17,72
17,"u10",22,179
17,"u10",27,208
17,"u10",32,68
17,"u10",37,76
17,"u10",42,74
17,"u10",47,80
17,"u10",52,78
18,"u1",7,5
18,"u1",12,14
18,"u1",17,43
18,"u1",22,114
18,"u1",27,225
18,"u1",32,119
18,"u1",37,73
18,"u1",42,15
18,"u1",47,12
18,"u1",52,20
18,"u2",7,1
18,"u2",12,8
18,"u2",17,38
18,"u2",22,189
18,"u2",27,318
18,"u2",32,252
18,"u2",37,79
18,"u2",42,42
18,"u2",47,70
18,"u2",52,82
18,"u3",7,5
18,"u3",12,13
18,"u3",17,37
18,"u3",22,46
18,"u3",27,60
18,"u3",32,117
18,"u3",37,39
18,"u3",42,58
18,"u3",47,34
18,"u3",52,31
18,"u4",7,5
18,"u4",12,8
18,"u4",17,14
18,"u4",22,71
18,"u4",27,387
18,"u4",32,261
18,"u4",37,75
18,"u4",42,93
18,"u4",47,67
18,"u4",52,83
18,"u5",7,7
18,"u5",12,10
18,"u5",17,120
18,"u5",22,192
18,"u5",27,392
18,"u5",32,363
18,"u5",37,773
18,"u5",42,268
18,"u5",47,113
18,"u5",52,44
18,"u6",7,0
18,"u6",12,4
18,"u6",17,29
18,"u6",22,98
18,"u6",27,133
18,"u6",32,157
18,"u6",37,593
18,"u6",42,1010
18,"u6",47,1060
18,"u6",52,523
18,"u7",7,1
18,"u7",12,12
18,"u7",17,47
18,"u7",22,77
18,"u7",27,59
18,"u7",32,51
18,"u7",37,85
18,"u7",42,59
18,"u7",47,16
18,"u7",52,25
18,"u8",7,3
18,"u8",12,25
18,"u8",17,37
18,"u8",22,60
18,"u8",27,456
18,"u8",32,159
18,"u8",37,143
18,"u8",42,40
18,"u8",47,53
18,"u8",52,116
18,"u9",7,5
18,"u9",12,11
18,"u9",17,44
18,"u9",22,145
18,"u9",27,264
18,"u9",32,122
18,"u9",37,244
18,"u9",42,204
18,"u9",47,123
18,"u9",52,85
18,"u10",7,4
18,"u10",12,58
18,"u10",17,97
18,"u10",22,349
18,"u10",27,475
18,"u10",32,351
18,"u10",37,169
18,"u10",42,137
18,"u10",47,69
18,"u10",52,15
19,"u1",7,3
19,"u1",12,16
19,"u1",17,15
19,"u1",22,51
19,"u1",27,170
19,"u1",32,256
19,"u1",37,180
19,"u1",42,410
19,"u1",47,386
19,"u1",52,402
19,"u2",7,7
19,"u2",12,2
19,"u2",17,32
19,"u2",22,94
19,"u2",27,200
19,"u2",32,167
19,"u2",37,234
19,"u2",42,242
19,"u2",47,89
19,"u2",52,63
19,"u3",7,9
19,"u3",12,23
19,"u3",17,69
19,"u3",22,210
19,"u3",27,152
19,"u3",32,222
19,"u3",37,107
19,"u3",42,104
19,"u3",47,42
19,"u3",52,49
19,"u4",7,3
19,"u4",12,3
19,"u4",17,14
19,"u4",22,25
19,"u4",27,101
19,"u4",32,144
19,"u4",37,105
19,"u4",42,88
19,"u4",47,28
19,"u4",52,48
19,"u5",7,4
19,"u5",12,9
19,"u5",17,19
19,"u5",22,62
19,"u5",27,134
19,"u5",32,41
19,"u5",37,75
19,"u5",42,43
19,"u5",47,53
19,"u5",52,93
19,"u6",7,2
19,"u6",12,2
19,"u6",17,14
19,"u6",22,61
19,"u6",27,73
19,"u6",32,110
19,"u6",37,131
19,"u6",42,70
19,"u6",47,50
19,"u6",52,33
19,"u7",7,6
19,"u7",12,14
19,"u7",17,82
19,"u7",22,71
19,"u7",27,154
19,"u7",32,64
19,"u7",37,39
19,"u7",42,34
19,"u7",47,14
19,"u7",52,12
19,"u8",7,1
19,"u8",12,15
19,"u8",17,67
19,"u8",22,224
19,"u8",27,695
19,"u8",32,263
19,"u8",37,118
19,"u8",42,66
19,"u8",47,22
19,"u8",52,30
19,"u9",7,0
19,"u9",12,13
19,"u9",17,18
19,"u9",22,24
19,"u9",27,42
19,"u9",32,95
19,"u9",37,205
19,"u9",42,179
19,"u9",47,180
19,"u9",52,250
19,"u10",7,4
19,"u10",12,7
19,"u10",17,16
19,"u10",22,107
19,"u10",27,489
19,"u10",32,796
19,"u10",37,477
19,"u10",42,371
19,"u10",47,524
19,"u10",52,280
20,"u1",7,5
20,"u1",12,9
20,"u1",17,31
20,"u1",22,47
20,"u1",27,135
20,"u1",32,94
20,"u1",37,97
20,"u1",42,98
20,"u1",47,99
20,"u1",52,41
20,"u2",7,2
20,"u2",12,15
20,"u2",17,54
20,"u2",22,145
20,"u2",27,439
20,"u2",32,336
20,"u2",37,237
20,"u2",42,435
20,"u2",47,94
20,"u2",52,88
20,"u3",7,1
20,"u3",12,9
20,"u3",17,59
20,"u3",22,74
20,"u3",27,76
20,"u3",32,142
20,"u3",37,397
20,"u3",42,197
20,"u3",47,180
20,"u3",52,148
20,"u4",7,2
20,"u4",12,9
20,"u4",17,80
20,"u4",22,148
20,"u4",27,291
20,"u4",32,271
20,"u4",37,110
20,"u4",42,21
20,"u4",47,38
20,"u4",52,65
20,"u5",7,6
20,"u5",12,23
20,"u5",17,237
20,"u5",22,121
20,"u5",27,137
20,"u5",32,111
20,"u5",37,108
20,"u5",42,33
20,"u5",47,5
20,"u5",52,4
20,"u6",7,4
20,"u6",12,7
20,"u6",17,26
20,"u6",22,159
20,"u6",27,403
20,"u6",32,661
20,"u6",37,40
20,"u6",42,70
20,"u6",47,34
20,"u6",52,102
20,"u7",7,5
20,"u7",12,11
20,"u7",17,14
20,"u7",22,21
20,"u7",27,117
20,"u7",32,82
20,"u7",37,137
20,"u7",42,154
20,"u7",47,55
20,"u7",52,138
20,"u8",7,6
20,"u8",12,5
20,"u8",17,45
20,"u8",22,47
20,"u8",27,89
20,"u8",32,169
20,"u8",37,160
20,"u8",42,167
20,"u8",47,99
20,"u8",52,25
20,"u9",7,7
20,"u9",12,15
20,"u9",17,36
20,"u9",22,211
20,"u9",27,136
20,"u9",32,94
20,"u9",37,39
20,"u9",42,80
20,"u9",47,118
20,"u9",52,147
20,"u10",7,3
20,"u10",12,5
20,"u10",17,10
20,"u10",22,203
20,"u10",27,169
20,"u10",32,95
20,"u10",37,62
20,"u10",42,304
20,"u10",47,105
20,"u10",52,320
21,"u1",7,5
21,"u1",12,6
21,"u1",17,11
21,"u1",22,33
21,"u1",27,35
21,"u1",32,139
21,"u1",37,82
21,"u1",42,85
21,"u1",47,57
21,"u1",52,93
21,"u2",7,2
21,"u2",12,7
21,"u2",17,85
21,"u2",22,409
21,"u2",27,254
21,"u2",32,284
21,"u2",37,295
21,"u2",42,176
21,"u2",47,240
21,"u2",52,97
21,"u3",7,1
21,"u3",12,4
21,"u3",17,23
21,"u3",22,151
21,"u3",27,216
21,"u3",32,259
21,"u3",37,403
21,"u3",42,466
21,"u3",47,137
21,"u3",52,97
21,"u4",7,16
21,"u4",12,52
21,"u4",17,186
21,"u4",22,124
21,"u4",27,82
21,"u4",32,80
21,"u4",37,65
21,"u4",42,62
21,"u4",47,43
21,"u4",52,58
21,"u5",7,4
21,"u5",12,5
21,"u5",17,20
21,"u5",22,39
21,"u5",27,115
21,"u5",32,106
21,"u5",37,621
21,"u5",42,160
21,"u5",47,105
21,"u5",52,173
21,"u6",7,7
21,"u6",12,6
21,"u6",17,7
21,"u6",22,55
21,"u6",27,118
21,"u6",32,197
21,"u6",37,136
21,"u6",42,126
21,"u6",47,92
21,"u6",52,30
21,"u7",7,9
21,"u7",12,20
21,"u7",17,127
21,"u7",22,178
21,"u7",27,84
21,"u7",32,103
21,"u7",37,24
21,"u7",42,16
21,"u7",47,9
21,"u7",52,12
21,"u8",7,2
21,"u8",12,8
21,"u8",17,9
21,"u8",22,64
21,"u8",27,107
21,"u8",32,136
21,"u8",37,124
21,"u8",42,54
21,"u8",47,128
21,"u8",52,69
21,"u9",7,1
21,"u9",12,26
21,"u9",17,50
21,"u9",22,97
21,"u9",27,275
21,"u9",32,249
21,"u9",37,118
21,"u9",42,48
21,"u9",47,10
21,"u9",52,6
21,"u10",7,7
21,"u10",12,11
21,"u10",17,29
21,"u10",22,50
21,"u10",27,85
21,"u10",32,248
21,"u10",37,617
21,"u10",42,334
21,"u10",47,152
21,"u10",52,86
22,"u1",7,2
22,"u1",12,22
22,"u1",17,56
22,"u1",22,98
22,"u1",27,215
22,"u1",32,378
22,"u1",37,172
22,"u1",42,278
22,"u1",47,162
22,"u1",52,46
22,"u2",7,4
22,"u2",12,15
22,"u2",17,29
22,"u2",22,85
22,"u2",27,57
22,"u2",32,128
22,"u2",37,103
22,"u2",42,100
22,"u2",47,140
22,"u2",52,226
22,"u3",7,1
22,"u3",12,7
22,"u3",17,32
22,"u3",22,62
22,"u3",27,86
22,"u3",32,159
22,"u3",37,105
22,"u3",42,41
22,"u3",47,60
22,"u3",52,90
22,"u4",7,0
22,"u4",12,5
22,"u4",17,22
22,"u4",22,87
22,"u4",27,154
22,"u4",32,121
22,"u4",37,119
22,"u4",42,151
22,"u4",47,102
22,"u4",52,29
22,"u5",7,2
22,"u5",12,12
22,"u5",17,28
22,"u5",22,69
22,"u5",27,279
22,"u5",32,527
22,"u5",37,579
22,"u5",42,974
22,"u5",47,511
22,"u5",52,112
22,"u6",7,8
22,"u6",12,22
22,"u6",17,103
22,"u6",22,75
22,"u6",27,157
22,"u6",32,188
22,"u6",37,235
22,"u6",42,295
22,"u6",47,344
22,"u6",52,428
22,"u7",7,5
22,"u7",12,7
22,"u7",17,21
22,"u7",22,42
22,"u7",27,77
22,"u7",32,108
22,"u7",37,69
22,"u7",42,99
22,"u7",47,38
22,"u7",52,111
22,"u8",7,4
22,"u8",12,31
22,"u8",17,37
22,"u8",22,96
22,"u8",27,95
22,"u8",32,84
22,"u8",37,105
22,"u8",42,48
22,"u8",47,24
22,"u8",52,139
22,"u9",7,6
22,"u9",12,12
22,"u9",17,23
22,"u9",22,130
22,"u9",27,162
22,"u9",32,413
22,"u9",37,253
22,"u9",42,166
22,"u9",47,54
22,"u9",52,56
22,"u10",7,1
22,"u10",12,2
22,"u10",17,14
22,"u10",22,25
22,"u10",27,103
22,"u10",32,142
22,"u10",37,81
22,"u10",42,210
22,"u10",47,75
22,"u10",52,51
23,"u1",7,1
23,"u1",12,8
23,"u1",17,23
23,"u1",22,106
23,"u1",27,246
23,"u1",32,78
23,"u1",37,55
23,"u1",42,96
23,"u1",47,41
23,"u1",52,39
23,"u2",7,11
23,"u2",12,18
23,"u2",17,40
23,"u2",22,161
23,"u2",27,73
23,"u2",32,127
23,"u2",37,85
23,"u2",42,77
23,"u2",47,28
23,"u2",52,71
23,"u3",7,5
23,"u3",12,13
23,"u3",17,86
23,"u3",22,444
23,"u3",27,211
23,"u3",32,110
23,"u3",37,123
23,"u3",42,60
23,"u3",47,44
23,"u3",52,46
23,"u4",7,4
23,"u4",12,24
23,"u4",17,49
23,"u4",22,78
23,"u4",27,118
23,"u4",32,78
23,"u4",37,176
23,"u4",42,227
23,"u4",47,61
23,"u4",52,84
23,"u5",7,15
23,"u5",12,23
23,"u5",17,151
23,"u5",22,171
23,"u5",27,207
23,"u5",32,111
23,"u5",37,94
23,"u5",42,17
23,"u5",47,33
23,"u5",52,28
23,"u6",7,5
23,"u6",12,6
23,"u6",17,16
23,"u6",22,66
23,"u6",27,49
23,"u6",32,294
23,"u6",37,756
23,"u6",42,266
23,"u6",47,260
23,"u6",52,275
23,"u7",7,2
23,"u7",12,3
23,"u7",17,22
23,"u7",22,63
23,"u7",27,246
23,"u7",32,959
23,"u7",37,903
23,"u7",42,480
23,"u7",47,314
23,"u7",52,1078
23,"u8",7,4
23,"u8",12,15
23,"u8",17,101
23,"u8",22,311
23,"u8",27,76
23,"u8",32,254
23,"u8",37,304
23,"u8",42,288
23,"u8",47,88
23,"u8",52,24
23,"u9",7,5
23,"u9",12,3
23,"u9",17,16
23,"u9",22,79
23,"u9",27,232
23,"u9",32,178
23,"u9",37,134
23,"u9",42,87
23,"u9",47,68
23,"u9",52,16
23,"u10",7,12
23,"u10",12,12
23,"u10",17,40
23,"u10",22,92
23,"u10",27,191
23,"u10",32,107
23,"u10",37,395
23,"u10",42,270
23,"u10",47,324
23,"u10",52,485
24,"u1",7,8
24,"u1",12,24
24,"u1",17,50
24,"u1",22,110
24,"u1",27,164
24,"u1",32,448
24,"u1",37,460
24,"u1",42,411
24,"u1",47,539
24,"u1",52,352
24,"u2",7,2
24,"u2",12,14
24,"u2",17,130
24,"u2",22,167
24,"u2",27,257
24,"u2",32,92
24,"u2",37,46
24,"u2",42,18
24,"u2",47,24
24,"u2",52,4
24,"u3",7,5
24,"u3",12,0
24,"u3",17,18
24,"u3",22,15
24,"u3",27,51
24,"u3",32,207
24,"u3",37,86
24,"u3",42,49
24,"u3",47,70
24,"u3",52,128
24,"u4",7,13
24,"u4",12,11
24,"u4",17,69
24,"u4",22,102
24,"u4",27,84
24,"u4",32,178
24,"u4",37,92
24,"u4",42,17
24,"u4",47,33
24,"u4",52,40
24,"u5",7,12
24,"u5",12,18
24,"u5",17,22
24,"u5",22,101
24,"u5",27,144
24,"u5",32,159
24,"u5",37,113
24,"u5",42,145
24,"u5",47,217
24,"u5",52,150
24,"u6",7,7
24,"u6",12,25
24,"u6",17,67
24,"u6",22,136
24,"u6",27,152
24,"u6",32,244
24,"u6",37,97
24,"u6",42,77
24,"u6",47,32
24,"u6",52,61
24,"u7",7,4
24,"u7",12,5
24,"u7",17,24
24,"u7",22,156
24,"u7",27,224
24,"u7",32,250
24,"u7",37,146
24,"u7",42,165
24,"u7",47,85
24,"u7",52,78
24,"u8",7,1
24,"u8",12,6
24,"u8",17,18
24,"u8",22,29
24,"u8",27,205
24,"u8",32,160
24,"u8",37,99
24,"u8",42,78
24,"u8",47,101
24,"u8",52,99
24,"u9",7,2
24,"u9",12,20
24,"u9",17,68
24,"u9",22,78
24,"u9",27,79
24,"u9",32,61
24,"u9",37,93
24,"u9",42,239
24,"u9",47,174
24,"u9",52,42
24,"u10",7,3
24,"u10",12,44
24,"u10",17,141
24,"u10",22,132
24,"u10",27,188
24,"u10",32,267
24,"u10",37,129
24,"u10",42,45
24,"u10",47,96
24,"u10",52,102
25,"u1",7,3
25,"u1",12,7
25,"u1",17,26
25,"u1",22,209
25,"u1",27,300
25,"u1",32,269
25,"u1",37,152
25,"u1",42,83
25,"u1",47,100
25,"u1",52,47
25,"u2",7,4
25,"u2",12,11
25,"u2",17,36
25,"u2",22,105
25,"u2",27,161
25,"u2",32,339
25,"u2",37,93
25,"u2",42,162
25,"u2",47,51
25,"u2",52,139
25,"u3",7,6
25,"u3",12,31
25,"u3",17,112
25,"u3",22,141
25,"u3",27,159
25,"u3",32,80
25,"u3",37,52
25,"u3",42,43
25,"u3",47,59
25,"u3",52,116
25,"u4",7,4
25,"u4",12,20
25,"u4",17,11
25,"u4",22,39
25,"u4",27,60
25,"u4",32,210
25,"u4",37,78
25,"u4",42,67
25,"u4",47,47
25,"u4",52,86
25,"u5",7,0
25,"u5",12,4
25,"u5",17,8
25,"u5",22,116
25,"u5",27,77
25,"u5",32,104
25,"u5",37,111
25,"u5",42,80
25,"u5",47,94
25,"u5",52,305
25,"u6",7,2
25,"u6",12,11
25,"u6",17,32
25,"u6",22,103
25,"u6",27,66
25,"u6",32,68
25,"u6",37,211
25,"u6",42,149
25,"u6",47,188
25,"u6",52,466
25,"u7",7,7
25,"u7",12,21
25,"u7",17,90
25,"u7",22,221
25,"u7",27,167
25,"u7",32,88
25,"u7",37,17
25,"u7",42,25
25,"u7",47,18
25,"u7",52,8
25,"u8",7,3
25,"u8",12,7
25,"u8",17,19
25,"u8",22,34
25,"u8",27,237
25,"u8",32,134
25,"u8",37,79
25,"u8",42,85
25,"u8",47,213
25,"u8",52,183
25,"u9",7,9
25,"u9",12,89
25,"u9",17,237
25,"u9",22,196
25,"u9",27,51
25,"u9",32,17
25,"u9",37,11
25,"u9",42,1
25,"u9",47,2
25,"u9",52,9
25,"u10",7,5
25,"u10",12,19
25,"u10",17,30
25,"u10",22,211
25,"u10",27,184
25,"u10",32,270
25,"u10",37,333
25,"u10",42,134
25,"u10",47,282
25,"u10",52,386
26,"u1",7,4
26,"u1",12,23
26,"u1",17,71
26,"u1",22,201
26,"u1",27,292
26,"u1",32,197
26,"u1",37,131
26,"u1",42,109
26,"u1",47,26
26,"u1",52,103
26,"u2",7,1
26,"u2",12,5
26,"u2",17,75
26,"u2",22,259
26,"u2",27,353
26,"u2",32,305
26,"u2",37,272
26,"u2",42,266
26,"u2",47,58
26,"u2",52,43
26,"u3",7,3
26,"u3",12,15
26,"u3",17,146
26,"u3",22,148
26,"u3",27,508
26,"u3",32,184
26,"u3",37,489
26,"u3",42,510
26,"u3",47,267
26,"u3",52,129
26,"u4",7,3
26,"u4",12,25
26,"u4",17,45
26,"u4",22,145
26,"u4",27,110
26,"u4",32,138
26,"u4",37,39
26,"u4",42,29
26,"u4",47,41
26,"u4",52,60
26,"u5",7,4
26,"u5",12,4
26,"u5",17,20
26,"u5",22,33
26,"u5",27,124
26,"u5",32,276
26,"u5",37,505
26,"u5",42,557
26,"u5",47,787
26,"u5",52,481
26,"u6",7,2
26,"u6",12,9
26,"u6",17,54
26,"u6",22,82
26,"u6",27,111
26,"u6",32,141
26,"u6",37,113
26,"u6",42,99
26,"u6",47,93
26,"u6",52,44
26,"u7",7,3
26,"u7",12,12
26,"u7",17,24
26,"u7",22,174
26,"u7",27,170
26,"u7",32,122
26,"u7",37,114
26,"u7",42,46
26,"u7",47,28
26,"u7",52,31
26,"u8",7,5
26,"u8",12,14
26,"u8",17,83
26,"u8",22,276
26,"u8",27,220
26,"u8",32,122
26,"u8",37,294
26,"u8",42,110
26,"u8",47,121
26,"u8",52,118
26,"u9",7,3
26,"u9",12,25
26,"u9",17,181
26,"u9",22,140
26,"u9",27,436
26,"u9",32,326
26,"u9",37,277
26,"u9",42,409
26,"u9",47,372
26,"u9",52,309
26,"u10",7,3
26,"u10",12,7
26,"u10",17,36
26,"u10",22,139
26,"u10",27,157
26,"u10",32,192
26,"u10",37,312
26,"u10",42,289
26,"u10",47,72
26,"u10",52,41
27,"u1",7,5
27,"u1",12,17
27,"u1",17,27
27,"u1",22,51
27,"u1",27,66
27,"u1",32,133
27,"u1",37,356
27,"u1",42,338
27,"u1",47,52
27,"u1",52,247
27,"u2",7,2
27,"u2",12,13
27,"u2",17,41
27,"u2",22,94
27,"u2",27,246
27,"u2",32,373
27,"u2",37,74
27,"u2",42,53
27,"u2",47,71
27,"u2",52,62
27,"u3",7,2
27,"u3",12,1
27,"u3",17,12
27,"u3",22,23
27,"u3",27,75
27,"u3",32,182
27,"u3",37,223
27,"u3",42,112
27,"u3",47,146
27,"u3",52,83
27,"u4",7,3
27,"u4",12,5
27,"u4",17,9
27,"u4",22,61
27,"u4",27,145
27,"u4",32,219
27,"u4",37,119
27,"u4",42,31
27,"u4",47,134
27,"u4",52,62
27,"u5",7,9
27,"u5",12,50
27,"u5",17,79
27,"u5",22,90
27,"u5",27,136
27,"u5",32,471
27,"u5",37,169
27,"u5",42,98
27,"u5",47,62
27,"u5",52,55
27,"u6",7,6
27,"u6",12,29
27,"u6",17,35
27,"u6",22,82
27,"u6",27,130
27,"u6",32,726
27,"u6",37,1454
27,"u6",42,1170
27,"u6",47,870
27,"u6",52,968
27,"u7",7,2
27,"u7",12,15
27,"u7",17,51
27,"u7",22,110
27,"u7",27,108
27,"u7",32,105
27,"u7",37,119
27,"u7",42,94
27,"u7",47,24
27,"u7",52,13
27,"u8",7,4
27,"u8",12,2
27,"u8",17,4
27,"u8",22,12
27,"u8",27,65
27,"u8",32,202
27,"u8",37,143
27,"u8",42,235
27,"u8",47,99
27,"u8",52,20
27,"u9",7,2
27,"u9",12,8
27,"u9",17,19
27,"u9",22,52
27,"u9",27,74
27,"u9",32,210
27,"u9",37,105
27,"u9",42,179
27,"u9",47,47
27,"u9",52,15
27,"u10",7,3
27,"u10",12,1
27,"u10",17,40
27,"u10",22,178
27,"u10",27,149
27,"u10",32,81
27,"u10",37,71
27,"u10",42,23
27,"u10",47,99
27,"u10",52,99
28,"u1",7,12
28,"u1",12,26
28,"u1",17,64
28,"u1",22,43
28,"u1",27,177
28,"u1",32,143
28,"u1",37,85
28,"u1",42,74
28,"u1",47,158
28,"u1",52,149
28,"u2",7,1
28,"u2",12,14
28,"u2",17,22
28,"u2",22,99
28,"u2",27,86
28,"u2",32,159
28,"u2",37,137
28,"u2",42,78
28,"u2",47,131
28,"u2",52,142
28,"u3",7,9
28,"u3",12,7
28,"u3",17,9
28,"u3",22,31
28,"u3",27,115
28,"u3",32,263
28,"u3",37,214
28,"u3",42,247
28,"u3",47,64
28,"u3",52,64
28,"u4",7,3
28,"u4",12,28
28,"u4",17,55
28,"u4",22,122
28,"u4",27,147
28,"u4",32,249
28,"u4",37,53
28,"u4",42,28
28,"u4",47,15
28,"u4",52,23
28,"u5",7,0
28,"u5",12,12
28,"u5",17,63
28,"u5",22,116
28,"u5",27,271
28,"u5",32,640
28,"u5",37,122
28,"u5",42,71
28,"u5",47,28
28,"u5",52,107
28,"u6",7,7
28,"u6",12,24
28,"u6",17,35
28,"u6",22,247
28,"u6",27,271
28,"u6",32,107
28,"u6",37,177
28,"u6",42,65
28,"u6",47,25
28,"u6",52,52
28,"u7",7,5
28,"u7",12,43
28,"u7",17,161
28,"u7",22,191
28,"u7",27,88
28,"u7",32,140
28,"u7",37,108
28,"u7",42,40
28,"u7",47,22
28,"u7",52,35
28,"u8",7,4
28,"u8",12,12
28,"u8",17,32
28,"u8",22,105
28,"u8",27,174
28,"u8",32,130
28,"u8",37,41
28,"u8",42,14
28,"u8",47,50
28,"u8",52,32
28,"u9",7,6
28,"u9",12,7
28,"u9",17,61
28,"u9",22,100
28,"u9",27,168
28,"u9",32,456
28,"u9",37,114
28,"u9",42,214
28,"u9",47,136
28,"u9",52,121
28,"u10",7,5
28,"u10",12,40
28,"u10",17,64
28,"u10",22,111
28,"u10",27,134
28,"u10",32,75
28,"u10",37,14
28,"u10",42,47
28,"u10",47,89
28,"u10",52,253
29,"u1",7,8
29,"u1",12,12
29,"u1",17,94
29,"u1",22,109
29,"u1",27,73
29,"u1",32,178
29,"u1",37,189
29,"u1",42,116
29,"u1",47,96
29,"u1",52,68
29,"u2",7,7
29,"u2",12,16
29,"u2",17,95
29,"u2",22,105
29,"u2",27,88
29,"u2",32,189
29,"u2",37,227
29,"u2",42,990
29,"u2",47,2188
29,"u2",52,419
29,"u3",7,0
29,"u3",12,3
29,"u3",17,20
29,"u3",22,46
29,"u3",27,121
29,"u3",32,200
29,"u3",37,65
29,"u3",42,57
29,"u3",47,20
29,"u3",52,41
29,"u4",7,4
29,"u4",12,23
29,"u4",17,41
29,"u4",22,205
29,"u4",27,127
29,"u4",32,62
29,"u4",37,69
29,"u4",42,77
29,"u4",47,37
29,"u4",52,13
29,"u5",7,0
29,"u5",12,25
29,"u5",17,60
29,"u5",22,91
29,"u5",27,232
29,"u5",32,640
29,"u5",37,489
29,"u5",42,308
29,"u5",47,363
29,"u5",52,101
29,"u6",7,2
29,"u6",12,3
29,"u6",17,52
29,"u6",22,103
29,"u6",27,229
29,"u6",32,1471
29,"u6",37,239
29,"u6",42,122
29,"u6",47,77
29,"u6",52,140
29,"u7",7,2
29,"u7",12,23
29,"u7",17,16
29,"u7",22,37
29,"u7",27,75
29,"u7",32,104
29,"u7",37,246
29,"u7",42,72
29,"u7",47,69
29,"u7",52,74
29,"u8",7,5
29,"u8",12,23
29,"u8",17,42
29,"u8",22,220
29,"u8",27,546
29,"u8",32,258
29,"u8",37,91
29,"u8",42,276
29,"u8",47,101
29,"u8",52,87
29,"u9",7,9
29,"u9",12,21
29,"u9",17,33
29,"u9",22,72
29,"u9",27,153
29,"u9",32,146
29,"u9",37,404
29,"u9",42,271
29,"u9",47,436
29,"u9",52,373
29,"u10",7,2
29,"u10",12,17
29,"u10",17,97
29,"u10",22,173
29,"u10",27,124
29,"u10",32,156
29,"u10",37,185
29,"u10",42,234
29,"u10",47,442
29,"u10",52,264
30,"u1",7,6
30,"u1",12,22
30,"u1",17,64
30,"u1",22,52
30,"u1",27,82
30,"u1",32,164
30,"u1",37,143
30,"u1",42,34
30,"u1",47,37
30,"u1",52,47
30,"u2",7,17
30,"u2",12,25
30,"u2",17,64
30,"u2",22,136
30,"u2",27,197
30,"u2",32,73
30,"u2",37,64
30,"u2",42,123
30,"u2",47,94
30,"u2",52,41
30,"u3",7,4
30,"u3",12,5
30,"u3",17,29
30,"u3",22,46
30,"u3",27,110
30,"u3",32,150
30,"u3",37,48
30,"u3",42,39
30,"u3",47,31
30,"u3",52,45
30,"u4",7,2
30,"u4",12,13
30,"u4",17,24
30,"u4",22,71
30,"u4",27,99
30,"u4",32,125
30,"u4",37,152
30,"u4",42,42
30,"u4",47,20
30,"u4",52,40
30,"u5",7,4
30,"u5",12,4
30,"u5",17,12
30,"u5",22,49
30,"u5",27,99
30,"u5",32,140
30,"u5",37,118
30,"u5",42,147
30,"u5",47,108
30,"u5",52,52
30,"u6",7,9
30,"u6",12,16
30,"u6",17,33
30,"u6",22,82
30,"u6",27,78
30,"u6",32,124
30,"u6",37,89
30,"u6",42,401
30,"u6",47,168
30,"u6",52,300
30,"u7",7,1
30,"u7",12,6
30,"u7",17,74
30,"u7",22,232
30,"u7",27,416
30,"u7",32,410
30,"u7",37,53
30,"u7",42,99
30,"u7",47,55
30,"u7",52,232
30,"u8",7,6
30,"u8",12,7
30,"u8",17,21
30,"u8",22,45
30,"u8",27,165
30,"u8",32,278
30,"u8",37,168
30,"u8",42,52
30,"u8",47,20
30,"u8",52,42
30,"u9",7,5
30,"u9",12,22
30,"u9",17,31
30,"u9",22,93
30,"u9",27,67
30,"u9",32,92
30,"u9",37,41
30,"u9",42,75
30,"u9",47,17
30,"u9",52,41
30,"u10",7,3
30,"u10",12,17
30,"u10",17,85
30,"u10",22,130
30,"u10",27,181
30,"u10",32,143
30,"u10",37,93
30,"u10",42,56
30,"u10",47,48
30,"u10",52,51
31,"u1",7,2
31,"u1",12,4
31,"u1",17,11
31,"u1",22,20
31,"u1",27,76
31,"u1",32,126
31,"u1",37,270
31,"u1",42,224
31,"u1",47,99
31,"u1",52,58
31,"u2",7,7
31,"u2",12,6
31,"u2",17,25
31,"u2",22,91
31,"u2",27,53
31,"u2",32,296
31,"u2",37,390
31,"u2",42,162
31,"u2",47,69
31,"u2",52,21
31,"u3",7,3
31,"u3",12,11
31,"u3",17,151
31,"u3",22,510
31,"u3",27,795
31,"u3",32,295
31,"u3",37,122
31,"u3",42,52
31,"u3",47,85
31,"u3",52,55
31,"u4",7,9
31,"u4",12,9
31,"u4",17,34
31,"u4",22,122
31,"u4",27,185
31,"u4",32,316
31,"u4",37,247
31,"u4",42,157
31,"u4",47,77
31,"u4",52,32
31,"u5",7,5
31,"u5",12,2
31,"u5",17,13
31,"u5",22,46
31,"u5",27,175
31,"u5",32,370
31,"u5",37,261
31,"u5",42,119
31,"u5",47,27
31,"u5",52,66
31,"u6",7,6
31,"u6",12,14
31,"u6",17,25
31,"u6",22,37
31,"u6",27,68
31,"u6",32,117
31,"u6",37,172
31,"u6",42,182
31,"u6",47,196
31,"u6",52,708
31,"u7",7,3
31,"u7",12,11
31,"u7",17,83
31,"u7",22,98
31,"u7",27,160
31,"u7",32,154
31,"u7",37,110
31,"u7",42,180
31,"u7",47,83
31,"u7",52,94
31,"u8",7,0
31,"u8",12,8
31,"u8",17,29
31,"u8",22,127
31,"u8",27,177
31,"u8",32,112
31,"u8",37,88
31,"u8",42,35
31,"u8",47,44
31,"u8",52,30
31,"u9",7,2
31,"u9",12,49
31,"u9",17,122
31,"u9",22,297
31,"u9",27,92
31,"u9",32,36
31,"u9",37,10
31,"u9",42,27
31,"u9",47,7
31,"u9",52,22
31,"u10",7,4
31,"u10",12,21
31,"u10",17,67
31,"u10",22,98
31,"u10",27,81
31,"u10",32,156
31,"u10",37,321
31,"u10",42,67
31,"u10",47,17
31,"u10",52,90
32,"u1",7,5
32,"u1",12,22
32,"u1",17,32
32,"u1",22,65
32,"u1",27,402
32,"u1",32,891
32,"u1",37,204
32,"u1",42,130
32,"u1",47,99
32,"u1",52,34
32,"u2",7,6
32,"u2",12,9
32,"u2",17,93
32,"u2",22,184
32,"u2",27,426
32,"u2",32,130
32,"u2",37,106
32,"u2",42,60
32,"u2",47,63
32,"u2",52,133
32,"u3",7,4
32,"u3",12,7
32,"u3",17,30
32,"u3",22,65
32,"u3",27,215
32,"u3",32,86
32,"u3",37,27
32,"u3",42,48
32,"u3",47,29
32,"u3",52,23
32,"u4",7,7
32,"u4",12,38
32,"u4",17,64
32,"u4",22,97
32,"u4",27,133
32,"u4",32,23
32,"u4",37,166
32,"u4",42,54
32,"u4",47,72
32,"u4",52,119
32,"u5",7,5
32,"u5",12,21
32,"u5",17,33
32,"u5",22,130
32,"u5",27,137
32,"u5",32,82
32,"u5",37,80
32,"u5",42,70
32,"u5",47,116
32,"u5",52,97
32,"u6",7,5
32,"u6",12,8
32,"u6",17,36
32,"u6",22,276
32,"u6",27,375
32,"u6",32,155
32,"u6",37,184
32,"u6",42,36
32,"u6",47,13
32,"u6",52,61
32,"u7",7,6
32,"u7",12,9
32,"u7",17,17
32,"u7",22,90
32,"u7",27,158
32,"u7",32,80
32,"u7",37,387
32,"u7",42,210
32,"u7",47,129
32,"u7",52,46
32,"u8",7,6
32,"u8",12,10
32,"u8",17,26
32,"u8",22,74
32,"u8",27,108
32,"u8",32,104
32,"u8",37,126
32,"u8",42,130
32,"u8",47,118
32,"u8",52,55
32,"u9",7,5
32,"u9",12,91
32,"u9",17,226
32,"u9",22,169
32,"u9",27,141
32,"u9",32,376
32,"u9",37,186
32,"u9",42,304
32,"u9",47,233
32,"u9",52,461
32,"u10",7,9
32,"u10",12,17
32,"u10",17,75
32,"u10",22,495
32,"u10",27,877
32,"u10",32,574
32,"u10",37,184
32,"u10",42,56
32,"u10",47,98
32,"u10",52,69
33,"u1",7,4
33,"u1",12,2
33,"u1",17,105
33,"u1",22,92
33,"u1",27,194
33,"u1",32,142
33,"u1",37,124
33,"u1",42,119
33,"u1",47,51
33,"u1",52,26
33,"u2",7,6
33,"u2",12,10
33,"u2",17,112
33,"u2",22,139
33,"u2",27,244
33,"u2",32,102
33,"u2",37,111
33,"u2",42,134
33,"u2",47,253
33,"u2",52,89
33,"u3",7,2
33,"u3",12,7
33,"u3",17,9
33,"u3",22,125
33,"u3",27,328
33,"u3",32,131
33,"u3",37,281
33,"u3",42,121
33,"u3",47,26
33,"u3",52,21
33,"u4",7,1
33,"u4",12,7
33,"u4",17,68
33,"u4",22,105
33,"u4",27,301
33,"u4",32,589
33,"u4",37,568
33,"u4",42,336
33,"u4",47,114
33,"u4",52,111
33,"u5",7,6
33,"u5",12,4
33,"u5",17,31
33,"u5",22,33
33,"u5",27,251
33,"u5",32,103
33,"u5",37,115
33,"u5",42,139
33,"u5",47,109
33,"u5",52,70
33,"u6",7,16
33,"u6",12,46
33,"u6",17,186
33,"u6",22,205
33,"u6",27,127
33,"u6",32,164
33,"u6",37,153
33,"u6",42,66
33,"u6",47,28
33,"u6",52,10
33,"u7",7,3
33,"u7",12,23
33,"u7",17,30
33,"u7",22,73
33,"u7",27,68
33,"u7",32,292
33,"u7",37,396
33,"u7",42,342
33,"u7",47,265
33,"u7",52,37
33,"u8",7,2
33,"u8",12,4
33,"u8",17,30
33,"u8",22,178
33,"u8",27,254
33,"u8",32,32
33,"u8",37,25
33,"u8",42,35
33,"u8",47,45
33,"u8",52,42
33,"u9",7,8
33,"u9",12,28
33,"u9",17,37
33,"u9",22,64
33,"u9",27,99
33,"u9",32,66
33,"u9",37,67
33,"u9",42,49
33,"u9",47,58
33,"u9",52,76
33,"u10",7,4
33,"u10",12,16
33,"u10",17,32
33,"u10",22,67
33,"u10",27,203
33,"u10",32,66
33,"u10",37,71
33,"u10",42,118
33,"u10",47,29
33,"u10",52,51
34,"u1",7,4
34,"u1",12,11
34,"u1",17,6
34,"u1",22,55
34,"u1",27,101
34,"u1",32,64
34,"u1",37,125
34,"u1",42,217
34,"u1",47,216
34,"u1",52,200
34,"u2",7,6
34,"u2",12,20
34,"u2",17,65
34,"u2",22,83
34,"u2",27,275
34,"u2",32,601
34,"u2",37,253
34,"u2",42,133
34,"u2",47,300
34,"u2",52,251
34,"u3",7,7
34,"u3",12,35
34,"u3",17,115
34,"u3",22,76
34,"u3",27,120
34,"u3",32,59
34,"u3",37,61
34,"u3",42,41
34,"u3",47,58
34,"u3",52,53
34,"u4",7,2
34,"u4",12,8
34,"u4",17,20
34,"u4",22,122
34,"u4",27,101
34,"u4",32,155
34,"u4",37,285
34,"u4",42,129
34,"u4",47,42
34,"u4",52,25
34,"u5",7,13
34,"u5",12,38
34,"u5",17,58
34,"u5",22,131
34,"u5",27,154
34,"u5",32,166
34,"u5",37,66
34,"u5",42,77
34,"u5",47,135
34,"u5",52,93
34,"u6",7,8
34,"u6",12,30
34,"u6",17,74
34,"u6",22,338
34,"u6",27,178
34,"u6",32,88
34,"u6",37,35
34,"u6",42,44
34,"u6",47,42
34,"u6",52,48
34,"u7",7,6
34,"u7",12,13
34,"u7",17,22
34,"u7",22,68
34,"u7",27,128
34,"u7",32,172
34,"u7",37,72
34,"u7",42,190
34,"u7",47,340
34,"u7",52,421
34,"u8",7,3
34,"u8",12,9
34,"u8",17,45
34,"u8",22,102
34,"u8",27,333
34,"u8",32,377
34,"u8",37,284
34,"u8",42,112
34,"u8",47,308
34,"u8",52,104
34,"u9",7,0
34,"u9",12,5
34,"u9",17,22
34,"u9",22,57
34,"u9",27,75
34,"u9",32,182
34,"u9",37,402
34,"u9",42,173
34,"u9",47,26
34,"u9",52,41
34,"u10",7,10
34,"u10",12,12
34,"u10",17,66
34,"u10",22,120
34,"u10",27,100
34,"u10",32,329
34,"u10",37,159
34,"u10",42,105
34,"u10",47,115
34,"u10",52,78
35,"u1",7,4
35,"u1",12,10
35,"u1",17,27
35,"u1",22,23
35,"u1",27,187
35,"u1",32,287
35,"u1",37,261
35,"u1",42,210
35,"u1",47,52
35,"u1",52,10
35,"u2",7,7
35,"u2",12,9
35,"u2",17,19
35,"u2",22,76
35,"u2",27,99
35,"u2",32,176
35,"u2",37,44
35,"u2",42,77
35,"u2",47,69
35,"u2",52,49
35,"u3",7,11
35,"u3",12,16
35,"u3",17,38
35,"u3",22,92
35,"u3",27,210
35,"u3",32,174
35,"u3",37,131
35,"u3",42,67
35,"u3",47,124
35,"u3",52,129
35,"u4",7,1
35,"u4",12,11
35,"u4",17,78
35,"u4",22,382
35,"u4",27,225
35,"u4",32,114
35,"u4",37,66
35,"u4",42,106
35,"u4",47,82
35,"u4",52,27
35,"u5",7,14
35,"u5",12,44
35,"u5",17,114
35,"u5",22,237
35,"u5",27,67
35,"u5",32,79
35,"u5",37,84
35,"u5",42,68
35,"u5",47,54
35,"u5",52,134
35,"u6",7,2
35,"u6",12,13
35,"u6",17,54
35,"u6",22,118
35,"u6",27,156
35,"u6",32,264
35,"u6",37,180
35,"u6",42,141
35,"u6",47,96
35,"u6",52,63
35,"u7",7,0
35,"u7",12,7
35,"u7",17,57
35,"u7",22,191
35,"u7",27,234
35,"u7",32,109
35,"u7",37,115
35,"u7",42,66
35,"u7",47,23
35,"u7",52,24
35,"u8",7,12
35,"u8",12,20
35,"u8",17,77
35,"u8",22,95
35,"u8",27,271
35,"u8",32,402
35,"u8",37,224
35,"u8",42,216
35,"u8",47,152
35,"u8",52,65
35,"u9",7,5
35,"u9",12,20
35,"u9",17,52
35,"u9",22,38
35,"u9",27,34
35,"u9",32,92
35,"u9",37,221
35,"u9",42,344
35,"u9",47,170
35,"u9",52,131
35,"u10",7,0
35,"u10",12,10
35,"u10",17,14
35,"u10",22,28
35,"u10",27,111
35,"u10",32,281
35,"u10",37,261
35,"u10",42,185
35,"u10",47,369
35,"u10",52,264
36,"u1",7,8
36,"u1",12,16
36,"u1",17,53
36,"u1",22,86
36,"u1",27,135
36,"u1",32,107
36,"u1",37,69
36,"u1",42,96
36,"u1",47,157
36,"u1",52,363
36,"u2",7,0
36,"u2",12,9
36,"u2",17,32
36,"u2",22,146
36,"u2",27,123
36,"u2",32,146
36,"u2",37,86
36,"u2",42,182
36,"u2",47,39
36,"u2",52,30
36,"u3",7,3
36,"u3",12,51
36,"u3",17,65
36,"u3",22,154
36,"u3",27,237
36,"u3",32,215
36,"u3",37,215
36,"u3",42,222
36,"u3",47,130
36,"u3",52,99
36,"u4",7,4
36,"u4",12,16
36,"u4",17,61
36,"u4",22,148
36,"u4",27,99
36,"u4",32,75
36,"u4",37,43
36,"u4",42,41
36,"u4",47,105
36,"u4",52,105
36,"u5",7,1
36,"u5",12,10
36,"u5",17,32
36,"u5",22,120
36,"u5",27,49
36,"u5",32,40
36,"u5",37,61
36,"u5",42,141
36,"u5",47,169
36,"u5",52,192
36,"u6",7,1
36,"u6",12,8
36,"u6",17,9
36,"u6",22,42
36,"u6",27,271
36,"u6",32,408
36,"u6",37,905
36,"u6",42,1052
36,"u6",47,2310
36,"u6",52,1633
36,"u7",7,2
36,"u7",12,4
36,"u7",17,20
36,"u7",22,33
36,"u7",27,241
36,"u7",32,221
36,"u7",37,505
36,"u7",42,282
36,"u7",47,23
36,"u7",52,28
36,"u8",7,5
36,"u8",12,6
36,"u8",17,104
36,"u8",22,318
36,"u8",27,570
36,"u8",32,448
36,"u8",37,164
36,"u8",42,108
36,"u8",47,83
36,"u8",52,63
36,"u9",7,4
36,"u9",12,3
36,"u9",17,29
36,"u9",22,78
36,"u9",27,561
36,"u9",32,197
36,"u9",37,53
36,"u9",42,47
36,"u9",47,38
36,"u9",52,38
36,"u10",7,2
36,"u10",12,9
36,"u10",17,33
36,"u10",22,48
36,"u10",27,128
36,"u10",32,71
36,"u10",37,130
36,"u10",42,171
36,"u10",47,179
36,"u10",52,119
37,"u1",7,5
37,"u1",12,24
37,"u1",17,57
37,"u1",22,116
37,"u1",27,65
37,"u1",32,56
37,"u1",37,59
37,"u1",42,41
37,"u1",47,38
37,"u1",52,64
37,"u2",7,10
37,"u2",12,16
37,"u2",17,27
37,"u2",22,135
37,"u2",27,193
37,"u2",32,261
37,"u2",37,658
37,"u2",42,218
37,"u2",47,108
37,"u2",52,44
37,"u3",7,3
37,"u3",12,19
37,"u3",17,19
37,"u3",22,67
37,"u3",27,143
37,"u3",32,291
37,"u3",37,219
37,"u3",42,53
37,"u3",47,29
37,"u3",52,45
37,"u4",7,4
37,"u4",12,3
37,"u4",17,9
37,"u4",22,14
37,"u4",27,85
37,"u4",32,236
37,"u4",37,466
37,"u4",42,214
37,"u4",47,163
37,"u4",52,122
37,"u5",7,4
37,"u5",12,17
37,"u5",17,94
37,"u5",22,337
37,"u5",27,249
37,"u5",32,267
37,"u5",37,87
37,"u5",42,150
37,"u5",47,46
37,"u5",52,21
37,"u6",7,2
37,"u6",12,12
37,"u6",17,12
37,"u6",22,29
37,"u6",27,50
37,"u6",32,160
37,"u6",37,68
37,"u6",42,138
37,"u6",47,109
37,"u6",52,178
37,"u7",7,1
37,"u7",12,5
37,"u7",17,10
37,"u7",22,64
37,"u7",27,89
37,"u7",32,104
37,"u7",37,192
37,"u7",42,193
37,"u7",47,91
37,"u7",52,51
37,"u8",7,7
37,"u8",12,35
37,"u8",17,77
37,"u8",22,201
37,"u8",27,357
37,"u8",32,155
37,"u8",37,57
37,"u8",42,39
37,"u8",47,102
37,"u8",52,193
37,"u9",7,0
37,"u9",12,17
37,"u9",17,51
37,"u9",22,127
37,"u9",27,178
37,"u9",32,226
37,"u9",37,328
37,"u9",42,586
37,"u9",47,361
37,"u9",52,96
37,"u10",7,2
37,"u10",12,3
37,"u10",17,23
37,"u10",22,72
37,"u10",27,77
37,"u10",32,125
37,"u10",37,125
37,"u10",42,113
37,"u10",47,274
37,"u10",52,220
38,"u1",7,4
38,"u1",12,19
38,"u1",17,184
38,"u1",22,151
38,"u1",27,159
38,"u1",32,64
38,"u1",37,77
38,"u1",42,30
38,"u1",47,78
38,"u1",52,79
38,"u2",7,7
38,"u2",12,24
38,"u2",17,82
38,"u2",22,141
38,"u2",27,245
38,"u2",32,160
38,"u2",37,139
38,"u2",42,136
38,"u2",47,348
38,"u2",52,339
38,"u3",7,1
38,"u3",12,11
38,"u3",17,16
38,"u3",22,67
38,"u3",27,96
38,"u3",32,246
38,"u3",37,78
38,"u3",42,143
38,"u3",47,245
38,"u3",52,131
38,"u4",7,3
38,"u4",12,9
38,"u4",17,17
38,"u4",22,49
38,"u4",27,136
38,"u4",32,187
38,"u4",37,54
38,"u4",42,122
38,"u4",47,138
38,"u4",52,113
38,"u5",7,2
38,"u5",12,16
38,"u5",17,47
38,"u5",22,201
38,"u5",27,418
38,"u5",32,164
38,"u5",37,212
38,"u5",42,40
38,"u5",47,52
38,"u5",52,13
38,"u6",7,8
38,"u6",12,5
38,"u6",17,28
38,"u6",22,136
38,"u6",27,179
38,"u6",32,217
38,"u6",37,73
38,"u6",42,89
38,"u6",47,40
38,"u6",52,30
38,"u7",7,4
38,"u7",12,11
38,"u7",17,23
38,"u7",22,96
38,"u7",27,125
38,"u7",32,267
38,"u7",37,372
38,"u7",42,178
38,"u7",47,35
38,"u7",52,33
38,"u8",7,6
38,"u8",12,12
38,"u8",17,35
38,"u8",22,81
38,"u8",27,58
38,"u8",32,86
38,"u8",37,224
38,"u8",42,137
38,"u8",47,45
38,"u8",52,60
38,"u9",7,0
38,"u9",12,6
38,"u9",17,63
38,"u9",22,267
38,"u9",27,332
38,"u9",32,87
38,"u9",37,35
38,"u9",42,51
38,"u9",47,13
38,"u9",52,11
38,"u10",7,5
38,"u10",12,20
38,"u10",17,95
38,"u10",22,453
38,"u10",27,633
38,"u10",32,291
38,"u10",37,324
38,"u10",42,442
38,"u10",47,508
38,"u10",52,222
39,"u1",7,5
39,"u1",12,0
39,"u1",17,8
39,"u1",22,60
39,"u1",27,48
39,"u1",32,111
39,"u1",37,126
39,"u1",42,167
39,"u1",47,189
39,"u1",52,277
39,"u2",7,3
39,"u2",12,14
39,"u2",17,66
39,"u2",22,101
39,"u2",27,129
39,"u2",32,233
39,"u2",37,159
39,"u2",42,93
39,"u2",47,79
39,"u2",52,248
39,"u3",7,6
39,"u3",12,17
39,"u3",17,55
39,"u3",22,135
39,"u3",27,91
39,"u3",32,120
39,"u3",37,286
39,"u3",42,465
39,"u3",47,45
39,"u3",52,11
39,"u4",7,3
39,"u4",12,26
39,"u4",17,65
39,"u4",22,116
39,"u4",27,190
39,"u4",32,405
39,"u4",37,330
39,"u4",42,312
39,"u4",47,134
39,"u4",52,17
39,"u5",7,6
39,"u5",12,12
39,"u5",17,30
39,"u5",22,67
39,"u5",27,87
39,"u5",32,66
39,"u5",37,113
39,"u5",42,151
39,"u5",47,195
39,"u5",52,208
39,"u6",7,0
39,"u6",12,11
39,"u6",17,36
39,"u6",22,133
39,"u6",27,556
39,"u6",32,307
39,"u6",37,225
39,"u6",42,49
39,"u6",47,29
39,"u6",52,18
39,"u7",7,4
39,"u7",12,1
39,"u7",17,7
39,"u7",22,13
39,"u7",27,47
39,"u7",32,189
39,"u7",37,540
39,"u7",42,493
39,"u7",47,142
39,"u7",52,89
39,"u8",7,9
39,"u8",12,30
39,"u8",17,43
39,"u8",22,31
39,"u8",27,105
39,"u8",32,72
39,"u8",37,55
39,"u8",42,24
39,"u8",47,31
39,"u8",52,28
39,"u9",7,4
39,"u9",12,25
39,"u9",17,60
39,"u9",22,114
39,"u9",27,44
39,"u9",32,82
39,"u9",37,112
39,"u9",42,35
39,"u9",47,241
39,"u9",52,110
39,"u10",7,1
39,"u10",12,13
39,"u10",17,106
39,"u10",22,162
39,"u10",27,144
39,"u10",32,174
39,"u10",37,108
39,"u10",42,90
39,"u10",47,51
39,"u10",52,32
40,"u1",7,5
40,"u1",12,21
40,"u1",17,40
40,"u1",22,112
40,"u1",27,123
40,"u1",32,250
40,"u1",37,705
40,"u1",42,395
40,"u1",47,541
40,"u1",52,389
40,"u2",7,2
40,"u2",12,8
40,"u2",17,16
40,"u2",22,72
40,"u2",27,340
40,"u2",32,302
40,"u2",37,307
40,"u2",42,113
40,"u2",47,54
40,"u2",52,39
40,"u3",7,4
40,"u3",12,7
40,"u3",17,10
40,"u3",22,27
40,"u3",27,110
40,"u3",32,278
40,"u3",37,248
40,"u3",42,66
40,"u3",47,33
40,"u3",52,205
40,"u4",7,2
40,"u4",12,7
40,"u4",17,30
40,"u4",22,48
40,"u4",27,108
40,"u4",32,244
40,"u4",37,525
40,"u4",42,311
40,"u4",47,41
40,"u4",52,30
40,"u5",7,2
40,"u5",12,11
40,"u5",17,27
40,"u5",22,44
40,"u5",27,82
40,"u5",32,143
40,"u5",37,57
40,"u5",42,153
40,"u5",47,168
40,"u5",52,113
40,"u6",7,7
40,"u6",12,19
40,"u6",17,48
40,"u6",22,98
40,"u6",27,59
40,"u6",32,184
40,"u6",37,169
40,"u6",42,329
40,"u6",47,233
40,"u6",52,79
40,"u7",7,2
40,"u7",12,21
40,"u7",17,52
40,"u7",22,195
40,"u7",27,50
40,"u7",32,34
40,"u7",37,66
40,"u7",42,115
40,"u7",47,85
40,"u7",52,53
40,"u8",7,5
40,"u8",12,14
40,"u8",17,34
40,"u8",22,102
40,"u8",27,213
40,"u8",32,304
40,"u8",37,300
40,"u8",42,418
40,"u8",47,318
40,"u8",52,387
40,"u9",7,4
40,"u9",12,15
40,"u9",17,74
40,"u9",22,297
40,"u9",27,159
40,"u9",32,59
40,"u9",37,61
40,"u9",42,134
40,"u9",47,47
40,"u9",52,62
40,"u10",7,5
40,"u10",12,14
40,"u10",17,43
40,"u10",22,93
40,"u10",27,115
40,"u10",32,126
40,"u10",37,96
40,"u10",42,104
40,"u10",47,134
40,"u10",52,12
41,"u1",7,2
41,"u1",12,16
41,"u1",17,69
41,"u1",22,49
41,"u1",27,67
41,"u1",32,80
41,"u1",37,67
41,"u1",42,77
41,"u1",47,23
41,"u1",52,72
41,"u2",7,6
41,"u2",12,19
41,"u2",17,19
41,"u2",22,80
41,"u2",27,193
41,"u2",32,104
41,"u2",37,189
41,"u2",42,117
41,"u2",47,54
41,"u2",52,107
41,"u3",7,7
41,"u3",12,14
41,"u3",17,47
41,"u3",22,94
41,"u3",27,81
41,"u3",32,208
41,"u3",37,127
41,"u3",42,22
41,"u3",47,37
41,"u3",52,54
41,"u4",7,2
41,"u4",12,10
41,"u4",17,30
41,"u4",22,153
41,"u4",27,116
41,"u4",32,43
41,"u4",37,46
41,"u4",42,26
41,"u4",47,19
41,"u4",52,20
41,"u5",7,5
41,"u5",12,24
41,"u5",17,46
41,"u5",22,152
41,"u5",27,71
41,"u5",32,122
41,"u5",37,99
41,"u5",42,152
41,"u5",47,84
41,"u5",52,74
41,"u6",7,1
41,"u6",12,23
41,"u6",17,98
41,"u6",22,198
41,"u6",27,163
41,"u6",32,129
41,"u6",37,464
41,"u6",42,432
41,"u6",47,169
41,"u6",52,106
41,"u7",7,4
41,"u7",12,9
41,"u7",17,43
41,"u7",22,97
41,"u7",27,103
41,"u7",32,416
41,"u7",37,147
41,"u7",42,56
41,"u7",47,73
41,"u7",52,49
41,"u8",7,2
41,"u8",12,25
41,"u8",17,55
41,"u8",22,128
41,"u8",27,410
41,"u8",32,265
41,"u8",37,232
41,"u8",42,129
41,"u8",47,154
41,"u8",52,61
41,"u9",7,5
41,"u9",12,23
41,"u9",17,57
41,"u9",22,105
41,"u9",27,170
41,"u9",32,89
41,"u9",37,57
41,"u9",42,48
41,"u9",47,41
41,"u9",52,41
41,"u10",7,4
41,"u10",12,20
41,"u10",17,153
41,"u10",22,112
41,"u10",27,140
41,"u10",32,54
41,"u10",37,46
41,"u10",42,81
41,"u10",47,74
41,"u10",52,81
42,"u1",7,1
42,"u1",12,6
42,"u1",17,18
42,"u1",22,31
42,"u1",27,103
42,"u1",32,63
42,"u1",37,92
42,"u1",42,112
42,"u1",47,126
42,"u1",52,370
42,"u2",7,3
42,"u2",12,13
42,"u2",17,43
42,"u2",22,113
42,"u2",27,380
42,"u2",32,385
42,"u2",37,305
42,"u2",42,137
42,"u2",47,78
42,"u2",52,79
42,"u3",7,2
42,"u3",12,17
42,"u3",17,34
42,"u3",22,164
42,"u3",27,215
42,"u3",32,83
42,"u3",37,48
42,"u3",42,127
42,"u3",47,38
42,"u3",52,121
42,"u4",7,2
42,"u4",12,3
42,"u4",17,6
42,"u4",22,54
42,"u4",27,129
42,"u4",32,77
42,"u4",37,116
42,"u4",42,79
42,"u4",47,55
42,"u4",52,74
42,"u5",7,3
42,"u5",12,21
42,"u5",17,37
42,"u5",22,112
42,"u5",27,75
42,"u5",32,47
42,"u5",37,35
42,"u5",42,16
42,"u5",47,46
42,"u5",52,80
42,"u6",7,1
42,"u6",12,12
42,"u6",17,25
42,"u6",22,105
42,"u6",27,346
42,"u6",32,132
42,"u6",37,354
42,"u6",42,159
42,"u6",47,103
42,"u6",52,82
42,"u7",7,7
42,"u7",12,8
42,"u7",17,33
42,"u7",22,14
42,"u7",27,50
42,"u7",32,97
42,"u7",37,62
42,"u7",42,91
42,"u7",47,219
42,"u7",52,146
42,"u8",7,3
42,"u8",12,15
42,"u8",17,21
42,"u8",22,137
42,"u8",27,129
42,"u8",32,124
42,"u8",37,167
42,"u8",42,152
42,"u8",47,147
42,"u8",52,72
42,"u9",7,4
42,"u9",12,4
42,"u9",17,9
42,"u9",22,11
42,"u9",27,29
42,"u9",32,91
42,"u9",37,126
42,"u9",42,107
42,"u9",47,123
42,"u9",52,128
42,"u10",7,2
42,"u10",12,10
42,"u10",17,21
42,"u10",22,62
42,"u10",27,95
42,"u10",32,142
42,"u10",37,411
42,"u10",42,327
42,"u10",47,245
42,"u10",52,154
43,"u1",7,4
43,"u1",12,25
43,"u1",17,53
43,"u1",22,255
43,"u1",27,281
43,"u1",32,283
43,"u1",37,82
43,"u1",42,75
43,"u1",47,19
43,"u1",52,36
43,"u2",7,2
43,"u2",12,11
43,"u2",17,15
43,"u2",22,35
43,"u2",27,43
43,"u2",32,45
43,"u2",37,107
43,"u2",42,138
43,"u2",47,107
43,"u2",52,105
43,"u3",7,7
43,"u3",12,10
43,"u3",17,15
43,"u3",22,184
43,"u3",27,173
43,"u3",32,127
43,"u3",37,71
43,"u3",42,81
43,"u3",47,318
43,"u3",52,101
43,"u4",7,1
43,"u4",12,10
43,"u4",17,19
43,"u4",22,60
43,"u4",27,122
43,"u4",32,98
43,"u4",37,89
43,"u4",42,105
43,"u4",47,151
43,"u4",52,38
43,"u5",7,1
43,"u5",12,18
43,"u5",17,37
43,"u5",22,133
43,"u5",27,361
43,"u5",32,204
43,"u5",37,172
43,"u5",42,133
43,"u5",47,190
43,"u5",52,223
43,"u6",7,5
43,"u6",12,6
43,"u6",17,32
43,"u6",22,129
43,"u6",27,145
43,"u6",32,163
43,"u6",37,399
43,"u6",42,89
43,"u6",47,231
43,"u6",52,151
43,"u7",7,5
43,"u7",12,16
43,"u7",17,26
43,"u7",22,135
43,"u7",27,210
43,"u7",32,112
43,"u7",37,194
43,"u7",42,137
43,"u7",47,44
43,"u7",52,11
43,"u8",7,9
43,"u8",12,12
43,"u8",17,146
43,"u8",22,288
43,"u8",27,101
43,"u8",32,170
43,"u8",37,136
43,"u8",42,58
43,"u8",47,29
43,"u8",52,34
43,"u9",7,6
43,"u9",12,23
43,"u9",17,206
43,"u9",22,138
43,"u9",27,145
43,"u9",32,60
43,"u9",37,84
43,"u9",42,56
43,"u9",47,36
43,"u9",52,36
43,"u10",7,4
43,"u10",12,11
43,"u10",17,49
43,"u10",22,115
43,"u10",27,211
43,"u10",32,249
43,"u10",37,45
43,"u10",42,33
43,"u10",47,43
43,"u10",52,15
44,"u1",7,2
44,"u1",12,26
44,"u1",17,43
44,"u1",22,303
44,"u1",27,235
44,"u1",32,79
44,"u1",37,39
44,"u1",42,40
44,"u1",47,25
44,"u1",52,63
44,"u2",7,10
44,"u2",12,38
44,"u2",17,116
44,"u2",22,146
44,"u2",27,86
44,"u2",32,106
44,"u2",37,43
44,"u2",42,57
44,"u2",47,35
44,"u2",52,50
44,"u3",7,7
44,"u3",12,40
44,"u3",17,158
44,"u3",22,193
44,"u3",27,560
44,"u3",32,250
44,"u3",37,58
44,"u3",42,35
44,"u3",47,24
44,"u3",52,38
44,"u4",7,8
44,"u4",12,22
44,"u4",17,132
44,"u4",22,67
44,"u4",27,65
44,"u4",32,58
44,"u4",37,64
44,"u4",42,51
44,"u4",47,27
44,"u4",52,145
44,"u5",7,2
44,"u5",12,7
44,"u5",17,59
44,"u5",22,230
44,"u5",27,157
44,"u5",32,97
44,"u5",37,74
44,"u5",42,42
44,"u5",47,28
44,"u5",52,24
44,"u6",7,0
44,"u6",12,8
44,"u6",17,31
44,"u6",22,21
44,"u6",27,156
44,"u6",32,104
44,"u6",37,56
44,"u6",42,53
44,"u6",47,36
44,"u6",52,122
44,"u7",7,6
44,"u7",12,23
44,"u7",17,47
44,"u7",22,171
44,"u7",27,260
44,"u7",32,213
44,"u7",37,215
44,"u7",42,46
44,"u7",47,51
44,"u7",52,25
44,"u8",7,4
44,"u8",12,4
44,"u8",17,30
44,"u8",22,41
44,"u8",27,119
44,"u8",32,215
44,"u8",37,229
44,"u8",42,163
44,"u8",47,33
44,"u8",52,57
44,"u9",7,1
44,"u9",12,4
44,"u9",17,21
44,"u9",22,87
44,"u9",27,186
44,"u9",32,321
44,"u9",37,86
44,"u9",42,82
44,"u9",47,17
44,"u9",52,15
44,"u10",7,4
44,"u10",12,13
44,"u10",17,58
44,"u10",22,201
44,"u10",27,316
44,"u10",32,351
44,"u10",37,326
44,"u10",42,230
44,"u10",47,106
44,"u10",52,65
45,"u1",7,5
45,"u1",12,15
45,"u1",17,34
45,"u1",22,72
45,"u1",27,83
45,"u1",32,145
45,"u1",37,112
45,"u1",42,89
45,"u1",47,49
45,"u1",52,45
45,"u2",7,3
45,"u2",12,6
45,"u2",17,27
45,"u2",22,36
45,"u2",27,194
45,"u2",32,316
45,"u2",37,130
45,"u2",42,91
45,"u2",47,69
45,"u2",52,51
45,"u3",7,3
45,"u3",12,33
45,"u3",17,38
45,"u3",22,142
45,"u3",27,113
45,"u3",32,103
45,"u3",37,38
45,"u3",42,28
45,"u3",47,127
45,"u3",52,48
45,"u4",7,1
45,"u4",12,6
45,"u4",17,33
45,"u4",22,38
45,"u4",27,36
45,"u4",32,94
45,"u4",37,285
45,"u4",42,892
45,"u4",47,276
45,"u4",52,45
45,"u5",7,4
45,"u5",12,4
45,"u5",17,33
45,"u5",22,101
45,"u5",27,148
45,"u5",32,169
45,"u5",37,66
45,"u5",42,104
45,"u5",47,116
45,"u5",52,247
45,"u6",7,3
45,"u6",12,12
45,"u6",17,37
45,"u6",22,87
45,"u6",27,143
45,"u6",32,88
45,"u6",37,50
45,"u6",42,35
45,"u6",47,23
45,"u6",52,11
45,"u7",7,2
45,"u7",12,52
45,"u7",17,37
45,"u7",22,92
45,"u7",27,430
45,"u7",32,333
45,"u7",37,162
45,"u7",42,89
45,"u7",47,33
45,"u7",52,16
45,"u8",7,8
45,"u8",12,32
45,"u8",17,143
45,"u8",22,109
45,"u8",27,124
45,"u8",32,133
45,"u8",37,154
45,"u8",42,185
45,"u8",47,91
45,"u8",52,51
45,"u9",7,9
45,"u9",12,19
45,"u9",17,87
45,"u9",22,192
45,"u9",27,357
45,"u9",32,196
45,"u9",37,60
45,"u9",42,48
45,"u9",47,15
45,"u9",52,24
45,"u10",7,15
45,"u10",12,29
45,"u10",17,96
45,"u10",22,114
45,"u10",27,152
45,"u10",32,220
45,"u10",37,528
45,"u10",42,423
45,"u10",47,108
45,"u10",52,68
46,"u1",7,7
46,"u1",12,7
46,"u1",17,46
46,"u1",22,69
46,"u1",27,155
46,"u1",32,158
46,"u1",37,129
46,"u1",42,37
46,"u1",47,57
46,"u1",52,30
46,"u2",7,3
46,"u2",12,44
46,"u2",17,111
46,"u2",22,154
46,"u2",27,62
46,"u2",32,72
46,"u2",37,35
46,"u2",42,23
46,"u2",47,38
46,"u2",52,40
46,"u3",7,2
46,"u3",12,3
46,"u3",17,12
46,"u3",22,26
46,"u3",27,55
46,"u3",32,201
46,"u3",37,176
46,"u3",42,111
46,"u3",47,74
46,"u3",52,25
46,"u4",7,2
46,"u4",12,5
46,"u4",17,27
46,"u4",22,215
46,"u4",27,640
46,"u4",32,475
46,"u4",37,269
46,"u4",42,49
46,"u4",47,39
46,"u4",52,40
46,"u5",7,1
46,"u5",12,4
46,"u5",17,21
46,"u5",22,43
46,"u5",27,133
46,"u5",32,76
46,"u5",37,132
46,"u5",42,62
46,"u5",47,100
46,"u5",52,198
46,"u6",7,8
46,"u6",12,35
46,"u6",17,107
46,"u6",22,243
46,"u6",27,119
46,"u6",32,185
46,"u6",37,144
46,"u6",42,68
46,"u6",47,168
46,"u6",52,59
46,"u7",7,6
46,"u7",12,9
46,"u7",17,65
46,"u7",22,211
46,"u7",27,727
46,"u7",32,418
46,"u7",37,159
46,"u7",42,98
46,"u7",47,50
46,"u7",52,58
46,"u8",7,4
46,"u8",12,23
46,"u8",17,58
46,"u8",22,160
46,"u8",27,420
46,"u8",32,370
46,"u8",37,276
46,"u8",42,123
46,"u8",47,34
46,"u8",52,22
46,"u9",7,16
46,"u9",12,20
46,"u9",17,87
46,"u9",22,242
46,"u9",27,322
46,"u9",32,74
46,"u9",37,84
46,"u9",42,44
46,"u9",47,25
46,"u9",52,33
46,"u10",7,7
46,"u10",12,17
46,"u10",17,16
46,"u10",22,44
46,"u10",27,331
46,"u10",32,208
46,"u10",37,109
46,"u10",42,207
46,"u10",47,171
46,"u10",52,174
47,"u1",7,3
47,"u1",12,18
47,"u1",17,24
47,"u1",22,257
47,"u1",27,330
47,"u1",32,443
47,"u1",37,101
47,"u1",42,154
47,"u1",47,384
47,"u1",52,43
47,"u2",7,4
47,"u2",12,16
47,"u2",17,40
47,"u2",22,58
47,"u2",27,305
47,"u2",32,156
47,"u2",37,366
47,"u2",42,172
47,"u2",47,32
47,"u2",52,30
47,"u3",7,5
47,"u3",12,10
47,"u3",17,13
47,"u3",22,27
47,"u3",27,47
47,"u3",32,36
47,"u3",37,60
47,"u3",42,54
47,"u3",47,176
47,"u3",52,77
47,"u4",7,5
47,"u4",12,15
47,"u4",17,51
47,"u4",22,216
47,"u4",27,100
47,"u4",32,159
47,"u4",37,51
47,"u4",42,27
47,"u4",47,50
47,"u4",52,93
47,"u5",7,5
47,"u5",12,57
47,"u5",17,254
47,"u5",22,429
47,"u5",27,174
47,"u5",32,431
47,"u5",37,202
47,"u5",42,173
47,"u5",47,82
47,"u5",52,25
47,"u6",7,7
47,"u6",12,8
47,"u6",17,52
47,"u6",22,105
47,"u6",27,177
47,"u6",32,101
47,"u6",37,43
47,"u6",42,56
47,"u6",47,11
47,"u6",52,35
47,"u7",7,6
47,"u7",12,19
47,"u7",17,35
47,"u7",22,353
47,"u7",27,203
47,"u7",32,323
47,"u7",37,158
47,"u7",42,82
47,"u7",47,169
47,"u7",52,48
47,"u8",7,1
47,"u8",12,12
47,"u8",17,35
47,"u8",22,23
47,"u8",27,223
47,"u8",32,332
47,"u8",37,182
47,"u8",42,134
47,"u8",47,177
47,"u8",52,65
47,"u9",7,5
47,"u9",12,22
47,"u9",17,92
47,"u9",22,123
47,"u9",27,86
47,"u9",32,84
47,"u9",37,79
47,"u9",42,34
47,"u9",47,31
47,"u9",52,39
47,"u10",7,2
47,"u10",12,6
47,"u10",17,12
47,"u10",22,16
47,"u10",27,129
47,"u10",32,108
47,"u10",37,89
47,"u10",42,73
47,"u10",47,149
47,"u10",52,197
48,"u1",7,0
48,"u1",12,6
48,"u1",17,46
48,"u1",22,166
48,"u1",27,141
48,"u1",32,113
48,"u1",37,45
48,"u1",42,56
48,"u1",47,114
48,"u1",52,36
48,"u2",7,3
48,"u2",12,8
48,"u2",17,41
48,"u2",22,163
48,"u2",27,205
48,"u2",32,182
48,"u2",37,139
48,"u2",42,126
48,"u2",47,20
48,"u2",52,34
48,"u3",7,5
48,"u3",12,10
48,"u3",17,60
48,"u3",22,197
48,"u3",27,313
48,"u3",32,245
48,"u3",37,248
48,"u3",42,118
48,"u3",47,64
48,"u3",52,83
48,"u4",7,4
48,"u4",12,16
48,"u4",17,50
48,"u4",22,95
48,"u4",27,125
48,"u4",32,80
48,"u4",37,22
48,"u4",42,34
48,"u4",47,10
48,"u4",52,10
48,"u5",7,11
48,"u5",12,27
48,"u5",17,78
48,"u5",22,76
48,"u5",27,53
48,"u5",32,186
48,"u5",37,55
48,"u5",42,268
48,"u5",47,255
48,"u5",52,58
48,"u6",7,5
48,"u6",12,11
48,"u6",17,36
48,"u6",22,129
48,"u6",27,154
48,"u6",32,118
48,"u6",37,74
48,"u6",42,36
48,"u6",47,19
48,"u6",52,3
48,"u7",7,2
48,"u7",12,5
48,"u7",17,35
48,"u7",22,133
48,"u7",27,392
48,"u7",32,205
48,"u7",37,97
48,"u7",42,106
48,"u7",47,174
48,"u7",52,245
48,"u8",7,1
48,"u8",12,26
48,"u8",17,65
48,"u8",22,256
48,"u8",27,290
48,"u8",32,264
48,"u8",37,145
48,"u8",42,21
48,"u8",47,33
48,"u8",52,92
48,"u9",7,3
48,"u9",12,5
48,"u9",17,62
48,"u9",22,356
48,"u9",27,440
48,"u9",32,477
48,"u9",37,116
48,"u9",42,32
48,"u9",47,27
48,"u9",52,51
48,"u10",7,8
48,"u10",12,48
48,"u10",17,43
48,"u10",22,117
48,"u10",27,243
48,"u10",32,121
48,"u10",37,143
48,"u10",42,92
48,"u10",47,267
48,"u10",52,229
49,"u1",7,3
49,"u1",12,5
49,"u1",17,22
49,"u1",22,48
49,"u1",27,240
49,"u1",32,185
49,"u1",37,148
49,"u1",42,50
49,"u1",47,84
49,"u1",52,75
49,"u2",7,9
49,"u2",12,15
49,"u2",17,19
49,"u2",22,89
49,"u2",27,139
49,"u2",32,104
49,"u2",37,61
49,"u2",42,82
49,"u2",47,39
49,"u2",52,65
49,"u3",7,2
49,"u3",12,37
49,"u3",17,33
49,"u3",22,84
49,"u3",27,89
49,"u3",32,142
49,"u3",37,172
49,"u3",42,131
49,"u3",47,56
49,"u3",52,48
49,"u4",7,1
49,"u4",12,6
49,"u4",17,28
49,"u4",22,61
49,"u4",27,141
49,"u4",32,136
49,"u4",37,109
49,"u4",42,203
49,"u4",47,202
49,"u4",52,154
49,"u5",7,1
49,"u5",12,28
49,"u5",17,166
49,"u5",22,232
49,"u5",27,112
49,"u5",32,98
49,"u5",37,337
49,"u5",42,164
49,"u5",47,115
49,"u5",52,44
49,"u6",7,3
49,"u6",12,13
49,"u6",17,46
49,"u6",22,95
49,"u6",27,26
49,"u6",32,31
49,"u6",37,38
49,"u6",42,56
49,"u6",47,37
49,"u6",52,33
49,"u7",7,5
49,"u7",12,22
49,"u7",17,35
49,"u7",22,156
49,"u7",27,141
49,"u7",32,146
49,"u7",37,61
49,"u7",42,81
49,"u7",47,51
49,"u7",52,84
49,"u8",7,1
49,"u8",12,17
49,"u8",17,84
49,"u8",22,344
49,"u8",27,180
49,"u8",32,100
49,"u8",37,79
49,"u8",42,44
49,"u8",47,29
49,"u8",52,13
49,"u9",7,3
49,"u9",12,6
49,"u9",17,98
49,"u9",22,109
49,"u9",27,195
49,"u9",32,212
49,"u9",37,330
49,"u9",42,140
49,"u9",47,122
49,"u9",52,65
49,"u10",7,3
49,"u10",12,9
49,"u10",17,17
49,"u10",22,32
49,"u10",27,114
49,"u10",32,160
49,"u10",37,66
49,"u10",42,100
49,"u10",47,62
49,"u10",52,159
50,"u1",7,2
50,"u1",12,33
50,"u1",17,49
50,"u1",22,77
50,"u1",27,80
50,"u1",32,121
50,"u1",37,224
50,"u1",42,74
50,"u1",47,88
50,"u1",52,55
50,"u2",7,4
50,"u2",12,16
50,"u2",17,46
50,"u2",22,110
50,"u2",27,152
50,"u2",32,234
50,"u2",37,104
50,"u2",42,73
50,"u2",47,31
50,"u2",52,26
50,"u3",7,1
50,"u3",12,10
50,"u3",17,25
50,"u3",22,74
50,"u3",27,216
50,"u3",32,133
50,"u3",37,88
50,"u3",42,43
50,"u3",47,60
50,"u3",52,69
50,"u4",7,2
50,"u4",12,11
50,"u4",17,17
50,"u4",22,53
50,"u4",27,90
50,"u4",32,93
50,"u4",37,81
50,"u4",42,24
50,"u4",47,16
50,"u4",52,7
50,"u5",7,8
50,"u5",12,28
50,"u5",17,118
50,"u5",22,79
50,"u5",27,356
50,"u5",32,363
50,"u5",37,219
50,"u5",42,62
50,"u5",47,27
50,"u5",52,50
50,"u6",7,4
50,"u6",12,6
50,"u6",17,23
50,"u6",22,71
50,"u6",27,141
50,"u6",32,321
50,"u6",37,182
50,"u6",42,84
50,"u6",47,61
50,"u6",52,74
50,"u7",7,6
50,"u7",12,10
50,"u7",17,20
50,"u7",22,21
50,"u7",27,59
50,"u7",32,232
50,"u7",37,410
50,"u7",42,355
50,"u7",47,137
50,"u7",52,104
50,"u8",7,7
50,"u8",12,29
50,"u8",17,68
50,"u8",22,151
50,"u8",27,176
50,"u8",32,342
50,"u8",37,202
50,"u8",42,84
50,"u8",47,80
50,"u8",52,216
50,"u9",7,7
50,"u9",12,32
50,"u9",17,53
50,"u9",22,77
50,"u9",27,72
50,"u9",32,62
50,"u9",37,146
50,"u9",42,144
50,"u9",47,70
50,"u9",52,52
50,"u10",7,3
50,"u10",12,27
50,"u10",17,72
50,"u10",22,204
50,"u10",27,121
50,"u10",32,52
50,"u10",37,73
50,"u10",42,58
50,"u10",47,45
50,"u10",52,81
51,"u1",7,5
51,"u1",12,16
51,"u1",17,38
51,"u1",22,95
51,"u1",27,99
51,"u1",32,182
51,"u1",37,187
51,"u1",42,136
51,"u1",47,41
51,"u1",52,67
51,"u2",7,8
51,"u2",12,35
51,"u2",17,139
51,"u2",22,401
51,"u2",27,156
51,"u2",32,139
51,"u2",37,104
51,"u2",42,68
51,"u2",47,104
51,"u2",52,36
51,"u3",7,10
51,"u3",12,11
51,"u3",17,66
51,"u3",22,76
51,"u3",27,100
51,"u3",32,80
51,"u3",37,66
51,"u3",42,51
51,"u3",47,52
51,"u3",52,295
51,"u4",7,3
51,"u4",12,13
51,"u4",17,82
51,"u4",22,73
51,"u4",27,163
51,"u4",32,373
51,"u4",37,610
51,"u4",42,271
51,"u4",47,339
51,"u4",52,422
51,"u5",7,5
51,"u5",12,21
51,"u5",17,47
51,"u5",22,122
51,"u5",27,287
51,"u5",32,169
51,"u5",37,51
51,"u5",42,28
51,"u5",47,4
51,"u5",52,4
51,"u6",7,5
51,"u6",12,9
51,"u6",17,34
51,"u6",22,25
51,"u6",27,36
51,"u6",32,138
51,"u6",37,193
51,"u6",42,273
51,"u6",47,142
51,"u6",52,113
51,"u7",7,11
51,"u7",12,16
51,"u7",17,61
51,"u7",22,202
51,"u7",27,621
51,"u7",32,303
51,"u7",37,318
51,"u7",42,233
51,"u7",47,85
51,"u7",52,30
51,"u8",7,11
51,"u8",12,16
51,"u8",17,46
51,"u8",22,145
51,"u8",27,80
51,"u8",32,123
51,"u8",37,294
51,"u8",42,500
51,"u8",47,291
51,"u8",52,265
51,"u9",7,3
51,"u9",12,11
51,"u9",17,32
51,"u9",22,95
51,"u9",27,488
51,"u9",32,355
51,"u9",37,481
51,"u9",42,92
51,"u9",47,60
51,"u9",52,125
51,"u10",7,0
51,"u10",12,10
51,"u10",17,46
51,"u10",22,35
51,"u10",27,105
51,"u10",32,80
51,"u10",37,198
51,"u10",42,232
51,"u10",47,66
51,"u10",52,41
52,"u1",7,6
52,"u1",12,4
52,"u1",17,23
52,"u1",22,127
52,"u1",27,268
52,"u1",32,218
52,"u1",37,218
52,"u1",42,235
52,"u1",47,98
52,"u1",52,97
52,"u2",7,4
52,"u2",12,15
52,"u2",17,116
52,"u2",22,175
52,"u2",27,73
52,"u2",32,33
52,"u2",37,41
52,"u2",42,23
52,"u2",47,39
52,"u2",52,24
52,"u3",7,1
52,"u3",12,7
52,"u3",17,34
52,"u3",22,95
52,"u3",27,100
52,"u3",32,154
52,"u3",37,254
52,"u3",42,194
52,"u3",47,125
52,"u3",52,116
52,"u4",7,2
52,"u4",12,8
52,"u4",17,23
52,"u4",22,26
52,"u4",27,103
52,"u4",32,124
52,"u4",37,93
52,"u4",42,67
52,"u4",47,57
52,"u4",52,32
52,"u5",7,3
52,"u5",12,12
52,"u5",17,27
52,"u5",22,89
52,"u5",27,141
52,"u5",32,298
52,"u5",37,127
52,"u5",42,171
52,"u5",47,178
52,"u5",52,74
52,"u6",7,5
52,"u6",12,13
52,"u6",17,24
52,"u6",22,32
52,"u6",27,154
52,"u6",32,67
52,"u6",37,54
52,"u6",42,82
52,"u6",47,90
52,"u6",52,112
52,"u7",7,5
52,"u7",12,2
52,"u7",17,14
52,"u7",22,32
52,"u7",27,73
52,"u7",32,192
52,"u7",37,160
52,"u7",42,102
52,"u7",47,60
52,"u7",52,86
52,"u8",7,6
52,"u8",12,31
52,"u8",17,39
52,"u8",22,185
52,"u8",27,263
52,"u8",32,360
52,"u8",37,778
52,"u8",42,445
52,"u8",47,150
52,"u8",52,101
52,"u9",7,4
52,"u9",12,31
52,"u9",17,67
52,"u9",22,116
52,"u9",27,299
52,"u9",32,156
52,"u9",37,198
52,"u9",42,398
52,"u9",47,325
52,"u9",52,244
52,"u10",7,4
52,"u10",12,7
52,"u10",17,13
52,"u10",22,44
52,"u10",27,179
52,"u10",32,154
52,"u10",37,89
52,"u10",42,89
52,"u10",47,221
52,"u10",52,294
53,"u1",7,3
53,"u1",12,8
53,"u1",17,29
53,"u1",22,57
53,"u1",27,129
53,"u1",32,81
53,"u1",37,39
53,"u1",42,28
53,"u1",47,20
53,"u1",52,11
53,"u2",7,2
53,"u2",12,11
53,"u2",17,62
53,"u2",22,216
53,"u2",27,170
53,"u2",32,121
53,"u2",37,525
53,"u2",42,357
53,"u2",47,215
53,"u2",52,79
53,"u3",7,1
53,"u3",12,0
53,"u3",17,6
53,"u3",22,63
53,"u3",27,378
53,"u3",32,468
53,"u3",37,171
53,"u3",42,130
53,"u3",47,267
53,"u3",52,149
53,"u4",7,5
53,"u4",12,1
53,"u4",17,23
53,"u4",22,183
53,"u4",27,183
53,"u4",32,151
53,"u4",37,194
53,"u4",42,234
53,"u4",47,109
53,"u4",52,39
53,"u5",7,0
53,"u5",12,9
53,"u5",17,18
53,"u5",22,52
53,"u5",27,101
53,"u5",32,148
53,"u5",37,29
53,"u5",42,80
53,"u5",47,49
53,"u5",52,25
53,"u6",7,11
53,"u6",12,21
53,"u6",17,49
53,"u6",22,279
53,"u6",27,112
53,"u6",32,54
53,"u6",37,37
53,"u6",42,32
53,"u6",47,25
53,"u6",52,18
53,"u7",7,8
53,"u7",12,25
53,"u7",17,73
53,"u7",22,165
53,"u7",27,141
53,"u7",32,58
53,"u7",37,40
53,"u7",42,35
53,"u7",47,30
53,"u7",52,89
53,"u8",7,1
53,"u8",12,9
53,"u8",17,23
53,"u8",22,160
53,"u8",27,189
53,"u8",32,245
53,"u8",37,180
53,"u8",42,126
53,"u8",47,138
53,"u8",52,82
53,"u9",7,8
53,"u9",12,10
53,"u9",17,61
53,"u9",22,190
53,"u9",27,409
53,"u9",32,661
53,"u9",37,137
53,"u9",42,145
53,"u9",47,128
53,"u9",52,98
53,"u10",7,4
53,"u10",12,16
53,"u10",17,38
53,"u10",22,136
53,"u10",27,282
53,"u10",32,1148
53,"u10",37,259
53,"u10",42,353
53,"u10",47,501
53,"u10",52,199
54,"u1",7,6
54,"u1",12,31
54,"u1",17,137
54,"u1",22,253
54,"u1",27,82
54,"u1",32,51
54,"u1",37,24
54,"u1",42,30
54,"u1",47,52
54,"u1",52,35
54,"u2",7,7
54,"u2",12,24
54,"u2",17,105
54,"u2",22,145
54,"u2",27,119
54,"u2",32,45
54,"u2",37,37
54,"u2",42,45
54,"u2",47,67
54,"u2",52,61
54,"u3",7,4
54,"u3",12,17
54,"u3",17,143
54,"u3",22,361
54,"u3",27,186
54,"u3",32,242
54,"u3",37,194
54,"u3",42,153
54,"u3",47,323
54,"u3",52,237
54,"u4",7,3
54,"u4",12,21
54,"u4",17,40
54,"u4",22,244
54,"u4",27,162
54,"u4",32,273
54,"u4",37,328
54,"u4",42,355
54,"u4",47,152
54,"u4",52,144
54,"u5",7,3
54,"u5",12,60
54,"u5",17,48
54,"u5",22,81
54,"u5",27,109
54,"u5",32,67
54,"u5",37,453
54,"u5",42,195
54,"u5",47,39
54,"u5",52,60
54,"u6",7,4
54,"u6",12,3
54,"u6",17,22
54,"u6",22,92
54,"u6",27,89
54,"u6",32,143
54,"u6",37,76
54,"u6",42,200
54,"u6",47,200
54,"u6",52,129
54,"u7",7,1
54,"u7",12,12
54,"u7",17,68
54,"u7",22,89
54,"u7",27,307
54,"u7",32,165
54,"u7",37,284
54,"u7",42,850
54,"u7",47,308
54,"u7",52,332
54,"u8",7,1
54,"u8",12,8
54,"u8",17,42
54,"u8",22,40
54,"u8",27,183
54,"u8",32,86
54,"u8",37,88
54,"u8",42,61
54,"u8",47,23
54,"u8",52,21
54,"u9",7,1
54,"u9",12,22
54,"u9",17,104
54,"u9",22,139
54,"u9",27,122
54,"u9",32,147
54,"u9",37,185
54,"u9",42,144
54,"u9",47,136
54,"u9",52,113
54,"u10",7,4
54,"u10",12,26
54,"u10",17,33
54,"u10",22,58
54,"u10",27,41
54,"u10",32,199
54,"u10",37,143
54,"u10",42,202
54,"u10",47,174
54,"u10",52,225
55,"u1",7,1
55,"u1",12,30
55,"u1",17,71
55,"u1",22,355
55,"u1",27,176
55,"u1",32,270
55,"u1",37,169
55,"u1",42,34
55,"u1",47,56
55,"u1",52,35
55,"u2",7,4
55,"u2",12,9
55,"u2",17,18
55,"u2",22,54
55,"u2",27,58
55,"u2",32,118
55,"u2",37,43
55,"u2",42,39
55,"u2",47,16
55,"u2",52,20
55,"u3",7,5
55,"u3",12,6
55,"u3",17,20
55,"u3",22,128
55,"u3",27,363
55,"u3",32,478
55,"u3",37,126
55,"u3",42,402
55,"u3",47,274
55,"u3",52,140
55,"u4",7,3
55,"u4",12,13
55,"u4",17,107
55,"u4",22,185
55,"u4",27,351
55,"u4",32,51
55,"u4",37,128
55,"u4",42,82
55,"u4",47,39
55,"u4",52,51
55,"u5",7,6
55,"u5",12,18
55,"u5",17,42
55,"u5",22,61
55,"u5",27,80
55,"u5",32,79
55,"u5",37,157
55,"u5",42,312
55,"u5",47,77
55,"u5",52,140
55,"u6",7,1
55,"u6",12,7
55,"u6",17,15
55,"u6",22,54
55,"u6",27,104
55,"u6",32,190
55,"u6",37,195
55,"u6",42,187
55,"u6",47,80
55,"u6",52,51
55,"u7",7,2
55,"u7",12,11
55,"u7",17,62
55,"u7",22,54
55,"u7",27,94
55,"u7",32,71
55,"u7",37,64
55,"u7",42,64
55,"u7",47,66
55,"u7",52,72
55,"u8",7,4
55,"u8",12,16
55,"u8",17,34
55,"u8",22,211
55,"u8",27,631
55,"u8",32,558
55,"u8",37,263
55,"u8",42,121
55,"u8",47,39
55,"u8",52,12
55,"u9",7,6
55,"u9",12,22
55,"u9",17,77
55,"u9",22,177
55,"u9",27,78
55,"u9",32,90
55,"u9",37,130
55,"u9",42,223
55,"u9",47,47
55,"u9",52,14
55,"u10",7,4
55,"u10",12,15
55,"u10",17,18
55,"u10",22,68
55,"u10",27,81
55,"u10",32,284
55,"u10",37,448
55,"u10",42,309
55,"u10",47,223
55,"u10",52,52
56,"u1",7,1
56,"u1",12,11
56,"u1",17,43
56,"u1",22,245
56,"u1",27,436
56,"u1",32,135
56,"u1",37,64
56,"u1",42,35
56,"u1",47,25
56,"u1",52,26
56,"u2",7,1
56,"u2",12,11
56,"u2",17,40
56,"u2",22,426
56,"u2",27,182
56,"u2",32,182
56,"u2",37,107
56,"u2",42,72
56,"u2",47,39
56,"u2",52,13
56,"u3",7,1
56,"u3",12,8
56,"u3",17,11
56,"u3",22,52
56,"u3",27,113
56,"u3",32,207
56,"u3",37,160
56,"u3",42,115
56,"u3",47,37
56,"u3",52,13
56,"u4",7,10
56,"u4",12,22
56,"u4",17,76
56,"u4",22,152
56,"u4",27,107
56,"u4",32,88
56,"u4",37,90
56,"u4",42,337
56,"u4",47,267
56,"u4",52,83
56,"u5",7,1
56,"u5",12,26
56,"u5",17,64
56,"u5",22,65
56,"u5",27,485
56,"u5",32,479
56,"u5",37,212
56,"u5",42,145
56,"u5",47,47
56,"u5",52,57
56,"u6",7,3
56,"u6",12,2
56,"u6",17,21
56,"u6",22,68
56,"u6",27,68
56,"u6",32,142
56,"u6",37,58
56,"u6",42,89
56,"u6",47,120
56,"u6",52,174
56,"u7",7,3
56,"u7",12,0
56,"u7",17,27
56,"u7",22,198
56,"u7",27,358
56,"u7",32,140
56,"u7",37,334
56,"u7",42,124
56,"u7",47,148
56,"u7",52,62
56,"u8",7,2
56,"u8",12,5
56,"u8",17,19
56,"u8",22,122
56,"u8",27,405
56,"u8",32,197
56,"u8",37,84
56,"u8",42,86
56,"u8",47,21
56,"u8",52,16
56,"u9",7,4
56,"u9",12,2
56,"u9",17,2
56,"u9",22,7
56,"u9",27,35
56,"u9",32,67
56,"u9",37,198
56,"u9",42,170
56,"u9",47,219
56,"u9",52,113
56,"u10",7,3
56,"u10",12,6
56,"u10",17,11
56,"u10",22,22
56,"u10",27,123
56,"u10",32,187
56,"u10",37,253
56,"u10",42,337
56,"u10",47,139
56,"u10",52,112
57,"u1",7,3
57,"u1",12,10
57,"u1",17,12
57,"u1",22,62
57,"u1",27,197
57,"u1",32,158
57,"u1",37,160
57,"u1",42,134
57,"u1",47,117
57,"u1",52,184
57,"u2",7,11
57,"u2",12,4
57,"u2",17,53
57,"u2",22,224
57,"u2",27,493
57,"u2",32,94
57,"u2",37,116
57,"u2",42,66
57,"u2",47,54
57,"u2",52,24
57,"u3",7,1
57,"u3",12,8
57,"u3",17,13
57,"u3",22,92
57,"u3",27,105
57,"u3",32,62
57,"u3",37,81
57,"u3",42,70
57,"u3",47,95
57,"u3",52,46
57,"u4",7,2
57,"u4",12,52
57,"u4",17,83
57,"u4",22,127
57,"u4",27,63
57,"u4",32,44
57,"u4",37,26
57,"u4",42,39
57,"u4",47,115
57,"u4",52,41
57,"u5",7,2
57,"u5",12,14
57,"u5",17,30
57,"u5",22,140
57,"u5",27,261
57,"u5",32,111
57,"u5",37,129
57,"u5",42,94
57,"u5",47,94
57,"u5",52,171
57,"u6",7,4
57,"u6",12,5
57,"u6",17,11
57,"u6",22,35
57,"u6",27,198
57,"u6",32,223
57,"u6",37,72
57,"u6",42,43
57,"u6",47,78
57,"u6",52,73
57,"u7",7,3
57,"u7",12,11
57,"u7",17,30
57,"u7",22,83
57,"u7",27,193
57,"u7",32,240
57,"u7",37,321
57,"u7",42,74
57,"u7",47,38
57,"u7",52,40
57,"u8",7,3
57,"u8",12,22
57,"u8",17,55
57,"u8",22,195
57,"u8",27,215
57,"u8",32,173
57,"u8",37,202
57,"u8",42,156
57,"u8",47,253
57,"u8",52,100
57,"u9",7,2
57,"u9",12,9
57,"u9",17,25
57,"u9",22,105
57,"u9",27,114
57,"u9",32,155
57,"u9",37,75
57,"u9",42,105
57,"u9",47,29
57,"u9",52,29
57,"u10",7,10
57,"u10",12,27
57,"u10",17,155
57,"u10",22,319
57,"u10",27,391
57,"u10",32,106
57,"u10",37,87
57,"u10",42,28
57,"u10",47,4
57,"u10",52,10
58,"u1",7,6
58,"u1",12,19
58,"u1",17,127
58,"u1",22,195
58,"u1",27,245
58,"u1",32,63
58,"u1",37,65
58,"u1",42,23
58,"u1",47,29
58,"u1",52,34
58,"u2",7,5
58,"u2",12,10
58,"u2",17,73
58,"u2",22,45
58,"u2",27,114
58,"u2",32,234
58,"u2",37,120
58,"u2",42,24
58,"u2",47,13
58,"u2",52,44
58,"u3",7,4
58,"u3",12,18
58,"u3",17,17
58,"u3",22,89
58,"u3",27,193
58,"u3",32,166
58,"u3",37,435
58,"u3",42,362
58,"u3",47,185
58,"u3",52,384
58,"u4",7,1
58,"u4",12,4
58,"u4",17,11
58,"u4",22,77
58,"u4",27,243
58,"u4",32,117
58,"u4",37,88
58,"u4",42,151
58,"u4",47,132
58,"u4",52,284
58,"u5",7,9
58,"u5",12,17
58,"u5",17,17
58,"u5",22,64
58,"u5",27,237
58,"u5",32,187
58,"u5",37,121
58,"u5",42,64
58,"u5",47,47
58,"u5",52,39
58,"u6",7,3
58,"u6",12,13
58,"u6",17,46
58,"u6",22,313
58,"u6",27,603
58,"u6",32,374
58,"u6",37,201
58,"u6",42,102
58,"u6",47,126
58,"u6",52,50
58,"u7",7,1
58,"u7",12,9
58,"u7",17,58
58,"u7",22,106
58,"u7",27,183
58,"u7",32,145
58,"u7",37,66
58,"u7",42,60
58,"u7",47,137
58,"u7",52,93
58,"u8",7,3
58,"u8",12,7
58,"u8",17,48
58,"u8",22,89
58,"u8",27,56
58,"u8",32,232
58,"u8",37,62
58,"u8",42,26
58,"u8",47,43
58,"u8",52,50
58,"u9",7,2
58,"u9",12,25
58,"u9",17,74
58,"u9",22,115
58,"u9",27,126
58,"u9",32,270
58,"u9",37,71
58,"u9",42,45
58,"u9",47,64
58,"u9",52,22
58,"u10",7,2
58,"u10",12,9
58,"u10",17,16
58,"u10",22,174
58,"u10",27,288
58,"u10",32,267
58,"u10",37,141
58,"u10",42,35
58,"u10",47,43
58,"u10",52,195
59,"u1",7,3
59,"u1",12,20
59,"u1",17,64
59,"u1",22,146
59,"u1",27,85
59,"u1",32,229
59,"u1",37,64
59,"u1",42,13
59,"u1",47,34
59,"u1",52,9
59,"u2",7,7
59,"u2",12,21
59,"u2",17,57
59,"u2",22,239
59,"u2",27,288
59,"u2",32,99
59,"u2",37,140
59,"u2",42,289
59,"u2",47,319
59,"u2",52,307
59,"u3",7,4
59,"u3",12,3
59,"u3",17,75
59,"u3",22,112
59,"u3",27,247
59,"u3",32,223
59,"u3",37,155
59,"u3",42,132
59,"u3",47,87
59,"u3",52,35
59,"u4",7,3
59,"u4",12,21
59,"u4",17,111
59,"u4",22,145
59,"u4",27,220
59,"u4",32,157
59,"u4",37,47
59,"u4",42,36
59,"u4",47,25
59,"u4",52,21
59,"u5",7,3
59,"u5",12,22
59,"u5",17,105
59,"u5",22,252
59,"u5",27,182
59,"u5",32,182
59,"u5",37,208
59,"u5",42,251
59,"u5",47,78
59,"u5",52,40
59,"u6",7,2
59,"u6",12,15
59,"u6",17,25
59,"u6",22,250
59,"u6",27,302
59,"u6",32,203
59,"u6",37,36
59,"u6",42,35
59,"u6",47,27
59,"u6",52,21
59,"u7",7,5
59,"u7",12,41
59,"u7",17,105
59,"u7",22,229
59,"u7",27,132
59,"u7",32,66
59,"u7",37,40
59,"u7",42,16
59,"u7",47,10
59,"u7",52,56
59,"u8",7,1
59,"u8",12,6
59,"u8",17,34
59,"u8",22,74
59,"u8",27,76
59,"u8",32,132
59,"u8",37,93
59,"u8",42,48
59,"u8",47,73
59,"u8",52,82
59,"u9",7,1
59,"u9",12,6
59,"u9",17,56
59,"u9",22,180
59,"u9",27,165
59,"u9",32,348
59,"u9",37,115
59,"u9",42,42
59,"u9",47,19
59,"u9",52,73
59,"u10",7,3
59,"u10",12,33
59,"u10",17,131
59,"u10",22,134
59,"u10",27,91
59,"u10",32,123
59,"u10",37,36
59,"u10",42,16
59,"u10",47,10
59,"u10",52,21
60,"u1",7,4
60,"u1",12,11
60,"u1",17,40
60,"u1",22,85
60,"u1",27,179
60,"u1",32,160
60,"u1",37,78
60,"u1",42,50
60,"u1",47,84
60,"u1",52,110
60,"u2",7,2
60,"u2",12,21
60,"u2",17,26
60,"u2",22,75
60,"u2",27,121
60,"u2",32,105
60,"u2",37,206
60,"u2",42,46
60,"u2",47,40
60,"u2",52,15
60,"u3",7,3
60,"u3",12,4
60,"u3",17,21
60,"u3",22,141
60,"u3",27,180
60,"u3",32,58
60,"u3",37,48
60,"u3",42,116
60,"u3",47,78
60,"u3",52,56
60,"u4",7,20
60,"u4",12,78
60,"u4",17,106
60,"u4",22,193
60,"u4",27,79
60,"u4",32,169
60,"u4",37,244
60,"u4",42,283
60,"u4",47,595
60,"u4",52,331
60,"u5",7,4
60,"u5",12,6
60,"u5",17,29
60,"u5",22,76
60,"u5",27,49
60,"u5",32,74
60,"u5",37,144
60,"u5",42,178
60,"u5",47,217
60,"u5",52,276
60,"u6",7,1
60,"u6",12,12
60,"u6",17,59
60,"u6",22,28
60,"u6",27,138
60,"u6",32,64
60,"u6",37,48
60,"u6",42,39
60,"u6",47,129
60,"u6",52,289
60,"u7",7,1
60,"u7",12,9
60,"u7",17,16
60,"u7",22,92
60,"u7",27,391
60,"u7",32,357
60,"u7",37,386
60,"u7",42,183
60,"u7",47,162
60,"u7",52,140
60,"u8",7,5
60,"u8",12,10
60,"u8",17,27
60,"u8",22,179
60,"u8",27,200
60,"u8",32,250
60,"u8",37,66
60,"u8",42,53
60,"u8",47,112
60,"u8",52,25
60,"u9",7,2
60,"u9",12,24
60,"u9",17,39
60,"u9",22,80
60,"u9",27,171
60,"u9",32,291
60,"u9",37,445
60,"u9",42,127
60,"u9",47,25
60,"u9",52,18
60,"u10",7,8
60,"u10",12,8
60,"u10",17,33
60,"u10",22,51
60,"u10",27,184
60,"u10",32,296
60,"u10",37,141
60,"u10",42,125
60,"u10",47,69
60,"u10",52,69
61,"u1",7,1
61,"u1",12,20
61,"u1",17,25
61,"u1",22,67
61,"u1",27,198
61,"u1",32,107
61,"u1",37,206
61,"u1",42,254
61,"u1",47,126
61,"u1",52,251
61,"u2",7,1
61,"u2",12,10
61,"u2",17,24
61,"u2",22,94
61,"u2",27,66
61,"u2",32,116
61,"u2",37,72
61,"u2",42,103
61,"u2",47,112
61,"u2",52,107
61,"u3",7,2
61,"u3",12,7
61,"u3",17,75
61,"u3",22,241
61,"u3",27,386
61,"u3",32,375
61,"u3",37,106
61,"u3",42,226
61,"u3",47,399
61,"u3",52,330
61,"u4",7,1
61,"u4",12,19
61,"u4",17,116
61,"u4",22,102
61,"u4",27,68
61,"u4",32,64
61,"u4",37,41
61,"u4",42,52
61,"u4",47,10
61,"u4",52,6
61,"u5",7,2
61,"u5",12,7
61,"u5",17,10
61,"u5",22,97
61,"u5",27,102
61,"u5",32,98
61,"u5",37,115
61,"u5",42,68
61,"u5",47,71
61,"u5",52,19
61,"u6",7,2
61,"u6",12,11
61,"u6",17,25
61,"u6",22,86
61,"u6",27,138
61,"u6",32,217
61,"u6",37,337
61,"u6",42,322
61,"u6",47,138
61,"u6",52,114
61,"u7",7,1
61,"u7",12,2
61,"u7",17,6
61,"u7",22,32
61,"u7",27,73
61,"u7",32,58
61,"u7",37,230
61,"u7",42,116
61,"u7",47,151
61,"u7",52,114
61,"u8",7,2
61,"u8",12,32
61,"u8",17,14
61,"u8",22,40
61,"u8",27,73
61,"u8",32,75
61,"u8",37,119
61,"u8",42,48
61,"u8",47,56
61,"u8",52,32
61,"u9",7,1
61,"u9",12,44
61,"u9",17,54
61,"u9",22,379
61,"u9",27,129
61,"u9",32,163
61,"u9",37,37
61,"u9",42,31
61,"u9",47,29
61,"u9",52,8
61,"u10",7,4
61,"u10",12,20
61,"u10",17,60
61,"u10",22,40
61,"u10",27,75
61,"u10",32,168
61,"u10",37,44
61,"u10",42,44
61,"u10",47,16
61,"u10",52,18
62,"u1",7,7
62,"u1",12,16
62,"u1",17,31
62,"u1",22,56
62,"u1",27,107
62,"u1",32,113
62,"u1",37,230
62,"u1",42,128
62,"u1",47,78
62,"u1",52,46
62,"u2",7,3
62,"u2",12,20
62,"u2",17,61
62,"u2",22,133
62,"u2",27,162
62,"u2",32,119
62,"u2",37,196
62,"u2",42,138
62,"u2",47,87
62,"u2",52,37
62,"u3",7,2
62,"u3",12,28
62,"u3",17,34
62,"u3",22,145
62,"u3",27,39
62,"u3",32,137
62,"u3",37,81
62,"u3",42,49
62,"u3",47,76
62,"u3",52,137
62,"u4",7,4
62,"u4",12,6
62,"u4",17,16
62,"u4",22,46
62,"u4",27,79
62,"u4",32,45
62,"u4",37,48
62,"u4",42,43
62,"u4",47,16
62,"u4",52,55
62,"u5",7,0
62,"u5",12,26
62,"u5",17,63
62,"u5",22,58
62,"u5",27,84
62,"u5",32,104
62,"u5",37,194
62,"u5",42,92
62,"u5",47,101
62,"u5",52,30
62,"u6",7,3
62,"u6",12,5
62,"u6",17,15
62,"u6",22,45
62,"u6",27,128
62,"u6",32,144
62,"u6",37,158
62,"u6",42,122
62,"u6",47,98
62,"u6",52,122
62,"u7",7,5
62,"u7",12,1
62,"u7",17,7
62,"u7",22,69
62,"u7",27,152
62,"u7",32,108
62,"u7",37,81
62,"u7",42,90
62,"u7",47,81
62,"u7",52,100
62,"u8",7,2
62,"u8",12,3
62,"u8",17,16
62,"u8",22,115
62,"u8",27,266
62,"u8",32,81
62,"u8",37,221
62,"u8",42,29
62,"u8",47,21
62,"u8",52,19
62,"u9",7,7
62,"u9",12,12
62,"u9",17,118
62,"u9",22,98
62,"u9",27,120
62,"u9",32,163
62,"u9",37,351
62,"u9",42,268
62,"u9",47,57
62,"u9",52,32
62,"u10",7,3
62,"u10",12,13
62,"u10",17,85
62,"u10",22,194
62,"u10",27,56
62,"u10",32,50
62,"u10",37,33
62,"u10",42,14
62,"u10",47,36
62,"u10",52,12
63,"u1",7,7
63,"u1",12,9
63,"u1",17,19
63,"u1",22,68
63,"u1",27,119
63,"u1",32,153
63,"u1",37,271
63,"u1",42,318
63,"u1",47,120
63,"u1",52,342
63,"u2",7,3
63,"u2",12,7
63,"u2",17,3
63,"u2",22,42
63,"u2",27,92
63,"u2",32,825
63,"u2",37,225
63,"u2",42,62
63,"u2",47,41
63,"u2",52,39
63,"u3",7,1
63,"u3",12,4
63,"u3",17,4
63,"u3",22,13
63,"u3",27,67
63,"u3",32,180
63,"u3",37,139
63,"u3",42,241
63,"u3",47,197
63,"u3",52,66
63,"u4",7,1
63,"u4",12,6
63,"u4",17,11
63,"u4",22,53
63,"u4",27,150
63,"u4",32,131
63,"u4",37,136
63,"u4",42,144
63,"u4",47,154
63,"u4",52,172
63,"u5",7,5
63,"u5",12,8
63,"u5",17,102
63,"u5",22,279
63,"u5",27,464
63,"u5",32,360
63,"u5",37,466
63,"u5",42,378
63,"u5",47,285
63,"u5",52,161
63,"u6",7,5
63,"u6",12,10
63,"u6",17,23
63,"u6",22,60
63,"u6",27,33
63,"u6",32,80
63,"u6",37,146
63,"u6",42,106
63,"u6",47,84
63,"u6",52,134
63,"u7",7,5
63,"u7",12,22
63,"u7",17,16
63,"u7",22,75
63,"u7",27,171
63,"u7",32,514
63,"u7",37,122
63,"u7",42,185
63,"u7",47,240
63,"u7",52,200
63,"u8",7,2
63,"u8",12,9
63,"u8",17,24
63,"u8",22,90
63,"u8",27,230
63,"u8",32,232
63,"u8",37,151
63,"u8",42,179
63,"u8",47,166
63,"u8",52,78
63,"u9",7,4
63,"u9",12,4
63,"u9",17,11
63,"u9",22,27
63,"u9",27,51
63,"u9",32,151
63,"u9",37,269
63,"u9",42,159
63,"u9",47,141
63,"u9",52,70
63,"u10",7,2
63,"u10",12,6
63,"u10",17,32
63,"u10",22,57
63,"u10",27,109
63,"u10",32,104
63,"u10",37,192
63,"u10",42,205
63,"u10",47,99
63,"u10",52,45
64,"u1",7,2
64,"u1",12,4
64,"u1",17,18
64,"u1",22,42
64,"u1",27,72
64,"u1",32,206
64,"u1",37,174
64,"u1",42,65
64,"u1",47,7
64,"u1",52,33
64,"u2",7,9
64,"u2",12,43
64,"u2",17,257
64,"u2",22,201
64,"u2",27,900
64,"u2",32,611
64,"u2",37,480
64,"u2",42,401
64,"u2",47,143
64,"u2",52,56
64,"u3",7,6
64,"u3",12,11
64,"u3",17,85
64,"u3",22,370
64,"u3",27,229
64,"u3",32,498
64,"u3",37,239
64,"u3",42,48
64,"u3",47,54
64,"u3",52,19
64,"u4",7,3
64,"u4",12,8
64,"u4",17,36
64,"u4",22,33
64,"u4",27,275
64,"u4",32,208
64,"u4",37,90
64,"u4",42,183
64,"u4",47,134
64,"u4",52,42
64,"u5",7,4
64,"u5",12,7
64,"u5",17,15
64,"u5",22,52
64,"u5",27,173
64,"u5",32,925
64,"u5",37,223
64,"u5",42,101
64,"u5",47,382
64,"u5",52,298
64,"u6",7,1
64,"u6",12,4
64,"u6",17,24
64,"u6",22,136
64,"u6",27,181
64,"u6",32,135
64,"u6",37,63
64,"u6",42,42
64,"u6",47,96
64,"u6",52,249
64,"u7",7,1
64,"u7",12,8
64,"u7",17,45
64,"u7",22,139
64,"u7",27,309
64,"u7",32,141
64,"u7",37,156
64,"u7",42,126
64,"u7",47,10
64,"u7",52,38
64,"u8",7,7
64,"u8",12,11
64,"u8",17,24
64,"u8",22,102
64,"u8",27,119
64,"u8",32,108
64,"u8",37,64
64,"u8",42,20
64,"u8",47,5
64,"u8",52,4
64,"u9",7,9
64,"u9",12,14
64,"u9",17,59
64,"u9",22,52
64,"u9",27,52
64,"u9",32,22
64,"u9",37,68
64,"u9",42,98
64,"u9",47,323
64,"u9",52,131
64,"u10",7,5
64,"u10",12,6
64,"u10",17,25
64,"u10",22,102
64,"u10",27,142
64,"u10",32,32
64,"u10",37,59
64,"u10",42,102
64,"u10",47,78
64,"u10",52,69
65,"u1",7,8
65,"u1",12,11
65,"u1",17,51
65,"u1",22,63
65,"u1",27,96
65,"u1",32,188
65,"u1",37,68
65,"u1",42,145
65,"u1",47,159
65,"u1",52,113
65,"u2",7,2
65,"u2",12,11
65,"u2",17,55
65,"u2",22,84
65,"u2",27,137
65,"u2",32,116
65,"u2",37,115
65,"u2",42,131
65,"u2",47,119
65,"u2",52,166
65,"u3",7,8
65,"u3",12,17
65,"u3",17,74
65,"u3",22,208
65,"u3",27,141
65,"u3",32,205
65,"u3",37,159
65,"u3",42,39
65,"u3",47,102
65,"u3",52,47
65,"u4",7,3
65,"u4",12,30
65,"u4",17,76
65,"u4",22,220
65,"u4",27,289
65,"u4",32,213
65,"u4",37,231
65,"u4",42,236
65,"u4",47,115
65,"u4",52,72
65,"u5",7,5
65,"u5",12,7
65,"u5",17,25
65,"u5",22,97
65,"u5",27,263
65,"u5",32,331
65,"u5",37,496
65,"u5",42,483
65,"u5",47,137
65,"u5",52,88
65,"u6",7,5
65,"u6",12,23
65,"u6",17,54
65,"u6",22,367
65,"u6",27,263
65,"u6",32,342
65,"u6",37,149
65,"u6",42,142
65,"u6",47,28
65,"u6",52,49
65,"u7",7,3
65,"u7",12,7
65,"u7",17,12
65,"u7",22,82
65,"u7",27,321
65,"u7",32,228
65,"u7",37,448
65,"u7",42,314
65,"u7",47,406
65,"u7",52,1157
65,"u8",7,5
65,"u8",12,10
65,"u8",17,28
65,"u8",22,37
65,"u8",27,97
65,"u8",32,142
65,"u8",37,166
65,"u8",42,127
65,"u8",47,46
65,"u8",52,72
65,"u9",7,1
65,"u9",12,12
65,"u9",17,35
65,"u9",22,79
65,"u9",27,102
65,"u9",32,219
65,"u9",37,232
65,"u9",42,332
65,"u9",47,210
65,"u9",52,104
65,"u10",7,6
65,"u10",12,15
65,"u10",17,107
65,"u10",22,144
65,"u10",27,318
65,"u10",32,60
65,"u10",37,109
65,"u10",42,47
65,"u10",47,34
65,"u10",52,56
66,"u1",7,4
66,"u1",12,10
66,"u1",17,66
66,"u1",22,228
66,"u1",27,290
66,"u1",32,79
66,"u1",37,75
66,"u1",42,98
66,"u1",47,57
66,"u1",52,25
66,"u2",7,3
66,"u2",12,11
66,"u2",17,42
66,"u2",22,31
66,"u2",27,68
66,"u2",32,273
66,"u2",37,247
66,"u2",42,124
66,"u2",47,52
66,"u2",52,32
66,"u3",7,3
66,"u3",12,38
66,"u3",17,146
66,"u3",22,175
66,"u3",27,124
66,"u3",32,96
66,"u3",37,23
66,"u3",42,107
66,"u3",47,161
66,"u3",52,105
66,"u4",7,8
66,"u4",12,46
66,"u4",17,59
66,"u4",22,43
66,"u4",27,92
66,"u4",32,97
66,"u4",37,210
66,"u4",42,169
66,"u4",47,186
66,"u4",52,103
66,"u5",7,2
66,"u5",12,8
66,"u5",17,48
66,"u5",22,63
66,"u5",27,70
66,"u5",32,80
66,"u5",37,227
66,"u5",42,117
66,"u5",47,224
66,"u5",52,69
66,"u6",7,3
66,"u6",12,6
66,"u6",17,18
66,"u6",22,41
66,"u6",27,146
66,"u6",32,412
66,"u6",37,468
66,"u6",42,403
66,"u6",47,350
66,"u6",52,79
66,"u7",7,3
66,"u7",12,5
66,"u7",17,29
66,"u7",22,66
66,"u7",27,102
66,"u7",32,314
66,"u7",37,116
66,"u7",42,80
66,"u7",47,40
66,"u7",52,25
66,"u8",7,5
66,"u8",12,30
66,"u8",17,52
66,"u8",22,112
66,"u8",27,208
66,"u8",32,132
66,"u8",37,219
66,"u8",42,93
66,"u8",47,31
66,"u8",52,18
66,"u9",7,1
66,"u9",12,35
66,"u9",17,55
66,"u9",22,53
66,"u9",27,70
66,"u9",32,80
66,"u9",37,94
66,"u9",42,110
66,"u9",47,61
66,"u9",52,13
66,"u10",7,4
66,"u10",12,12
66,"u10",17,87
66,"u10",22,90
66,"u10",27,169
66,"u10",32,115
66,"u10",37,37
66,"u10",42,15
66,"u10",47,27
66,"u10",52,10
67,"u1",7,2
67,"u1",12,10
67,"u1",17,19
67,"u1",22,86
67,"u1",27,325
67,"u1",32,156
67,"u1",37,283
67,"u1",42,78
67,"u1",47,64
67,"u1",52,31
67,"u2",7,4
67,"u2",12,25
67,"u2",17,99
67,"u2",22,120
67,"u2",27,137
67,"u2",32,105
67,"u2",37,78
67,"u2",42,174
67,"u2",47,609
67,"u2",52,256
67,"u3",7,7
67,"u3",12,13
67,"u3",17,102
67,"u3",22,204
67,"u3",27,350
67,"u3",32,264
67,"u3",37,89
67,"u3",42,48
67,"u3",47,47
67,"u3",52,96
67,"u4",7,3
67,"u4",12,3
67,"u4",17,39
67,"u4",22,111
67,"u4",27,232
67,"u4",32,165
67,"u4",37,62
67,"u4",42,212
67,"u4",47,344
67,"u4",52,576
67,"u5",7,0
67,"u5",12,12
67,"u5",17,19
67,"u5",22,204
67,"u5",27,281
67,"u5",32,111
67,"u5",37,286
67,"u5",42,147
67,"u5",47,47
67,"u5",52,43
67,"u6",7,8
67,"u6",12,6
67,"u6",17,15
67,"u6",22,86
67,"u6",27,150
67,"u6",32,138
67,"u6",37,245
67,"u6",42,244
67,"u6",47,68
67,"u6",52,51
67,"u7",7,4
67,"u7",12,10
67,"u7",17,20
67,"u7",22,155
67,"u7",27,145
67,"u7",32,208
67,"u7",37,192
67,"u7",42,224
67,"u7",47,231
67,"u7",52,141
67,"u8",7,12
67,"u8",12,23
67,"u8",17,115
67,"u8",22,71
67,"u8",27,249
67,"u8",32,219
67,"u8",37,298
67,"u8",42,243
67,"u8",47,276
67,"u8",52,25
67,"u9",7,6
67,"u9",12,6
67,"u9",17,22
67,"u9",22,10
67,"u9",27,32
67,"u9",32,124
67,"u9",37,409
67,"u9",42,331
67,"u9",47,143
67,"u9",52,42
67,"u10",7,5
67,"u10",12,25
67,"u10",17,245
67,"u10",22,231
67,"u10",27,65
67,"u10",32,41
67,"u10",37,55
67,"u10",42,35
67,"u10",47,28
67,"u10",52,22
68,"u1",7,5
68,"u1",12,21
68,"u1",17,62
68,"u1",22,72
68,"u1",27,210
68,"u1",32,135
68,"u1",37,69
68,"u1",42,100
68,"u1",47,76
68,"u1",52,78
68,"u2",7,2
68,"u2",12,5
68,"u2",17,22
68,"u2",22,113
68,"u2",27,295
68,"u2",32,141
68,"u2",37,60
68,"u2",42,186
68,"u2",47,124
68,"u2",52,81
68,"u3",7,2
68,"u3",12,10
68,"u3",17,15
68,"u3",22,61
68,"u3",27,129
68,"u3",32,469
68,"u3",37,198
68,"u3",42,177
68,"u3",47,95
68,"u3",52,51
68,"u4",7,4
68,"u4",12,8
68,"u4",17,16
68,"u4",22,31
68,"u4",27,50
68,"u4",32,46
68,"u4",37,85
68,"u4",42,193
68,"u4",47,438
68,"u4",52,304
68,"u5",7,3
68,"u5",12,19
68,"u5",17,114
68,"u5",22,169
68,"u5",27,146
68,"u5",32,217
68,"u5",37,86
68,"u5",42,55
68,"u5",47,77
68,"u5",52,51
68,"u6",7,3
68,"u6",12,17
68,"u6",17,73
68,"u6",22,91
68,"u6",27,295
68,"u6",32,217
68,"u6",37,153
68,"u6",42,107
68,"u6",47,210
68,"u6",52,334
68,"u7",7,11
68,"u7",12,24
68,"u7",17,152
68,"u7",22,202
68,"u7",27,261
68,"u7",32,94
68,"u7",37,130
68,"u7",42,238
68,"u7",47,60
68,"u7",52,11
68,"u8",7,3
68,"u8",12,13
68,"u8",17,49
68,"u8",22,67
68,"u8",27,149
68,"u8",32,70
68,"u8",37,302
68,"u8",42,145
68,"u8",47,487
68,"u8",52,241
68,"u9",7,4
68,"u9",12,27
68,"u9",17,61
68,"u9",22,157
68,"u9",27,161
68,"u9",32,168
68,"u9",37,94
68,"u9",42,115
68,"u9",47,53
68,"u9",52,18
68,"u10",7,4
68,"u10",12,17
68,"u10",17,50
68,"u10",22,153
68,"u10",27,146
68,"u10",32,361
68,"u10",37,326
68,"u10",42,298
68,"u10",47,243
68,"u10",52,265
69,"u1",7,8
69,"u1",12,112
69,"u1",17,147
69,"u1",22,305
69,"u1",27,182
69,"u1",32,327
69,"u1",37,278
69,"u1",42,100
69,"u1",47,46
69,"u1",52,105
69,"u2",7,0
69,"u2",12,7
69,"u2",17,62
69,"u2",22,177
69,"u2",27,116
69,"u2",32,287
69,"u2",37,534
69,"u2",42,476
69,"u2",47,492
69,"u2",52,248
69,"u3",7,3
69,"u3",12,37
69,"u3",17,180
69,"u3",22,167
69,"u3",27,182
69,"u3",32,48
69,"u3",37,31
69,"u3",42,27
69,"u3",47,20
69,"u3",52,35
69,"u4",7,1
69,"u4",12,9
69,"u4",17,67
69,"u4",22,99
69,"u4",27,162
69,"u4",32,74
69,"u4",37,85
69,"u4",42,120
69,"u4",47,93
69,"u4",52,102
69,"u5",7,9
69,"u5",12,33
69,"u5",17,85
69,"u5",22,92
69,"u5",27,63
69,"u5",32,54
69,"u5",37,70
69,"u5",42,45
69,"u5",47,38
69,"u5",52,90
69,"u6",7,4
69,"u6",12,11
69,"u6",17,67
69,"u6",22,513
69,"u6",27,614
69,"u6",32,115
69,"u6",37,38
69,"u6",42,40
69,"u6",47,230
69,"u6",52,126
69,"u7",7,5
69,"u7",12,7
69,"u7",17,57
69,"u7",22,207
69,"u7",27,227
69,"u7",32,76
69,"u7",37,109
69,"u7",42,93
69,"u7",47,52
69,"u7",52,21
69,"u8",7,3
69,"u8",12,11
69,"u8",17,23
69,"u8",22,131
69,"u8",27,116
69,"u8",32,124
69,"u8",37,100
69,"u8",42,59
69,"u8",47,33
69,"u8",52,62
69,"u9",7,1
69,"u9",12,3
69,"u9",17,26
69,"u9",22,114
69,"u9",27,134
69,"u9",32,119
69,"u9",37,162
69,"u9",42,148
69,"u9",47,39
69,"u9",52,59
69,"u10",7,1
69,"u10",12,11
69,"u10",17,35
69,"u10",22,28
69,"u10",27,113
69,"u10",32,56
69,"u10",37,69
69,"u10",42,99
69,"u10",47,91
69,"u10",52,77
70,"u1",7,3
70,"u1",12,9
70,"u1",17,64
70,"u1",22,161
70,"u1",27,243
70,"u1",32,292
70,"u1",37,419
70,"u1",42,316
70,"u1",47,60
70,"u1",52,33
70,"u2",7,11
70,"u2",12,37
70,"u2",17,62
70,"u2",22,101
70,"u2",27,385
70,"u2",32,198
70,"u2",37,70
70,"u2",42,40
70,"u2",47,94
70,"u2",52,116
70,"u3",7,6
70,"u3",12,17
70,"u3",17,73
70,"u3",22,106
70,"u3",27,100
70,"u3",32,69
70,"u3",37,22
70,"u3",42,21
70,"u3",47,15
70,"u3",52,21
70,"u4",7,2
70,"u4",12,18
70,"u4",17,25
70,"u4",22,238
70,"u4",27,255
70,"u4",32,123
70,"u4",37,482
70,"u4",42,262
70,"u4",47,43
70,"u4",52,91
70,"u5",7,3
70,"u5",12,33
70,"u5",17,24
70,"u5",22,49
70,"u5",27,226
70,"u5",32,174
70,"u5",37,97
70,"u5",42,123
70,"u5",47,226
70,"u5",52,136
70,"u6",7,6
70,"u6",12,12
70,"u6",17,17
70,"u6",22,92
70,"u6",27,41
70,"u6",32,115
70,"u6",37,269
70,"u6",42,238
70,"u6",47,178
70,"u6",52,221
70,"u7",7,3
70,"u7",12,19
70,"u7",17,46
70,"u7",22,302
70,"u7",27,832
70,"u7",32,255
70,"u7",37,63
70,"u7",42,26
70,"u7",47,17
70,"u7",52,57
70,"u8",7,2
70,"u8",12,19
70,"u8",17,56
70,"u8",22,89
70,"u8",27,122
70,"u8",32,207
70,"u8",37,117
70,"u8",42,91
70,"u8",47,25
70,"u8",52,29
70,"u9",7,2
70,"u9",12,7
70,"u9",17,26
70,"u9",22,68
70,"u9",27,128
70,"u9",32,129
70,"u9",37,841
70,"u9",42,737
70,"u9",47,113
70,"u9",52,48
70,"u10",7,1
70,"u10",12,1
70,"u10",17,11
70,"u10",22,13
70,"u10",27,64
70,"u10",32,226
70,"u10",37,151
70,"u10",42,175
70,"u10",47,143
70,"u10",52,93
71,"u1",7,0
71,"u1",12,2
71,"u1",17,8
71,"u1",22,32
71,"u1",27,232
71,"u1",32,174
71,"u1",37,109
71,"u1",42,109
71,"u1",47,131
71,"u1",52,95
71,"u2",7,3
71,"u2",12,43
71,"u2",17,42
71,"u2",22,226
71,"u2",27,112
71,"u2",32,107
71,"u2",37,85
71,"u2",42,27
71,"u2",47,29
71,"u2",52,32
71,"u3",7,3
71,"u3",12,11
71,"u3",17,21
71,"u3",22,212
71,"u3",27,192
71,"u3",32,175
71,"u3",37,253
71,"u3",42,132
71,"u3",47,26
71,"u3",52,13
71,"u4",7,1
71,"u4",12,4
71,"u4",17,18
71,"u4",22,71
71,"u4",27,200
71,"u4",32,352
71,"u4",37,143
71,"u4",42,57
71,"u4",47,54
71,"u4",52,39
71,"u5",7,8
71,"u5",12,20
71,"u5",17,50
71,"u5",22,457
71,"u5",27,369
71,"u5",32,459
71,"u5",37,178
71,"u5",42,126
71,"u5",47,116
71,"u5",52,24
71,"u6",7,2
71,"u6",12,16
71,"u6",17,39
71,"u6",22,136
71,"u6",27,156
71,"u6",32,108
71,"u6",37,219
71,"u6",42,93
71,"u6",47,170
71,"u6",52,76
71,"u7",7,4
71,"u7",12,5
71,"u7",17,54
71,"u7",22,299
71,"u7",27,382
71,"u7",32,214
71,"u7",37,268
71,"u7",42,256
71,"u7",47,142
71,"u7",52,136
71,"u8",7,3
71,"u8",12,9
71,"u8",17,17
71,"u8",22,20
71,"u8",27,84
71,"u8",32,217
71,"u8",37,115
71,"u8",42,162
71,"u8",47,130
71,"u8",52,81
71,"u9",7,0
71,"u9",12,14
71,"u9",17,37
71,"u9",22,97
71,"u9",27,231
71,"u9",32,469
71,"u9",37,91
71,"u9",42,26
71,"u9",47,33
71,"u9",52,81
71,"u10",7,2
71,"u10",12,12
71,"u10",17,43
71,"u10",22,69
71,"u10",27,225
71,"u10",32,159
71,"u10",37,55
71,"u10",42,35
71,"u10",47,67
71,"u10",52,64
72,"u1",7,6
72,"u1",12,22
72,"u1",17,24
72,"u1",22,18
72,"u1",27,71
72,"u1",32,77
72,"u1",37,180
72,"u1",42,143
72,"u1",47,59
72,"u1",52,18
72,"u2",7,3
72,"u2",12,11
72,"u2",17,14
72,"u2",22,91
72,"u2",27,163
72,"u2",32,336
72,"u2",37,254
72,"u2",42,229
72,"u2",47,139
72,"u2",52,56
72,"u3",7,1
72,"u3",12,10
72,"u3",17,37
72,"u3",22,135
72,"u3",27,259
72,"u3",32,187
72,"u3",37,82
72,"u3",42,58
72,"u3",47,30
72,"u3",52,64
72,"u4",7,6
72,"u4",12,11
72,"u4",17,21
72,"u4",22,47
72,"u4",27,133
72,"u4",32,222
72,"u4",37,272
72,"u4",42,409
72,"u4",47,135
72,"u4",52,91
72,"u5",7,2
72,"u5",12,13
72,"u5",17,38
72,"u5",22,105
72,"u5",27,187
72,"u5",32,163
72,"u5",37,80
72,"u5",42,35
72,"u5",47,45
72,"u5",52,160
72,"u6",7,3
72,"u6",12,15
72,"u6",17,39
72,"u6",22,77
72,"u6",27,159
72,"u6",32,189
72,"u6",37,230
72,"u6",42,262
72,"u6",47,145
72,"u6",52,60
72,"u7",7,2
72,"u7",12,13
72,"u7",17,45
72,"u7",22,90
72,"u7",27,274
72,"u7",32,112
72,"u7",37,191
72,"u7",42,150
72,"u7",47,68
72,"u7",52,59
72,"u8",7,2
72,"u8",12,13
72,"u8",17,33
72,"u8",22,74
72,"u8",27,92
72,"u8",32,270
72,"u8",37,99
72,"u8",42,54
72,"u8",47,82
72,"u8",52,94
72,"u9",7,6
72,"u9",12,3
72,"u9",17,19
72,"u9",22,77
72,"u9",27,178
72,"u9",32,177
72,"u9",37,58
72,"u9",42,54
72,"u9",47,39
72,"u9",52,119
72,"u10",7,3
72,"u10",12,4
72,"u10",17,36
72,"u10",22,109
72,"u10",27,164
72,"u10",32,72
72,"u10",37,68
72,"u10",42,142
72,"u10",47,245
72,"u10",52,686
73,"u1",7,1
73,"u1",12,7
73,"u1",17,19
73,"u1",22,55
73,"u1",27,255
73,"u1",32,280
73,"u1",37,443
73,"u1",42,285
73,"u1",47,151
73,"u1",52,64
73,"u2",7,9
73,"u2",12,19
73,"u2",17,49
73,"u2",22,124
73,"u2",27,145
73,"u2",32,65
73,"u2",37,75
73,"u2",42,23
73,"u2",47,21
73,"u2",52,24
73,"u3",7,6
73,"u3",12,11
73,"u3",17,32
73,"u3",22,93
73,"u3",27,42
73,"u3",32,81
73,"u3",37,166
73,"u3",42,48
73,"u3",47,26
73,"u3",52,84
73,"u4",7,6
73,"u4",12,57
73,"u4",17,57
73,"u4",22,282
73,"u4",27,355
73,"u4",32,76
73,"u4",37,110
73,"u4",42,38
73,"u4",47,74
73,"u4",52,19
73,"u5",7,5
73,"u5",12,23
73,"u5",17,29
73,"u5",22,87
73,"u5",27,131
73,"u5",32,107
73,"u5",37,95
73,"u5",42,38
73,"u5",47,40
73,"u5",52,62
73,"u6",7,2
73,"u6",12,5
73,"u6",17,10
73,"u6",22,35
73,"u6",27,174
73,"u6",32,378
73,"u6",37,130
73,"u6",42,106
73,"u6",47,247
73,"u6",52,84
73,"u7",7,10
73,"u7",12,22
73,"u7",17,59
73,"u7",22,228
73,"u7",27,346
73,"u7",32,290
73,"u7",37,133
73,"u7",42,96
73,"u7",47,106
73,"u7",52,156
73,"u8",7,6
73,"u8",12,16
73,"u8",17,46
73,"u8",22,247
73,"u8",27,627
73,"u8",32,102
73,"u8",37,135
73,"u8",42,50
73,"u8",47,20
73,"u8",52,10
73,"u9",7,8
73,"u9",12,4
73,"u9",17,23
73,"u9",22,183
73,"u9",27,131
73,"u9",32,133
73,"u9",37,73
73,"u9",42,85
73,"u9",47,57
73,"u9",52,105
73,"u10",7,5
73,"u10",12,30
73,"u10",17,123
73,"u10",22,184
73,"u10",27,71
73,"u10",32,121
73,"u10",37,77
73,"u10",42,107
73,"u10",47,216
73,"u10",52,120
74,"u1",7,3
74,"u1",12,11
74,"u1",17,11
74,"u1",22,74
74,"u1",27,65
74,"u1",32,63
74,"u1",37,154
74,"u1",42,185
74,"u1",47,65
74,"u1",52,27
74,"u2",7,3
74,"u2",12,33
74,"u2",17,20
74,"u2",22,123
74,"u2",27,247
74,"u2",32,178
74,"u2",37,170
74,"u2",42,47
74,"u2",47,17
74,"u2",52,28
74,"u3",7,3
74,"u3",12,17
74,"u3",17,73
74,"u3",22,89
74,"u3",27,72
74,"u3",32,31
74,"u3",37,26
74,"u3",42,29
74,"u3",47,27
74,"u3",52,73
74,"u4",7,2
74,"u4",12,24
74,"u4",17,24
74,"u4",22,141
74,"u4",27,147
74,"u4",32,126
74,"u4",37,81
74,"u4",42,143
74,"u4",47,17
74,"u4",52,30
74,"u5",7,4
74,"u5",12,11
74,"u5",17,115
74,"u5",22,115
74,"u5",27,357
74,"u5",32,103
74,"u5",37,64
74,"u5",42,93
74,"u5",47,26
74,"u5",52,33
74,"u6",7,3
74,"u6",12,11
74,"u6",17,63
74,"u6",22,81
74,"u6",27,177
74,"u6",32,62
74,"u6",37,94
74,"u6",42,188
74,"u6",47,210
74,"u6",52,204
74,"u7",7,2
74,"u7",12,7
74,"u7",17,61
74,"u7",22,74
74,"u7",27,105
74,"u7",32,104
74,"u7",37,34
74,"u7",42,211
74,"u7",47,147
74,"u7",52,276
74,"u8",7,2
74,"u8",12,9
74,"u8",17,17
74,"u8",22,39
74,"u8",27,102
74,"u8",32,97
74,"u8",37,99
74,"u8",42,111
74,"u8",47,90
74,"u8",52,78
74,"u9",7,3
74,"u9",12,9
74,"u9",17,45
74,"u9",22,130
74,"u9",27,106
74,"u9",32,189
74,"u9",37,154
74,"u9",42,47
74,"u9",47,48
74,"u9",52,79
74,"u10",7,3
74,"u10",12,3
74,"u10",17,6
74,"u10",22,12
74,"u10",27,27
74,"u10",32,62
74,"u10",37,111
74,"u10",42,254
74,"u10",47,95
74,"u10",52,112
75,"u1",7,2
75,"u1",12,8
75,"u1",17,15
75,"u1",22,178
75,"u1",27,134
75,"u1",32,326
75,"u1",37,168
75,"u1",42,78
75,"u1",47,12
75,"u1",52,14
75,"u2",7,2
75,"u2",12,18
75,"u2",17,44
75,"u2",22,205
75,"u2",27,255
75,"u2",32,54
75,"u2",37,35
75,"u2",42,26
75,"u2",47,7
75,"u2",52,11
75,"u3",7,1
75,"u3",12,10
75,"u3",17,3
75,"u3",22,16
75,"u3",27,119
75,"u3",32,208
75,"u3",37,153
75,"u3",42,50
75,"u3",47,42
75,"u3",52,40
75,"u4",7,4
75,"u4",12,12
75,"u4",17,50
75,"u4",22,130
75,"u4",27,93
75,"u4",32,271
75,"u4",37,269
75,"u4",42,241
75,"u4",47,383
75,"u4",52,127
75,"u5",7,2
75,"u5",12,9
75,"u5",17,12
75,"u5",22,48
75,"u5",27,256
75,"u5",32,184
75,"u5",37,272
75,"u5",42,60
75,"u5",47,91
75,"u5",52,19
75,"u6",7,2
75,"u6",12,14
75,"u6",17,10
75,"u6",22,87
75,"u6",27,141
75,"u6",32,108
75,"u6",37,194
75,"u6",42,116
75,"u6",47,67
75,"u6",52,141
75,"u7",7,0
75,"u7",12,6
75,"u7",17,25
75,"u7",22,91
75,"u7",27,132
75,"u7",32,216
75,"u7",37,258
75,"u7",42,178
75,"u7",47,333
75,"u7",52,229
75,"u8",7,3
75,"u8",12,3
75,"u8",17,24
75,"u8",22,86
75,"u8",27,88
75,"u8",32,160
75,"u8",37,94
75,"u8",42,82
75,"u8",47,148
75,"u8",52,547
75,"u9",7,2
75,"u9",12,11
75,"u9",17,15
75,"u9",22,30
75,"u9",27,42
75,"u9",32,43
75,"u9",37,144
75,"u9",42,341
75,"u9",47,357
75,"u9",52,511
75,"u10",7,2
75,"u10",12,6
75,"u10",17,5
75,"u10",22,27
75,"u10",27,97
75,"u10",32,109
75,"u10",37,216
75,"u10",42,118
75,"u10",47,81
75,"u10",52,78
76,"u1",7,4
76,"u1",12,39
76,"u1",17,119
76,"u1",22,216
76,"u1",27,100
76,"u1",32,97
76,"u1",37,57
76,"u1",42,69
76,"u1",47,64
76,"u1",52,23
76,"u2",7,0
76,"u2",12,7
76,"u2",17,28
76,"u2",22,53
76,"u2",27,342
76,"u2",32,467
76,"u2",37,265
76,"u2",42,47
76,"u2",47,20
76,"u2",52,41
76,"u3",7,8
76,"u3",12,17
76,"u3",17,34
76,"u3",22,267
76,"u3",27,181
76,"u3",32,49
76,"u3",37,67
76,"u3",42,136
76,"u3",47,76
76,"u3",52,134
76,"u4",7,4
76,"u4",12,39
76,"u4",17,107
76,"u4",22,117
76,"u4",27,126
76,"u4",32,115
76,"u4",37,181
76,"u4",42,56
76,"u4",47,55
76,"u4",52,72
76,"u5",7,3
76,"u5",12,28
76,"u5",17,102
76,"u5",22,156
76,"u5",27,135
76,"u5",32,86
76,"u5",37,52
76,"u5",42,126
76,"u5",47,84
76,"u5",52,289
76,"u6",7,7
76,"u6",12,22
76,"u6",17,105
76,"u6",22,229
76,"u6",27,268
76,"u6",32,118
76,"u6",37,126
76,"u6",42,44
76,"u6",47,54
76,"u6",52,53
76,"u7",7,3
76,"u7",12,23
76,"u7",17,179
76,"u7",22,398
76,"u7",27,456
76,"u7",32,437
76,"u7",37,140
76,"u7",42,131
76,"u7",47,124
76,"u7",52,62
76,"u8",7,3
76,"u8",12,7
76,"u8",17,7
76,"u8",22,17
76,"u8",27,60
76,"u8",32,240
76,"u8",37,372
76,"u8",42,191
76,"u8",47,264
76,"u8",52,349
76,"u9",7,3
76,"u9",12,7
76,"u9",17,16
76,"u9",22,71
76,"u9",27,259
76,"u9",32,134
76,"u9",37,191
76,"u9",42,219
76,"u9",47,88
76,"u9",52,77
76,"u10",7,3
76,"u10",12,27
76,"u10",17,60
76,"u10",22,119
76,"u10",27,343
76,"u10",32,71
76,"u10",37,39
76,"u10",42,49
76,"u10",47,135
76,"u10",52,403
77,"u1",7,7
77,"u1",12,17
77,"u1",17,53
77,"u1",22,182
77,"u1",27,294
77,"u1",32,69
77,"u1",37,66
77,"u1",42,27
77,"u1",47,61
77,"u1",52,40
77,"u2",7,3
77,"u2",12,14
77,"u2",17,112
77,"u2",22,166
77,"u2",27,260
77,"u2",32,156
77,"u2",37,59
77,"u2",42,74
77,"u2",47,40
77,"u2",52,21
77,"u3",7,8
77,"u3",12,20
77,"u3",17,96
77,"u3",22,301
77,"u3",27,470
77,"u3",32,89
77,"u3",37,80
77,"u3",42,89
77,"u3",47,47
77,"u3",52,87
77,"u4",7,1
77,"u4",12,15
77,"u4",17,27
77,"u4",22,50
77,"u4",27,85
77,"u4",32,390
77,"u4",37,1671
77,"u4",42,274
77,"u4",47,147
77,"u4",52,87
77,"u5",7,2
77,"u5",12,10
77,"u5",17,7
77,"u5",22,20
77,"u5",27,53
77,"u5",32,124
77,"u5",37,232
77,"u5",42,173
77,"u5",47,212
77,"u5",52,93
77,"u6",7,2
77,"u6",12,12
77,"u6",17,71
77,"u6",22,147
77,"u6",27,97
77,"u6",32,113
77,"u6",37,81
77,"u6",42,95
77,"u6",47,164
77,"u6",52,94
77,"u7",7,1
77,"u7",12,2
77,"u7",17,13
77,"u7",22,29
77,"u7",27,101
77,"u7",32,129
77,"u7",37,93
77,"u7",42,96
77,"u7",47,126
77,"u7",52,93
77,"u8",7,3
77,"u8",12,19
77,"u8",17,91
77,"u8",22,107
77,"u8",27,256
77,"u8",32,97
77,"u8",37,71
77,"u8",42,85
77,"u8",47,123
77,"u8",52,46
77,"u9",7,15
77,"u9",12,24
77,"u9",17,70
77,"u9",22,203
77,"u9",27,258
77,"u9",32,380
77,"u9",37,221
77,"u9",42,59
77,"u9",47,44
77,"u9",52,13
77,"u10",7,3
77,"u10",12,3
77,"u10",17,4
77,"u10",22,9
77,"u10",27,42
77,"u10",32,43
77,"u10",37,101
77,"u10",42,191
77,"u10",47,42
77,"u10",52,147
78,"u1",7,7
78,"u1",12,14
78,"u1",17,74
78,"u1",22,144
78,"u1",27,154
78,"u1",32,45
78,"u1",37,57
78,"u1",42,126
78,"u1",47,107
78,"u1",52,117
78,"u2",7,0
78,"u2",12,11
78,"u2",17,36
78,"u2",22,124
78,"u2",27,203
78,"u2",32,123
78,"u2",37,110
78,"u2",42,55
78,"u2",47,65
78,"u2",52,32
78,"u3",7,6
78,"u3",12,4
78,"u3",17,34
78,"u3",22,61
78,"u3",27,65
78,"u3",32,64
78,"u3",37,248
78,"u3",42,188
78,"u3",47,42
78,"u3",52,32
78,"u4",7,7
78,"u4",12,2
78,"u4",17,20
78,"u4",22,57
78,"u4",27,86
78,"u4",32,137
78,"u4",37,131
78,"u4",42,527
78,"u4",47,62
78,"u4",52,62
78,"u5",7,4
78,"u5",12,4
78,"u5",17,10
78,"u5",22,96
78,"u5",27,290
78,"u5",32,114
78,"u5",37,124
78,"u5",42,233
78,"u5",47,84
78,"u5",52,62
78,"u6",7,7
78,"u6",12,2
78,"u6",17,33
78,"u6",22,102
78,"u6",27,399
78,"u6",32,269
78,"u6",37,69
78,"u6",42,241
78,"u6",47,473
78,"u6",52,70
78,"u7",7,4
78,"u7",12,10
78,"u7",17,13
78,"u7",22,57
78,"u7",27,132
78,"u7",32,224
78,"u7",37,286
78,"u7",42,594
78,"u7",47,396
78,"u7",52,456
78,"u8",7,2
78,"u8",12,19
78,"u8",17,100
78,"u8",22,266
78,"u8",27,109
78,"u8",32,338
78,"u8",37,174
78,"u8",42,196
78,"u8",47,188
78,"u8",52,424
78,"u9",7,5
78,"u9",12,9
78,"u9",17,77
78,"u9",22,196
78,"u9",27,188
78,"u9",32,163
78,"u9",37,177
78,"u9",42,69
78,"u9",47,71
78,"u9",52,58
78,"u10",7,5
78,"u10",12,3
78,"u10",17,26
78,"u10",22,63
78,"u10",27,82
78,"u10",32,224
78,"u10",37,323
78,"u10",42,276
78,"u10",47,358
78,"u10",52,264
79,"u1",7,5
79,"u1",12,13
79,"u1",17,41
79,"u1",22,50
79,"u1",27,228
79,"u1",32,90
79,"u1",37,112
79,"u1",42,33
79,"u1",47,47
79,"u1",52,97
79,"u2",7,1
79,"u2",12,11
79,"u2",17,51
79,"u2",22,29
79,"u2",27,112
79,"u2",32,271
79,"u2",37,174
79,"u2",42,184
79,"u2",47,135
79,"u2",52,510
79,"u3",7,2
79,"u3",12,17
79,"u3",17,75
79,"u3",22,170
79,"u3",27,258
79,"u3",32,118
79,"u3",37,73
79,"u3",42,51
79,"u3",47,14
79,"u3",52,9
79,"u4",7,4
79,"u4",12,21
79,"u4",17,49
79,"u4",22,63
79,"u4",27,215
79,"u4",32,92
79,"u4",37,45
79,"u4",42,67
79,"u4",47,80
79,"u4",52,47
79,"u5",7,16
79,"u5",12,31
79,"u5",17,110
79,"u5",22,234
79,"u5",27,231
79,"u5",32,112
79,"u5",37,77
79,"u5",42,165
79,"u5",47,50
79,"u5",52,84
79,"u6",7,1
79,"u6",12,14
79,"u6",17,33
79,"u6",22,75
79,"u6",27,210
79,"u6",32,120
79,"u6",37,145
79,"u6",42,53
79,"u6",47,40
79,"u6",52,24
79,"u7",7,6
79,"u7",12,15
79,"u7",17,26
79,"u7",22,154
79,"u7",27,125
79,"u7",32,154
79,"u7",37,82
79,"u7",42,98
79,"u7",47,41
79,"u7",52,91
79,"u8",7,4
79,"u8",12,17
79,"u8",17,35
79,"u8",22,190
79,"u8",27,82
79,"u8",32,34
79,"u8",37,109
79,"u8",42,136
79,"u8",47,52
79,"u8",52,42
79,"u9",7,1
79,"u9",12,6
79,"u9",17,35
79,"u9",22,108
79,"u9",27,395
79,"u9",32,537
79,"u9",37,462
79,"u9",42,553
79,"u9",47,308
79,"u9",52,83
79,"u10",7,5
79,"u10",12,2
79,"u10",17,4
79,"u10",22,80
79,"u10",27,117
79,"u10",32,192
79,"u10",37,107
79,"u10",42,329
79,"u10",47,154
79,"u10",52,689
80,"u1",7,3
80,"u1",12,3
80,"u1",17,32
80,"u1",22,45
80,"u1",27,130
80,"u1",32,85
80,"u1",37,167
80,"u1",42,52
80,"u1",47,45
80,"u1",52,68
80,"u2",7,1
80,"u2",12,11
80,"u2",17,11
80,"u2",22,61
80,"u2",27,85
80,"u2",32,149
80,"u2",37,108
80,"u2",42,107
80,"u2",47,194
80,"u2",52,200
80,"u3",7,13
80,"u3",12,12
80,"u3",17,45
80,"u3",22,92
80,"u3",27,389
80,"u3",32,146
80,"u3",37,135
80,"u3",42,47
80,"u3",47,49
80,"u3",52,43
80,"u4",7,6
80,"u4",12,28
80,"u4",17,49
80,"u4",22,160
80,"u4",27,216
80,"u4",32,250
80,"u4",37,94
80,"u4",42,46
80,"u4",47,45
80,"u4",52,74
80,"u5",7,5
80,"u5",12,28
80,"u5",17,113
80,"u5",22,144
80,"u5",27,160
80,"u5",32,139
80,"u5",37,79
80,"u5",42,283
80,"u5",47,53
80,"u5",52,85
80,"u6",7,2
80,"u6",12,16
80,"u6",17,74
80,"u6",22,407
80,"u6",27,179
80,"u6",32,104
80,"u6",37,25
80,"u6",42,59
80,"u6",47,22
80,"u6",52,47
80,"u7",7,6
80,"u7",12,10
80,"u7",17,13
80,"u7",22,231
80,"u7",27,227
80,"u7",32,60
80,"u7",37,31
80,"u7",42,42
80,"u7",47,78
80,"u7",52,111
80,"u8",7,0
80,"u8",12,3
80,"u8",17,33
80,"u8",22,78
80,"u8",27,256
80,"u8",32,355
80,"u8",37,117
80,"u8",42,27
80,"u8",47,46
80,"u8",52,28
80,"u9",7,4
80,"u9",12,8
80,"u9",17,20
80,"u9",22,8
80,"u9",27,93
80,"u9",32,285
80,"u9",37,273
80,"u9",42,141
80,"u9",47,62
80,"u9",52,156
80,"u10",7,2
80,"u10",12,1
80,"u10",17,34
80,"u10",22,45
80,"u10",27,141
80,"u10",32,209
80,"u10",37,72
80,"u10",42,85
80,"u10",47,94
80,"u10",52,77
81,"u1",7,5
81,"u1",12,5
81,"u1",17,25
81,"u1",22,100
81,"u1",27,132
81,"u1",32,159
81,"u1",37,206
81,"u1",42,158
81,"u1",47,34
81,"u1",52,39
81,"u2",7,9
81,"u2",12,46
81,"u2",17,254
81,"u2",22,711
81,"u2",27,789
81,"u2",32,2133
81,"u2",37,782
81,"u2",42,899
81,"u2",47,153
81,"u2",52,43
81,"u3",7,12
81,"u3",12,12
81,"u3",17,61
81,"u3",22,125
81,"u3",27,137
81,"u3",32,191
81,"u3",37,73
81,"u3",42,43
81,"u3",47,38
81,"u3",52,76
81,"u4",7,6
81,"u4",12,9
81,"u4",17,19
81,"u4",22,94
81,"u4",27,90
81,"u4",32,275
81,"u4",37,354
81,"u4",42,726
81,"u4",47,170
81,"u4",52,116
81,"u5",7,1
81,"u5",12,25
81,"u5",17,33
81,"u5",22,179
81,"u5",27,1482
81,"u5",32,148
81,"u5",37,53
81,"u5",42,26
81,"u5",47,23
81,"u5",52,20
81,"u6",7,1
81,"u6",12,31
81,"u6",17,54
81,"u6",22,94
81,"u6",27,77
81,"u6",32,57
81,"u6",37,52
81,"u6",42,30
81,"u6",47,37
81,"u6",52,45
81,"u7",7,7
81,"u7",12,10
81,"u7",17,9
81,"u7",22,40
81,"u7",27,88
81,"u7",32,102
81,"u7",37,49
81,"u7",42,106
81,"u7",47,12
81,"u7",52,19
81,"u8",7,2
81,"u8",12,24
81,"u8",17,71
81,"u8",22,488
81,"u8",27,302
81,"u8",32,416
81,"u8",37,164
81,"u8",42,69
81,"u8",47,73
81,"u8",52,58
81,"u9",7,5
81,"u9",12,24
81,"u9",17,134
81,"u9",22,308
81,"u9",27,481
81,"u9",32,285
81,"u9",37,162
81,"u9",42,188
81,"u9",47,362
81,"u9",52,273
81,"u10",7,3
81,"u10",12,43
81,"u10",17,83
81,"u10",22,73
81,"u10",27,411
81,"u10",32,554
81,"u10",37,323
81,"u10",42,198
81,"u10",47,1503
81,"u10",52,216
82,"u1",7,5
82,"u1",12,14
82,"u1",17,24
82,"u1",22,30
82,"u1",27,138
82,"u1",32,132
82,"u1",37,167
82,"u1",42,140
82,"u1",47,131
82,"u1",52,49
82,"u2",7,1
82,"u2",12,13
82,"u2",17,20
82,"u2",22,61
82,"u2",27,82
82,"u2",32,64
82,"u2",37,255
82,"u2",42,489
82,"u2",47,214
82,"u2",52,91
82,"u3",7,3
82,"u3",12,7
82,"u3",17,43
82,"u3",22,178
82,"u3",27,131
82,"u3",32,166
82,"u3",37,142
82,"u3",42,55
82,"u3",47,10
82,"u3",52,7
82,"u4",7,1
82,"u4",12,7
82,"u4",17,24
82,"u4",22,69
82,"u4",27,169
82,"u4",32,260
82,"u4",37,348
82,"u4",42,60
82,"u4",47,141
82,"u4",52,33
82,"u5",7,8
82,"u5",12,21
82,"u5",17,94
82,"u5",22,212
82,"u5",27,85
82,"u5",32,29
82,"u5",37,72
82,"u5",42,47
82,"u5",47,70
82,"u5",52,99
82,"u6",7,2
82,"u6",12,7
82,"u6",17,35
82,"u6",22,172
82,"u6",27,253
82,"u6",32,339
82,"u6",37,153
82,"u6",42,117
82,"u6",47,109
82,"u6",52,109
82,"u7",7,4
82,"u7",12,11
82,"u7",17,77
82,"u7",22,54
82,"u7",27,377
82,"u7",32,616
82,"u7",37,150
82,"u7",42,69
82,"u7",47,41
82,"u7",52,33
82,"u8",7,6
82,"u8",12,4
82,"u8",17,6
82,"u8",22,57
82,"u8",27,84
82,"u8",32,212
82,"u8",37,80
82,"u8",42,42
82,"u8",47,12
82,"u8",52,34
82,"u9",7,0
82,"u9",12,5
82,"u9",17,21
82,"u9",22,29
82,"u9",27,73
82,"u9",32,86
82,"u9",37,200
82,"u9",42,125
82,"u9",47,222
82,"u9",52,401
82,"u10",7,3
82,"u10",12,25
82,"u10",17,53
82,"u10",22,84
82,"u10",27,91
82,"u10",32,115
82,"u10",37,49
82,"u10",42,97
82,"u10",47,264
82,"u10",52,163
83,"u1",7,0
83,"u1",12,9
83,"u1",17,49
83,"u1",22,51
83,"u1",27,78
83,"u1",32,169
83,"u1",37,256
83,"u1",42,120
83,"u1",47,93
83,"u1",52,44
83,"u2",7,5
83,"u2",12,12
83,"u2",17,43
83,"u2",22,41
83,"u2",27,26
83,"u2",32,149
83,"u2",37,225
83,"u2",42,380
83,"u2",47,228
83,"u2",52,294
83,"u3",7,3
83,"u3",12,8
83,"u3",17,38
83,"u3",22,52
83,"u3",27,260
83,"u3",32,130
83,"u3",37,171
83,"u3",42,149
83,"u3",47,130
83,"u3",52,136
83,"u4",7,2
83,"u4",12,6
83,"u4",17,54
83,"u4",22,128
83,"u4",27,69
83,"u4",32,48
83,"u4",37,106
83,"u4",42,375
83,"u4",47,189
83,"u4",52,77
83,"u5",7,2
83,"u5",12,9
83,"u5",17,35
83,"u5",22,80
83,"u5",27,128
83,"u5",32,171
83,"u5",37,203
83,"u5",42,602
83,"u5",47,286
83,"u5",52,377
83,"u6",7,6
83,"u6",12,5
83,"u6",17,12
83,"u6",22,86
83,"u6",27,73
83,"u6",32,79
83,"u6",37,50
83,"u6",42,64
83,"u6",47,142
83,"u6",52,206
83,"u7",7,3
83,"u7",12,50
83,"u7",17,107
83,"u7",22,155
83,"u7",27,198
83,"u7",32,105
83,"u7",37,246
83,"u7",42,316
83,"u7",47,190
83,"u7",52,155
83,"u8",7,1
83,"u8",12,12
83,"u8",17,41
83,"u8",22,444
83,"u8",27,375
83,"u8",32,150
83,"u8",37,63
83,"u8",42,24
83,"u8",47,8
83,"u8",52,5
83,"u9",7,7
83,"u9",12,20
83,"u9",17,19
83,"u9",22,135
83,"u9",27,252
83,"u9",32,227
83,"u9",37,66
83,"u9",42,35
83,"u9",47,32
83,"u9",52,35
83,"u10",7,7
83,"u10",12,4
83,"u10",17,25
83,"u10",22,92
83,"u10",27,155
83,"u10",32,272
83,"u10",37,109
83,"u10",42,117
83,"u10",47,54
83,"u10",52,60
84,"u1",7,4
84,"u1",12,14
84,"u1",17,51
84,"u1",22,113
84,"u1",27,231
84,"u1",32,214
84,"u1",37,204
84,"u1",42,496
84,"u1",47,405
84,"u1",52,70
84,"u2",7,4
84,"u2",12,13
84,"u2",17,57
84,"u2",22,162
84,"u2",27,174
84,"u2",32,90
84,"u2",37,68
84,"u2",42,74
84,"u2",47,15
84,"u2",52,19
84,"u3",7,1
84,"u3",12,8
84,"u3",17,21
84,"u3",22,75
84,"u3",27,125
84,"u3",32,202
84,"u3",37,373
84,"u3",42,1266
84,"u3",47,1530
84,"u3",52,953
84,"u4",7,2
84,"u4",12,12
84,"u4",17,20
84,"u4",22,38
84,"u4",27,106
84,"u4",32,157
84,"u4",37,171
84,"u4",42,89
84,"u4",47,45
84,"u4",52,224
84,"u5",7,2
84,"u5",12,18
84,"u5",17,86
84,"u5",22,84
84,"u5",27,110
84,"u5",32,71
84,"u5",37,57
84,"u5",42,90
84,"u5",47,23
84,"u5",52,19
84,"u6",7,4
84,"u6",12,2
84,"u6",17,10
84,"u6",22,51
84,"u6",27,56
84,"u6",32,73
84,"u6",37,70
84,"u6",42,238
84,"u6",47,333
84,"u6",52,136
84,"u7",7,5
84,"u7",12,19
84,"u7",17,58
84,"u7",22,136
84,"u7",27,162
84,"u7",32,303
84,"u7",37,215
84,"u7",42,35
84,"u7",47,12
84,"u7",52,24
84,"u8",7,2
84,"u8",12,17
84,"u8",17,36
84,"u8",22,76
84,"u8",27,38
84,"u8",32,118
84,"u8",37,103
84,"u8",42,37
84,"u8",47,22
84,"u8",52,31
84,"u9",7,1
84,"u9",12,19
84,"u9",17,14
84,"u9",22,16
84,"u9",27,82
84,"u9",32,208
84,"u9",37,143
84,"u9",42,48
84,"u9",47,21
84,"u9",52,16
84,"u10",7,9
84,"u10",12,34
84,"u10",17,88
84,"u10",22,147
84,"u10",27,186
84,"u10",32,58
84,"u10",37,93
84,"u10",42,41
84,"u10",47,45
84,"u10",52,38
85,"u1",7,0
85,"u1",12,15
85,"u1",17,46
85,"u1",22,114
85,"u1",27,117
85,"u1",32,92
85,"u1",37,118
85,"u1",42,70
85,"u1",47,301
85,"u1",52,41
85,"u2",7,2
85,"u2",12,10
85,"u2",17,32
85,"u2",22,53
85,"u2",27,234
85,"u2",32,202
85,"u2",37,19
85,"u2",42,30
85,"u2",47,13
85,"u2",52,1
85,"u3",7,2
85,"u3",12,6
85,"u3",17,22
85,"u3",22,58
85,"u3",27,116
85,"u3",32,160
85,"u3",37,276
85,"u3",42,59
85,"u3",47,16
85,"u3",52,4
85,"u4",7,2
85,"u4",12,9
85,"u4",17,20
85,"u4",22,168
85,"u4",27,160
85,"u4",32,181
85,"u4",37,56
85,"u4",42,25
85,"u4",47,36
85,"u4",52,43
85,"u5",7,8
85,"u5",12,12
85,"u5",17,51
85,"u5",22,185
85,"u5",27,219
85,"u5",32,184
85,"u5",37,489
85,"u5",42,141
85,"u5",47,111
85,"u5",52,151
85,"u6",7,3
85,"u6",12,9
85,"u6",17,6
85,"u6",22,9
85,"u6",27,55
85,"u6",32,113
85,"u6",37,173
85,"u6",42,138
85,"u6",47,85
85,"u6",52,55
85,"u7",7,3
85,"u7",12,20
85,"u7",17,60
85,"u7",22,199
85,"u7",27,198
85,"u7",32,289
85,"u7",37,161
85,"u7",42,103
85,"u7",47,134
85,"u7",52,164
85,"u8",7,0
85,"u8",12,4
85,"u8",17,16
85,"u8",22,78
85,"u8",27,294
85,"u8",32,152
85,"u8",37,78
85,"u8",42,30
85,"u8",47,62
85,"u8",52,26
85,"u9",7,11
85,"u9",12,16
85,"u9",17,39
85,"u9",22,50
85,"u9",27,112
85,"u9",32,357
85,"u9",37,615
85,"u9",42,437
85,"u9",47,557
85,"u9",52,246
85,"u10",7,2
85,"u10",12,16
85,"u10",17,59
85,"u10",22,140
85,"u10",27,277
85,"u10",32,293
85,"u10",37,155
85,"u10",42,72
85,"u10",47,48
85,"u10",52,135
86,"u1",7,2
86,"u1",12,12
86,"u1",17,12
86,"u1",22,43
86,"u1",27,90
86,"u1",32,90
86,"u1",37,142
86,"u1",42,161
86,"u1",47,47
86,"u1",52,45
86,"u2",7,2
86,"u2",12,17
86,"u2",17,53
86,"u2",22,95
86,"u2",27,37
86,"u2",32,132
86,"u2",37,74
86,"u2",42,55
86,"u2",47,114
86,"u2",52,126
86,"u3",7,5
86,"u3",12,8
86,"u3",17,25
86,"u3",22,47
86,"u3",27,230
86,"u3",32,210
86,"u3",37,66
86,"u3",42,34
86,"u3",47,82
86,"u3",52,100
86,"u4",7,1
86,"u4",12,33
86,"u4",17,115
86,"u4",22,37
86,"u4",27,317
86,"u4",32,190
86,"u4",37,345
86,"u4",42,246
86,"u4",47,50
86,"u4",52,53
86,"u5",7,1
86,"u5",12,25
86,"u5",17,154
86,"u5",22,263
86,"u5",27,132
86,"u5",32,80
86,"u5",37,184
86,"u5",42,277
86,"u5",47,47
86,"u5",52,104
86,"u6",7,7
86,"u6",12,5
86,"u6",17,17
86,"u6",22,37
86,"u6",27,117
86,"u6",32,189
86,"u6",37,229
86,"u6",42,282
86,"u6",47,91
86,"u6",52,55
86,"u7",7,4
86,"u7",12,15
86,"u7",17,138
86,"u7",22,163
86,"u7",27,321
86,"u7",32,311
86,"u7",37,418
86,"u7",42,177
86,"u7",47,176
86,"u7",52,185
86,"u8",7,1
86,"u8",12,15
86,"u8",17,57
86,"u8",22,188
86,"u8",27,174
86,"u8",32,269
86,"u8",37,82
86,"u8",42,157
86,"u8",47,111
86,"u8",52,139
86,"u9",7,2
86,"u9",12,6
86,"u9",17,50
86,"u9",22,247
86,"u9",27,197
86,"u9",32,392
86,"u9",37,124
86,"u9",42,284
86,"u9",47,326
86,"u9",52,135
86,"u10",7,4
86,"u10",12,29
86,"u10",17,123
86,"u10",22,198
86,"u10",27,74
86,"u10",32,192
86,"u10",37,38
86,"u10",42,62
86,"u10",47,34
86,"u10",52,88
87,"u1",7,1
87,"u1",12,16
87,"u1",17,33
87,"u1",22,102
87,"u1",27,291
87,"u1",32,243
87,"u1",37,93
87,"u1",42,41
87,"u1",47,41
87,"u1",52,21
87,"u2",7,7
87,"u2",12,3
87,"u2",17,50
87,"u2",22,128
87,"u2",27,172
87,"u2",32,41
87,"u2",37,57
87,"u2",42,71
87,"u2",47,51
87,"u2",52,48
87,"u3",7,10
87,"u3",12,23
87,"u3",17,85
87,"u3",22,305
87,"u3",27,190
87,"u3",32,90
87,"u3",37,93
87,"u3",42,80
87,"u3",47,56
87,"u3",52,76
87,"u4",7,6
87,"u4",12,2
87,"u4",17,31
87,"u4",22,133
87,"u4",27,410
87,"u4",32,281
87,"u4",37,75
87,"u4",42,16
87,"u4",47,25
87,"u4",52,15
87,"u5",7,5
87,"u5",12,23
87,"u5",17,73
87,"u5",22,153
87,"u5",27,102
87,"u5",32,73
87,"u5",37,24
87,"u5",42,22
87,"u5",47,68
87,"u5",52,174
87,"u6",7,6
87,"u6",12,51
87,"u6",17,137
87,"u6",22,206
87,"u6",27,259
87,"u6",32,75
87,"u6",37,99
87,"u6",42,71
87,"u6",47,86
87,"u6",52,63
87,"u7",7,3
87,"u7",12,15
87,"u7",17,51
87,"u7",22,251
87,"u7",27,550
87,"u7",32,125
87,"u7",37,311
87,"u7",42,158
87,"u7",47,103
87,"u7",52,116
87,"u8",7,3
87,"u8",12,2
87,"u8",17,6
87,"u8",22,16
87,"u8",27,21
87,"u8",32,33
87,"u8",37,186
87,"u8",42,192
87,"u8",47,142
87,"u8",52,77
87,"u9",7,3
87,"u9",12,18
87,"u9",17,19
87,"u9",22,88
87,"u9",27,115
87,"u9",32,245
87,"u9",37,149
87,"u9",42,386
87,"u9",47,99
87,"u9",52,76
87,"u10",7,1
87,"u10",12,6
87,"u10",17,6
87,"u10",22,38
87,"u10",27,114
87,"u10",32,110
87,"u10",37,119
87,"u10",42,135
87,"u10",47,95
87,"u10",52,42
88,"u1",7,3
88,"u1",12,8
88,"u1",17,23
88,"u1",22,25
88,"u1",27,144
88,"u1",32,119
88,"u1",37,192
88,"u1",42,272
88,"u1",47,410
88,"u1",52,92
88,"u2",7,2
88,"u2",12,6
88,"u2",17,53
88,"u2",22,52
88,"u2",27,110
88,"u2",32,252
88,"u2",37,72
88,"u2",42,135
88,"u2",47,60
88,"u2",52,35
88,"u3",7,4
88,"u3",12,7
88,"u3",17,25
88,"u3",22,58
88,"u3",27,75
88,"u3",32,97
88,"u3",37,104
88,"u3",42,134
88,"u3",47,171
88,"u3",52,148
88,"u4",7,7
88,"u4",12,15
88,"u4",17,86
88,"u4",22,168
88,"u4",27,138
88,"u4",32,80
88,"u4",37,151
88,"u4",42,66
88,"u4",47,103
88,"u4",52,79
88,"u5",7,3
88,"u5",12,25
88,"u5",17,52
88,"u5",22,132
88,"u5",27,91
88,"u5",32,62
88,"u5",37,164
88,"u5",42,151
88,"u5",47,68
88,"u5",52,56
88,"u6",7,3
88,"u6",12,5
88,"u6",17,18
88,"u6",22,106
88,"u6",27,163
88,"u6",32,448
88,"u6",37,129
88,"u6",42,44
88,"u6",47,19
88,"u6",52,12
88,"u7",7,3
88,"u7",12,9
88,"u7",17,29
88,"u7",22,170
88,"u7",27,43
88,"u7",32,46
88,"u7",37,50
88,"u7",42,53
88,"u7",47,38
88,"u7",52,38
88,"u8",7,5
88,"u8",12,7
88,"u8",17,12
88,"u8",22,87
88,"u8",27,211
88,"u8",32,220
88,"u8",37,183
88,"u8",42,85
88,"u8",47,48
88,"u8",52,66
88,"u9",7,0
88,"u9",12,9
88,"u9",17,32
88,"u9",22,96
88,"u9",27,452
88,"u9",32,393
88,"u9",37,352
88,"u9",42,336
88,"u9",47,60
88,"u9",52,90
88,"u10",7,4
88,"u10",12,4
88,"u10",17,39
88,"u10",22,71
88,"u10",27,242
88,"u10",32,128
88,"u10",37,48
88,"u10",42,35
88,"u10",47,16
88,"u10",52,29
89,"u1",7,6
89,"u1",12,16
89,"u1",17,77
89,"u1",22,192
89,"u1",27,289
89,"u1",32,464
89,"u1",37,97
89,"u1",42,109
89,"u1",47,85
89,"u1",52,150
89,"u2",7,3
89,"u2",12,13
89,"u2",17,65
89,"u2",22,106
89,"u2",27,107
89,"u2",32,114
89,"u2",37,172
89,"u2",42,64
89,"u2",47,68
89,"u2",52,62
89,"u3",7,3
89,"u3",12,15
89,"u3",17,47
89,"u3",22,134
89,"u3",27,114
89,"u3",32,96
89,"u3",37,52
89,"u3",42,194
89,"u3",47,381
89,"u3",52,353
89,"u4",7,3
89,"u4",12,50
89,"u4",17,171
89,"u4",22,205
89,"u4",27,86
89,"u4",32,121
89,"u4",37,77
89,"u4",42,72
89,"u4",47,165
89,"u4",52,86
89,"u5",7,8
89,"u5",12,37
89,"u5",17,116
89,"u5",22,204
89,"u5",27,418
89,"u5",32,174
89,"u5",37,281
89,"u5",42,167
89,"u5",47,34
89,"u5",52,41
89,"u6",7,7
89,"u6",12,13
89,"u6",17,39
89,"u6",22,47
89,"u6",27,143
89,"u6",32,98
89,"u6",37,38
89,"u6",42,132
89,"u6",47,43
89,"u6",52,78
89,"u7",7,3
89,"u7",12,6
89,"u7",17,16
89,"u7",22,75
89,"u7",27,83
89,"u7",32,94
89,"u7",37,160
89,"u7",42,51
89,"u7",47,67
89,"u7",52,27
89,"u8",7,3
89,"u8",12,15
89,"u8",17,66
89,"u8",22,252
89,"u8",27,287
89,"u8",32,98
89,"u8",37,41
89,"u8",42,42
89,"u8",47,61
89,"u8",52,78
89,"u9",7,2
89,"u9",12,13
89,"u9",17,36
89,"u9",22,138
89,"u9",27,137
89,"u9",32,34
89,"u9",37,71
89,"u9",42,96
89,"u9",47,63
89,"u9",52,48
89,"u10",7,8
89,"u10",12,20
89,"u10",17,154
89,"u10",22,301
89,"u10",27,81
89,"u10",32,47
89,"u10",37,88
89,"u10",42,46
89,"u10",47,16
89,"u10",52,9
90,"u1",7,4
90,"u1",12,7
90,"u1",17,13
90,"u1",22,51
90,"u1",27,226
90,"u1",32,148
90,"u1",37,102
90,"u1",42,47
90,"u1",47,45
90,"u1",52,95
90,"u2",7,4
90,"u2",12,4
90,"u2",17,29
90,"u2",22,269
90,"u2",27,223
90,"u2",32,85
90,"u2",37,52
90,"u2",42,53
90,"u2",47,75
90,"u2",52,59
90,"u3",7,1
90,"u3",12,4
90,"u3",17,21
90,"u3",22,85
90,"u3",27,78
90,"u3",32,156
90,"u3",37,151
90,"u3",42,78
90,"u3",47,103
90,"u3",52,84
90,"u4",7,2
90,"u4",12,11
90,"u4",17,30
90,"u4",22,389
90,"u4",27,122
90,"u4",32,107
90,"u4",37,79
90,"u4",42,110
90,"u4",47,38
90,"u4",52,36
90,"u5",7,3
90,"u5",12,9
90,"u5",17,30
90,"u5",22,106
90,"u5",27,110
90,"u5",32,132
90,"u5",37,126
90,"u5",42,170
90,"u5",47,26
90,"u5",52,18
90,"u6",7,13
90,"u6",12,20
90,"u6",17,15
90,"u6",22,87
90,"u6",27,137
90,"u6",32,283
90,"u6",37,309
90,"u6",42,458
90,"u6",47,250
90,"u6",52,350
90,"u7",7,1
90,"u7",12,13
90,"u7",17,61
90,"u7",22,334
90,"u7",27,467
90,"u7",32,509
90,"u7",37,220
90,"u7",42,442
90,"u7",47,165
90,"u7",52,152
90,"u8",7,3
90,"u8",12,65
90,"u8",17,143
90,"u8",22,229
90,"u8",27,183
90,"u8",32,248
90,"u8",37,247
90,"u8",42,86
90,"u8",47,85
90,"u8",52,23
90,"u9",7,8
90,"u9",12,4
90,"u9",17,35
90,"u9",22,35
90,"u9",27,44
90,"u9",32,36
90,"u9",37,93
90,"u9",42,97
90,"u9",47,168
90,"u9",52,102
90,"u10",7,2
90,"u10",12,12
90,"u10",17,25
90,"u10",22,138
90,"u10",27,56
90,"u10",32,81
90,"u10",37,31
90,"u10",42,30
90,"u10",47,28
90,"u10",52,34
91,"u1",7,1
91,"u1",12,8
91,"u1",17,32
91,"u1",22,107
91,"u1",27,476
91,"u1",32,379
91,"u1",37,364
91,"u1",42,262
91,"u1",47,83
91,"u1",52,60
91,"u2",7,6
91,"u2",12,54
91,"u2",17,146
91,"u2",22,159
91,"u2",27,69
91,"u2",32,108
91,"u2",37,81
91,"u2",42,78
91,"u2",47,110
91,"u2",52,23
91,"u3",7,11
91,"u3",12,11
91,"u3",17,18
91,"u3",22,39
91,"u3",27,119
91,"u3",32,141
91,"u3",37,70
91,"u3",42,27
91,"u3",47,16
91,"u3",52,21
91,"u4",7,2
91,"u4",12,5
91,"u4",17,3
91,"u4",22,20
91,"u4",27,53
91,"u4",32,162
91,"u4",37,156
91,"u4",42,111
91,"u4",47,117
91,"u4",52,112
91,"u5",7,1
91,"u5",12,19
91,"u5",17,44
91,"u5",22,132
91,"u5",27,228
91,"u5",32,147
91,"u5",37,44
91,"u5",42,155
91,"u5",47,389
91,"u5",52,339
91,"u6",7,3
91,"u6",12,6
91,"u6",17,36
91,"u6",22,145
91,"u6",27,174
91,"u6",32,38
91,"u6",37,48
91,"u6",42,78
91,"u6",47,50
91,"u6",52,18
91,"u7",7,3
91,"u7",12,8
91,"u7",17,39
91,"u7",22,62
91,"u7",27,73
91,"u7",32,225
91,"u7",37,328
91,"u7",42,251
91,"u7",47,133
91,"u7",52,136
91,"u8",7,0
91,"u8",12,5
91,"u8",17,24
91,"u8",22,76
91,"u8",27,126
91,"u8",32,111
91,"u8",37,76
91,"u8",42,33
91,"u8",47,44
91,"u8",52,50
91,"u9",7,0
91,"u9",12,9
91,"u9",17,12
91,"u9",22,55
91,"u9",27,148
91,"u9",32,170
91,"u9",37,131
91,"u9",42,54
91,"u9",47,70
91,"u9",52,62
91,"u10",7,3
91,"u10",12,7
91,"u10",17,29
91,"u10",22,54
91,"u10",27,148
91,"u10",32,57
91,"u10",37,51
91,"u10",42,20
91,"u10",47,50
91,"u10",52,153
92,"u1",7,3
92,"u1",12,9
92,"u1",17,22
92,"u1",22,77
92,"u1",27,175
92,"u1",32,214
92,"u1",37,268
92,"u1",42,347
92,"u1",47,356
92,"u1",52,339
92,"u2",7,6
92,"u2",12,19
92,"u2",17,29
92,"u2",22,43
92,"u2",27,313
92,"u2",32,202
92,"u2",37,162
92,"u2",42,35
92,"u2",47,11
92,"u2",52,12
92,"u3",7,9
92,"u3",12,29
92,"u3",17,263
92,"u3",22,201
92,"u3",27,306
92,"u3",32,112
92,"u3",37,133
92,"u3",42,97
92,"u3",47,177
92,"u3",52,176
92,"u4",7,4
92,"u4",12,3
92,"u4",17,36
92,"u4",22,160
92,"u4",27,162
92,"u4",32,153
92,"u4",37,295
92,"u4",42,316
92,"u4",47,436
92,"u4",52,201
92,"u5",7,11
92,"u5",12,32
92,"u5",17,35
92,"u5",22,183
92,"u5",27,148
92,"u5",32,81
92,"u5",37,39
92,"u5",42,48
92,"u5",47,231
92,"u5",52,349
92,"u6",7,5
92,"u6",12,7
92,"u6",17,17
92,"u6",22,90
92,"u6",27,90
92,"u6",32,177
92,"u6",37,129
92,"u6",42,380
92,"u6",47,699
92,"u6",52,329
92,"u7",7,1
92,"u7",12,20
92,"u7",17,60
92,"u7",22,133
92,"u7",27,358
92,"u7",32,379
92,"u7",37,343
92,"u7",42,165
92,"u7",47,40
92,"u7",52,53
92,"u8",7,4
92,"u8",12,18
92,"u8",17,108
92,"u8",22,248
92,"u8",27,396
92,"u8",32,177
92,"u8",37,85
92,"u8",42,68
92,"u8",47,52
92,"u8",52,61
92,"u9",7,8
92,"u9",12,16
92,"u9",17,93
92,"u9",22,147
92,"u9",27,544
92,"u9",32,1306
92,"u9",37,237
92,"u9",42,110
92,"u9",47,22
92,"u9",52,25
92,"u10",7,2
92,"u10",12,20
92,"u10",17,30
92,"u10",22,35
92,"u10",27,89
92,"u10",32,46
92,"u10",37,109
92,"u10",42,112
92,"u10",47,74
92,"u10",52,56
93,"u1",7,5
93,"u1",12,33
93,"u1",17,139
93,"u1",22,147
93,"u1",27,94
93,"u1",32,119
93,"u1",37,121
93,"u1",42,145
93,"u1",47,54
93,"u1",52,37
93,"u2",7,19
93,"u2",12,24
93,"u2",17,88
93,"u2",22,99
93,"u2",27,108
93,"u2",32,85
93,"u2",37,51
93,"u2",42,48
93,"u2",47,85
93,"u2",52,61
93,"u3",7,1
93,"u3",12,7
93,"u3",17,21
93,"u3",22,121
93,"u3",27,308
93,"u3",32,210
93,"u3",37,132
93,"u3",42,284
93,"u3",47,185
93,"u3",52,164
93,"u4",7,5
93,"u4",12,30
93,"u4",17,153
93,"u4",22,63
93,"u4",27,112
93,"u4",32,63
93,"u4",37,88
93,"u4",42,407
93,"u4",47,137
93,"u4",52,241
93,"u5",7,0
93,"u5",12,22
93,"u5",17,68
93,"u5",22,88
93,"u5",27,90
93,"u5",32,56
93,"u5",37,58
93,"u5",42,25
93,"u5",47,67
93,"u5",52,60
93,"u6",7,5
93,"u6",12,9
93,"u6",17,30
93,"u6",22,57
93,"u6",27,112
93,"u6",32,81
93,"u6",37,79
93,"u6",42,86
93,"u6",47,270
93,"u6",52,410
93,"u7",7,4
93,"u7",12,11
93,"u7",17,61
93,"u7",22,88
93,"u7",27,58
93,"u7",32,232
93,"u7",37,123
93,"u7",42,75
93,"u7",47,45
93,"u7",52,34
93,"u8",7,6
93,"u8",12,5
93,"u8",17,41
93,"u8",22,254
93,"u8",27,374
93,"u8",32,247
93,"u8",37,31
93,"u8",42,22
93,"u8",47,26
93,"u8",52,29
93,"u9",7,5
93,"u9",12,8
93,"u9",17,19
93,"u9",22,83
93,"u9",27,334
93,"u9",32,880
93,"u9",37,912
93,"u9",42,1536
93,"u9",47,309
93,"u9",52,52
93,"u10",7,2
93,"u10",12,2
93,"u10",17,18
93,"u10",22,127
93,"u10",27,107
93,"u10",32,199
93,"u10",37,120
93,"u10",42,119
93,"u10",47,80
93,"u10",52,94
94,"u1",7,2
94,"u1",12,18
94,"u1",17,54
94,"u1",22,211
94,"u1",27,245
94,"u1",32,386
94,"u1",37,284
94,"u1",42,26
94,"u1",47,21
94,"u1",52,22
94,"u2",7,7
94,"u2",12,20
94,"u2",17,149
94,"u2",22,80
94,"u2",27,61
94,"u2",32,111
94,"u2",37,131
94,"u2",42,138
94,"u2",47,81
94,"u2",52,130
94,"u3",7,3
94,"u3",12,18
94,"u3",17,128
94,"u3",22,154
94,"u3",27,178
94,"u3",32,311
94,"u3",37,306
94,"u3",42,381
94,"u3",47,259
94,"u3",52,82
94,"u4",7,0
94,"u4",12,31
94,"u4",17,35
94,"u4",22,39
94,"u4",27,116
94,"u4",32,92
94,"u4",37,61
94,"u4",42,96
94,"u4",47,63
94,"u4",52,103
94,"u5",7,1
94,"u5",12,13
94,"u5",17,38
94,"u5",22,119
94,"u5",27,55
94,"u5",32,64
94,"u5",37,31
94,"u5",42,34
94,"u5",47,40
94,"u5",52,88
94,"u6",7,6
94,"u6",12,63
94,"u6",17,84
94,"u6",22,167
94,"u6",27,63
94,"u6",32,92
94,"u6",37,133
94,"u6",42,80
94,"u6",47,112
94,"u6",52,94
94,"u7",7,4
94,"u7",12,10
94,"u7",17,22
94,"u7",22,180
94,"u7",27,951
94,"u7",32,1033
94,"u7",37,1314
94,"u7",42,449
94,"u7",47,363
94,"u7",52,260
94,"u8",7,3
94,"u8",12,5
94,"u8",17,32
94,"u8",22,241
94,"u8",27,95
94,"u8",32,79
94,"u8",37,59
94,"u8",42,63
94,"u8",47,90
94,"u8",52,127
94,"u9",7,9
94,"u9",12,13
94,"u9",17,92
94,"u9",22,225
94,"u9",27,305
94,"u9",32,191
94,"u9",37,143
94,"u9",42,158
94,"u9",47,43
94,"u9",52,40
94,"u10",7,4
94,"u10",12,8
94,"u10",17,19
94,"u10",22,19
94,"u10",27,59
94,"u10",32,54
94,"u10",37,115
94,"u10",42,201
94,"u10",47,167
94,"u10",52,62
95,"u1",7,4
95,"u1",12,11
95,"u1",17,35
95,"u1",22,68
95,"u1",27,84
95,"u1",32,230
95,"u1",37,271
95,"u1",42,55
95,"u1",47,106
95,"u1",52,77
95,"u2",7,1
95,"u2",12,6
95,"u2",17,23
95,"u2",22,88
95,"u2",27,353
95,"u2",32,392
95,"u2",37,589
95,"u2",42,174
95,"u2",47,161
95,"u2",52,68
95,"u3",7,4
95,"u3",12,18
95,"u3",17,38
95,"u3",22,197
95,"u3",27,98
95,"u3",32,63
95,"u3",37,94
95,"u3",42,19
95,"u3",47,18
95,"u3",52,15
95,"u4",7,5
95,"u4",12,8
95,"u4",17,11
95,"u4",22,43
95,"u4",27,100
95,"u4",32,323
95,"u4",37,101
95,"u4",42,212
95,"u4",47,164
95,"u4",52,157
95,"u5",7,2
95,"u5",12,4
95,"u5",17,24
95,"u5",22,103
95,"u5",27,437
95,"u5",32,99
95,"u5",37,47
95,"u5",42,119
95,"u5",47,153
95,"u5",52,122
95,"u6",7,5
95,"u6",12,11
95,"u6",17,50
95,"u6",22,90
95,"u6",27,106
95,"u6",32,237
95,"u6",37,206
95,"u6",42,91
95,"u6",47,76
95,"u6",52,17
95,"u7",7,6
95,"u7",12,11
95,"u7",17,78
95,"u7",22,201
95,"u7",27,146
95,"u7",32,146
95,"u7",37,43
95,"u7",42,230
95,"u7",47,96
95,"u7",52,82
95,"u8",7,7
95,"u8",12,32
95,"u8",17,66
95,"u8",22,179
95,"u8",27,541
95,"u8",32,94
95,"u8",37,177
95,"u8",42,37
95,"u8",47,25
95,"u8",52,7
95,"u9",7,5
95,"u9",12,24
95,"u9",17,101
95,"u9",22,81
95,"u9",27,334
95,"u9",32,252
95,"u9",37,76
95,"u9",42,74
95,"u9",47,67
95,"u9",52,27
95,"u10",7,7
95,"u10",12,19
95,"u10",17,69
95,"u10",22,83
95,"u10",27,144
95,"u10",32,127
95,"u10",37,103
95,"u10",42,66
95,"u10",47,61
95,"u10",52,87
96,"u1",7,7
96,"u1",12,18
96,"u1",17,65
96,"u1",22,117
96,"u1",27,163
96,"u1",32,94
96,"u1",37,181
96,"u1",42,169
96,"u1",47,169
96,"u1",52,79
96,"u2",7,3
96,"u2",12,8
96,"u2",17,41
96,"u2",22,137
96,"u2",27,281
96,"u2",32,210
96,"u2",37,79
96,"u2",42,158
96,"u2",47,252
96,"u2",52,377
96,"u3",7,3
96,"u3",12,19
96,"u3",17,92
96,"u3",22,182
96,"u3",27,290
96,"u3",32,309
96,"u3",37,51
96,"u3",42,22
96,"u3",47,7
96,"u3",52,3
96,"u4",7,3
96,"u4",12,33
96,"u4",17,51
96,"u4",22,293
96,"u4",27,332
96,"u4",32,180
96,"u4",37,289
96,"u4",42,198
96,"u4",47,96
96,"u4",52,47
96,"u5",7,2
96,"u5",12,11
96,"u5",17,30
96,"u5",22,55
96,"u5",27,84
96,"u5",32,91
96,"u5",37,85
96,"u5",42,210
96,"u5",47,132
96,"u5",52,15
96,"u6",7,2
96,"u6",12,15
96,"u6",17,68
96,"u6",22,125
96,"u6",27,123
96,"u6",32,56
96,"u6",37,176
96,"u6",42,150
96,"u6",47,32
96,"u6",52,9
96,"u7",7,6
96,"u7",12,18
96,"u7",17,40
96,"u7",22,174
96,"u7",27,211
96,"u7",32,225
96,"u7",37,151
96,"u7",42,30
96,"u7",47,49
96,"u7",52,14
96,"u8",7,3
96,"u8",12,18
96,"u8",17,62
96,"u8",22,169
96,"u8",27,79
96,"u8",32,113
96,"u8",37,154
96,"u8",42,87
96,"u8",47,65
96,"u8",52,67
96,"u9",7,3
96,"u9",12,6
96,"u9",17,9
96,"u9",22,39
96,"u9",27,94
96,"u9",32,85
96,"u9",37,136
96,"u9",42,54
96,"u9",47,24
96,"u9",52,46
96,"u10",7,1
96,"u10",12,4
96,"u10",17,63
96,"u10",22,106
96,"u10",27,160
96,"u10",32,177
96,"u10",37,238
96,"u10",42,231
96,"u10",47,145
96,"u10",52,125
97,"u1",7,7
97,"u1",12,35
97,"u1",17,108
97,"u1",22,168
97,"u1",27,153
97,"u1",32,85
97,"u1",37,48
97,"u1",42,108
97,"u1",47,187
97,"u1",52,120
97,"u2",7,1
97,"u2",12,5
97,"u2",17,33
97,"u2",22,202
97,"u2",27,207
97,"u2",32,117
97,"u2",37,110
97,"u2",42,95
97,"u2",47,36
97,"u2",52,20
97,"u3",7,4
97,"u3",12,12
97,"u3",17,33
97,"u3",22,100
97,"u3",27,331
97,"u3",32,248
97,"u3",37,98
97,"u3",42,28
97,"u3",47,30
97,"u3",52,56
97,"u4",7,9
97,"u4",12,30
97,"u4",17,33
97,"u4",22,51
97,"u4",27,151
97,"u4",32,141
97,"u4",37,121
97,"u4",42,59
97,"u4",47,27
97,"u4",52,15
97,"u5",7,4
97,"u5",12,11
97,"u5",17,41
97,"u5",22,115
97,"u5",27,103
97,"u5",32,503
97,"u5",37,51
97,"u5",42,15
97,"u5",47,2
97,"u5",52,7
97,"u6",7,3
97,"u6",12,6
97,"u6",17,24
97,"u6",22,237
97,"u6",27,265
97,"u6",32,351
97,"u6",37,120
97,"u6",42,26
97,"u6",47,22
97,"u6",52,23
97,"u7",7,3
97,"u7",12,45
97,"u7",17,70
97,"u7",22,166
97,"u7",27,234
97,"u7",32,136
97,"u7",37,147
97,"u7",42,17
97,"u7",47,17
97,"u7",52,7
97,"u8",7,9
97,"u8",12,14
97,"u8",17,72
97,"u8",22,62
97,"u8",27,93
97,"u8",32,54
97,"u8",37,48
97,"u8",42,15
97,"u8",47,15
97,"u8",52,43
97,"u9",7,0
97,"u9",12,15
97,"u9",17,30
97,"u9",22,40
97,"u9",27,98
97,"u9",32,86
97,"u9",37,119
97,"u9",42,168
97,"u9",47,94
97,"u9",52,38
97,"u10",7,6
97,"u10",12,10
97,"u10",17,52
97,"u10",22,76
97,"u10",27,86
97,"u10",32,142
97,"u10",37,72
97,"u10",42,93
97,"u10",47,56
97,"u10",52,71
98,"u1",7,0
98,"u1",12,21
98,"u1",17,34
98,"u1",22,65
98,"u1",27,143
98,"u1",32,162
98,"u1",37,120
98,"u1",42,74
98,"u1",47,8
98,"u1",52,19
98,"u2",7,0
98,"u2",12,12
98,"u2",17,8
98,"u2",22,41
98,"u2",27,110
98,"u2",32,95
98,"u2",37,85
98,"u2",42,51
98,"u2",47,46
98,"u2",52,283
98,"u3",7,6
98,"u3",12,3
98,"u3",17,24
98,"u3",22,52
98,"u3",27,32
98,"u3",32,88
98,"u3",37,171
98,"u3",42,108
98,"u3",47,52
98,"u3",52,39
98,"u4",7,2
98,"u4",12,9
98,"u4",17,45
98,"u4",22,73
98,"u4",27,110
98,"u4",32,172
98,"u4",37,217
98,"u4",42,159
98,"u4",47,170
98,"u4",52,89
98,"u5",7,13
98,"u5",12,32
98,"u5",17,69
98,"u5",22,241
98,"u5",27,228
98,"u5",32,92
98,"u5",37,34
98,"u5",42,136
98,"u5",47,77
98,"u5",52,35
98,"u6",7,2
98,"u6",12,3
98,"u6",17,18
98,"u6",22,71
98,"u6",27,151
98,"u6",32,82
98,"u6",37,88
98,"u6",42,64
98,"u6",47,73
98,"u6",52,71
98,"u7",7,6
98,"u7",12,11
98,"u7",17,19
98,"u7",22,74
98,"u7",27,97
98,"u7",32,67
98,"u7",37,168
98,"u7",42,141
98,"u7",47,39
98,"u7",52,38
98,"u8",7,1
98,"u8",12,11
98,"u8",17,95
98,"u8",22,154
98,"u8",27,303
98,"u8",32,165
98,"u8",37,75
98,"u8",42,58
98,"u8",47,34
98,"u8",52,25
98,"u9",7,3
98,"u9",12,6
98,"u9",17,11
98,"u9",22,73
98,"u9",27,126
98,"u9",32,119
98,"u9",37,73
98,"u9",42,100
98,"u9",47,109
98,"u9",52,92
98,"u10",7,1
98,"u10",12,21
98,"u10",17,75
98,"u10",22,122
98,"u10",27,114
98,"u10",32,84
98,"u10",37,334
98,"u10",42,265
98,"u10",47,83
98,"u10",52,117
99,"u1",7,3
99,"u1",12,23
99,"u1",17,18
99,"u1",22,92
99,"u1",27,141
99,"u1",32,211
99,"u1",37,49
99,"u1",42,20
99,"u1",47,138
99,"u1",52,67
99,"u2",7,10
99,"u2",12,13
99,"u2",17,104
99,"u2",22,143
99,"u2",27,124
99,"u2",32,102
99,"u2",37,47
99,"u2",42,15
99,"u2",47,18
99,"u2",52,41
99,"u3",7,1
99,"u3",12,7
99,"u3",17,67
99,"u3",22,232
99,"u3",27,211
99,"u3",32,197
99,"u3",37,127
99,"u3",42,347
99,"u3",47,217
99,"u3",52,273
99,"u4",7,7
99,"u4",12,14
99,"u4",17,20
99,"u4",22,21
99,"u4",27,89
99,"u4",32,187
99,"u4",37,89
99,"u4",42,116
99,"u4",47,74
99,"u4",52,191
99,"u5",7,3
99,"u5",12,4
99,"u5",17,53
99,"u5",22,168
99,"u5",27,96
99,"u5",32,47
99,"u5",37,47
99,"u5",42,20
99,"u5",47,7
99,"u5",52,19
99,"u6",7,5
99,"u6",12,17
99,"u6",17,25
99,"u6",22,107
99,"u6",27,189
99,"u6",32,227
99,"u6",37,147
99,"u6",42,64
99,"u6",47,39
99,"u6",52,31
99,"u7",7,7
99,"u7",12,49
99,"u7",17,173
99,"u7",22,58
99,"u7",27,105
99,"u7",32,106
99,"u7",37,83
99,"u7",42,29
99,"u7",47,16
99,"u7",52,46
99,"u8",7,1
99,"u8",12,9
99,"u8",17,26
99,"u8",22,50
99,"u8",27,124
99,"u8",32,148
99,"u8",37,144
99,"u8",42,11
99,"u8",47,10
99,"u8",52,7
99,"u9",7,3
99,"u9",12,22
99,"u9",17,46
99,"u9",22,88
99,"u9",27,257
99,"u9",32,299
99,"u9",37,171
99,"u9",42,74
99,"u9",47,87
99,"u9",52,11
99,"u10",7,7
99,"u10",12,19
99,"u10",17,78
99,"u10",22,596
99,"u10",27,321
99,"u10",32,217
99,"u10",37,20
99,"u10",42,29
99,"u10",47,40
99,"u10",52,29
100,"u1",7,4
100,"u1",12,6
100,"u1",17,29
100,"u1",22,54
100,"u1",27,45
100,"u1",32,88
100,"u1",37,77
100,"u1",42,337
100,"u1",47,310
100,"u1",52,95
100,"u2",7,3
100,"u2",12,37
100,"u2",17,53
100,"u2",22,155
100,"u2",27,96
100,"u2",32,171
100,"u2",37,102
100,"u2",42,42
100,"u2",47,43
100,"u2",52,99
100,"u3",7,3
100,"u3",12,16
100,"u3",17,31
100,"u3",22,36
100,"u3",27,91
100,"u3",32,82
100,"u3",37,70
100,"u3",42,123
100,"u3",47,58
100,"u3",52,20
100,"u4",7,3
100,"u4",12,6
100,"u4",17,5
100,"u4",22,41
100,"u4",27,236
100,"u4",32,103
100,"u4",37,159
100,"u4",42,207
100,"u4",47,73
100,"u4",52,32
100,"u5",7,4
100,"u5",12,24
100,"u5",17,80
100,"u5",22,178
100,"u5",27,127
100,"u5",32,221
100,"u5",37,573
100,"u5",42,194
100,"u5",47,119
100,"u5",52,110
100,"u6",7,2
100,"u6",12,10
100,"u6",17,76
100,"u6",22,174
100,"u6",27,85
100,"u6",32,76
100,"u6",37,117
100,"u6",42,41
100,"u6",47,32
100,"u6",52,74
100,"u7",7,9
100,"u7",12,19
100,"u7",17,24
100,"u7",22,42
100,"u7",27,119
100,"u7",32,102
100,"u7",37,81
100,"u7",42,108
100,"u7",47,111
100,"u7",52,73
100,"u8",7,2
100,"u8",12,14
100,"u8",17,26
100,"u8",22,69
100,"u8",27,146
100,"u8",32,474
100,"u8",37,175
100,"u8",42,208
100,"u8",47,33
100,"u8",52,41
100,"u9",7,2
100,"u9",12,11
100,"u9",17,41
100,"u9",22,149
100,"u9",27,158
100,"u9",32,138
100,"u9",37,73
100,"u9",42,20
100,"u9",47,121
100,"u9",52,75
100,"u10",7,4
100,"u10",12,5
100,"u10",17,43
100,"u10",22,307
100,"u10",27,172
100,"u10",32,222
100,"u10",37,151
100,"u10",42,62
100,"u10",47,48
100,"u10",52,84
