"b","unit","day","dentadult","dentinf"
1,"u1",7,5,1
1,"u1",12,4,0
1,"u1",17,9,0
1,"u1",22,12,0
1,"u1",27,12,2
1,"u1",32,38,3
1,"u1",37,63,10
1,"u1",42,40,9
1,"u1",47,7,22
1,"u1",52,4,14
1,"u2",7,4,0
1,"u2",12,49,2
1,"u2",17,54,0
1,"u2",22,14,1
1,"u2",27,5,5
1,"u2",32,2,1
1,"u2",37,7,1
1,"u2",42,2,3
1,"u2",47,0,0
1,"u2",52,2,0
1,"u3",7,1,0
1,"u3",12,8,2
1,"u3",17,22,1
1,"u3",22,32,0
1,"u3",27,72,3
1,"u3",32,20,4
1,"u3",37,7,0
1,"u3",42,2,6
1,"u3",47,0,3
1,"u3",52,0,0
1,"u4",7,1,0
1,"u4",12,8,0
1,"u4",17,44,1
1,"u4",22,65,4
1,"u4",27,60,8
1,"u4",32,16,9
1,"u4",37,5,6
1,"u4",42,1,0
1,"u4",47,1,4
1,"u4",52,0,1
1,"u5",7,4,0
1,"u5",12,12,0
1,"u5",17,9,4
1,"u5",22,9,0
1,"u5",27,17,0
1,"u5",32,12,0
1,"u5",37,24,0
1,"u5",42,6,5
1,"u5",47,16,0
1,"u5",52,5,1
1,"u6",7,3,0
1,"u6",12,2,2
1,"u6",17,10,0
1,"u6",22,20,0
1,"u6",27,25,2
1,"u6",32,58,13
1,"u6",37,54,17
1,"u6",42,51,9
1,"u6",47,73,28
1,"u6",52,24,6
1,"u7",7,1,0
1,"u7",12,9,0
1,"u7",17,5,0
1,"u7",22,11,1
1,"u7",27,28,2
1,"u7",32,18,4
1,"u7",37,18,8
1,"u7",42,1,3
1,"u7",47,1,3
1,"u7",52,0,2
1,"u8",7,4,0
1,"u8",12,7,0
1,"u8",17,3,0
1,"u8",22,28,1
1,"u8",27,13,1
1,"u8",32,18,3
1,"u8",37,28,1
1,"u8",42,22,2
1,"u8",47,11,2
1,"u8",52,1,2
1,"u9",7,1,0
1,"u9",12,20,0
1,"u9",17,21,0
1,"u9",22,17,0
1,"u9",27,20,1
1,"u9",32,4,0
1,"u9",37,4,0
1,"u9",42,0,2
1,"u9",47,2,0
1,"u9",52,0,0
2,"u1",7,8,0
2,"u1",12,4,2
2,"u1",17,9,0
2,"u1",22,19,1
2,"u1",27,31,2
2,"u1",32,15,0
2,"u1",37,8,0
2,"u1",42,1,3
2,"u1",47,1,0
2,"u1",52,0,0
2,"u2",7,3,0
2,"u2",12,8,0
2,"u2",17,30,0
2,"u2",22,65,5
2,"u2",27,47,25
2,"u2",32,8,11
2,"u2",37,3,11
2,"u2",42,4,0
2,"u2",47,3,2
2,"u2",52,3,0
2,"u3",7,6,0
2,"u3",12,9,0
2,"u3",17,4,0
2,"u3",22,9,0
2,"u3",27,11,1
2,"u3",32,18,0
2,"u3",37,48,2
2,"u3",42,56,12
2,"u3",47,16,2
2,"u3",52,9,2
2,"u4",7,2,0
2,"u4",12,4,0
2,"u4",17,6,0
2,"u4",22,18,0
2,"u4",27,61,0
2,"u4",32,70,3
2,"u4",37,24,0
2,"u4",42,3,0
2,"u4",47,13,1
2,"u4",52,0,1
2,"u5",7,2,0
2,"u5",12,8,0
2,"u5",17,12,4
2,"u5",22,9,0
2,"u5",27,9,1
2,"u5",32,4,0
2,"u5",37,5,4
2,"u5",42,6,0
2,"u5",47,2,0
2,"u5",52,7,0
2,"u6",7,0,0
2,"u6",12,8,1
2,"u6",17,35,0
2,"u6",22,39,0
2,"u6",27,25,1
2,"u6",32,16,0
2,"u6",37,14,0
2,"u6",42,30,0
2,"u6",47,28,0
2,"u6",52,9,0
2,"u7",7,0,0
2,"u7",12,5,0
2,"u7",17,6,0
2,"u7",22,28,2
2,"u7",27,74,1
2,"u7",32,74,5
2,"u7",37,6,6
2,"u7",42,1,6
2,"u7",47,1,0
2,"u7",52,0,0
2,"u8",7,1,0
2,"u8",12,4,0
2,"u8",17,14,0
2,"u8",22,22,1
2,"u8",27,41,13
2,"u8",32,38,0
2,"u8",37,20,3
2,"u8",42,21,3
2,"u8",47,28,3
2,"u8",52,24,0
2,"u9",7,10,0
2,"u9",12,31,2
2,"u9",17,29,3
2,"u9",22,8,3
2,"u9",27,2,0
2,"u9",32,5,2
2,"u9",37,1,2
2,"u9",42,3,0
2,"u9",47,1,1
2,"u9",52,1,0
3,"u1",7,1,0
3,"u1",12,0,0
3,"u1",17,9,0
3,"u1",22,6,0
3,"u1",27,6,0
3,"u1",32,3,0
3,"u1",37,4,0
3,"u1",42,1,0
3,"u1",47,9,1
3,"u1",52,36,1
3,"u2",7,1,0
3,"u2",12,3,0
3,"u2",17,13,0
3,"u2",22,7,0
3,"u2",27,31,0
3,"u2",32,47,1
3,"u2",37,12,0
3,"u2",42,4,0
3,"u2",47,0,0
3,"u2",52,0,1
3,"u3",7,1,0
3,"u3",12,3,0
3,"u3",17,5,0
3,"u3",22,10,0
3,"u3",27,12,0
3,"u3",32,7,0
3,"u3",37,1,2
3,"u3",42,0,0
3,"u3",47,3,0
3,"u3",52,0,0
3,"u4",7,1,0
3,"u4",12,1,0
3,"u4",17,8,0
3,"u4",22,29,1
3,"u4",27,59,4
3,"u4",32,37,4
3,"u4",37,59,0
3,"u4",42,7,1
3,"u4",47,6,1
3,"u4",52,1,1
3,"u5",7,3,0
3,"u5",12,10,0
3,"u5",17,7,1
3,"u5",22,6,0
3,"u5",27,9,0
3,"u5",32,10,3
3,"u5",37,1,1
3,"u5",42,8,2
3,"u5",47,1,3
3,"u5",52,6,0
3,"u6",7,6,0
3,"u6",12,11,0
3,"u6",17,27,1
3,"u6",22,28,0
3,"u6",27,17,1
3,"u6",32,8,2
3,"u6",37,3,0
3,"u6",42,2,1
3,"u6",47,5,0
3,"u6",52,4,0
3,"u7",7,1,0
3,"u7",12,21,0
3,"u7",17,21,0
3,"u7",22,34,2
3,"u7",27,22,1
3,"u7",32,16,3
3,"u7",37,6,0
3,"u7",42,3,0
3,"u7",47,11,2
3,"u7",52,7,0
3,"u8",7,8,0
3,"u8",12,10,1
3,"u8",17,28,0
3,"u8",22,41,0
3,"u8",27,24,7
3,"u8",32,43,1
3,"u8",37,54,15
3,"u8",42,23,7
3,"u8",47,6,0
3,"u8",52,1,4
3,"u9",7,3,0
3,"u9",12,4,1
3,"u9",17,7,0
3,"u9",22,23,4
3,"u9",27,10,0
3,"u9",32,4,0
3,"u9",37,2,0
3,"u9",42,0,0
3,"u9",47,3,0
3,"u9",52,1,0
4,"u1",7,3,0
4,"u1",12,3,0
4,"u1",17,12,0
4,"u1",22,23,0
4,"u1",27,6,0
4,"u1",32,19,4
4,"u1",37,20,0
4,"u1",42,17,0
4,"u1",47,18,1
4,"u1",52,30,4
4,"u2",7,1,0
4,"u2",12,5,0
4,"u2",17,4,0
4,"u2",22,15,2
4,"u2",27,24,0
4,"u2",32,9,1
4,"u2",37,17,1
4,"u2",42,10,0
4,"u2",47,4,5
4,"u2",52,3,0
4,"u3",7,4,0
4,"u3",12,13,1
4,"u3",17,15,0
4,"u3",22,48,0
4,"u3",27,47,3
4,"u3",32,20,6
4,"u3",37,10,0
4,"u3",42,5,1
4,"u3",47,8,0
4,"u3",52,5,4
4,"u4",7,9,0
4,"u4",12,19,0
4,"u4",17,17,4
4,"u4",22,21,2
4,"u4",27,22,0
4,"u4",32,14,0
4,"u4",37,1,36
4,"u4",42,6,0
4,"u4",47,4,1
4,"u4",52,2,1
4,"u5",7,1,0
4,"u5",12,7,0
4,"u5",17,24,1
4,"u5",22,18,0
4,"u5",27,50,2
4,"u5",32,84,0
4,"u5",37,44,32
4,"u5",42,26,1
4,"u5",47,22,1
4,"u5",52,8,9
4,"u6",7,0,0
4,"u6",12,4,0
4,"u6",17,3,0
4,"u6",22,2,0
4,"u6",27,8,1
4,"u6",32,13,0
4,"u6",37,17,0
4,"u6",42,29,3
4,"u6",47,8,0
4,"u6",52,9,3
4,"u7",7,11,0
4,"u7",12,3,0
4,"u7",17,5,1
4,"u7",22,13,1
4,"u7",27,20,0
4,"u7",32,12,1
4,"u7",37,13,10
4,"u7",42,4,3
4,"u7",47,5,0
4,"u7",52,0,1
4,"u8",7,4,0
4,"u8",12,7,0
4,"u8",17,20,0
4,"u8",22,25,1
4,"u8",27,19,0
4,"u8",32,16,3
4,"u8",37,2,1
4,"u8",42,2,0
4,"u8",47,2,3
4,"u8",52,0,0
4,"u9",7,2,0
4,"u9",12,3,0
4,"u9",17,4,0
4,"u9",22,11,0
4,"u9",27,30,0
4,"u9",32,45,1
4,"u9",37,29,1
4,"u9",42,42,1
4,"u9",47,50,1
4,"u9",52,79,1
5,"u1",7,0,0
5,"u1",12,13,0
5,"u1",17,14,0
5,"u1",22,9,1
5,"u1",27,4,7
5,"u1",32,14,2
5,"u1",37,4,1
5,"u1",42,3,0
5,"u1",47,7,1
5,"u1",52,5,5
5,"u2",7,4,0
5,"u2",12,10,0
5,"u2",17,27,0
5,"u2",22,23,0
5,"u2",27,16,2
5,"u2",32,19,0
5,"u2",37,36,6
5,"u2",42,31,0
5,"u2",47,45,0
5,"u2",52,9,3
5,"u3",7,2,0
5,"u3",12,2,0
5,"u3",17,13,0
5,"u3",22,12,0
5,"u3",27,32,1
5,"u3",32,19,8
5,"u3",37,11,0
5,"u3",42,13,2
5,"u3",47,36,0
5,"u3",52,30,12
5,"u4",7,4,0
5,"u4",12,32,1
5,"u4",17,69,4
5,"u4",22,8,23
5,"u4",27,6,2
5,"u4",32,1,0
5,"u4",37,0,1
5,"u4",42,1,0
5,"u4",47,0,0
5,"u4",52,1,0
5,"u5",7,3,0
5,"u5",12,13,0
5,"u5",17,27,2
5,"u5",22,57,3
5,"u5",27,40,10
5,"u5",32,40,1
5,"u5",37,38,5
5,"u5",42,21,13
5,"u5",47,20,0
5,"u5",52,3,3
5,"u6",7,1,0
5,"u6",12,4,0
5,"u6",17,12,0
5,"u6",22,11,0
5,"u6",27,13,0
5,"u6",32,13,0
5,"u6",37,32,5
5,"u6",42,18,0
5,"u6",47,21,12
5,"u6",52,10,1
5,"u7",7,8,0
5,"u7",12,22,0
5,"u7",17,46,2
5,"u7",22,15,0
5,"u7",27,15,6
5,"u7",32,7,2
5,"u7",37,9,0
5,"u7",42,0,0
5,"u7",47,2,0
5,"u7",52,9,0
5,"u8",7,9,0
5,"u8",12,15,2
5,"u8",17,59,1
5,"u8",22,25,1
5,"u8",27,6,0
5,"u8",32,13,2
5,"u8",37,25,14
5,"u8",42,36,4
5,"u8",47,31,5
5,"u8",52,15,36
5,"u9",7,2,0
5,"u9",12,1,1
5,"u9",17,2,0
5,"u9",22,11,0
5,"u9",27,16,0
5,"u9",32,25,0
5,"u9",37,20,5
5,"u9",42,6,0
5,"u9",47,0,0
5,"u9",52,0,0
6,"u1",7,4,0
6,"u1",12,13,0
6,"u1",17,48,1
6,"u1",22,35,3
6,"u1",27,10,3
6,"u1",32,3,1
6,"u1",37,2,0
6,"u1",42,0,0
6,"u1",47,0,0
6,"u1",52,0,0
6,"u2",7,4,1
6,"u2",12,5,0
6,"u2",17,13,0
6,"u2",22,22,2
6,"u2",27,11,1
6,"u2",32,5,4
6,"u2",37,1,0
6,"u2",42,6,2
6,"u2",47,1,0
6,"u2",52,0,0
6,"u3",7,4,0
6,"u3",12,5,0
6,"u3",17,27,1
6,"u3",22,23,2
6,"u3",27,38,5
6,"u3",32,67,20
6,"u3",37,21,9
6,"u3",42,9,7
6,"u3",47,9,0
6,"u3",52,15,1
6,"u4",7,6,0
6,"u4",12,7,0
6,"u4",17,10,0
6,"u4",22,17,0
6,"u4",27,8,0
6,"u4",32,11,2
6,"u4",37,6,0
6,"u4",42,2,0
6,"u4",47,0,0
6,"u4",52,0,0
6,"u5",7,3,0
6,"u5",12,8,0
6,"u5",17,19,1
6,"u5",22,25,6
6,"u5",27,15,1
6,"u5",32,16,8
6,"u5",37,9,4
6,"u5",42,11,1
6,"u5",47,10,1
6,"u5",52,1,0
6,"u6",7,2,1
6,"u6",12,2,0
6,"u6",17,19,0
6,"u6",22,62,2
6,"u6",27,54,1
6,"u6",32,53,22
6,"u6",37,17,14
6,"u6",42,3,1
6,"u6",47,1,0
6,"u6",52,0,0
6,"u7",7,0,0
6,"u7",12,5,1
6,"u7",17,17,0
6,"u7",22,25,0
6,"u7",27,5,0
6,"u7",32,9,0
6,"u7",37,8,0
6,"u7",42,16,0
6,"u7",47,11,2
6,"u7",52,2,0
6,"u8",7,8,0
6,"u8",12,16,0
6,"u8",17,24,3
6,"u8",22,28,1
6,"u8",27,46,4
6,"u8",32,11,0
6,"u8",37,1,0
6,"u8",42,0,0
6,"u8",47,0,0
6,"u8",52,0,0
6,"u9",7,2,0
6,"u9",12,3,0
6,"u9",17,9,0
6,"u9",22,16,1
6,"u9",27,31,1
6,"u9",32,29,3
6,"u9",37,28,2
6,"u9",42,7,1
6,"u9",47,13,0
6,"u9",52,12,12
7,"u1",7,1,0
7,"u1",12,1,1
7,"u1",17,3,0
7,"u1",22,8,0
7,"u1",27,4,0
7,"u1",32,9,1
7,"u1",37,6,0
7,"u1",42,2,0
7,"u1",47,0,0
7,"u1",52,2,0
7,"u2",7,4,0
7,"u2",12,4,0
7,"u2",17,7,0
7,"u2",22,24,0
7,"u2",27,19,1
7,"u2",32,8,1
7,"u2",37,13,1
7,"u2",42,14,0
7,"u2",47,8,1
7,"u2",52,11,4
7,"u3",7,0,0
7,"u3",12,2,0
7,"u3",17,2,0
7,"u3",22,20,0
7,"u3",27,13,0
7,"u3",32,7,0
7,"u3",37,25,1
7,"u3",42,12,2
7,"u3",47,14,0
7,"u3",52,14,0
7,"u4",7,1,0
7,"u4",12,3,0
7,"u4",17,12,0
7,"u4",22,12,0
7,"u4",27,4,0
7,"u4",32,7,0
7,"u4",37,6,0
7,"u4",42,4,2
7,"u4",47,10,2
7,"u4",52,6,0
7,"u5",7,3,1
7,"u5",12,17,1
7,"u5",17,26,0
7,"u5",22,44,3
7,"u5",27,65,11
7,"u5",32,34,5
7,"u5",37,2,1
7,"u5",42,1,2
7,"u5",47,0,0
7,"u5",52,0,0
7,"u6",7,2,0
7,"u6",12,7,0
7,"u6",17,8,1
7,"u6",22,14,0
7,"u6",27,30,0
7,"u6",32,34,7
7,"u6",37,32,0
7,"u6",42,4,2
7,"u6",47,8,3
7,"u6",52,0,0
7,"u7",7,2,0
7,"u7",12,6,0
7,"u7",17,18,0
7,"u7",22,29,1
7,"u7",27,42,0
7,"u7",32,8,2
7,"u7",37,6,1
7,"u7",42,4,0
7,"u7",47,2,0
7,"u7",52,1,1
7,"u8",7,2,0
7,"u8",12,5,0
7,"u8",17,14,3
7,"u8",22,7,0
7,"u8",27,16,0
7,"u8",32,11,1
7,"u8",37,21,2
7,"u8",42,9,2
7,"u8",47,8,1
7,"u8",52,5,1
7,"u9",7,3,0
7,"u9",12,4,0
7,"u9",17,10,1
7,"u9",22,24,1
7,"u9",27,25,0
7,"u9",32,20,1
7,"u9",37,15,1
7,"u9",42,4,1
7,"u9",47,5,1
7,"u9",52,9,1
8,"u1",7,2,1
8,"u1",12,8,0
8,"u1",17,7,0
8,"u1",22,22,0
8,"u1",27,12,0
8,"u1",32,26,1
8,"u1",37,45,2
8,"u1",42,23,4
8,"u1",47,9,4
8,"u1",52,10,1
8,"u2",7,0,1
8,"u2",12,2,0
8,"u2",17,20,0
8,"u2",22,23,0
8,"u2",27,7,0
8,"u2",32,4,0
8,"u2",37,8,3
8,"u2",42,3,2
8,"u2",47,3,0
8,"u2",52,0,1
8,"u3",7,0,0
8,"u3",12,4,0
8,"u3",17,26,0
8,"u3",22,42,0
8,"u3",27,28,7
8,"u3",32,41,3
8,"u3",37,30,5
8,"u3",42,65,8
8,"u3",47,29,2
8,"u3",52,18,26
8,"u4",7,3,0
8,"u4",12,7,1
8,"u4",17,23,1
8,"u4",22,19,3
8,"u4",27,27,0
8,"u4",32,39,3
8,"u4",37,11,2
8,"u4",42,3,3
8,"u4",47,1,0
8,"u4",52,0,0
8,"u5",7,5,0
8,"u5",12,16,0
8,"u5",17,29,0
8,"u5",22,30,2
8,"u5",27,18,2
8,"u5",32,8,4
8,"u5",37,5,2
8,"u5",42,2,0
8,"u5",47,2,0
8,"u5",52,5,0
8,"u6",7,6,0
8,"u6",12,24,0
8,"u6",17,36,5
8,"u6",22,26,1
8,"u6",27,18,2
8,"u6",32,7,3
8,"u6",37,7,3
8,"u6",42,1,0
8,"u6",47,0,0
8,"u6",52,0,0
8,"u7",7,3,0
8,"u7",12,3,0
8,"u7",17,6,0
8,"u7",22,13,2
8,"u7",27,8,0
8,"u7",32,3,1
8,"u7",37,8,0
8,"u7",42,7,1
8,"u7",47,1,0
8,"u7",52,4,1
8,"u8",7,1,0
8,"u8",12,1,0
8,"u8",17,3,0
8,"u8",22,7,0
8,"u8",27,18,1
8,"u8",32,20,2
8,"u8",37,12,2
8,"u8",42,12,1
8,"u8",47,7,0
8,"u8",52,2,0
8,"u9",7,3,0
8,"u9",12,8,2
8,"u9",17,6,1
8,"u9",22,6,1
8,"u9",27,24,1
8,"u9",32,31,1
8,"u9",37,7,0
8,"u9",42,5,0
8,"u9",47,5,3
8,"u9",52,1,1
9,"u1",7,1,0
9,"u1",12,2,0
9,"u1",17,6,0
9,"u1",22,14,0
9,"u1",27,49,4
9,"u1",32,21,1
9,"u1",37,9,1
9,"u1",42,1,2
9,"u1",47,1,1
9,"u1",52,1,3
9,"u2",7,1,0
9,"u2",12,9,0
9,"u2",17,22,3
9,"u2",22,12,1
9,"u2",27,13,1
9,"u2",32,26,4
9,"u2",37,26,0
9,"u2",42,25,14
9,"u2",47,34,0
9,"u2",52,6,5
9,"u3",7,2,0
9,"u3",12,9,0
9,"u3",17,21,1
9,"u3",22,19,5
9,"u3",27,11,2
9,"u3",32,15,1
9,"u3",37,22,3
9,"u3",42,4,0
9,"u3",47,1,1
9,"u3",52,0,0
9,"u4",7,5,0
9,"u4",12,12,0
9,"u4",17,15,0
9,"u4",22,27,0
9,"u4",27,33,3
9,"u4",32,8,0
9,"u4",37,8,2
9,"u4",42,4,3
9,"u4",47,5,1
9,"u4",52,3,0
9,"u5",7,10,0
9,"u5",12,16,1
9,"u5",17,43,2
9,"u5",22,32,3
9,"u5",27,19,0
9,"u5",32,9,3
9,"u5",37,6,2
9,"u5",42,2,0
9,"u5",47,4,0
9,"u5",52,4,0
9,"u6",7,5,1
9,"u6",12,19,2
9,"u6",17,25,0
9,"u6",22,27,5
9,"u6",27,24,12
9,"u6",32,10,1
9,"u6",37,12,7
9,"u6",42,35,6
9,"u6",47,56,2
9,"u6",52,105,5
9,"u7",7,8,0
9,"u7",12,13,0
9,"u7",17,14,1
9,"u7",22,3,0
9,"u7",27,3,1
9,"u7",32,1,0
9,"u7",37,7,0
9,"u7",42,5,0
9,"u7",47,3,0
9,"u7",52,3,0
9,"u8",7,4,0
9,"u8",12,4,0
9,"u8",17,12,0
9,"u8",22,4,1
9,"u8",27,16,0
9,"u8",32,124,10
9,"u8",37,87,2
9,"u8",42,45,0
9,"u8",47,52,22
9,"u8",52,9,0
9,"u9",7,0,0
9,"u9",12,1,0
9,"u9",17,6,0
9,"u9",22,21,1
9,"u9",27,14,0
9,"u9",32,7,0
9,"u9",37,11,7
9,"u9",42,13,0
9,"u9",47,10,0
9,"u9",52,20,5
10,"u1",7,6,0
10,"u1",12,2,0
10,"u1",17,21,0
10,"u1",22,40,1
10,"u1",27,21,1
10,"u1",32,6,0
10,"u1",37,1,0
10,"u1",42,0,0
10,"u1",47,0,0
10,"u1",52,0,0
10,"u2",7,4,0
10,"u2",12,11,0
10,"u2",17,6,0
10,"u2",22,8,0
10,"u2",27,8,1
10,"u2",32,8,1
10,"u2",37,7,0
10,"u2",42,8,0
10,"u2",47,9,2
10,"u2",52,1,1
10,"u3",7,2,0
10,"u3",12,9,0
10,"u3",17,12,0
10,"u3",22,34,1
10,"u3",27,56,15
10,"u3",32,61,12
10,"u3",37,73,22
10,"u3",42,138,0
10,"u3",47,60,2
10,"u3",52,16,7
10,"u4",7,3,0
10,"u4",12,9,0
10,"u4",17,6,1
10,"u4",22,14,5
10,"u4",27,11,0
10,"u4",32,6,1
10,"u4",37,6,1
10,"u4",42,7,0
10,"u4",47,7,2
10,"u4",52,2,0
10,"u5",7,2,0
10,"u5",12,5,0
10,"u5",17,5,1
10,"u5",22,6,0
10,"u5",27,25,0
10,"u5",32,21,1
10,"u5",37,12,0
10,"u5",42,10,5
10,"u5",47,5,6
10,"u5",52,7,6
10,"u6",7,7,0
10,"u6",12,25,0
10,"u6",17,8,1
10,"u6",22,7,1
10,"u6",27,15,0
10,"u6",32,27,3
10,"u6",37,13,1
10,"u6",42,10,0
10,"u6",47,6,0
10,"u6",52,13,0
10,"u7",7,9,0
10,"u7",12,12,0
10,"u7",17,14,1
10,"u7",22,26,0
10,"u7",27,17,2
10,"u7",32,9,0
10,"u7",37,4,5
10,"u7",42,1,1
10,"u7",47,0,0
10,"u7",52,2,1
10,"u8",7,7,0
10,"u8",12,77,0
10,"u8",17,47,6
10,"u8",22,9,3
10,"u8",27,9,0
10,"u8",32,5,1
10,"u8",37,0,0
10,"u8",42,1,0
10,"u8",47,1,0
10,"u8",52,2,0
10,"u9",7,2,0
10,"u9",12,1,0
10,"u9",17,15,1
10,"u9",22,15,1
10,"u9",27,13,2
10,"u9",32,25,1
10,"u9",37,16,0
10,"u9",42,15,7
10,"u9",47,17,3
10,"u9",52,3,2
11,"u1",7,0,0
11,"u1",12,7,0
11,"u1",17,15,1
11,"u1",22,19,0
11,"u1",27,11,0
11,"u1",32,3,0
11,"u1",37,5,0
11,"u1",42,8,0
11,"u1",47,12,1
11,"u1",52,11,3
11,"u2",7,1,0
11,"u2",12,23,0
11,"u2",17,23,0
11,"u2",22,27,0
11,"u2",27,20,0
11,"u2",32,5,0
11,"u2",37,3,1
11,"u2",42,2,0
11,"u2",47,8,0
11,"u2",52,10,0
11,"u3",7,4,0
11,"u3",12,8,0
11,"u3",17,20,0
11,"u3",22,7,0
11,"u3",27,4,0
11,"u3",32,3,0
11,"u3",37,4,0
11,"u3",42,6,0
11,"u3",47,4,1
11,"u3",52,1,0
11,"u4",7,3,0
11,"u4",12,10,0
11,"u4",17,13,0
11,"u4",22,25,0
11,"u4",27,19,4
11,"u4",32,17,0
11,"u4",37,6,1
11,"u4",42,4,1
11,"u4",47,1,2
11,"u4",52,1,0
11,"u5",7,1,0
11,"u5",12,6,0
11,"u5",17,12,1
11,"u5",22,36,1
11,"u5",27,51,0
11,"u5",32,32,1
11,"u5",37,67,2
11,"u5",42,78,8
11,"u5",47,10,3
11,"u5",52,18,2
11,"u6",7,6,0
11,"u6",12,6,1
11,"u6",17,13,0
11,"u6",22,18,2
11,"u6",27,12,1
11,"u6",32,15,2
11,"u6",37,5,1
11,"u6",42,2,0
11,"u6",47,4,1
11,"u6",52,3,1
11,"u7",7,1,0
11,"u7",12,10,0
11,"u7",17,31,1
11,"u7",22,46,2
11,"u7",27,23,23
11,"u7",32,8,2
11,"u7",37,23,0
11,"u7",42,33,1
11,"u7",47,4,0
11,"u7",52,3,3
11,"u8",7,1,0
11,"u8",12,1,0
11,"u8",17,6,1
11,"u8",22,16,0
11,"u8",27,14,5
11,"u8",32,3,0
11,"u8",37,25,1
11,"u8",42,23,5
11,"u8",47,10,13
11,"u8",52,52,9
11,"u9",7,2,0
11,"u9",12,17,0
11,"u9",17,11,0
11,"u9",22,12,0
11,"u9",27,38,14
11,"u9",32,42,5
11,"u9",37,8,4
11,"u9",42,4,0
11,"u9",47,1,1
11,"u9",52,0,0
12,"u1",7,1,0
12,"u1",12,1,0
12,"u1",17,4,1
12,"u1",22,38,2
12,"u1",27,39,2
12,"u1",32,40,1
12,"u1",37,23,0
12,"u1",42,9,5
12,"u1",47,5,2
12,"u1",52,2,0
12,"u2",7,2,0
12,"u2",12,10,1
12,"u2",17,15,0
12,"u2",22,36,0
12,"u2",27,43,6
12,"u2",32,57,5
12,"u2",37,26,4
12,"u2",42,13,0
12,"u2",47,7,2
12,"u2",52,1,0
12,"u3",7,4,0
12,"u3",12,3,0
12,"u3",17,4,0
12,"u3",22,12,0
12,"u3",27,40,2
12,"u3",32,26,2
12,"u3",37,12,3
12,"u3",42,8,1
12,"u3",47,2,0
12,"u3",52,5,0
12,"u4",7,1,0
12,"u4",12,2,0
12,"u4",17,15,2
12,"u4",22,23,0
12,"u4",27,28,2
12,"u4",32,17,6
12,"u4",37,7,0
12,"u4",42,2,0
12,"u4",47,1,1
12,"u4",52,1,1
12,"u5",7,5,0
12,"u5",12,8,0
12,"u5",17,10,0
12,"u5",22,11,2
12,"u5",27,20,3
12,"u5",32,22,12
12,"u5",37,11,0
12,"u5",42,9,24
12,"u5",47,5,4
12,"u5",52,5,5
12,"u6",7,3,0
12,"u6",12,1,0
12,"u6",17,10,1
12,"u6",22,11,0
12,"u6",27,15,0
12,"u6",32,14,1
12,"u6",37,27,7
12,"u6",42,17,0
12,"u6",47,33,3
12,"u6",52,15,9
12,"u7",7,4,0
12,"u7",12,2,0
12,"u7",17,21,0
12,"u7",22,31,1
12,"u7",27,40,0
12,"u7",32,38,4
12,"u7",37,26,3
12,"u7",42,4,1
12,"u7",47,1,3
12,"u7",52,1,1
12,"u8",7,4,1
12,"u8",12,10,0
12,"u8",17,11,0
12,"u8",22,4,3
12,"u8",27,17,1
12,"u8",32,15,1
12,"u8",37,19,6
12,"u8",42,11,4
12,"u8",47,14,1
12,"u8",52,17,14
12,"u9",7,2,0
12,"u9",12,13,0
12,"u9",17,21,3
12,"u9",22,21,4
12,"u9",27,7,0
12,"u9",32,5,2
12,"u9",37,4,1
12,"u9",42,2,0
12,"u9",47,5,0
12,"u9",52,7,0
13,"u1",7,7,1
13,"u1",12,19,0
13,"u1",17,61,0
13,"u1",22,105,12
13,"u1",27,42,9
13,"u1",32,18,9
13,"u1",37,2,12
13,"u1",42,2,9
13,"u1",47,0,0
13,"u1",52,1,0
13,"u2",7,7,0
13,"u2",12,9,0
13,"u2",17,18,3
13,"u2",22,21,5
13,"u2",27,13,3
13,"u2",32,3,0
13,"u2",37,0,4
13,"u2",42,0,0
13,"u2",47,0,0
13,"u2",52,0,0
13,"u3",7,4,0
13,"u3",12,8,0
13,"u3",17,30,0
13,"u3",22,55,0
13,"u3",27,56,0
13,"u3",32,18,42
13,"u3",37,5,15
13,"u3",42,5,1
13,"u3",47,3,1
13,"u3",52,1,0
13,"u4",7,2,0
13,"u4",12,10,0
13,"u4",17,4,0
13,"u4",22,16,1
13,"u4",27,14,0
13,"u4",32,25,1
13,"u4",37,26,3
13,"u4",42,17,2
13,"u4",47,2,0
13,"u4",52,5,9
13,"u5",7,1,0
13,"u5",12,30,0
13,"u5",17,21,0
13,"u5",22,39,1
13,"u5",27,14,14
13,"u5",32,2,0
13,"u5",37,6,2
13,"u5",42,1,0
13,"u5",47,1,0
13,"u5",52,1,0
13,"u6",7,2,0
13,"u6",12,7,0
13,"u6",17,7,0
13,"u6",22,23,0
13,"u6",27,54,1
13,"u6",32,30,7
13,"u6",37,36,2
13,"u6",42,23,4
13,"u6",47,26,2
13,"u6",52,18,1
13,"u7",7,10,0
13,"u7",12,13,0
13,"u7",17,21,0
13,"u7",22,34,3
13,"u7",27,13,0
13,"u7",32,7,4
13,"u7",37,0,0
13,"u7",42,2,1
13,"u7",47,0,0
13,"u7",52,1,0
13,"u8",7,8,0
13,"u8",12,16,0
13,"u8",17,9,1
13,"u8",22,11,0
13,"u8",27,16,0
13,"u8",32,6,0
13,"u8",37,4,3
13,"u8",42,5,1
13,"u8",47,0,3
13,"u8",52,2,0
13,"u9",7,4,0
13,"u9",12,4,0
13,"u9",17,8,0
13,"u9",22,0,0
13,"u9",27,6,0
13,"u9",32,9,0
13,"u9",37,6,0
13,"u9",42,7,0
13,"u9",47,4,0
13,"u9",52,12,0
14,"u1",7,5,0
14,"u1",12,3,0
14,"u1",17,17,0
14,"u1",22,25,1
14,"u1",27,21,2
14,"u1",32,17,0
14,"u1",37,8,2
14,"u1",42,5,0
14,"u1",47,1,2
14,"u1",52,3,1
14,"u2",7,3,0
14,"u2",12,2,1
14,"u2",17,13,0
14,"u2",22,24,0
14,"u2",27,48,3
14,"u2",32,18,1
14,"u2",37,3,0
14,"u2",42,6,0
14,"u2",47,1,1
14,"u2",52,1,0
14,"u3",7,9,0
14,"u3",12,12,0
14,"u3",17,5,0
14,"u3",22,37,0
14,"u3",27,27,2
14,"u3",32,12,13
14,"u3",37,3,0
14,"u3",42,0,0
14,"u3",47,1,0
14,"u3",52,1,0
14,"u4",7,0,0
14,"u4",12,13,0
14,"u4",17,35,0
14,"u4",22,24,1
14,"u4",27,15,0
14,"u4",32,8,2
14,"u4",37,5,0
14,"u4",42,7,0
14,"u4",47,1,0
14,"u4",52,1,2
14,"u5",7,2,0
14,"u5",12,11,0
14,"u5",17,10,0
14,"u5",22,12,0
14,"u5",27,12,1
14,"u5",32,40,2
14,"u5",37,7,2
14,"u5",42,5,0
14,"u5",47,6,0
14,"u5",52,7,1
14,"u6",7,7,0
14,"u6",12,23,0
14,"u6",17,29,2
14,"u6",22,35,2
14,"u6",27,15,0
14,"u6",32,21,1
14,"u6",37,9,2
14,"u6",42,3,1
14,"u6",47,7,2
14,"u6",52,10,0
14,"u7",7,1,0
14,"u7",12,0,0
14,"u7",17,18,0
14,"u7",22,6,0
14,"u7",27,6,1
14,"u7",32,19,0
14,"u7",37,13,2
14,"u7",42,28,2
14,"u7",47,55,9
14,"u7",52,37,0
14,"u8",7,1,0
14,"u8",12,4,0
14,"u8",17,3,0
14,"u8",22,6,0
14,"u8",27,13,0
14,"u8",32,27,0
14,"u8",37,37,1
14,"u8",42,16,1
14,"u8",47,15,1
14,"u8",52,7,6
14,"u9",7,1,0
14,"u9",12,19,0
14,"u9",17,25,6
14,"u9",22,23,0
14,"u9",27,29,0
14,"u9",32,11,0
14,"u9",37,1,5
14,"u9",42,1,0
14,"u9",47,3,0
14,"u9",52,0,0
15,"u1",7,8,0
15,"u1",12,4,0
15,"u1",17,9,0
15,"u1",22,11,1
15,"u1",27,11,1
15,"u1",32,23,0
15,"u1",37,43,0
15,"u1",42,27,0
15,"u1",47,16,3
15,"u1",52,3,0
15,"u2",7,3,0
15,"u2",12,2,0
15,"u2",17,11,0
15,"u2",22,50,3
15,"u2",27,40,2
15,"u2",32,30,5
15,"u2",37,21,10
15,"u2",42,8,0
15,"u2",47,1,3
15,"u2",52,0,0
15,"u3",7,5,0
15,"u3",12,17,1
15,"u3",17,23,8
15,"u3",22,5,0
15,"u3",27,1,0
15,"u3",32,2,0
15,"u3",37,6,0
15,"u3",42,6,4
15,"u3",47,8,0
15,"u3",52,16,15
15,"u4",7,2,0
15,"u4",12,3,0
15,"u4",17,14,0
15,"u4",22,24,0
15,"u4",27,16,2
15,"u4",32,7,0
15,"u4",37,2,0
15,"u4",42,7,0
15,"u4",47,3,0
15,"u4",52,4,3
15,"u5",7,6,0
15,"u5",12,8,1
15,"u5",17,17,1
15,"u5",22,33,2
15,"u5",27,27,5
15,"u5",32,31,2
15,"u5",37,11,4
15,"u5",42,4,2
15,"u5",47,1,2
15,"u5",52,0,0
15,"u6",7,5,1
15,"u6",12,1,0
15,"u6",17,4,1
15,"u6",22,10,0
15,"u6",27,15,1
15,"u6",32,29,0
15,"u6",37,13,2
15,"u6",42,30,3
15,"u6",47,23,1
15,"u6",52,7,2
15,"u7",7,4,0
15,"u7",12,13,0
15,"u7",17,12,1
15,"u7",22,30,1
15,"u7",27,20,0
15,"u7",32,5,2
15,"u7",37,4,0
15,"u7",42,1,1
15,"u7",47,0,0
15,"u7",52,2,0
15,"u8",7,2,0
15,"u8",12,8,0
15,"u8",17,19,0
15,"u8",22,59,0
15,"u8",27,51,12
15,"u8",32,74,2
15,"u8",37,24,11
15,"u8",42,13,4
15,"u8",47,7,17
15,"u8",52,1,2
15,"u9",7,1,0
15,"u9",12,3,0
15,"u9",17,13,0
15,"u9",22,16,0
15,"u9",27,58,0
15,"u9",32,197,4
15,"u9",37,120,18
15,"u9",42,68,3
15,"u9",47,46,12
15,"u9",52,29,8
16,"u1",7,4,0
16,"u1",12,4,0
16,"u1",17,10,0
16,"u1",22,19,0
16,"u1",27,46,1
16,"u1",32,45,2
16,"u1",37,29,2
16,"u1",42,16,14
16,"u1",47,6,0
16,"u1",52,3,0
16,"u2",7,6,0
16,"u2",12,22,0
16,"u2",17,22,1
16,"u2",22,30,5
16,"u2",27,15,1
16,"u2",32,5,3
16,"u2",37,4,0
16,"u2",42,0,1
16,"u2",47,2,0
16,"u2",52,1,1
16,"u3",7,1,0
16,"u3",12,9,0
16,"u3",17,14,0
16,"u3",22,36,1
16,"u3",27,83,10
16,"u3",32,25,6
16,"u3",37,19,1
16,"u3",42,3,1
16,"u3",47,0,1
16,"u3",52,2,0
16,"u4",7,2,0
16,"u4",12,9,1
16,"u4",17,6,1
16,"u4",22,11,3
16,"u4",27,5,1
16,"u4",32,20,0
16,"u4",37,14,2
16,"u4",42,11,3
16,"u4",47,4,1
16,"u4",52,4,1
16,"u5",7,3,0
16,"u5",12,3,0
16,"u5",17,5,0
16,"u5",22,14,0
16,"u5",27,14,4
16,"u5",32,24,0
16,"u5",37,44,3
16,"u5",42,30,12
16,"u5",47,35,0
16,"u5",52,60,44
16,"u6",7,2,0
16,"u6",12,23,1
16,"u6",17,14,1
16,"u6",22,9,0
16,"u6",27,21,0
16,"u6",32,7,2
16,"u6",37,2,0
16,"u6",42,1,1
16,"u6",47,1,0
16,"u6",52,2,0
16,"u7",7,3,0
16,"u7",12,3,1
16,"u7",17,4,0
16,"u7",22,4,0
16,"u7",27,18,0
16,"u7",32,17,0
16,"u7",37,56,2
16,"u7",42,14,2
16,"u7",47,3,1
16,"u7",52,0,2
16,"u8",7,4,0
16,"u8",12,14,0
16,"u8",17,24,1
16,"u8",22,14,3
16,"u8",27,20,0
16,"u8",32,3,3
16,"u8",37,3,0
16,"u8",42,2,0
16,"u8",47,3,2
16,"u8",52,4,0
16,"u9",7,2,0
16,"u9",12,6,0
16,"u9",17,7,0
16,"u9",22,24,1
16,"u9",27,77,0
16,"u9",32,86,0
16,"u9",37,61,12
16,"u9",42,40,7
16,"u9",47,23,19
16,"u9",52,12,1
17,"u1",7,3,0
17,"u1",12,17,1
17,"u1",17,33,0
17,"u1",22,22,0
17,"u1",27,19,1
17,"u1",32,17,1
17,"u1",37,23,3
17,"u1",42,35,0
17,"u1",47,56,1
17,"u1",52,28,22
17,"u2",7,0,0
17,"u2",12,6,0
17,"u2",17,18,1
17,"u2",22,12,0
17,"u2",27,24,0
17,"u2",32,19,8
17,"u2",37,17,1
17,"u2",42,17,0
17,"u2",47,10,0
17,"u2",52,6,0
17,"u3",7,10,0
17,"u3",12,15,0
17,"u3",17,32,0
17,"u3",22,11,1
17,"u3",27,6,0
17,"u3",32,4,0
17,"u3",37,3,4
17,"u3",42,5,0
17,"u3",47,5,0
17,"u3",52,8,0
17,"u4",7,4,0
17,"u4",12,32,1
17,"u4",17,120,2
17,"u4",22,30,1
17,"u4",27,22,3
17,"u4",32,15,1
17,"u4",37,4,1
17,"u4",42,8,4
17,"u4",47,5,2
17,"u4",52,2,0
17,"u5",7,1,0
17,"u5",12,23,0
17,"u5",17,31,0
17,"u5",22,25,2
17,"u5",27,18,1
17,"u5",32,28,6
17,"u5",37,12,3
17,"u5",42,5,2
17,"u5",47,0,2
17,"u5",52,1,0
17,"u6",7,1,0
17,"u6",12,0,0
17,"u6",17,1,0
17,"u6",22,13,0
17,"u6",27,19,0
17,"u6",32,15,0
17,"u6",37,14,0
17,"u6",42,9,3
17,"u6",47,9,0
17,"u6",52,4,4
17,"u7",7,2,0
17,"u7",12,7,0
17,"u7",17,15,0
17,"u7",22,50,0
17,"u7",27,102,2
17,"u7",32,52,50
17,"u7",37,31,0
17,"u7",42,22,0
17,"u7",47,10,0
17,"u7",52,7,3
17,"u8",7,1,0
17,"u8",12,2,0
17,"u8",17,5,2
17,"u8",22,10,0
17,"u8",27,9,0
17,"u8",32,23,4
17,"u8",37,26,1
17,"u8",42,25,0
17,"u8",47,3,2
17,"u8",52,3,1
17,"u9",7,8,0
17,"u9",12,8,0
17,"u9",17,14,0
17,"u9",22,15,0
17,"u9",27,38,1
17,"u9",32,26,3
17,"u9",37,51,4
17,"u9",42,13,7
17,"u9",47,8,6
17,"u9",52,2,0
18,"u1",7,4,0
18,"u1",12,5,0
18,"u1",17,14,3
18,"u1",22,31,0
18,"u1",27,33,2
18,"u1",32,20,8
18,"u1",37,10,2
18,"u1",42,9,6
18,"u1",47,1,5
18,"u1",52,0,0
18,"u2",7,3,0
18,"u2",12,5,0
18,"u2",17,6,0
18,"u2",22,13,0
18,"u2",27,13,0
18,"u2",32,8,1
18,"u2",37,0,0
18,"u2",42,1,0
18,"u2",47,1,0
18,"u2",52,3,0
18,"u3",7,2,0
18,"u3",12,0,0
18,"u3",17,8,0
18,"u3",22,32,0
18,"u3",27,26,1
18,"u3",32,23,2
18,"u3",37,64,1
18,"u3",42,21,8
18,"u3",47,2,3
18,"u3",52,0,4
18,"u4",7,6,0
18,"u4",12,11,0
18,"u4",17,19,0
18,"u4",22,14,5
18,"u4",27,1,0
18,"u4",32,2,2
18,"u4",37,1,0
18,"u4",42,0,2
18,"u4",47,0,0
18,"u4",52,0,0
18,"u5",7,1,0
18,"u5",12,8,0
18,"u5",17,9,0
18,"u5",22,29,0
18,"u5",27,40,2
18,"u5",32,15,1
18,"u5",37,6,1
18,"u5",42,9,0
18,"u5",47,5,1
18,"u5",52,1,0
18,"u6",7,1,0
18,"u6",12,7,0
18,"u6",17,18,0
18,"u6",22,8,1
18,"u6",27,22,0
18,"u6",32,22,0
18,"u6",37,68,8
18,"u6",42,34,3
18,"u6",47,33,1
18,"u6",52,49,38
18,"u7",7,7,0
18,"u7",12,9,0
18,"u7",17,16,1
18,"u7",22,5,2
18,"u7",27,8,2
18,"u7",32,15,0
18,"u7",37,17,0
18,"u7",42,3,1
18,"u7",47,3,0
18,"u7",52,5,2
18,"u8",7,5,0
18,"u8",12,3,0
18,"u8",17,12,0
18,"u8",22,10,1
18,"u8",27,9,0
18,"u8",32,10,1
18,"u8",37,26,0
18,"u8",42,15,2
18,"u8",47,25,1
18,"u8",52,6,10
18,"u9",7,2,0
18,"u9",12,3,0
18,"u9",17,10,0
18,"u9",22,22,1
18,"u9",27,50,0
18,"u9",32,29,2
18,"u9",37,10,2
18,"u9",42,11,3
18,"u9",47,4,0
18,"u9",52,2,1
19,"u1",7,9,0
19,"u1",12,8,0
19,"u1",17,5,0
19,"u1",22,18,1
19,"u1",27,11,0
19,"u1",32,4,0
19,"u1",37,1,0
19,"u1",42,1,0
19,"u1",47,3,0
19,"u1",52,1,0
19,"u2",7,1,0
19,"u2",12,11,0
19,"u2",17,36,0
19,"u2",22,51,5
19,"u2",27,56,19
19,"u2",32,12,3
19,"u2",37,3,1
19,"u2",42,2,1
19,"u2",47,0,0
19,"u2",52,1,0
19,"u3",7,0,0
19,"u3",12,12,0
19,"u3",17,39,0
19,"u3",22,44,1
19,"u3",27,5,2
19,"u3",32,1,0
19,"u3",37,1,0
19,"u3",42,0,0
19,"u3",47,0,0
19,"u3",52,2,0
19,"u4",7,2,0
19,"u4",12,4,0
19,"u4",17,8,0
19,"u4",22,13,3
19,"u4",27,27,2
19,"u4",32,6,0
19,"u4",37,5,3
19,"u4",42,2,0
19,"u4",47,1,0
19,"u4",52,0,0
19,"u5",7,0,0
19,"u5",12,4,0
19,"u5",17,8,0
19,"u5",22,17,0
19,"u5",27,28,0
19,"u5",32,22,1
19,"u5",37,9,1
19,"u5",42,4,0
19,"u5",47,11,5
19,"u5",52,12,1
19,"u6",7,3,0
19,"u6",12,7,0
19,"u6",17,12,0
19,"u6",22,23,1
19,"u6",27,21,0
19,"u6",32,19,0
19,"u6",37,7,1
19,"u6",42,7,0
19,"u6",47,4,1
19,"u6",52,0,2
19,"u7",7,0,0
19,"u7",12,13,0
19,"u7",17,11,1
19,"u7",22,16,1
19,"u7",27,13,0
19,"u7",32,17,0
19,"u7",37,19,4
19,"u7",42,11,3
19,"u7",47,7,0
19,"u7",52,7,0
19,"u8",7,0,0
19,"u8",12,2,1
19,"u8",17,4,0
19,"u8",22,15,0
19,"u8",27,19,0
19,"u8",32,23,0
19,"u8",37,18,0
19,"u8",42,8,5
19,"u8",47,4,2
19,"u8",52,6,0
19,"u9",7,3,0
19,"u9",12,9,0
19,"u9",17,10,2
19,"u9",22,36,6
19,"u9",27,43,2
19,"u9",32,53,1
19,"u9",37,28,2
19,"u9",42,10,1
19,"u9",47,9,1
19,"u9",52,0,2
20,"u1",7,2,0
20,"u1",12,4,0
20,"u1",17,5,1
20,"u1",22,8,0
20,"u1",27,12,0
20,"u1",32,8,0
20,"u1",37,3,0
20,"u1",42,7,0
20,"u1",47,8,0
20,"u1",52,2,1
20,"u2",7,5,0
20,"u2",12,11,0
20,"u2",17,13,0
20,"u2",22,10,0
20,"u2",27,13,0
20,"u2",32,9,0
20,"u2",37,5,0
20,"u2",42,3,3
20,"u2",47,4,0
20,"u2",52,2,4
20,"u3",7,3,0
20,"u3",12,12,0
20,"u3",17,18,3
20,"u3",22,27,0
20,"u3",27,26,0
20,"u3",32,14,8
20,"u3",37,1,1
20,"u3",42,1,0
20,"u3",47,1,2
20,"u3",52,2,1
20,"u4",7,0,0
20,"u4",12,6,0
20,"u4",17,12,0
20,"u4",22,16,0
20,"u4",27,16,0
20,"u4",32,5,3
20,"u4",37,6,0
20,"u4",42,9,0
20,"u4",47,15,0
20,"u4",52,9,2
20,"u5",7,5,0
20,"u5",12,2,0
20,"u5",17,25,0
20,"u5",22,45,1
20,"u5",27,97,41
20,"u5",32,48,33
20,"u5",37,22,0
20,"u5",42,4,6
20,"u5",47,0,1
20,"u5",52,0,2
20,"u6",7,4,0
20,"u6",12,1,0
20,"u6",17,5,1
20,"u6",22,13,0
20,"u6",27,29,1
20,"u6",32,25,1
20,"u6",37,7,1
20,"u6",42,5,0
20,"u6",47,6,0
20,"u6",52,10,1
20,"u7",7,3,0
20,"u7",12,7,0
20,"u7",17,29,1
20,"u7",22,27,5
20,"u7",27,21,0
20,"u7",32,25,10
20,"u7",37,15,7
20,"u7",42,20,2
20,"u7",47,10,3
20,"u7",52,6,4
20,"u8",7,3,0
20,"u8",12,5,0
20,"u8",17,16,0
20,"u8",22,20,1
20,"u8",27,21,2
20,"u8",32,49,8
20,"u8",37,32,2
20,"u8",42,51,18
20,"u8",47,11,3
20,"u8",52,8,2
20,"u9",7,3,0
20,"u9",12,16,0
20,"u9",17,12,0
20,"u9",22,15,1
20,"u9",27,19,0
20,"u9",32,30,9
20,"u9",37,21,0
20,"u9",42,5,4
20,"u9",47,2,1
20,"u9",52,1,0
21,"u1",7,2,0
21,"u1",12,12,0
21,"u1",17,13,0
21,"u1",22,19,0
21,"u1",27,14,0
21,"u1",32,11,1
21,"u1",37,18,2
21,"u1",42,2,0
21,"u1",47,2,2
21,"u1",52,2,0
21,"u2",7,1,0
21,"u2",12,1,0
21,"u2",17,11,2
21,"u2",22,13,0
21,"u2",27,10,2
21,"u2",32,10,1
21,"u2",37,10,3
21,"u2",42,5,0
21,"u2",47,4,1
21,"u2",52,1,0
21,"u3",7,7,0
21,"u3",12,12,1
21,"u3",17,10,0
21,"u3",22,11,1
21,"u3",27,24,0
21,"u3",32,38,1
21,"u3",37,12,1
21,"u3",42,6,1
21,"u3",47,1,1
21,"u3",52,2,2
21,"u4",7,6,0
21,"u4",12,25,1
21,"u4",17,49,4
21,"u4",22,37,5
21,"u4",27,6,1
21,"u4",32,2,0
21,"u4",37,0,0
21,"u4",42,0,0
21,"u4",47,0,0
21,"u4",52,0,0
21,"u5",7,0,0
21,"u5",12,8,0
21,"u5",17,13,0
21,"u5",22,42,0
21,"u5",27,35,0
21,"u5",32,19,1
21,"u5",37,25,9
21,"u5",42,29,2
21,"u5",47,31,3
21,"u5",52,24,3
21,"u6",7,1,0
21,"u6",12,5,0
21,"u6",17,25,0
21,"u6",22,45,0
21,"u6",27,88,8
21,"u6",32,33,5
21,"u6",37,27,17
21,"u6",42,9,0
21,"u6",47,8,2
21,"u6",52,0,1
21,"u7",7,5,0
21,"u7",12,1,0
21,"u7",17,12,0
21,"u7",22,27,1
21,"u7",27,16,4
21,"u7",32,14,0
21,"u7",37,11,0
21,"u7",42,2,0
21,"u7",47,1,2
21,"u7",52,1,0
21,"u8",7,1,0
21,"u8",12,18,0
21,"u8",17,26,1
21,"u8",22,26,1
21,"u8",27,13,3
21,"u8",32,6,1
21,"u8",37,2,0
21,"u8",42,6,0
21,"u8",47,6,1
21,"u8",52,4,0
21,"u9",7,10,0
21,"u9",12,18,1
21,"u9",17,34,0
21,"u9",22,46,0
21,"u9",27,10,1
21,"u9",32,10,0
21,"u9",37,6,0
21,"u9",42,9,1
21,"u9",47,10,0
21,"u9",52,5,1
22,"u1",7,2,0
22,"u1",12,2,0
22,"u1",17,14,0
22,"u1",22,7,0
22,"u1",27,11,0
22,"u1",32,5,0
22,"u1",37,19,0
22,"u1",42,42,5
22,"u1",47,48,0
22,"u1",52,35,2
22,"u2",7,3,0
22,"u2",12,8,0
22,"u2",17,13,1
22,"u2",22,4,0
22,"u2",27,19,2
22,"u2",32,7,1
22,"u2",37,5,1
22,"u2",42,3,1
22,"u2",47,3,1
22,"u2",52,4,1
22,"u3",7,3,0
22,"u3",12,23,0
22,"u3",17,56,0
22,"u3",22,35,4
22,"u3",27,21,3
22,"u3",32,45,0
22,"u3",37,112,51
22,"u3",42,90,18
22,"u3",47,121,18
22,"u3",52,141,33
22,"u4",7,3,0
22,"u4",12,5,0
22,"u4",17,12,0
22,"u4",22,27,0
22,"u4",27,12,3
22,"u4",32,12,1
22,"u4",37,1,0
22,"u4",42,1,0
22,"u4",47,0,0
22,"u4",52,1,0
22,"u5",7,7,0
22,"u5",12,15,0
22,"u5",17,15,0
22,"u5",22,8,0
22,"u5",27,12,0
22,"u5",32,5,1
22,"u5",37,6,1
22,"u5",42,3,1
22,"u5",47,0,0
22,"u5",52,4,0
22,"u6",7,5,0
22,"u6",12,3,1
22,"u6",17,23,0
22,"u6",22,19,0
22,"u6",27,18,9
22,"u6",32,51,3
22,"u6",37,47,8
22,"u6",42,21,11
22,"u6",47,19,0
22,"u6",52,10,4
22,"u7",7,2,0
22,"u7",12,8,0
22,"u7",17,14,1
22,"u7",22,31,3
22,"u7",27,33,2
22,"u7",32,17,9
22,"u7",37,15,2
22,"u7",42,6,1
22,"u7",47,14,0
22,"u7",52,2,0
22,"u8",7,1,1
22,"u8",12,5,2
22,"u8",17,15,2
22,"u8",22,33,0
22,"u8",27,8,0
22,"u8",32,3,0
22,"u8",37,0,0
22,"u8",42,2,1
22,"u8",47,1,0
22,"u8",52,1,1
22,"u9",7,7,0
22,"u9",12,9,0
22,"u9",17,10,0
22,"u9",22,16,0
22,"u9",27,30,0
22,"u9",32,13,1
22,"u9",37,14,1
22,"u9",42,18,0
22,"u9",47,15,2
22,"u9",52,2,3
23,"u1",7,2,0
23,"u1",12,12,0
23,"u1",17,26,0
23,"u1",22,122,3
23,"u1",27,65,10
23,"u1",32,49,38
23,"u1",37,15,12
23,"u1",42,6,2
23,"u1",47,3,8
23,"u1",52,2,0
23,"u2",7,1,0
23,"u2",12,1,0
23,"u2",17,10,0
23,"u2",22,11,1
23,"u2",27,19,0
23,"u2",32,19,1
23,"u2",37,16,7
23,"u2",42,1,4
23,"u2",47,1,3
23,"u2",52,0,1
23,"u3",7,1,0
23,"u3",12,11,1
23,"u3",17,20,0
23,"u3",22,11,0
23,"u3",27,0,4
23,"u3",32,1,0
23,"u3",37,2,1
23,"u3",42,0,0
23,"u3",47,1,0
23,"u3",52,0,1
23,"u4",7,1,0
23,"u4",12,6,0
23,"u4",17,16,2
23,"u4",22,17,0
23,"u4",27,16,1
23,"u4",32,36,1
23,"u4",37,21,0
23,"u4",42,14,6
23,"u4",47,14,1
23,"u4",52,6,1
23,"u5",7,2,0
23,"u5",12,6,0
23,"u5",17,7,1
23,"u5",22,15,0
23,"u5",27,62,3
23,"u5",32,49,2
23,"u5",37,31,1
23,"u5",42,17,18
23,"u5",47,1,1
23,"u5",52,1,2
23,"u6",7,3,0
23,"u6",12,11,0
23,"u6",17,11,1
23,"u6",22,49,2
23,"u6",27,38,0
23,"u6",32,21,2
23,"u6",37,15,2
23,"u6",42,5,0
23,"u6",47,2,1
23,"u6",52,1,2
23,"u7",7,2,2
23,"u7",12,4,1
23,"u7",17,5,0
23,"u7",22,5,0
23,"u7",27,7,2
23,"u7",32,38,1
23,"u7",37,40,0
23,"u7",42,40,6
23,"u7",47,13,5
23,"u7",52,8,1
23,"u8",7,2,0
23,"u8",12,6,0
23,"u8",17,20,1
23,"u8",22,23,0
23,"u8",27,8,1
23,"u8",32,7,0
23,"u8",37,3,1
23,"u8",42,7,0
23,"u8",47,5,2
23,"u8",52,0,0
23,"u9",7,6,0
23,"u9",12,17,0
23,"u9",17,21,1
23,"u9",22,22,1
23,"u9",27,26,2
23,"u9",32,5,2
23,"u9",37,4,0
23,"u9",42,2,1
23,"u9",47,2,0
23,"u9",52,1,0
24,"u1",7,6,0
24,"u1",12,5,0
24,"u1",17,21,1
24,"u1",22,22,0
24,"u1",27,22,1
24,"u1",32,11,1
24,"u1",37,7,0
24,"u1",42,4,1
24,"u1",47,5,0
24,"u1",52,1,2
24,"u2",7,2,0
24,"u2",12,10,0
24,"u2",17,19,0
24,"u2",22,48,2
24,"u2",27,8,2
24,"u2",32,17,0
24,"u2",37,36,1
24,"u2",42,40,0
24,"u2",47,16,2
24,"u2",52,5,2
24,"u3",7,2,0
24,"u3",12,10,0
24,"u3",17,23,1
24,"u3",22,35,0
24,"u3",27,10,0
24,"u3",32,2,1
24,"u3",37,3,0
24,"u3",42,0,1
24,"u3",47,1,0
24,"u3",52,0,0
24,"u4",7,5,0
24,"u4",12,12,0
24,"u4",17,24,0
24,"u4",22,38,0
24,"u4",27,21,14
24,"u4",32,13,13
24,"u4",37,11,1
24,"u4",42,5,0
24,"u4",47,12,3
24,"u4",52,6,3
24,"u5",7,2,0
24,"u5",12,2,0
24,"u5",17,2,0
24,"u5",22,7,0
24,"u5",27,17,2
24,"u5",32,4,0
24,"u5",37,5,0
24,"u5",42,16,0
24,"u5",47,11,0
24,"u5",52,17,0
24,"u6",7,3,0
24,"u6",12,8,0
24,"u6",17,38,2
24,"u6",22,62,0
24,"u6",27,31,3
24,"u6",32,23,1
24,"u6",37,6,9
24,"u6",42,10,0
24,"u6",47,48,9
24,"u6",52,13,19
24,"u7",7,4,0
24,"u7",12,6,0
24,"u7",17,42,1
24,"u7",22,63,1
24,"u7",27,20,18
24,"u7",32,2,5
24,"u7",37,0,0
24,"u7",42,2,0
24,"u7",47,1,1
24,"u7",52,1,0
24,"u8",7,5,0
24,"u8",12,10,0
24,"u8",17,16,2
24,"u8",22,31,3
24,"u8",27,7,1
24,"u8",32,11,2
24,"u8",37,4,0
24,"u8",42,4,1
24,"u8",47,14,1
24,"u8",52,3,3
24,"u9",7,3,0
24,"u9",12,12,0
24,"u9",17,19,0
24,"u9",22,31,4
24,"u9",27,24,4
24,"u9",32,18,2
24,"u9",37,75,2
24,"u9",42,39,7
24,"u9",47,24,5
24,"u9",52,6,3
25,"u1",7,2,0
25,"u1",12,13,1
25,"u1",17,12,1
25,"u1",22,19,2
25,"u1",27,2,0
25,"u1",32,1,2
25,"u1",37,0,3
25,"u1",42,3,1
25,"u1",47,2,0
25,"u1",52,3,0
25,"u2",7,2,0
25,"u2",12,6,0
25,"u2",17,8,0
25,"u2",22,30,2
25,"u2",27,22,1
25,"u2",32,31,17
25,"u2",37,25,2
25,"u2",42,16,1
25,"u2",47,10,10
25,"u2",52,4,16
25,"u3",7,10,0
25,"u3",12,7,0
25,"u3",17,24,2
25,"u3",22,16,1
25,"u3",27,6,2
25,"u3",32,11,1
25,"u3",37,20,2
25,"u3",42,3,3
25,"u3",47,0,0
25,"u3",52,1,0
25,"u4",7,3,0
25,"u4",12,3,0
25,"u4",17,5,0
25,"u4",22,16,0
25,"u4",27,26,2
25,"u4",32,24,5
25,"u4",37,6,1
25,"u4",42,0,0
25,"u4",47,2,0
25,"u4",52,1,0
25,"u5",7,2,0
25,"u5",12,6,0
25,"u5",17,15,0
25,"u5",22,48,0
25,"u5",27,96,4
25,"u5",32,21,8
25,"u5",37,14,0
25,"u5",42,10,1
25,"u5",47,11,5
25,"u5",52,4,2
25,"u6",7,2,0
25,"u6",12,4,1
25,"u6",17,38,0
25,"u6",22,54,0
25,"u6",27,22,7
25,"u6",32,3,0
25,"u6",37,5,1
25,"u6",42,8,3
25,"u6",47,2,1
25,"u6",52,5,2
25,"u7",7,1,0
25,"u7",12,1,0
25,"u7",17,5,0
25,"u7",22,4,0
25,"u7",27,5,0
25,"u7",32,9,0
25,"u7",37,7,1
25,"u7",42,10,1
25,"u7",47,5,0
25,"u7",52,4,1
25,"u8",7,2,0
25,"u8",12,13,0
25,"u8",17,16,0
25,"u8",22,41,0
25,"u8",27,29,3
25,"u8",32,26,4
25,"u8",37,25,23
25,"u8",42,44,10
25,"u8",47,5,2
25,"u8",52,3,0
25,"u9",7,5,0
25,"u9",12,8,0
25,"u9",17,27,0
25,"u9",22,45,2
25,"u9",27,55,0
25,"u9",32,44,7
25,"u9",37,17,4
25,"u9",42,5,0
25,"u9",47,2,5
25,"u9",52,0,1
26,"u1",7,3,0
26,"u1",12,6,0
26,"u1",17,23,1
26,"u1",22,39,7
26,"u1",27,72,5
26,"u1",32,44,6
26,"u1",37,41,11
26,"u1",42,39,11
26,"u1",47,40,16
26,"u1",52,14,5
26,"u2",7,7,0
26,"u2",12,10,0
26,"u2",17,22,0
26,"u2",22,18,4
26,"u2",27,29,2
26,"u2",32,4,3
26,"u2",37,1,4
26,"u2",42,3,1
26,"u2",47,5,2
26,"u2",52,3,0
26,"u3",7,3,0
26,"u3",12,8,1
26,"u3",17,8,0
26,"u3",22,6,0
26,"u3",27,10,0
26,"u3",32,12,1
26,"u3",37,28,2
26,"u3",42,36,16
26,"u3",47,11,11
26,"u3",52,3,3
26,"u4",7,3,0
26,"u4",12,12,0
26,"u4",17,37,0
26,"u4",22,50,3
26,"u4",27,41,7
26,"u4",32,48,3
26,"u4",37,54,2
26,"u4",42,15,15
26,"u4",47,4,3
26,"u4",52,11,2
26,"u5",7,2,0
26,"u5",12,5,2
26,"u5",17,3,1
26,"u5",22,7,0
26,"u5",27,15,0
26,"u5",32,6,2
26,"u5",37,3,0
26,"u5",42,1,0
26,"u5",47,6,1
26,"u5",52,6,0
26,"u6",7,1,0
26,"u6",12,5,0
26,"u6",17,3,0
26,"u6",22,4,0
26,"u6",27,5,0
26,"u6",32,6,0
26,"u6",37,6,2
26,"u6",42,6,0
26,"u6",47,5,0
26,"u6",52,4,2
26,"u7",7,3,1
26,"u7",12,2,0
26,"u7",17,14,0
26,"u7",22,10,2
26,"u7",27,11,2
26,"u7",32,28,1
26,"u7",37,7,1
26,"u7",42,3,5
26,"u7",47,8,6
26,"u7",52,1,2
26,"u8",7,1,0
26,"u8",12,1,0
26,"u8",17,5,1
26,"u8",22,9,0
26,"u8",27,19,0
26,"u8",32,54,1
26,"u8",37,50,10
26,"u8",42,17,0
26,"u8",47,6,4
26,"u8",52,1,3
26,"u9",7,3,0
26,"u9",12,2,0
26,"u9",17,8,0
26,"u9",22,8,0
26,"u9",27,8,0
26,"u9",32,36,0
26,"u9",37,8,0
26,"u9",42,10,0
26,"u9",47,5,1
26,"u9",52,5,1
27,"u1",7,4,0
27,"u1",12,3,0
27,"u1",17,16,2
27,"u1",22,4,0
27,"u1",27,6,0
27,"u1",32,4,0
27,"u1",37,8,1
27,"u1",42,6,0
27,"u1",47,11,1
27,"u1",52,18,1
27,"u2",7,1,0
27,"u2",12,4,0
27,"u2",17,5,0
27,"u2",22,15,0
27,"u2",27,14,2
27,"u2",32,6,0
27,"u2",37,10,1
27,"u2",42,6,0
27,"u2",47,3,1
27,"u2",52,4,0
27,"u3",7,2,0
27,"u3",12,3,0
27,"u3",17,6,0
27,"u3",22,41,1
27,"u3",27,52,0
27,"u3",32,80,3
27,"u3",37,54,6
27,"u3",42,45,4
27,"u3",47,17,5
27,"u3",52,29,0
27,"u4",7,6,0
27,"u4",12,6,0
27,"u4",17,12,0
27,"u4",22,32,4
27,"u4",27,42,3
27,"u4",32,5,3
27,"u4",37,5,2
27,"u4",42,1,1
27,"u4",47,2,0
27,"u4",52,0,0
27,"u5",7,4,0
27,"u5",12,11,1
27,"u5",17,19,1
27,"u5",22,20,0
27,"u5",27,6,1
27,"u5",32,2,0
27,"u5",37,3,1
27,"u5",42,5,0
27,"u5",47,9,0
27,"u5",52,13,2
27,"u6",7,2,0
27,"u6",12,10,3
27,"u6",17,24,9
27,"u6",22,25,3
27,"u6",27,35,4
27,"u6",32,5,4
27,"u6",37,5,2
27,"u6",42,2,1
27,"u6",47,2,1
27,"u6",52,0,2
27,"u7",7,6,1
27,"u7",12,4,1
27,"u7",17,17,0
27,"u7",22,18,4
27,"u7",27,42,0
27,"u7",32,44,10
27,"u7",37,25,1
27,"u7",42,7,10
27,"u7",47,4,0
27,"u7",52,3,1
27,"u8",7,1,0
27,"u8",12,12,0
27,"u8",17,17,0
27,"u8",22,47,0
27,"u8",27,10,1
27,"u8",32,9,0
27,"u8",37,18,2
27,"u8",42,63,10
27,"u8",47,14,6
27,"u8",52,6,0
27,"u9",7,2,0
27,"u9",12,10,0
27,"u9",17,6,0
27,"u9",22,11,1
27,"u9",27,59,0
27,"u9",32,22,4
27,"u9",37,11,1
27,"u9",42,1,6
27,"u9",47,1,1
27,"u9",52,5,0
28,"u1",7,1,0
28,"u1",12,4,0
28,"u1",17,21,0
28,"u1",22,16,0
28,"u1",27,17,0
28,"u1",32,36,4
28,"u1",37,17,4
28,"u1",42,19,0
28,"u1",47,14,5
28,"u1",52,11,0
28,"u2",7,3,0
28,"u2",12,2,0
28,"u2",17,10,1
28,"u2",22,28,2
28,"u2",27,19,0
28,"u2",32,5,0
28,"u2",37,0,4
28,"u2",42,7,1
28,"u2",47,3,3
28,"u2",52,1,0
28,"u3",7,4,0
28,"u3",12,11,0
28,"u3",17,41,1
28,"u3",22,41,1
28,"u3",27,35,5
28,"u3",32,14,6
28,"u3",37,15,0
28,"u3",42,33,2
28,"u3",47,10,4
28,"u3",52,15,2
28,"u4",7,6,0
28,"u4",12,5,1
28,"u4",17,9,0
28,"u4",22,12,1
28,"u4",27,12,4
28,"u4",32,13,0
28,"u4",37,11,0
28,"u4",42,12,1
28,"u4",47,3,2
28,"u4",52,2,0
28,"u5",7,0,0
28,"u5",12,2,0
28,"u5",17,17,0
28,"u5",22,20,0
28,"u5",27,20,0
28,"u5",32,10,2
28,"u5",37,5,2
28,"u5",42,16,0
28,"u5",47,5,0
28,"u5",52,15,3
28,"u6",7,4,0
28,"u6",12,11,0
28,"u6",17,9,0
28,"u6",22,19,2
28,"u6",27,11,1
28,"u6",32,24,1
28,"u6",37,35,3
28,"u6",42,23,0
28,"u6",47,6,2
28,"u6",52,5,1
28,"u7",7,1,0
28,"u7",12,10,0
28,"u7",17,9,0
28,"u7",22,17,0
28,"u7",27,11,0
28,"u7",32,11,0
28,"u7",37,25,0
28,"u7",42,21,0
28,"u7",47,15,2
28,"u7",52,19,2
28,"u8",7,10,0
28,"u8",12,12,0
28,"u8",17,15,0
28,"u8",22,3,3
28,"u8",27,3,1
28,"u8",32,14,2
28,"u8",37,18,0
28,"u8",42,7,0
28,"u8",47,3,2
28,"u8",52,7,0
28,"u9",7,10,0
28,"u9",12,23,0
28,"u9",17,20,0
28,"u9",22,17,0
28,"u9",27,6,0
28,"u9",32,5,0
28,"u9",37,3,0
28,"u9",42,5,3
28,"u9",47,2,1
28,"u9",52,4,0
29,"u1",7,4,0
29,"u1",12,6,0
29,"u1",17,15,0
29,"u1",22,42,2
29,"u1",27,17,2
29,"u1",32,2,3
29,"u1",37,0,0
29,"u1",42,1,0
29,"u1",47,0,0
29,"u1",52,1,0
29,"u2",7,2,1
29,"u2",12,10,0
29,"u2",17,21,1
29,"u2",22,55,2
29,"u2",27,28,10
29,"u2",32,4,0
29,"u2",37,7,11
29,"u2",42,13,2
29,"u2",47,8,2
29,"u2",52,1,3
29,"u3",7,4,0
29,"u3",12,17,0
29,"u3",17,33,1
29,"u3",22,30,1
29,"u3",27,23,0
29,"u3",32,4,0
29,"u3",37,1,3
29,"u3",42,1,0
29,"u3",47,0,0
29,"u3",52,0,0
29,"u4",7,3,0
29,"u4",12,12,0
29,"u4",17,15,0
29,"u4",22,20,0
29,"u4",27,19,1
29,"u4",32,48,6
29,"u4",37,9,0
29,"u4",42,9,1
29,"u4",47,2,0
29,"u4",52,1,0
29,"u5",7,1,0
29,"u5",12,1,0
29,"u5",17,3,0
29,"u5",22,6,0
29,"u5",27,17,0
29,"u5",32,18,2
29,"u5",37,30,0
29,"u5",42,10,0
29,"u5",47,10,3
29,"u5",52,11,0
29,"u6",7,0,0
29,"u6",12,2,0
29,"u6",17,9,0
29,"u6",22,10,1
29,"u6",27,3,0
29,"u6",32,3,0
29,"u6",37,10,0
29,"u6",42,6,1
29,"u6",47,4,0
29,"u6",52,4,1
29,"u7",7,4,0
29,"u7",12,26,1
29,"u7",17,36,0
29,"u7",22,24,1
29,"u7",27,8,11
29,"u7",32,1,3
29,"u7",37,1,0
29,"u7",42,3,0
29,"u7",47,0,0
29,"u7",52,0,1
29,"u8",7,1,0
29,"u8",12,8,0
29,"u8",17,40,1
29,"u8",22,42,1
29,"u8",27,22,5
29,"u8",32,17,8
29,"u8",37,4,0
29,"u8",42,2,0
29,"u8",47,2,2
29,"u8",52,6,1
29,"u9",7,0,0
29,"u9",12,6,0
29,"u9",17,20,0
29,"u9",22,54,0
29,"u9",27,49,1
29,"u9",32,30,1
29,"u9",37,4,1
29,"u9",42,6,0
29,"u9",47,11,3
29,"u9",52,15,14
30,"u1",7,1,0
30,"u1",12,4,0
30,"u1",17,8,0
30,"u1",22,49,2
30,"u1",27,56,5
30,"u1",32,47,11
30,"u1",37,34,0
30,"u1",42,30,1
30,"u1",47,1,1
30,"u1",52,2,3
30,"u2",7,5,0
30,"u2",12,4,0
30,"u2",17,11,1
30,"u2",22,20,0
30,"u2",27,16,1
30,"u2",32,23,0
30,"u2",37,27,0
30,"u2",42,14,3
30,"u2",47,17,5
30,"u2",52,6,3
30,"u3",7,4,0
30,"u3",12,24,1
30,"u3",17,16,0
30,"u3",22,27,2
30,"u3",27,21,0
30,"u3",32,33,6
30,"u3",37,21,2
30,"u3",42,9,7
30,"u3",47,0,0
30,"u3",52,0,3
30,"u4",7,3,0
30,"u4",12,6,0
30,"u4",17,20,0
30,"u4",22,43,1
30,"u4",27,23,1
30,"u4",32,3,0
30,"u4",37,2,1
30,"u4",42,2,0
30,"u4",47,2,1
30,"u4",52,3,1
30,"u5",7,5,0
30,"u5",12,6,0
30,"u5",17,9,0
30,"u5",22,9,0
30,"u5",27,26,0
30,"u5",32,32,5
30,"u5",37,51,2
30,"u5",42,48,12
30,"u5",47,23,8
30,"u5",52,11,11
30,"u6",7,4,0
30,"u6",12,42,0
30,"u6",17,46,1
30,"u6",22,18,4
30,"u6",27,5,4
30,"u6",32,5,1
30,"u6",37,1,0
30,"u6",42,2,0
30,"u6",47,1,0
30,"u6",52,3,0
30,"u7",7,4,1
30,"u7",12,21,3
30,"u7",17,16,1
30,"u7",22,15,1
30,"u7",27,11,3
30,"u7",32,5,0
30,"u7",37,3,2
30,"u7",42,3,1
30,"u7",47,1,0
30,"u7",52,3,1
30,"u8",7,4,0
30,"u8",12,10,0
30,"u8",17,30,1
30,"u8",22,16,1
30,"u8",27,16,3
30,"u8",32,17,0
30,"u8",37,11,0
30,"u8",42,3,4
30,"u8",47,0,0
30,"u8",52,0,0
30,"u9",7,4,0
30,"u9",12,9,0
30,"u9",17,18,0
30,"u9",22,27,2
30,"u9",27,56,2
30,"u9",32,68,7
30,"u9",37,30,44
30,"u9",42,9,5
30,"u9",47,5,24
30,"u9",52,2,2
31,"u1",7,1,0
31,"u1",12,8,0
31,"u1",17,74,0
31,"u1",22,31,1
31,"u1",27,4,1
31,"u1",32,19,0
31,"u1",37,9,2
31,"u1",42,6,1
31,"u1",47,4,1
31,"u1",52,5,0
31,"u2",7,9,0
31,"u2",12,21,0
31,"u2",17,14,2
31,"u2",22,12,2
31,"u2",27,22,1
31,"u2",32,11,3
31,"u2",37,6,3
31,"u2",42,3,1
31,"u2",47,5,2
31,"u2",52,2,0
31,"u3",7,6,1
31,"u3",12,16,1
31,"u3",17,16,0
31,"u3",22,9,4
31,"u3",27,15,0
31,"u3",32,8,3
31,"u3",37,1,2
31,"u3",42,1,0
31,"u3",47,0,0
31,"u3",52,2,0
31,"u4",7,5,0
31,"u4",12,10,0
31,"u4",17,11,0
31,"u4",22,22,2
31,"u4",27,18,1
31,"u4",32,7,1
31,"u4",37,3,0
31,"u4",42,2,0
31,"u4",47,7,0
31,"u4",52,1,0
31,"u5",7,4,0
31,"u5",12,5,0
31,"u5",17,11,0
31,"u5",22,18,2
31,"u5",27,24,1
31,"u5",32,6,0
31,"u5",37,7,1
31,"u5",42,4,2
31,"u5",47,0,1
31,"u5",52,2,0
31,"u6",7,2,0
31,"u6",12,3,0
31,"u6",17,9,0
31,"u6",22,2,1
31,"u6",27,6,0
31,"u6",32,10,1
31,"u6",37,11,2
31,"u6",42,4,0
31,"u6",47,9,2
31,"u6",52,2,1
31,"u7",7,0,0
31,"u7",12,5,0
31,"u7",17,5,0
31,"u7",22,10,1
31,"u7",27,14,0
31,"u7",32,10,1
31,"u7",37,11,0
31,"u7",42,10,12
31,"u7",47,4,8
31,"u7",52,3,0
31,"u8",7,2,0
31,"u8",12,4,0
31,"u8",17,6,0
31,"u8",22,4,0
31,"u8",27,19,1
31,"u8",32,43,1
31,"u8",37,61,6
31,"u8",42,115,23
31,"u8",47,31,13
31,"u8",52,24,5
31,"u9",7,5,0
31,"u9",12,34,1
31,"u9",17,92,10
31,"u9",22,55,4
31,"u9",27,36,2
31,"u9",32,20,20
31,"u9",37,37,9
31,"u9",42,45,12
31,"u9",47,39,12
31,"u9",52,6,4
32,"u1",7,3,0
32,"u1",12,3,0
32,"u1",17,5,0
32,"u1",22,6,0
32,"u1",27,21,2
32,"u1",32,18,1
32,"u1",37,46,0
32,"u1",42,14,3
32,"u1",47,8,1
32,"u1",52,3,2
32,"u2",7,0,0
32,"u2",12,3,0
32,"u2",17,1,0
32,"u2",22,8,0
32,"u2",27,22,1
32,"u2",32,14,0
32,"u2",37,8,4
32,"u2",42,2,0
32,"u2",47,6,0
32,"u2",52,9,0
32,"u3",7,2,0
32,"u3",12,15,2
32,"u3",17,11,0
32,"u3",22,8,5
32,"u3",27,8,0
32,"u3",32,10,1
32,"u3",37,22,0
32,"u3",42,10,0
32,"u3",47,7,3
32,"u3",52,1,3
32,"u4",7,5,0
32,"u4",12,11,0
32,"u4",17,34,0
32,"u4",22,7,0
32,"u4",27,6,0
32,"u4",32,3,2
32,"u4",37,3,0
32,"u4",42,5,0
32,"u4",47,0,0
32,"u4",52,0,0
32,"u5",7,1,0
32,"u5",12,2,1
32,"u5",17,10,0
32,"u5",22,8,0
32,"u5",27,14,0
32,"u5",32,3,1
32,"u5",37,3,2
32,"u5",42,2,0
32,"u5",47,3,0
32,"u5",52,1,0
32,"u6",7,5,0
32,"u6",12,14,0
32,"u6",17,46,2
32,"u6",22,46,0
32,"u6",27,65,15
32,"u6",32,84,7
32,"u6",37,13,0
32,"u6",42,4,0
32,"u6",47,1,1
32,"u6",52,1,1
32,"u7",7,5,0
32,"u7",12,10,0
32,"u7",17,21,0
32,"u7",22,18,0
32,"u7",27,7,2
32,"u7",32,5,1
32,"u7",37,3,1
32,"u7",42,2,0
32,"u7",47,1,0
32,"u7",52,2,0
32,"u8",7,5,0
32,"u8",12,4,0
32,"u8",17,3,0
32,"u8",22,6,1
32,"u8",27,8,1
32,"u8",32,20,0
32,"u8",37,54,0
32,"u8",42,39,0
32,"u8",47,17,5
32,"u8",52,2,2
32,"u9",7,3,0
32,"u9",12,10,3
32,"u9",17,46,5
32,"u9",22,14,3
32,"u9",27,11,0
32,"u9",32,7,0
32,"u9",37,2,0
32,"u9",42,1,0
32,"u9",47,0,0
32,"u9",52,0,0
33,"u1",7,2,0
33,"u1",12,13,0
33,"u1",17,34,0
33,"u1",22,27,0
33,"u1",27,13,2
33,"u1",32,44,3
33,"u1",37,34,27
33,"u1",42,2,3
33,"u1",47,3,0
33,"u1",52,0,0
33,"u2",7,0,0
33,"u2",12,5,0
33,"u2",17,58,0
33,"u2",22,54,5
33,"u2",27,55,7
33,"u2",32,19,5
33,"u2",37,4,5
33,"u2",42,3,0
33,"u2",47,4,0
33,"u2",52,2,0
33,"u3",7,6,0
33,"u3",12,14,0
33,"u3",17,8,2
33,"u3",22,13,0
33,"u3",27,17,0
33,"u3",32,14,3
33,"u3",37,5,3
33,"u3",42,9,10
33,"u3",47,0,1
33,"u3",52,1,0
33,"u4",7,3,0
33,"u4",12,13,0
33,"u4",17,13,0
33,"u4",22,68,0
33,"u4",27,12,10
33,"u4",32,4,1
33,"u4",37,4,3
33,"u4",42,3,1
33,"u4",47,2,0
33,"u4",52,3,0
33,"u5",7,2,0
33,"u5",12,3,0
33,"u5",17,6,0
33,"u5",22,11,0
33,"u5",27,28,1
33,"u5",32,12,0
33,"u5",37,4,3
33,"u5",42,1,0
33,"u5",47,5,0
33,"u5",52,2,0
33,"u6",7,3,0
33,"u6",12,5,1
33,"u6",17,3,0
33,"u6",22,12,0
33,"u6",27,12,0
33,"u6",32,10,0
33,"u6",37,12,1
33,"u6",42,29,0
33,"u6",47,6,0
33,"u6",52,2,1
33,"u7",7,6,0
33,"u7",12,19,0
33,"u7",17,19,0
33,"u7",22,17,1
33,"u7",27,22,4
33,"u7",32,5,2
33,"u7",37,2,0
33,"u7",42,2,0
33,"u7",47,0,0
33,"u7",52,0,0
33,"u8",7,1,0
33,"u8",12,4,0
33,"u8",17,5,0
33,"u8",22,7,0
33,"u8",27,11,2
33,"u8",32,12,4
33,"u8",37,18,2
33,"u8",42,13,5
33,"u8",47,16,5
33,"u8",52,32,5
33,"u9",7,7,0
33,"u9",12,10,0
33,"u9",17,15,0
33,"u9",22,12,2
33,"u9",27,18,12
33,"u9",32,15,1
33,"u9",37,11,15
33,"u9",42,20,0
33,"u9",47,14,9
33,"u9",52,19,2
34,"u1",7,13,1
34,"u1",12,22,1
34,"u1",17,17,0
34,"u1",22,12,0
34,"u1",27,1,1
34,"u1",32,1,0
34,"u1",37,0,0
34,"u1",42,0,0
34,"u1",47,1,0
34,"u1",52,0,0
34,"u2",7,4,0
34,"u2",12,6,0
34,"u2",17,33,1
34,"u2",22,127,7
34,"u2",27,47,8
34,"u2",32,9,5
34,"u2",37,0,0
34,"u2",42,4,6
34,"u2",47,0,0
34,"u2",52,2,0
34,"u3",7,4,0
34,"u3",12,9,0
34,"u3",17,22,0
34,"u3",22,14,1
34,"u3",27,4,0
34,"u3",32,3,0
34,"u3",37,6,2
34,"u3",42,10,0
34,"u3",47,5,0
34,"u3",52,1,0
34,"u4",7,5,0
34,"u4",12,7,0
34,"u4",17,18,0
34,"u4",22,29,0
34,"u4",27,13,3
34,"u4",32,13,2
34,"u4",37,11,1
34,"u4",42,2,2
34,"u4",47,3,1
34,"u4",52,0,0
34,"u5",7,1,0
34,"u5",12,31,0
34,"u5",17,29,10
34,"u5",22,36,9
34,"u5",27,28,3
34,"u5",32,17,0
34,"u5",37,4,0
34,"u5",42,0,0
34,"u5",47,0,1
34,"u5",52,0,1
34,"u6",7,2,0
34,"u6",12,8,0
34,"u6",17,13,0
34,"u6",22,12,0
34,"u6",27,5,0
34,"u6",32,12,0
34,"u6",37,11,4
34,"u6",42,7,2
34,"u6",47,5,11
34,"u6",52,15,18
34,"u7",7,3,0
34,"u7",12,6,1
34,"u7",17,10,0
34,"u7",22,6,0
34,"u7",27,5,1
34,"u7",32,37,0
34,"u7",37,22,1
34,"u7",42,1,2
34,"u7",47,0,1
34,"u7",52,0,0
34,"u8",7,1,0
34,"u8",12,6,0
34,"u8",17,8,0
34,"u8",22,18,1
34,"u8",27,8,0
34,"u8",32,7,4
34,"u8",37,8,0
34,"u8",42,6,3
34,"u8",47,9,0
34,"u8",52,5,0
34,"u9",7,3,1
34,"u9",12,3,0
34,"u9",17,11,1
34,"u9",22,14,2
34,"u9",27,31,2
34,"u9",32,56,2
34,"u9",37,41,4
34,"u9",42,10,1
34,"u9",47,8,0
34,"u9",52,1,0
35,"u1",7,3,0
35,"u1",12,32,1
35,"u1",17,44,0
35,"u1",22,33,2
35,"u1",27,28,15
35,"u1",32,7,8
35,"u1",37,1,0
35,"u1",42,1,0
35,"u1",47,2,2
35,"u1",52,1,1
35,"u2",7,0,0
35,"u2",12,0,0
35,"u2",17,9,0
35,"u2",22,29,0
35,"u2",27,26,0
35,"u2",32,14,0
35,"u2",37,10,0
35,"u2",42,7,0
35,"u2",47,0,3
35,"u2",52,10,0
35,"u3",7,2,0
35,"u3",12,6,0
35,"u3",17,28,2
35,"u3",22,14,0
35,"u3",27,18,5
35,"u3",32,20,3
35,"u3",37,11,9
35,"u3",42,2,2
35,"u3",47,2,3
35,"u3",52,3,2
35,"u4",7,4,0
35,"u4",12,15,1
35,"u4",17,20,0
35,"u4",22,33,2
35,"u4",27,35,0
35,"u4",32,14,6
35,"u4",37,1,4
35,"u4",42,10,3
35,"u4",47,5,5
35,"u4",52,1,0
35,"u5",7,2,0
35,"u5",12,5,0
35,"u5",17,14,1
35,"u5",22,29,0
35,"u5",27,24,0
35,"u5",32,19,1
35,"u5",37,2,0
35,"u5",42,1,2
35,"u5",47,0,0
35,"u5",52,1,1
35,"u6",7,2,0
35,"u6",12,10,0
35,"u6",17,25,4
35,"u6",22,27,0
35,"u6",27,19,6
35,"u6",32,11,0
35,"u6",37,6,0
35,"u6",42,3,0
35,"u6",47,12,1
35,"u6",52,3,2
35,"u7",7,4,0
35,"u7",12,13,0
35,"u7",17,20,1
35,"u7",22,65,0
35,"u7",27,22,3
35,"u7",32,4,2
35,"u7",37,6,0
35,"u7",42,2,1
35,"u7",47,2,1
35,"u7",52,3,0
35,"u8",7,2,0
35,"u8",12,3,0
35,"u8",17,6,0
35,"u8",22,30,1
35,"u8",27,10,0
35,"u8",32,19,2
35,"u8",37,12,0
35,"u8",42,14,2
35,"u8",47,3,0
35,"u8",52,16,0
35,"u9",7,1,0
35,"u9",12,2,0
35,"u9",17,4,0
35,"u9",22,7,0
35,"u9",27,7,1
35,"u9",32,10,0
35,"u9",37,7,2
35,"u9",42,6,1
35,"u9",47,2,1
35,"u9",52,5,0
36,"u1",7,2,0
36,"u1",12,7,0
36,"u1",17,2,1
36,"u1",22,1,0
36,"u1",27,6,0
36,"u1",32,4,0
36,"u1",37,19,0
36,"u1",42,39,3
36,"u1",47,24,0
36,"u1",52,14,0
36,"u2",7,4,0
36,"u2",12,10,0
36,"u2",17,23,0
36,"u2",22,54,1
36,"u2",27,23,4
36,"u2",32,21,7
36,"u2",37,1,2
36,"u2",42,0,1
36,"u2",47,1,0
36,"u2",52,0,0
36,"u3",7,2,0
36,"u3",12,8,0
36,"u3",17,5,0
36,"u3",22,4,0
36,"u3",27,6,3
36,"u3",32,13,0
36,"u3",37,11,0
36,"u3",42,11,1
36,"u3",47,4,0
36,"u3",52,1,3
36,"u4",7,7,0
36,"u4",12,9,0
36,"u4",17,45,0
36,"u4",22,32,1
36,"u4",27,20,1
36,"u4",32,28,1
36,"u4",37,26,3
36,"u4",42,21,11
36,"u4",47,15,10
36,"u4",52,10,3
36,"u5",7,1,0
36,"u5",12,8,0
36,"u5",17,10,0
36,"u5",22,36,0
36,"u5",27,19,0
36,"u5",32,24,2
36,"u5",37,8,0
36,"u5",42,16,3
36,"u5",47,6,1
36,"u5",52,8,1
36,"u6",7,3,0
36,"u6",12,9,0
36,"u6",17,11,0
36,"u6",22,21,0
36,"u6",27,11,0
36,"u6",32,10,5
36,"u6",37,13,4
36,"u6",42,3,0
36,"u6",47,0,0
36,"u6",52,1,0
36,"u7",7,4,0
36,"u7",12,11,0
36,"u7",17,37,1
36,"u7",22,30,7
36,"u7",27,31,13
36,"u7",32,25,4
36,"u7",37,18,7
36,"u7",42,8,3
36,"u7",47,3,4
36,"u7",52,2,2
36,"u8",7,2,0
36,"u8",12,11,0
36,"u8",17,10,0
36,"u8",22,21,1
36,"u8",27,25,3
36,"u8",32,6,2
36,"u8",37,2,0
36,"u8",42,2,0
36,"u8",47,1,1
36,"u8",52,0,0
36,"u9",7,1,0
36,"u9",12,3,0
36,"u9",17,4,0
36,"u9",22,3,0
36,"u9",27,19,1
36,"u9",32,29,3
36,"u9",37,49,14
36,"u9",42,15,10
36,"u9",47,2,9
36,"u9",52,1,0
37,"u1",7,6,0
37,"u1",12,4,0
37,"u1",17,19,0
37,"u1",22,51,1
37,"u1",27,35,1
37,"u1",32,11,0
37,"u1",37,30,1
37,"u1",42,19,0
37,"u1",47,8,1
37,"u1",52,11,3
37,"u2",7,1,0
37,"u2",12,7,1
37,"u2",17,15,1
37,"u2",22,39,0
37,"u2",27,33,8
37,"u2",32,9,1
37,"u2",37,3,0
37,"u2",42,4,0
37,"u2",47,17,3
37,"u2",52,13,0
37,"u3",7,2,0
37,"u3",12,8,0
37,"u3",17,33,1
37,"u3",22,22,0
37,"u3",27,34,5
37,"u3",32,66,30
37,"u3",37,17,11
37,"u3",42,3,8
37,"u3",47,0,13
37,"u3",52,0,0
37,"u4",7,7,0
37,"u4",12,13,0
37,"u4",17,13,4
37,"u4",22,23,0
37,"u4",27,59,3
37,"u4",32,62,5
37,"u4",37,12,11
37,"u4",42,5,0
37,"u4",47,0,2
37,"u4",52,0,1
37,"u5",7,4,0
37,"u5",12,7,0
37,"u5",17,10,1
37,"u5",22,40,0
37,"u5",27,29,1
37,"u5",32,26,0
37,"u5",37,16,1
37,"u5",42,6,6
37,"u5",47,1,1
37,"u5",52,0,5
37,"u6",7,6,0
37,"u6",12,4,0
37,"u6",17,38,0
37,"u6",22,18,1
37,"u6",27,16,0
37,"u6",32,20,0
37,"u6",37,18,0
37,"u6",42,9,6
37,"u6",47,3,1
37,"u6",52,2,4
37,"u7",7,5,0
37,"u7",12,24,0
37,"u7",17,90,1
37,"u7",22,20,2
37,"u7",27,11,17
37,"u7",32,22,1
37,"u7",37,11,3
37,"u7",42,4,1
37,"u7",47,4,0
37,"u7",52,17,3
37,"u8",7,3,0
37,"u8",12,6,0
37,"u8",17,10,1
37,"u8",22,28,3
37,"u8",27,32,1
37,"u8",32,9,0
37,"u8",37,8,2
37,"u8",42,4,3
37,"u8",47,0,2
37,"u8",52,0,0
37,"u9",7,9,0
37,"u9",12,30,1
37,"u9",17,36,0
37,"u9",22,20,1
37,"u9",27,19,4
37,"u9",32,17,5
37,"u9",37,14,9
37,"u9",42,29,3
37,"u9",47,34,4
37,"u9",52,142,10
38,"u1",7,4,0
38,"u1",12,3,0
38,"u1",17,7,0
38,"u1",22,16,0
38,"u1",27,25,2
38,"u1",32,25,0
38,"u1",37,15,0
38,"u1",42,4,1
38,"u1",47,4,0
38,"u1",52,8,0
38,"u2",7,3,0
38,"u2",12,4,0
38,"u2",17,6,0
38,"u2",22,14,0
38,"u2",27,24,16
38,"u2",32,24,1
38,"u2",37,26,0
38,"u2",42,14,5
38,"u2",47,12,0
38,"u2",52,19,0
38,"u3",7,3,0
38,"u3",12,6,0
38,"u3",17,19,0
38,"u3",22,25,4
38,"u3",27,22,3
38,"u3",32,8,7
38,"u3",37,4,3
38,"u3",42,6,0
38,"u3",47,5,2
38,"u3",52,10,0
38,"u4",7,0,0
38,"u4",12,14,0
38,"u4",17,17,0
38,"u4",22,9,1
38,"u4",27,5,0
38,"u4",32,9,0
38,"u4",37,9,2
38,"u4",42,5,0
38,"u4",47,6,0
38,"u4",52,18,5
38,"u5",7,5,0
38,"u5",12,44,2
38,"u5",17,45,5
38,"u5",22,25,5
38,"u5",27,5,8
38,"u5",32,1,5
38,"u5",37,0,14
38,"u5",42,1,1
38,"u5",47,0,0
38,"u5",52,0,0
38,"u6",7,1,2
38,"u6",12,4,0
38,"u6",17,4,0
38,"u6",22,7,0
38,"u6",27,9,1
38,"u6",32,15,1
38,"u6",37,11,6
38,"u6",42,22,0
38,"u6",47,6,4
38,"u6",52,2,3
38,"u7",7,2,0
38,"u7",12,6,0
38,"u7",17,17,0
38,"u7",22,33,2
38,"u7",27,20,4
38,"u7",32,36,0
38,"u7",37,51,26
38,"u7",42,18,6
38,"u7",47,10,3
38,"u7",52,1,20
38,"u8",7,4,0
38,"u8",12,6,1
38,"u8",17,10,0
38,"u8",22,18,2
38,"u8",27,16,0
38,"u8",32,15,2
38,"u8",37,10,0
38,"u8",42,10,4
38,"u8",47,3,0
38,"u8",52,0,3
38,"u9",7,4,0
38,"u9",12,9,0
38,"u9",17,17,0
38,"u9",22,28,1
38,"u9",27,111,2
38,"u9",32,58,11
38,"u9",37,15,1
38,"u9",42,4,3
38,"u9",47,2,0
38,"u9",52,0,0
39,"u1",7,3,0
39,"u1",12,17,1
39,"u1",17,39,0
39,"u1",22,34,3
39,"u1",27,33,0
39,"u1",32,10,0
39,"u1",37,1,0
39,"u1",42,1,0
39,"u1",47,0,0
39,"u1",52,0,0
39,"u2",7,7,0
39,"u2",12,15,0
39,"u2",17,22,1
39,"u2",22,12,0
39,"u2",27,3,2
39,"u2",32,2,1
39,"u2",37,0,0
39,"u2",42,0,0
39,"u2",47,0,0
39,"u2",52,1,0
39,"u3",7,4,0
39,"u3",12,24,0
39,"u3",17,42,0
39,"u3",22,67,12
39,"u3",27,28,1
39,"u3",32,7,0
39,"u3",37,1,2
39,"u3",42,1,3
39,"u3",47,0,0
39,"u3",52,0,0
39,"u4",7,2,0
39,"u4",12,15,0
39,"u4",17,36,1
39,"u4",22,18,1
39,"u4",27,4,0
39,"u4",32,3,0
39,"u4",37,1,1
39,"u4",42,1,0
39,"u4",47,1,0
39,"u4",52,2,0
39,"u5",7,1,0
39,"u5",12,5,0
39,"u5",17,4,0
39,"u5",22,15,2
39,"u5",27,10,2
39,"u5",32,7,1
39,"u5",37,5,0
39,"u5",42,4,5
39,"u5",47,4,3
39,"u5",52,3,1
39,"u6",7,6,0
39,"u6",12,5,0
39,"u6",17,19,3
39,"u6",22,57,8
39,"u6",27,67,4
39,"u6",32,9,5
39,"u6",37,1,0
39,"u6",42,1,2
39,"u6",47,0,0
39,"u6",52,0,0
39,"u7",7,4,0
39,"u7",12,6,0
39,"u7",17,20,0
39,"u7",22,52,0
39,"u7",27,22,4
39,"u7",32,6,0
39,"u7",37,6,7
39,"u7",42,0,0
39,"u7",47,0,0
39,"u7",52,0,0
39,"u8",7,1,0
39,"u8",12,7,0
39,"u8",17,24,2
39,"u8",22,43,1
39,"u8",27,25,0
39,"u8",32,10,7
39,"u8",37,7,2
39,"u8",42,6,0
39,"u8",47,1,1
39,"u8",52,4,0
39,"u9",7,0,0
39,"u9",12,0,0
39,"u9",17,5,0
39,"u9",22,14,2
39,"u9",27,26,2
39,"u9",32,20,2
39,"u9",37,6,0
39,"u9",42,9,2
39,"u9",47,6,1
39,"u9",52,1,2
40,"u1",7,6,0
40,"u1",12,7,0
40,"u1",17,9,0
40,"u1",22,13,1
40,"u1",27,16,1
40,"u1",32,8,0
40,"u1",37,6,0
40,"u1",42,12,0
40,"u1",47,1,0
40,"u1",52,1,0
40,"u2",7,0,0
40,"u2",12,5,0
40,"u2",17,2,0
40,"u2",22,4,0
40,"u2",27,4,0
40,"u2",32,7,3
40,"u2",37,1,0
40,"u2",42,3,0
40,"u2",47,2,1
40,"u2",52,3,0
40,"u3",7,2,0
40,"u3",12,5,0
40,"u3",17,9,0
40,"u3",22,12,0
40,"u3",27,20,0
40,"u3",32,19,2
40,"u3",37,15,3
40,"u3",42,11,0
40,"u3",47,12,0
40,"u3",52,4,0
40,"u4",7,2,0
40,"u4",12,10,0
40,"u4",17,8,0
40,"u4",22,13,0
40,"u4",27,35,1
40,"u4",32,23,2
40,"u4",37,3,1
40,"u4",42,1,0
40,"u4",47,0,0
40,"u4",52,1,0
40,"u5",7,6,0
40,"u5",12,29,2
40,"u5",17,27,0
40,"u5",22,24,1
40,"u5",27,6,0
40,"u5",32,3,0
40,"u5",37,3,0
40,"u5",42,1,0
40,"u5",47,0,0
40,"u5",52,1,0
40,"u6",7,0,0
40,"u6",12,5,2
40,"u6",17,15,1
40,"u6",22,25,0
40,"u6",27,7,0
40,"u6",32,7,2
40,"u6",37,4,1
40,"u6",42,4,0
40,"u6",47,1,0
40,"u6",52,3,2
40,"u7",7,4,0
40,"u7",12,27,1
40,"u7",17,69,1
40,"u7",22,14,16
40,"u7",27,3,0
40,"u7",32,3,4
40,"u7",37,1,3
40,"u7",42,0,0
40,"u7",47,0,1
40,"u7",52,2,0
40,"u8",7,4,0
40,"u8",12,29,0
40,"u8",17,55,8
40,"u8",22,61,30
40,"u8",27,98,6
40,"u8",32,142,23
40,"u8",37,27,5
40,"u8",42,5,1
40,"u8",47,1,1
40,"u8",52,0,9
40,"u9",7,3,0
40,"u9",12,9,0
40,"u9",17,18,1
40,"u9",22,36,1
40,"u9",27,70,1
40,"u9",32,156,24
40,"u9",37,101,16
40,"u9",42,19,4
40,"u9",47,2,7
40,"u9",52,0,3
41,"u1",7,3,0
41,"u1",12,2,0
41,"u1",17,2,0
41,"u1",22,10,1
41,"u1",27,15,1
41,"u1",32,30,3
41,"u1",37,14,15
41,"u1",42,3,10
41,"u1",47,1,0
41,"u1",52,1,0
41,"u2",7,6,0
41,"u2",12,7,0
41,"u2",17,7,0
41,"u2",22,26,1
41,"u2",27,27,2
41,"u2",32,8,1
41,"u2",37,4,1
41,"u2",42,9,1
41,"u2",47,1,1
41,"u2",52,3,1
41,"u3",7,3,0
41,"u3",12,9,1
41,"u3",17,26,1
41,"u3",22,20,0
41,"u3",27,15,1
41,"u3",32,14,0
41,"u3",37,25,4
41,"u3",42,15,8
41,"u3",47,1,0
41,"u3",52,0,0
41,"u4",7,6,0
41,"u4",12,5,0
41,"u4",17,6,0
41,"u4",22,51,1
41,"u4",27,23,8
41,"u4",32,10,2
41,"u4",37,5,0
41,"u4",42,5,0
41,"u4",47,4,0
41,"u4",52,2,0
41,"u5",7,1,0
41,"u5",12,9,0
41,"u5",17,26,1
41,"u5",22,17,1
41,"u5",27,16,0
41,"u5",32,2,0
41,"u5",37,1,2
41,"u5",42,0,0
41,"u5",47,0,0
41,"u5",52,0,0
41,"u6",7,1,0
41,"u6",12,1,0
41,"u6",17,3,0
41,"u6",22,6,0
41,"u6",27,19,0
41,"u6",32,29,2
41,"u6",37,57,0
41,"u6",42,52,4
41,"u6",47,18,13
41,"u6",52,13,0
41,"u7",7,0,0
41,"u7",12,11,0
41,"u7",17,16,1
41,"u7",22,9,2
41,"u7",27,8,1
41,"u7",32,4,1
41,"u7",37,6,0
41,"u7",42,0,0
41,"u7",47,7,0
41,"u7",52,15,0
41,"u8",7,2,0
41,"u8",12,3,0
41,"u8",17,14,1
41,"u8",22,23,0
41,"u8",27,27,2
41,"u8",32,62,1
41,"u8",37,51,14
41,"u8",42,32,23
41,"u8",47,27,4
41,"u8",52,16,1
41,"u9",7,2,0
41,"u9",12,5,0
41,"u9",17,12,0
41,"u9",22,42,0
41,"u9",27,20,8
41,"u9",32,8,0
41,"u9",37,3,2
41,"u9",42,6,0
41,"u9",47,7,1
41,"u9",52,6,0
42,"u1",7,5,0
42,"u1",12,6,0
42,"u1",17,10,0
42,"u1",22,21,0
42,"u1",27,11,2
42,"u1",32,17,0
42,"u1",37,68,4
42,"u1",42,22,3
42,"u1",47,25,13
42,"u1",52,5,0
42,"u2",7,3,0
42,"u2",12,4,1
42,"u2",17,19,0
42,"u2",22,21,2
42,"u2",27,83,2
42,"u2",32,51,10
42,"u2",37,32,0
42,"u2",42,47,15
42,"u2",47,36,3
42,"u2",52,38,1
42,"u3",7,3,0
42,"u3",12,4,0
42,"u3",17,6,2
42,"u3",22,29,2
42,"u3",27,22,7
42,"u3",32,41,2
42,"u3",37,30,22
42,"u3",42,21,7
42,"u3",47,17,1
42,"u3",52,6,2
42,"u4",7,3,0
42,"u4",12,7,0
42,"u4",17,18,0
42,"u4",22,18,2
42,"u4",27,28,4
42,"u4",32,70,2
42,"u4",37,14,5
42,"u4",42,12,5
42,"u4",47,3,4
42,"u4",52,1,0
42,"u5",7,6,0
42,"u5",12,6,0
42,"u5",17,28,3
42,"u5",22,14,0
42,"u5",27,12,1
42,"u5",32,19,0
42,"u5",37,10,1
42,"u5",42,14,0
42,"u5",47,5,1
42,"u5",52,3,0
42,"u6",7,2,0
42,"u6",12,6,0
42,"u6",17,15,2
42,"u6",22,8,0
42,"u6",27,3,2
42,"u6",32,17,2
42,"u6",37,18,1
42,"u6",42,14,6
42,"u6",47,17,1
42,"u6",52,10,9
42,"u7",7,3,1
42,"u7",12,6,0
42,"u7",17,61,3
42,"u7",22,16,3
42,"u7",27,29,7
42,"u7",32,49,1
42,"u7",37,64,0
42,"u7",42,106,4
42,"u7",47,99,22
42,"u7",52,29,25
42,"u8",7,0,0
42,"u8",12,7,0
42,"u8",17,40,0
42,"u8",22,29,2
42,"u8",27,24,7
42,"u8",32,7,0
42,"u8",37,1,0
42,"u8",42,5,2
42,"u8",47,4,0
42,"u8",52,2,2
42,"u9",7,3,1
42,"u9",12,2,0
42,"u9",17,2,0
42,"u9",22,10,0
42,"u9",27,4,0
42,"u9",32,14,0
42,"u9",37,8,5
42,"u9",42,11,2
42,"u9",47,9,0
42,"u9",52,4,0
43,"u1",7,9,0
43,"u1",12,18,0
43,"u1",17,15,1
43,"u1",22,19,3
43,"u1",27,17,0
43,"u1",32,8,0
43,"u1",37,0,2
43,"u1",42,1,0
43,"u1",47,0,1
43,"u1",52,2,0
43,"u2",7,9,0
43,"u2",12,35,0
43,"u2",17,37,2
43,"u2",22,34,8
43,"u2",27,38,9
43,"u2",32,46,17
43,"u2",37,6,20
43,"u2",42,0,4
43,"u2",47,0,0
43,"u2",52,0,0
43,"u3",7,0,0
43,"u3",12,4,0
43,"u3",17,7,0
43,"u3",22,16,0
43,"u3",27,7,0
43,"u3",32,11,1
43,"u3",37,12,1
43,"u3",42,14,1
43,"u3",47,19,0
43,"u3",52,2,0
43,"u4",7,5,0
43,"u4",12,7,0
43,"u4",17,8,0
43,"u4",22,17,0
43,"u4",27,59,0
43,"u4",32,53,11
43,"u4",37,4,4
43,"u4",42,2,0
43,"u4",47,2,1
43,"u4",52,1,0
43,"u5",7,5,0
43,"u5",12,9,0
43,"u5",17,23,3
43,"u5",22,20,0
43,"u5",27,29,1
43,"u5",32,13,3
43,"u5",37,5,1
43,"u5",42,2,1
43,"u5",47,2,0
43,"u5",52,1,0
43,"u6",7,3,0
43,"u6",12,1,0
43,"u6",17,15,1
43,"u6",22,62,1
43,"u6",27,26,7
43,"u6",32,26,2
43,"u6",37,16,5
43,"u6",42,6,2
43,"u6",47,9,3
43,"u6",52,11,1
43,"u7",7,1,0
43,"u7",12,3,1
43,"u7",17,13,0
43,"u7",22,19,0
43,"u7",27,22,3
43,"u7",32,4,2
43,"u7",37,1,1
43,"u7",42,1,0
43,"u7",47,2,1
43,"u7",52,0,0
43,"u8",7,5,0
43,"u8",12,5,0
43,"u8",17,14,0
43,"u8",22,19,1
43,"u8",27,5,0
43,"u8",32,9,0
43,"u8",37,5,0
43,"u8",42,4,0
43,"u8",47,26,1
43,"u8",52,17,0
43,"u9",7,1,0
43,"u9",12,9,0
43,"u9",17,11,0
43,"u9",22,9,0
43,"u9",27,15,0
43,"u9",32,20,0
43,"u9",37,34,3
43,"u9",42,38,3
43,"u9",47,28,0
43,"u9",52,11,3
44,"u1",7,4,0
44,"u1",12,8,1
44,"u1",17,21,0
44,"u1",22,48,1
44,"u1",27,20,1
44,"u1",32,9,3
44,"u1",37,6,4
44,"u1",42,14,1
44,"u1",47,4,0
44,"u1",52,3,1
44,"u2",7,3,0
44,"u2",12,14,0
44,"u2",17,45,1
44,"u2",22,27,2
44,"u2",27,3,0
44,"u2",32,1,0
44,"u2",37,2,0
44,"u2",42,2,2
44,"u2",47,1,0
44,"u2",52,0,0
44,"u3",7,2,0
44,"u3",12,12,1
44,"u3",17,22,0
44,"u3",22,31,1
44,"u3",27,76,7
44,"u3",32,8,3
44,"u3",37,1,0
44,"u3",42,5,2
44,"u3",47,0,0
44,"u3",52,0,0
44,"u4",7,8,0
44,"u4",12,6,0
44,"u4",17,52,0
44,"u4",22,21,0
44,"u4",27,9,2
44,"u4",32,4,0
44,"u4",37,1,0
44,"u4",42,2,0
44,"u4",47,3,2
44,"u4",52,3,2
44,"u5",7,2,0
44,"u5",12,3,1
44,"u5",17,6,0
44,"u5",22,4,1
44,"u5",27,6,0
44,"u5",32,7,0
44,"u5",37,16,0
44,"u5",42,25,4
44,"u5",47,66,0
44,"u5",52,2,3
44,"u6",7,1,0
44,"u6",12,5,0
44,"u6",17,10,0
44,"u6",22,22,0
44,"u6",27,43,4
44,"u6",32,74,12
44,"u6",37,30,3
44,"u6",42,0,8
44,"u6",47,0,0
44,"u6",52,0,0
44,"u7",7,5,0
44,"u7",12,12,0
44,"u7",17,12,0
44,"u7",22,4,1
44,"u7",27,6,0
44,"u7",32,14,1
44,"u7",37,26,1
44,"u7",42,12,7
44,"u7",47,21,9
44,"u7",52,4,2
44,"u8",7,5,0
44,"u8",12,10,0
44,"u8",17,23,0
44,"u8",22,17,0
44,"u8",27,5,1
44,"u8",32,10,0
44,"u8",37,25,12
44,"u8",42,34,0
44,"u8",47,7,4
44,"u8",52,5,2
44,"u9",7,7,0
44,"u9",12,7,2
44,"u9",17,7,2
44,"u9",22,10,0
44,"u9",27,11,1
44,"u9",32,77,1
44,"u9",37,85,14
44,"u9",42,10,7
44,"u9",47,2,2
44,"u9",52,2,3
45,"u1",7,7,0
45,"u1",12,3,1
45,"u1",17,11,0
45,"u1",22,18,0
45,"u1",27,20,0
45,"u1",32,9,0
45,"u1",37,16,0
45,"u1",42,30,4
45,"u1",47,17,1
45,"u1",52,18,9
45,"u2",7,2,1
45,"u2",12,13,0
45,"u2",17,8,1
45,"u2",22,8,0
45,"u2",27,11,0
45,"u2",32,22,3
45,"u2",37,12,1
45,"u2",42,44,1
45,"u2",47,7,3
45,"u2",52,35,10
45,"u3",7,3,0
45,"u3",12,4,0
45,"u3",17,12,1
45,"u3",22,19,0
45,"u3",27,33,2
45,"u3",32,15,3
45,"u3",37,5,0
45,"u3",42,1,2
45,"u3",47,0,0
45,"u3",52,0,0
45,"u4",7,2,0
45,"u4",12,7,0
45,"u4",17,8,0
45,"u4",22,19,2
45,"u4",27,22,1
45,"u4",32,21,0
45,"u4",37,11,1
45,"u4",42,2,1
45,"u4",47,2,1
45,"u4",52,1,0
45,"u5",7,0,0
45,"u5",12,1,0
45,"u5",17,12,1
45,"u5",22,20,0
45,"u5",27,12,1
45,"u5",32,10,1
45,"u5",37,20,0
45,"u5",42,6,3
45,"u5",47,11,0
45,"u5",52,0,0
45,"u6",7,0,0
45,"u6",12,8,0
45,"u6",17,10,0
45,"u6",22,82,3
45,"u6",27,49,1
45,"u6",32,14,11
45,"u6",37,9,0
45,"u6",42,10,0
45,"u6",47,2,3
45,"u6",52,3,0
45,"u7",7,2,0
45,"u7",12,12,0
45,"u7",17,22,2
45,"u7",22,14,2
45,"u7",27,8,2
45,"u7",32,3,0
45,"u7",37,6,2
45,"u7",42,9,1
45,"u7",47,7,0
45,"u7",52,2,1
45,"u8",7,3,0
45,"u8",12,5,0
45,"u8",17,7,1
45,"u8",22,17,0
45,"u8",27,15,0
45,"u8",32,9,0
45,"u8",37,17,1
45,"u8",42,14,2
45,"u8",47,16,6
45,"u8",52,6,2
45,"u9",7,1,0
45,"u9",12,9,0
45,"u9",17,38,1
45,"u9",22,44,1
45,"u9",27,38,12
45,"u9",32,21,11
45,"u9",37,5,3
45,"u9",42,1,6
45,"u9",47,0,3
45,"u9",52,0,4
46,"u1",7,1,0
46,"u1",12,6,0
46,"u1",17,2,0
46,"u1",22,8,0
46,"u1",27,15,1
46,"u1",32,5,0
46,"u1",37,22,0
46,"u1",42,9,1
46,"u1",47,6,0
46,"u1",52,3,0
46,"u2",7,5,0
46,"u2",12,10,0
46,"u2",17,15,1
46,"u2",22,34,0
46,"u2",27,33,9
46,"u2",32,62,0
46,"u2",37,8,13
46,"u2",42,5,3
46,"u2",47,1,5
46,"u2",52,0,1
46,"u3",7,5,0
46,"u3",12,5,0
46,"u3",17,8,0
46,"u3",22,11,0
46,"u3",27,30,7
46,"u3",32,24,2
46,"u3",37,9,1
46,"u3",42,24,0
46,"u3",47,54,3
46,"u3",52,65,1
46,"u4",7,5,0
46,"u4",12,0,0
46,"u4",17,2,0
46,"u4",22,2,0
46,"u4",27,18,2
46,"u4",32,35,0
46,"u4",37,46,1
46,"u4",42,18,3
46,"u4",47,6,0
46,"u4",52,14,0
46,"u5",7,1,0
46,"u5",12,7,0
46,"u5",17,11,0
46,"u5",22,15,2
46,"u5",27,6,0
46,"u5",32,15,2
46,"u5",37,23,2
46,"u5",42,22,6
46,"u5",47,23,11
46,"u5",52,35,4
46,"u6",7,1,0
46,"u6",12,3,0
46,"u6",17,26,1
46,"u6",22,34,1
46,"u6",27,10,0
46,"u6",32,7,6
46,"u6",37,3,0
46,"u6",42,0,1
46,"u6",47,0,0
46,"u6",52,1,0
46,"u7",7,3,0
46,"u7",12,26,0
46,"u7",17,21,0
46,"u7",22,11,3
46,"u7",27,3,1
46,"u7",32,2,0
46,"u7",37,8,6
46,"u7",42,8,0
46,"u7",47,9,0
46,"u7",52,8,2
46,"u8",7,3,0
46,"u8",12,4,0
46,"u8",17,5,0
46,"u8",22,6,0
46,"u8",27,2,1
46,"u8",32,6,0
46,"u8",37,6,0
46,"u8",42,6,2
46,"u8",47,6,0
46,"u8",52,6,0
46,"u9",7,0,0
46,"u9",12,4,0
46,"u9",17,6,1
46,"u9",22,19,0
46,"u9",27,8,0
46,"u9",32,11,0
46,"u9",37,5,0
46,"u9",42,0,0
46,"u9",47,3,0
46,"u9",52,5,1
47,"u1",7,3,0
47,"u1",12,26,1
47,"u1",17,64,1
47,"u1",22,89,6
47,"u1",27,106,7
47,"u1",32,152,13
47,"u1",37,115,28
47,"u1",42,32,21
47,"u1",47,10,6
47,"u1",52,4,0
47,"u2",7,3,1
47,"u2",12,4,0
47,"u2",17,10,3
47,"u2",22,21,0
47,"u2",27,11,1
47,"u2",32,4,1
47,"u2",37,0,0
47,"u2",42,7,0
47,"u2",47,3,0
47,"u2",52,6,1
47,"u3",7,3,0
47,"u3",12,0,0
47,"u3",17,14,0
47,"u3",22,31,0
47,"u3",27,23,1
47,"u3",32,31,0
47,"u3",37,19,1
47,"u3",42,7,7
47,"u3",47,4,1
47,"u3",52,1,2
47,"u4",7,3,0
47,"u4",12,9,0
47,"u4",17,17,1
47,"u4",22,23,0
47,"u4",27,42,5
47,"u4",32,26,0
47,"u4",37,17,0
47,"u4",42,18,2
47,"u4",47,7,1
47,"u4",52,7,0
47,"u5",7,6,0
47,"u5",12,16,0
47,"u5",17,30,1
47,"u5",22,10,0
47,"u5",27,14,0
47,"u5",32,5,6
47,"u5",37,0,0
47,"u5",42,0,4
47,"u5",47,1,0
47,"u5",52,1,0
47,"u6",7,2,1
47,"u6",12,1,0
47,"u6",17,12,1
47,"u6",22,26,0
47,"u6",27,26,0
47,"u6",32,7,3
47,"u6",37,7,1
47,"u6",42,7,0
47,"u6",47,2,0
47,"u6",52,2,0
47,"u7",7,3,1
47,"u7",12,4,0
47,"u7",17,12,0
47,"u7",22,14,0
47,"u7",27,8,0
47,"u7",32,25,0
47,"u7",37,22,2
47,"u7",42,39,1
47,"u7",47,42,3
47,"u7",52,58,0
47,"u8",7,0,1
47,"u8",12,3,0
47,"u8",17,13,0
47,"u8",22,40,1
47,"u8",27,33,7
47,"u8",32,10,8
47,"u8",37,8,9
47,"u8",42,3,1
47,"u8",47,6,2
47,"u8",52,5,7
47,"u9",7,6,0
47,"u9",12,7,1
47,"u9",17,8,0
47,"u9",22,29,0
47,"u9",27,58,1
47,"u9",32,55,15
47,"u9",37,23,1
47,"u9",42,16,32
47,"u9",47,58,14
47,"u9",52,28,9
48,"u1",7,4,0
48,"u1",12,2,0
48,"u1",17,10,0
48,"u1",22,18,3
48,"u1",27,42,3
48,"u1",32,42,1
48,"u1",37,25,3
48,"u1",42,7,2
48,"u1",47,0,0
48,"u1",52,3,0
48,"u2",7,4,0
48,"u2",12,8,0
48,"u2",17,8,0
48,"u2",22,19,1
48,"u2",27,64,0
48,"u2",32,59,4
48,"u2",37,22,11
48,"u2",42,5,5
48,"u2",47,0,1
48,"u2",52,2,0
48,"u3",7,3,0
48,"u3",12,12,0
48,"u3",17,15,0
48,"u3",22,17,0
48,"u3",27,14,0
48,"u3",32,7,0
48,"u3",37,7,1
48,"u3",42,2,0
48,"u3",47,6,0
48,"u3",52,2,0
48,"u4",7,4,0
48,"u4",12,3,0
48,"u4",17,4,0
48,"u4",22,6,1
48,"u4",27,5,0
48,"u4",32,13,0
48,"u4",37,14,1
48,"u4",42,6,0
48,"u4",47,1,1
48,"u4",52,4,0
48,"u5",7,1,0
48,"u5",12,4,0
48,"u5",17,4,1
48,"u5",22,9,0
48,"u5",27,8,0
48,"u5",32,19,0
48,"u5",37,12,1
48,"u5",42,11,0
48,"u5",47,20,0
48,"u5",52,11,1
48,"u6",7,3,0
48,"u6",12,3,2
48,"u6",17,5,0
48,"u6",22,14,0
48,"u6",27,13,1
48,"u6",32,20,0
48,"u6",37,17,3
48,"u6",42,28,1
48,"u6",47,13,4
48,"u6",52,1,2
48,"u7",7,2,0
48,"u7",12,5,0
48,"u7",17,25,1
48,"u7",22,32,0
48,"u7",27,33,4
48,"u7",32,75,4
48,"u7",37,21,13
48,"u7",42,11,6
48,"u7",47,8,0
48,"u7",52,4,0
48,"u8",7,6,0
48,"u8",12,10,0
48,"u8",17,22,0
48,"u8",22,136,6
48,"u8",27,60,39
48,"u8",32,42,8
48,"u8",37,21,5
48,"u8",42,31,0
48,"u8",47,15,9
48,"u8",52,35,6
48,"u9",7,6,0
48,"u9",12,17,1
48,"u9",17,16,4
48,"u9",22,18,0
48,"u9",27,19,0
48,"u9",32,12,3
48,"u9",37,16,0
48,"u9",42,5,1
48,"u9",47,6,0
48,"u9",52,1,0
49,"u1",7,11,0
49,"u1",12,34,0
49,"u1",17,26,1
49,"u1",22,28,4
49,"u1",27,21,6
49,"u1",32,10,3
49,"u1",37,5,1
49,"u1",42,1,0
49,"u1",47,0,1
49,"u1",52,0,2
49,"u2",7,2,0
49,"u2",12,7,1
49,"u2",17,4,0
49,"u2",22,12,2
49,"u2",27,2,0
49,"u2",32,3,1
49,"u2",37,10,0
49,"u2",42,10,0
49,"u2",47,1,0
49,"u2",52,17,2
49,"u3",7,4,0
49,"u3",12,6,2
49,"u3",17,16,2
49,"u3",22,20,1
49,"u3",27,14,5
49,"u3",32,6,2
49,"u3",37,3,0
49,"u3",42,8,1
49,"u3",47,11,0
49,"u3",52,5,1
49,"u4",7,4,0
49,"u4",12,5,0
49,"u4",17,8,0
49,"u4",22,28,0
49,"u4",27,55,0
49,"u4",32,118,2
49,"u4",37,46,51
49,"u4",42,37,24
49,"u4",47,60,2
49,"u4",52,35,33
49,"u5",7,2,0
49,"u5",12,5,2
49,"u5",17,17,0
49,"u5",22,27,2
49,"u5",27,24,1
49,"u5",32,15,2
49,"u5",37,3,1
49,"u5",42,0,0
49,"u5",47,1,3
49,"u5",52,0,1
49,"u6",7,2,0
49,"u6",12,8,0
49,"u6",17,9,0
49,"u6",22,48,3
49,"u6",27,24,2
49,"u6",32,6,2
49,"u6",37,4,2
49,"u6",42,0,0
49,"u6",47,4,0
49,"u6",52,0,0
49,"u7",7,2,0
49,"u7",12,13,2
49,"u7",17,9,0
49,"u7",22,8,0
49,"u7",27,12,1
49,"u7",32,22,3
49,"u7",37,18,3
49,"u7",42,9,2
49,"u7",47,4,1
49,"u7",52,3,0
49,"u8",7,2,0
49,"u8",12,15,0
49,"u8",17,31,1
49,"u8",22,80,6
49,"u8",27,35,3
49,"u8",32,8,1
49,"u8",37,12,3
49,"u8",42,3,0
49,"u8",47,1,2
49,"u8",52,1,0
49,"u9",7,2,0
49,"u9",12,4,0
49,"u9",17,17,0
49,"u9",22,39,1
49,"u9",27,41,2
49,"u9",32,29,4
49,"u9",37,6,1
49,"u9",42,8,2
49,"u9",47,6,0
49,"u9",52,2,5
50,"u1",7,3,0
50,"u1",12,3,0
50,"u1",17,3,0
50,"u1",22,19,1
50,"u1",27,32,3
50,"u1",32,14,1
50,"u1",37,9,0
50,"u1",42,4,1
50,"u1",47,10,4
50,"u1",52,15,0
50,"u2",7,2,0
50,"u2",12,11,1
50,"u2",17,16,0
50,"u2",22,48,0
50,"u2",27,42,7
50,"u2",32,28,0
50,"u2",37,19,2
50,"u2",42,53,2
50,"u2",47,91,22
50,"u2",52,22,29
50,"u3",7,3,0
50,"u3",12,7,0
50,"u3",17,14,1
50,"u3",22,20,0
50,"u3",27,15,0
50,"u3",32,13,2
50,"u3",37,2,0
50,"u3",42,7,0
50,"u3",47,0,0
50,"u3",52,0,0
50,"u4",7,1,0
50,"u4",12,4,0
50,"u4",17,22,1
50,"u4",22,35,0
50,"u4",27,36,2
50,"u4",32,27,1
50,"u4",37,18,2
50,"u4",42,12,1
50,"u4",47,21,4
50,"u4",52,11,3
50,"u5",7,2,0
50,"u5",12,7,0
50,"u5",17,17,0
50,"u5",22,29,0
50,"u5",27,48,3
50,"u5",32,9,9
50,"u5",37,11,1
50,"u5",42,6,0
50,"u5",47,8,1
50,"u5",52,8,2
50,"u6",7,6,0
50,"u6",12,4,0
50,"u6",17,13,1
50,"u6",22,9,4
50,"u6",27,12,0
50,"u6",32,18,2
50,"u6",37,24,2
50,"u6",42,16,1
50,"u6",47,1,1
50,"u6",52,0,0
50,"u7",7,1,0
50,"u7",12,7,0
50,"u7",17,9,0
50,"u7",22,29,1
50,"u7",27,15,1
50,"u7",32,11,0
50,"u7",37,5,3
50,"u7",42,12,5
50,"u7",47,10,2
50,"u7",52,8,0
50,"u8",7,1,0
50,"u8",12,2,0
50,"u8",17,9,0
50,"u8",22,10,1
50,"u8",27,22,0
50,"u8",32,21,3
50,"u8",37,48,5
50,"u8",42,56,1
50,"u8",47,59,27
50,"u8",52,41,8
50,"u9",7,4,0
50,"u9",12,9,0
50,"u9",17,8,0
50,"u9",22,40,0
50,"u9",27,114,2
50,"u9",32,169,6
50,"u9",37,41,2
50,"u9",42,18,4
50,"u9",47,5,0
50,"u9",52,7,2
51,"u1",7,3,0
51,"u1",12,8,0
51,"u1",17,15,1
51,"u1",22,32,0
51,"u1",27,28,2
51,"u1",32,19,5
51,"u1",37,23,1
51,"u1",42,33,2
51,"u1",47,10,1
51,"u1",52,5,1
51,"u2",7,2,0
51,"u2",12,8,0
51,"u2",17,16,0
51,"u2",22,22,1
51,"u2",27,15,5
51,"u2",32,18,3
51,"u2",37,10,0
51,"u2",42,4,0
51,"u2",47,4,0
51,"u2",52,1,1
51,"u3",7,4,0
51,"u3",12,11,1
51,"u3",17,35,0
51,"u3",22,32,5
51,"u3",27,45,0
51,"u3",32,51,11
51,"u3",37,55,13
51,"u3",42,57,2
51,"u3",47,36,14
51,"u3",52,8,9
51,"u4",7,2,0
51,"u4",12,14,1
51,"u4",17,12,0
51,"u4",22,21,0
51,"u4",27,11,0
51,"u4",32,3,1
51,"u4",37,4,1
51,"u4",42,4,0
51,"u4",47,22,0
51,"u4",52,18,1
51,"u5",7,0,0
51,"u5",12,4,0
51,"u5",17,10,0
51,"u5",22,71,0
51,"u5",27,90,0
51,"u5",32,164,5
51,"u5",37,79,16
51,"u5",42,18,5
51,"u5",47,6,1
51,"u5",52,2,1
51,"u6",7,5,0
51,"u6",12,12,1
51,"u6",17,46,0
51,"u6",22,21,2
51,"u6",27,14,3
51,"u6",32,6,6
51,"u6",37,7,3
51,"u6",42,5,3
51,"u6",47,2,0
51,"u6",52,0,1
51,"u7",7,3,0
51,"u7",12,12,0
51,"u7",17,19,0
51,"u7",22,27,3
51,"u7",27,38,1
51,"u7",32,10,2
51,"u7",37,13,3
51,"u7",42,5,6
51,"u7",47,5,8
51,"u7",52,0,2
51,"u8",7,1,0
51,"u8",12,0,0
51,"u8",17,9,1
51,"u8",22,34,0
51,"u8",27,28,0
51,"u8",32,5,1
51,"u8",37,12,0
51,"u8",42,7,0
51,"u8",47,4,2
51,"u8",52,7,6
51,"u9",7,2,0
51,"u9",12,5,0
51,"u9",17,44,1
51,"u9",22,79,1
51,"u9",27,23,8
51,"u9",32,5,5
51,"u9",37,1,0
51,"u9",42,1,0
51,"u9",47,0,0
51,"u9",52,0,0
52,"u1",7,8,1
52,"u1",12,10,0
52,"u1",17,37,1
52,"u1",22,30,0
52,"u1",27,35,1
52,"u1",32,20,1
52,"u1",37,21,7
52,"u1",42,9,0
52,"u1",47,5,0
52,"u1",52,5,1
52,"u2",7,8,0
52,"u2",12,17,0
52,"u2",17,25,0
52,"u2",22,53,7
52,"u2",27,9,12
52,"u2",32,5,9
52,"u2",37,15,8
52,"u2",42,7,1
52,"u2",47,0,2
52,"u2",52,0,0
52,"u3",7,2,0
52,"u3",12,4,0
52,"u3",17,28,0
52,"u3",22,14,4
52,"u3",27,8,5
52,"u3",32,10,0
52,"u3",37,2,0
52,"u3",42,2,0
52,"u3",47,0,0
52,"u3",52,0,1
52,"u4",7,6,0
52,"u4",12,10,0
52,"u4",17,11,1
52,"u4",22,15,0
52,"u4",27,22,3
52,"u4",32,48,3
52,"u4",37,21,2
52,"u4",42,3,14
52,"u4",47,2,6
52,"u4",52,0,0
52,"u5",7,2,0
52,"u5",12,8,0
52,"u5",17,10,2
52,"u5",22,9,0
52,"u5",27,18,2
52,"u5",32,29,2
52,"u5",37,32,1
52,"u5",42,11,0
52,"u5",47,5,1
52,"u5",52,1,1
52,"u6",7,8,0
52,"u6",12,6,0
52,"u6",17,29,0
52,"u6",22,44,1
52,"u6",27,39,1
52,"u6",32,24,2
52,"u6",37,9,3
52,"u6",42,3,2
52,"u6",47,12,0
52,"u6",52,0,0
52,"u7",7,5,0
52,"u7",12,5,1
52,"u7",17,14,1
52,"u7",22,15,1
52,"u7",27,12,1
52,"u7",32,5,0
52,"u7",37,9,0
52,"u7",42,4,1
52,"u7",47,1,0
52,"u7",52,2,0
52,"u8",7,4,0
52,"u8",12,4,0
52,"u8",17,9,2
52,"u8",22,7,0
52,"u8",27,7,1
52,"u8",32,23,2
52,"u8",37,32,12
52,"u8",42,19,0
52,"u8",47,5,1
52,"u8",52,2,0
52,"u9",7,6,0
52,"u9",12,21,0
52,"u9",17,28,0
52,"u9",22,26,1
52,"u9",27,37,9
52,"u9",32,12,0
52,"u9",37,8,0
52,"u9",42,2,6
52,"u9",47,2,0
52,"u9",52,1,2
53,"u1",7,2,0
53,"u1",12,4,0
53,"u1",17,7,1
53,"u1",22,2,0
53,"u1",27,6,0
53,"u1",32,5,0
53,"u1",37,12,0
53,"u1",42,3,0
53,"u1",47,0,0
53,"u1",52,9,0
53,"u2",7,3,0
53,"u2",12,13,1
53,"u2",17,24,1
53,"u2",22,33,2
53,"u2",27,10,0
53,"u2",32,3,0
53,"u2",37,0,0
53,"u2",42,0,0
53,"u2",47,0,0
53,"u2",52,1,0
53,"u3",7,5,0
53,"u3",12,9,0
53,"u3",17,10,0
53,"u3",22,19,0
53,"u3",27,16,1
53,"u3",32,18,1
53,"u3",37,17,5
53,"u3",42,28,2
53,"u3",47,26,0
53,"u3",52,4,0
53,"u4",7,5,0
53,"u4",12,10,1
53,"u4",17,23,1
53,"u4",22,62,3
53,"u4",27,159,4
53,"u4",32,47,8
53,"u4",37,9,0
53,"u4",42,14,4
53,"u4",47,3,0
53,"u4",52,4,1
53,"u5",7,2,0
53,"u5",12,6,0
53,"u5",17,39,2
53,"u5",22,10,5
53,"u5",27,7,0
53,"u5",32,1,1
53,"u5",37,4,0
53,"u5",42,4,0
53,"u5",47,6,1
53,"u5",52,1,0
53,"u6",7,4,0
53,"u6",12,10,0
53,"u6",17,13,0
53,"u6",22,42,0
53,"u6",27,36,2
53,"u6",32,5,3
53,"u6",37,5,0
53,"u6",42,3,0
53,"u6",47,2,0
53,"u6",52,2,1
53,"u7",7,3,0
53,"u7",12,0,0
53,"u7",17,10,1
53,"u7",22,14,0
53,"u7",27,15,1
53,"u7",32,23,0
53,"u7",37,20,1
53,"u7",42,25,7
53,"u7",47,50,0
53,"u7",52,32,0
53,"u8",7,0,0
53,"u8",12,4,0
53,"u8",17,10,1
53,"u8",22,29,4
53,"u8",27,24,0
53,"u8",32,17,0
53,"u8",37,18,1
53,"u8",42,51,2
53,"u8",47,48,5
53,"u8",52,20,11
53,"u9",7,2,0
53,"u9",12,5,0
53,"u9",17,8,0
53,"u9",22,5,0
53,"u9",27,14,1
53,"u9",32,35,1
53,"u9",37,12,1
53,"u9",42,15,0
53,"u9",47,5,2
53,"u9",52,6,5
54,"u1",7,2,0
54,"u1",12,3,0
54,"u1",17,9,0
54,"u1",22,13,5
54,"u1",27,12,0
54,"u1",32,4,1
54,"u1",37,1,0
54,"u1",42,2,0
54,"u1",47,0,0
54,"u1",52,0,0
54,"u2",7,6,0
54,"u2",12,8,0
54,"u2",17,20,0
54,"u2",22,15,0
54,"u2",27,21,2
54,"u2",32,14,6
54,"u2",37,5,0
54,"u2",42,1,9
54,"u2",47,2,2
54,"u2",52,0,1
54,"u3",7,3,0
54,"u3",12,14,0
54,"u3",17,22,1
54,"u3",22,16,1
54,"u3",27,3,0
54,"u3",32,0,1
54,"u3",37,0,3
54,"u3",42,0,0
54,"u3",47,0,0
54,"u3",52,1,1
54,"u4",7,1,0
54,"u4",12,1,0
54,"u4",17,7,0
54,"u4",22,46,0
54,"u4",27,19,1
54,"u4",32,11,0
54,"u4",37,32,4
54,"u4",42,37,2
54,"u4",47,37,16
54,"u4",52,5,9
54,"u5",7,3,0
54,"u5",12,17,0
54,"u5",17,20,2
54,"u5",22,24,1
54,"u5",27,5,2
54,"u5",32,3,0
54,"u5",37,0,0
54,"u5",42,2,0
54,"u5",47,1,0
54,"u5",52,1,0
54,"u6",7,0,0
54,"u6",12,13,0
54,"u6",17,14,1
54,"u6",22,7,1
54,"u6",27,5,0
54,"u6",32,6,0
54,"u6",37,5,0
54,"u6",42,22,0
54,"u6",47,19,0
54,"u6",52,17,4
54,"u7",7,4,0
54,"u7",12,2,0
54,"u7",17,8,0
54,"u7",22,6,0
54,"u7",27,21,0
54,"u7",32,17,2
54,"u7",37,3,0
54,"u7",42,9,2
54,"u7",47,3,4
54,"u7",52,5,8
54,"u8",7,1,0
54,"u8",12,6,0
54,"u8",17,13,0
54,"u8",22,10,0
54,"u8",27,9,8
54,"u8",32,31,0
54,"u8",37,10,2
54,"u8",42,5,1
54,"u8",47,5,1
54,"u8",52,4,0
54,"u9",7,1,0
54,"u9",12,2,0
54,"u9",17,2,1
54,"u9",22,22,1
54,"u9",27,32,2
54,"u9",32,51,2
54,"u9",37,31,28
54,"u9",42,31,3
54,"u9",47,4,3
54,"u9",52,8,0
55,"u1",7,4,0
55,"u1",12,9,0
55,"u1",17,15,1
55,"u1",22,20,0
55,"u1",27,16,0
55,"u1",32,14,0
55,"u1",37,16,3
55,"u1",42,9,1
55,"u1",47,26,3
55,"u1",52,8,0
55,"u2",7,3,0
55,"u2",12,8,1
55,"u2",17,37,0
55,"u2",22,52,0
55,"u2",27,59,3
55,"u2",32,62,22
55,"u2",37,133,14
55,"u2",42,46,25
55,"u2",47,16,0
55,"u2",52,5,2
55,"u3",7,1,0
55,"u3",12,6,0
55,"u3",17,3,1
55,"u3",22,13,0
55,"u3",27,15,1
55,"u3",32,4,4
55,"u3",37,3,1
55,"u3",42,4,1
55,"u3",47,24,5
55,"u3",52,18,4
55,"u4",7,5,0
55,"u4",12,29,2
55,"u4",17,19,0
55,"u4",22,16,1
55,"u4",27,7,0
55,"u4",32,5,1
55,"u4",37,7,1
55,"u4",42,0,0
55,"u4",47,1,0
55,"u4",52,1,0
55,"u5",7,2,0
55,"u5",12,8,0
55,"u5",17,23,0
55,"u5",22,23,2
55,"u5",27,15,0
55,"u5",32,16,0
55,"u5",37,6,3
55,"u5",42,5,2
55,"u5",47,3,1
55,"u5",52,3,0
55,"u6",7,1,0
55,"u6",12,17,0
55,"u6",17,53,1
55,"u6",22,31,0
55,"u6",27,16,7
55,"u6",32,20,11
55,"u6",37,28,1
55,"u6",42,94,5
55,"u6",47,31,5
55,"u6",52,37,0
55,"u7",7,11,0
55,"u7",12,14,0
55,"u7",17,29,0
55,"u7",22,58,6
55,"u7",27,36,3
55,"u7",32,9,4
55,"u7",37,6,20
55,"u7",42,5,0
55,"u7",47,1,0
55,"u7",52,2,0
55,"u8",7,1,0
55,"u8",12,2,0
55,"u8",17,9,0
55,"u8",22,6,1
55,"u8",27,5,1
55,"u8",32,16,2
55,"u8",37,17,1
55,"u8",42,31,0
55,"u8",47,7,0
55,"u8",52,4,2
55,"u9",7,5,0
55,"u9",12,15,0
55,"u9",17,12,0
55,"u9",22,14,1
55,"u9",27,39,0
55,"u9",32,50,14
55,"u9",37,14,10
55,"u9",42,3,5
55,"u9",47,2,0
55,"u9",52,0,0
56,"u1",7,3,0
56,"u1",12,2,0
56,"u1",17,8,0
56,"u1",22,7,1
56,"u1",27,7,0
56,"u1",32,4,0
56,"u1",37,28,1
56,"u1",42,28,0
56,"u1",47,21,1
56,"u1",52,12,1
56,"u2",7,3,0
56,"u2",12,16,0
56,"u2",17,5,6
56,"u2",22,33,4
56,"u2",27,14,1
56,"u2",32,52,0
56,"u2",37,34,10
56,"u2",42,38,20
56,"u2",47,8,17
56,"u2",52,0,6
56,"u3",7,2,0
56,"u3",12,3,0
56,"u3",17,7,0
56,"u3",22,16,1
56,"u3",27,15,2
56,"u3",32,21,1
56,"u3",37,4,6
56,"u3",42,14,2
56,"u3",47,16,0
56,"u3",52,9,5
56,"u4",7,10,0
56,"u4",12,6,1
56,"u4",17,18,1
56,"u4",22,6,0
56,"u4",27,12,1
56,"u4",32,3,1
56,"u4",37,12,5
56,"u4",42,7,0
56,"u4",47,5,0
56,"u4",52,3,0
56,"u5",7,5,0
56,"u5",12,13,0
56,"u5",17,17,0
56,"u5",22,10,0
56,"u5",27,10,0
56,"u5",32,16,2
56,"u5",37,18,0
56,"u5",42,8,2
56,"u5",47,9,1
56,"u5",52,11,4
56,"u6",7,4,0
56,"u6",12,12,0
56,"u6",17,7,1
56,"u6",22,41,5
56,"u6",27,14,4
56,"u6",32,3,1
56,"u6",37,2,1
56,"u6",42,0,0
56,"u6",47,0,0
56,"u6",52,0,0
56,"u7",7,5,0
56,"u7",12,6,0
56,"u7",17,10,0
56,"u7",22,19,0
56,"u7",27,18,0
56,"u7",32,18,0
56,"u7",37,26,9
56,"u7",42,10,6
56,"u7",47,7,0
56,"u7",52,1,0
56,"u8",7,4,0
56,"u8",12,6,0
56,"u8",17,11,1
56,"u8",22,21,0
56,"u8",27,40,3
56,"u8",32,16,1
56,"u8",37,6,1
56,"u8",42,2,0
56,"u8",47,0,0
56,"u8",52,0,0
56,"u9",7,4,0
56,"u9",12,4,0
56,"u9",17,5,0
56,"u9",22,9,0
56,"u9",27,8,1
56,"u9",32,18,2
56,"u9",37,23,2
56,"u9",42,12,4
56,"u9",47,7,0
56,"u9",52,11,0
57,"u1",7,1,0
57,"u1",12,10,1
57,"u1",17,15,0
57,"u1",22,46,5
57,"u1",27,60,1
57,"u1",32,40,13
57,"u1",37,13,4
57,"u1",42,12,0
57,"u1",47,14,0
57,"u1",52,7,1
57,"u2",7,3,1
57,"u2",12,7,0
57,"u2",17,6,0
57,"u2",22,12,1
57,"u2",27,16,1
57,"u2",32,21,0
57,"u2",37,16,0
57,"u2",42,10,18
57,"u2",47,5,0
57,"u2",52,1,1
57,"u3",7,9,0
57,"u3",12,24,0
57,"u3",17,26,0
57,"u3",22,47,4
57,"u3",27,20,0
57,"u3",32,6,2
57,"u3",37,5,0
57,"u3",42,17,2
57,"u3",47,10,1
57,"u3",52,4,0
57,"u4",7,4,0
57,"u4",12,12,0
57,"u4",17,12,2
57,"u4",22,15,1
57,"u4",27,8,1
57,"u4",32,7,1
57,"u4",37,4,4
57,"u4",42,1,0
57,"u4",47,2,0
57,"u4",52,2,1
57,"u5",7,3,0
57,"u5",12,6,0
57,"u5",17,12,0
57,"u5",22,24,1
57,"u5",27,36,3
57,"u5",32,44,2
57,"u5",37,14,0
57,"u5",42,1,1
57,"u5",47,0,1
57,"u5",52,0,0
57,"u6",7,2,0
57,"u6",12,16,0
57,"u6",17,49,0
57,"u6",22,24,6
57,"u6",27,20,0
57,"u6",32,8,7
57,"u6",37,5,12
57,"u6",42,0,3
57,"u6",47,1,1
57,"u6",52,0,3
57,"u7",7,5,0
57,"u7",12,26,0
57,"u7",17,77,5
57,"u7",22,34,11
57,"u7",27,4,0
57,"u7",32,4,3
57,"u7",37,1,0
57,"u7",42,0,0
57,"u7",47,0,0
57,"u7",52,0,0
57,"u8",7,6,0
57,"u8",12,2,2
57,"u8",17,5,1
57,"u8",22,2,1
57,"u8",27,5,0
57,"u8",32,3,2
57,"u8",37,8,0
57,"u8",42,7,1
57,"u8",47,4,4
57,"u8",52,4,0
57,"u9",7,5,0
57,"u9",12,13,1
57,"u9",17,26,6
57,"u9",22,11,2
57,"u9",27,7,0
57,"u9",32,2,1
57,"u9",37,2,0
57,"u9",42,1,0
57,"u9",47,0,1
57,"u9",52,0,0
58,"u1",7,0,0
58,"u1",12,6,0
58,"u1",17,7,2
58,"u1",22,18,0
58,"u1",27,14,0
58,"u1",32,12,0
58,"u1",37,8,1
58,"u1",42,18,1
58,"u1",47,13,0
58,"u1",52,8,1
58,"u2",7,2,0
58,"u2",12,6,1
58,"u2",17,37,2
58,"u2",22,29,0
58,"u2",27,19,1
58,"u2",32,22,0
58,"u2",37,5,1
58,"u2",42,1,16
58,"u2",47,0,1
58,"u2",52,0,0
58,"u3",7,3,0
58,"u3",12,6,0
58,"u3",17,10,0
58,"u3",22,1,0
58,"u3",27,18,0
58,"u3",32,9,0
58,"u3",37,11,0
58,"u3",42,19,5
58,"u3",47,18,10
58,"u3",52,9,1
58,"u4",7,2,0
58,"u4",12,10,0
58,"u4",17,23,0
58,"u4",22,11,0
58,"u4",27,11,0
58,"u4",32,4,0
58,"u4",37,2,1
58,"u4",42,3,0
58,"u4",47,3,0
58,"u4",52,2,0
58,"u5",7,4,0
58,"u5",12,7,0
58,"u5",17,24,1
58,"u5",22,28,0
58,"u5",27,9,2
58,"u5",32,14,1
58,"u5",37,7,1
58,"u5",42,10,0
58,"u5",47,10,1
58,"u5",52,6,3
58,"u6",7,4,0
58,"u6",12,4,0
58,"u6",17,11,2
58,"u6",22,12,0
58,"u6",27,36,0
58,"u6",32,15,0
58,"u6",37,9,0
58,"u6",42,6,0
58,"u6",47,2,2
58,"u6",52,4,0
58,"u7",7,5,0
58,"u7",12,13,0
58,"u7",17,8,0
58,"u7",22,16,0
58,"u7",27,15,0
58,"u7",32,18,5
58,"u7",37,23,2
58,"u7",42,11,0
58,"u7",47,6,5
58,"u7",52,8,8
58,"u8",7,7,0
58,"u8",12,23,0
58,"u8",17,14,0
58,"u8",22,4,0
58,"u8",27,3,0
58,"u8",32,3,0
58,"u8",37,4,0
58,"u8",42,0,0
58,"u8",47,0,0
58,"u8",52,0,0
58,"u9",7,6,0
58,"u9",12,3,0
58,"u9",17,17,0
58,"u9",22,28,0
58,"u9",27,27,0
58,"u9",32,30,5
58,"u9",37,24,1
58,"u9",42,11,2
58,"u9",47,2,5
58,"u9",52,2,2
59,"u1",7,1,0
59,"u1",12,2,0
59,"u1",17,18,0
59,"u1",22,14,0
59,"u1",27,11,1
59,"u1",32,18,6
59,"u1",37,8,0
59,"u1",42,7,1
59,"u1",47,7,0
59,"u1",52,1,0
59,"u2",7,4,0
59,"u2",12,8,0
59,"u2",17,18,3
59,"u2",22,25,5
59,"u2",27,19,2
59,"u2",32,11,6
59,"u2",37,2,0
59,"u2",42,1,1
59,"u2",47,3,0
59,"u2",52,1,0
59,"u3",7,4,0
59,"u3",12,10,0
59,"u3",17,20,1
59,"u3",22,26,2
59,"u3",27,14,1
59,"u3",32,14,2
59,"u3",37,48,0
59,"u3",42,17,10
59,"u3",47,6,2
59,"u3",52,1,0
59,"u4",7,10,0
59,"u4",12,23,2
59,"u4",17,21,0
59,"u4",22,12,1
59,"u4",27,36,0
59,"u4",32,59,2
59,"u4",37,56,4
59,"u4",42,129,21
59,"u4",47,48,32
59,"u4",52,196,13
59,"u5",7,8,0
59,"u5",12,6,0
59,"u5",17,28,1
59,"u5",22,26,1
59,"u5",27,15,0
59,"u5",32,7,0
59,"u5",37,6,3
59,"u5",42,20,1
59,"u5",47,9,2
59,"u5",52,3,0
59,"u6",7,6,0
59,"u6",12,25,0
59,"u6",17,51,0
59,"u6",22,19,4
59,"u6",27,9,0
59,"u6",32,3,0
59,"u6",37,1,0
59,"u6",42,1,1
59,"u6",47,2,0
59,"u6",52,1,0
59,"u7",7,3,0
59,"u7",12,4,0
59,"u7",17,18,1
59,"u7",22,126,1
59,"u7",27,35,6
59,"u7",32,19,1
59,"u7",37,10,7
59,"u7",42,9,3
59,"u7",47,1,4
59,"u7",52,0,1
59,"u8",7,4,0
59,"u8",12,16,0
59,"u8",17,36,0
59,"u8",22,32,2
59,"u8",27,14,5
59,"u8",32,1,3
59,"u8",37,0,0
59,"u8",42,0,0
59,"u8",47,0,1
59,"u8",52,1,0
59,"u9",7,1,0
59,"u9",12,1,0
59,"u9",17,6,0
59,"u9",22,8,0
59,"u9",27,22,0
59,"u9",32,5,2
59,"u9",37,1,1
59,"u9",42,2,0
59,"u9",47,6,1
59,"u9",52,1,0
60,"u1",7,1,0
60,"u1",12,25,0
60,"u1",17,12,0
60,"u1",22,8,3
60,"u1",27,6,1
60,"u1",32,15,0
60,"u1",37,4,5
60,"u1",42,4,1
60,"u1",47,2,0
60,"u1",52,3,0
60,"u2",7,5,0
60,"u2",12,3,0
60,"u2",17,15,2
60,"u2",22,9,6
60,"u2",27,36,0
60,"u2",32,15,1
60,"u2",37,6,3
60,"u2",42,8,0
60,"u2",47,7,0
60,"u2",52,4,2
60,"u3",7,5,0
60,"u3",12,3,0
60,"u3",17,8,0
60,"u3",22,31,3
60,"u3",27,37,5
60,"u3",32,12,3
60,"u3",37,0,1
60,"u3",42,0,1
60,"u3",47,1,2
60,"u3",52,0,0
60,"u4",7,2,0
60,"u4",12,25,2
60,"u4",17,26,0
60,"u4",22,29,0
60,"u4",27,27,5
60,"u4",32,12,1
60,"u4",37,13,1
60,"u4",42,9,1
60,"u4",47,2,1
60,"u4",52,3,1
60,"u5",7,5,0
60,"u5",12,4,0
60,"u5",17,9,0
60,"u5",22,19,1
60,"u5",27,99,2
60,"u5",32,51,7
60,"u5",37,15,10
60,"u5",42,2,0
60,"u5",47,2,0
60,"u5",52,2,0
60,"u6",7,3,0
60,"u6",12,1,0
60,"u6",17,4,0
60,"u6",22,7,0
60,"u6",27,12,0
60,"u6",32,16,0
60,"u6",37,4,0
60,"u6",42,2,1
60,"u6",47,13,1
60,"u6",52,12,0
60,"u7",7,5,1
60,"u7",12,3,0
60,"u7",17,7,1
60,"u7",22,11,0
60,"u7",27,39,1
60,"u7",32,74,2
60,"u7",37,77,23
60,"u7",42,86,0
60,"u7",47,46,19
60,"u7",52,23,3
60,"u8",7,3,0
60,"u8",12,9,0
60,"u8",17,31,2
60,"u8",22,67,14
60,"u8",27,51,4
60,"u8",32,19,6
60,"u8",37,5,3
60,"u8",42,3,2
60,"u8",47,2,0
60,"u8",52,0,0
60,"u9",7,2,0
60,"u9",12,4,0
60,"u9",17,7,0
60,"u9",22,10,0
60,"u9",27,17,1
60,"u9",32,24,7
60,"u9",37,23,0
60,"u9",42,12,4
60,"u9",47,12,2
60,"u9",52,1,1
61,"u1",7,4,0
61,"u1",12,11,0
61,"u1",17,5,0
61,"u1",22,6,0
61,"u1",27,17,0
61,"u1",32,2,1
61,"u1",37,4,1
61,"u1",42,9,0
61,"u1",47,26,2
61,"u1",52,27,5
61,"u2",7,5,0
61,"u2",12,6,0
61,"u2",17,10,1
61,"u2",22,17,0
61,"u2",27,9,2
61,"u2",32,16,0
61,"u2",37,72,1
61,"u2",42,54,30
61,"u2",47,20,5
61,"u2",52,28,5
61,"u3",7,1,0
61,"u3",12,10,1
61,"u3",17,5,1
61,"u3",22,7,0
61,"u3",27,3,0
61,"u3",32,8,1
61,"u3",37,10,1
61,"u3",42,8,0
61,"u3",47,5,3
61,"u3",52,3,2
61,"u4",7,4,0
61,"u4",12,12,0
61,"u4",17,44,1
61,"u4",22,56,6
61,"u4",27,61,4
61,"u4",32,11,5
61,"u4",37,3,0
61,"u4",42,0,12
61,"u4",47,0,1
61,"u4",52,0,2
61,"u5",7,0,0
61,"u5",12,5,0
61,"u5",17,6,0
61,"u5",22,16,1
61,"u5",27,17,0
61,"u5",32,14,0
61,"u5",37,8,1
61,"u5",42,16,1
61,"u5",47,4,3
61,"u5",52,1,0
61,"u6",7,4,0
61,"u6",12,10,0
61,"u6",17,17,0
61,"u6",22,20,1
61,"u6",27,29,2
61,"u6",32,21,1
61,"u6",37,16,0
61,"u6",42,8,1
61,"u6",47,5,1
61,"u6",52,9,0
61,"u7",7,1,0
61,"u7",12,8,0
61,"u7",17,12,1
61,"u7",22,23,0
61,"u7",27,14,0
61,"u7",32,19,0
61,"u7",37,11,2
61,"u7",42,10,3
61,"u7",47,10,0
61,"u7",52,4,1
61,"u8",7,2,0
61,"u8",12,23,0
61,"u8",17,32,0
61,"u8",22,61,0
61,"u8",27,45,13
61,"u8",32,26,4
61,"u8",37,11,17
61,"u8",42,4,4
61,"u8",47,6,0
61,"u8",52,4,1
61,"u9",7,2,0
61,"u9",12,2,0
61,"u9",17,34,1
61,"u9",22,33,3
61,"u9",27,9,1
61,"u9",32,3,0
61,"u9",37,3,1
61,"u9",42,3,2
61,"u9",47,4,0
61,"u9",52,3,1
62,"u1",7,3,0
62,"u1",12,14,0
62,"u1",17,19,0
62,"u1",22,19,2
62,"u1",27,24,0
62,"u1",32,9,0
62,"u1",37,4,0
62,"u1",42,1,1
62,"u1",47,3,0
62,"u1",52,0,1
62,"u2",7,2,0
62,"u2",12,6,0
62,"u2",17,3,2
62,"u2",22,6,3
62,"u2",27,11,0
62,"u2",32,2,0
62,"u2",37,3,0
62,"u2",42,2,0
62,"u2",47,1,0
62,"u2",52,1,0
62,"u3",7,1,0
62,"u3",12,2,0
62,"u3",17,5,0
62,"u3",22,10,1
62,"u3",27,35,0
62,"u3",32,26,5
62,"u3",37,22,1
62,"u3",42,13,1
62,"u3",47,39,1
62,"u3",52,10,0
62,"u4",7,2,0
62,"u4",12,13,0
62,"u4",17,19,1
62,"u4",22,54,6
62,"u4",27,94,2
62,"u4",32,49,3
62,"u4",37,32,6
62,"u4",42,6,6
62,"u4",47,5,1
62,"u4",52,0,3
62,"u5",7,4,0
62,"u5",12,17,0
62,"u5",17,25,1
62,"u5",22,25,4
62,"u5",27,22,2
62,"u5",32,3,8
62,"u5",37,3,0
62,"u5",42,4,1
62,"u5",47,2,0
62,"u5",52,3,0
62,"u6",7,3,0
62,"u6",12,4,1
62,"u6",17,10,0
62,"u6",22,12,2
62,"u6",27,8,0
62,"u6",32,11,0
62,"u6",37,3,0
62,"u6",42,6,0
62,"u6",47,5,0
62,"u6",52,11,4
62,"u7",7,5,0
62,"u7",12,17,1
62,"u7",17,11,0
62,"u7",22,11,1
62,"u7",27,7,1
62,"u7",32,3,3
62,"u7",37,2,2
62,"u7",42,6,1
62,"u7",47,4,1
62,"u7",52,3,0
62,"u8",7,3,0
62,"u8",12,1,0
62,"u8",17,7,0
62,"u8",22,46,1
62,"u8",27,26,1
62,"u8",32,22,6
62,"u8",37,7,0
62,"u8",42,45,3
62,"u8",47,20,3
62,"u8",52,4,0
62,"u9",7,3,0
62,"u9",12,6,0
62,"u9",17,19,2
62,"u9",22,24,1
62,"u9",27,6,2
62,"u9",32,8,9
62,"u9",37,1,0
62,"u9",42,1,1
62,"u9",47,0,0
62,"u9",52,0,0
63,"u1",7,5,0
63,"u1",12,13,0
63,"u1",17,87,1
63,"u1",22,75,5
63,"u1",27,50,1
63,"u1",32,15,3
63,"u1",37,2,21
63,"u1",42,5,0
63,"u1",47,0,2
63,"u1",52,1,0
63,"u2",7,1,0
63,"u2",12,3,0
63,"u2",17,10,0
63,"u2",22,10,0
63,"u2",27,6,0
63,"u2",32,15,2
63,"u2",37,7,3
63,"u2",42,3,1
63,"u2",47,6,0
63,"u2",52,4,1
63,"u3",7,2,0
63,"u3",12,7,0
63,"u3",17,14,0
63,"u3",22,12,0
63,"u3",27,15,0
63,"u3",32,16,0
63,"u3",37,5,1
63,"u3",42,6,2
63,"u3",47,1,0
63,"u3",52,3,0
63,"u4",7,3,0
63,"u4",12,3,0
63,"u4",17,9,0
63,"u4",22,14,2
63,"u4",27,82,0
63,"u4",32,68,13
63,"u4",37,21,1
63,"u4",42,13,3
63,"u4",47,4,2
63,"u4",52,1,0
63,"u5",7,6,1
63,"u5",12,16,0
63,"u5",17,36,0
63,"u5",22,39,4
63,"u5",27,31,2
63,"u5",32,26,6
63,"u5",37,10,4
63,"u5",42,6,0
63,"u5",47,0,1
63,"u5",52,0,2
63,"u6",7,5,0
63,"u6",12,4,0
63,"u6",17,7,0
63,"u6",22,25,0
63,"u6",27,25,0
63,"u6",32,18,0
63,"u6",37,15,8
63,"u6",42,4,1
63,"u6",47,2,0
63,"u6",52,2,3
63,"u7",7,9,0
63,"u7",12,14,0
63,"u7",17,13,0
63,"u7",22,20,1
63,"u7",27,19,2
63,"u7",32,21,2
63,"u7",37,14,6
63,"u7",42,8,3
63,"u7",47,5,0
63,"u7",52,2,0
63,"u8",7,5,0
63,"u8",12,2,0
63,"u8",17,16,1
63,"u8",22,9,0
63,"u8",27,9,1
63,"u8",32,23,0
63,"u8",37,46,3
63,"u8",42,24,8
63,"u8",47,12,1
63,"u8",52,6,1
63,"u9",7,0,0
63,"u9",12,5,1
63,"u9",17,1,1
63,"u9",22,18,0
63,"u9",27,12,0
63,"u9",32,12,0
63,"u9",37,8,0
63,"u9",42,2,0
63,"u9",47,11,1
63,"u9",52,7,1
64,"u1",7,1,0
64,"u1",12,11,0
64,"u1",17,18,0
64,"u1",22,10,0
64,"u1",27,11,5
64,"u1",32,4,7
64,"u1",37,0,0
64,"u1",42,2,0
64,"u1",47,0,1
64,"u1",52,0,0
64,"u2",7,1,0
64,"u2",12,4,0
64,"u2",17,8,0
64,"u2",22,15,2
64,"u2",27,26,0
64,"u2",32,14,2
64,"u2",37,14,1
64,"u2",42,6,1
64,"u2",47,13,2
64,"u2",52,6,4
64,"u3",7,0,0
64,"u3",12,7,1
64,"u3",17,7,0
64,"u3",22,4,0
64,"u3",27,15,0
64,"u3",32,13,2
64,"u3",37,3,0
64,"u3",42,3,3
64,"u3",47,2,1
64,"u3",52,4,1
64,"u4",7,0,0
64,"u4",12,3,0
64,"u4",17,11,0
64,"u4",22,75,8
64,"u4",27,45,8
64,"u4",32,20,3
64,"u4",37,24,0
64,"u4",42,20,0
64,"u4",47,13,1
64,"u4",52,7,0
64,"u5",7,3,0
64,"u5",12,7,0
64,"u5",17,8,0
64,"u5",22,14,2
64,"u5",27,18,1
64,"u5",32,32,3
64,"u5",37,20,5
64,"u5",42,19,2
64,"u5",47,35,20
64,"u5",52,9,1
64,"u6",7,2,0
64,"u6",12,8,1
64,"u6",17,30,3
64,"u6",22,23,1
64,"u6",27,20,6
64,"u6",32,8,1
64,"u6",37,1,3
64,"u6",42,0,1
64,"u6",47,0,2
64,"u6",52,0,0
64,"u7",7,3,0
64,"u7",12,9,0
64,"u7",17,9,0
64,"u7",22,7,0
64,"u7",27,19,0
64,"u7",32,17,1
64,"u7",37,7,1
64,"u7",42,1,0
64,"u7",47,8,0
64,"u7",52,3,0
64,"u8",7,5,0
64,"u8",12,11,1
64,"u8",17,25,0
64,"u8",22,52,0
64,"u8",27,89,14
64,"u8",32,91,0
64,"u8",37,37,15
64,"u8",42,9,8
64,"u8",47,1,0
64,"u8",52,0,1
64,"u9",7,5,0
64,"u9",12,8,0
64,"u9",17,16,0
64,"u9",22,19,3
64,"u9",27,33,7
64,"u9",32,19,1
64,"u9",37,19,5
64,"u9",42,1,1
64,"u9",47,1,3
64,"u9",52,5,0
65,"u1",7,2,0
65,"u1",12,7,1
65,"u1",17,22,0
65,"u1",22,22,4
65,"u1",27,20,0
65,"u1",32,15,0
65,"u1",37,6,0
65,"u1",42,9,0
65,"u1",47,8,2
65,"u1",52,8,0
65,"u2",7,0,0
65,"u2",12,1,0
65,"u2",17,5,0
65,"u2",22,5,0
65,"u2",27,8,1
65,"u2",32,24,0
65,"u2",37,12,1
65,"u2",42,18,0
65,"u2",47,32,1
65,"u2",52,1,1
65,"u3",7,4,0
65,"u3",12,7,3
65,"u3",17,40,0
65,"u3",22,54,7
65,"u3",27,5,0
65,"u3",32,5,1
65,"u3",37,3,1
65,"u3",42,4,0
65,"u3",47,2,0
65,"u3",52,0,0
65,"u4",7,2,1
65,"u4",12,18,0
65,"u4",17,7,0
65,"u4",22,31,3
65,"u4",27,50,9
65,"u4",32,25,9
65,"u4",37,13,1
65,"u4",42,11,0
65,"u4",47,3,8
65,"u4",52,1,0
65,"u5",7,12,0
65,"u5",12,26,0
65,"u5",17,49,3
65,"u5",22,44,3
65,"u5",27,0,8
65,"u5",32,2,1
65,"u5",37,1,0
65,"u5",42,0,1
65,"u5",47,0,0
65,"u5",52,0,0
65,"u6",7,7,0
65,"u6",12,7,1
65,"u6",17,21,0
65,"u6",22,18,0
65,"u6",27,10,1
65,"u6",32,4,0
65,"u6",37,2,0
65,"u6",42,2,0
65,"u6",47,0,0
65,"u6",52,0,0
65,"u7",7,1,0
65,"u7",12,4,0
65,"u7",17,6,0
65,"u7",22,27,2
65,"u7",27,21,1
65,"u7",32,17,4
65,"u7",37,14,4
65,"u7",42,14,10
65,"u7",47,11,0
65,"u7",52,24,7
65,"u8",7,5,0
65,"u8",12,24,0
65,"u8",17,44,1
65,"u8",22,32,0
65,"u8",27,17,3
65,"u8",32,9,15
65,"u8",37,12,1
65,"u8",42,6,1
65,"u8",47,8,6
65,"u8",52,0,1
65,"u9",7,5,0
65,"u9",12,8,0
65,"u9",17,59,0
65,"u9",22,38,0
65,"u9",27,17,0
65,"u9",32,4,2
65,"u9",37,0,0
65,"u9",42,0,3
65,"u9",47,0,0
65,"u9",52,0,0
66,"u1",7,5,0
66,"u1",12,7,0
66,"u1",17,6,0
66,"u1",22,30,2
66,"u1",27,44,2
66,"u1",32,18,0
66,"u1",37,3,1
66,"u1",42,2,2
66,"u1",47,0,0
66,"u1",52,1,0
66,"u2",7,1,0
66,"u2",12,2,0
66,"u2",17,5,1
66,"u2",22,35,1
66,"u2",27,35,1
66,"u2",32,15,6
66,"u2",37,6,1
66,"u2",42,9,1
66,"u2",47,0,0
66,"u2",52,0,0
66,"u3",7,1,0
66,"u3",12,11,0
66,"u3",17,7,0
66,"u3",22,12,0
66,"u3",27,18,0
66,"u3",32,17,0
66,"u3",37,18,5
66,"u3",42,2,0
66,"u3",47,2,2
66,"u3",52,0,0
66,"u4",7,6,0
66,"u4",12,10,0
66,"u4",17,12,0
66,"u4",22,15,0
66,"u4",27,13,5
66,"u4",32,8,2
66,"u4",37,9,8
66,"u4",42,2,1
66,"u4",47,1,0
66,"u4",52,2,0
66,"u5",7,0,0
66,"u5",12,6,0
66,"u5",17,13,2
66,"u5",22,10,0
66,"u5",27,19,0
66,"u5",32,36,3
66,"u5",37,11,0
66,"u5",42,2,0
66,"u5",47,4,0
66,"u5",52,8,1
66,"u6",7,1,0
66,"u6",12,6,1
66,"u6",17,10,0
66,"u6",22,27,1
66,"u6",27,15,0
66,"u6",32,28,1
66,"u6",37,12,2
66,"u6",42,3,1
66,"u6",47,2,0
66,"u6",52,0,1
66,"u7",7,7,0
66,"u7",12,2,0
66,"u7",17,7,0
66,"u7",22,23,0
66,"u7",27,25,0
66,"u7",32,56,7
66,"u7",37,36,12
66,"u7",42,4,7
66,"u7",47,0,5
66,"u7",52,1,1
66,"u8",7,2,0
66,"u8",12,7,1
66,"u8",17,13,0
66,"u8",22,15,0
66,"u8",27,12,0
66,"u8",32,36,3
66,"u8",37,42,3
66,"u8",42,137,19
66,"u8",47,18,23
66,"u8",52,7,6
66,"u9",7,7,0
66,"u9",12,11,0
66,"u9",17,29,0
66,"u9",22,58,3
66,"u9",27,33,6
66,"u9",32,1,4
66,"u9",37,8,5
66,"u9",42,4,1
66,"u9",47,4,0
66,"u9",52,1,1
67,"u1",7,3,0
67,"u1",12,12,0
67,"u1",17,24,1
67,"u1",22,24,1
67,"u1",27,15,10
67,"u1",32,24,12
67,"u1",37,13,6
67,"u1",42,29,5
67,"u1",47,22,0
67,"u1",52,13,1
67,"u2",7,5,0
67,"u2",12,24,0
67,"u2",17,25,5
67,"u2",22,21,0
67,"u2",27,11,0
67,"u2",32,0,0
67,"u2",37,2,0
67,"u2",42,0,0
67,"u2",47,1,0
67,"u2",52,1,0
67,"u3",7,2,0
67,"u3",12,6,0
67,"u3",17,11,0
67,"u3",22,15,1
67,"u3",27,28,1
67,"u3",32,17,3
67,"u3",37,32,0
67,"u3",42,19,4
67,"u3",47,8,1
67,"u3",52,9,1
67,"u4",7,1,0
67,"u4",12,6,0
67,"u4",17,19,0
67,"u4",22,18,0
67,"u4",27,24,8
67,"u4",32,11,11
67,"u4",37,7,0
67,"u4",42,10,2
67,"u4",47,1,0
67,"u4",52,1,0
67,"u5",7,1,0
67,"u5",12,5,0
67,"u5",17,2,0
67,"u5",22,6,0
67,"u5",27,13,0
67,"u5",32,43,2
67,"u5",37,31,0
67,"u5",42,7,11
67,"u5",47,0,6
67,"u5",52,1,1
67,"u6",7,1,0
67,"u6",12,17,0
67,"u6",17,15,1
67,"u6",22,17,1
67,"u6",27,15,2
67,"u6",32,2,0
67,"u6",37,0,2
67,"u6",42,3,0
67,"u6",47,5,0
67,"u6",52,1,0
67,"u7",7,0,0
67,"u7",12,6,0
67,"u7",17,5,0
67,"u7",22,4,0
67,"u7",27,6,0
67,"u7",32,13,0
67,"u7",37,18,0
67,"u7",42,38,2
67,"u7",47,64,10
67,"u7",52,70,11
67,"u8",7,3,0
67,"u8",12,16,1
67,"u8",17,25,0
67,"u8",22,12,6
67,"u8",27,3,7
67,"u8",32,4,0
67,"u8",37,0,0
67,"u8",42,0,0
67,"u8",47,0,0
67,"u8",52,1,0
67,"u9",7,5,0
67,"u9",12,5,0
67,"u9",17,12,0
67,"u9",22,18,0
67,"u9",27,28,1
67,"u9",32,52,9
67,"u9",37,37,3
67,"u9",42,31,19
67,"u9",47,19,7
67,"u9",52,1,3
68,"u1",7,2,0
68,"u1",12,14,0
68,"u1",17,12,1
68,"u1",22,8,0
68,"u1",27,12,0
68,"u1",32,6,0
68,"u1",37,1,1
68,"u1",42,0,0
68,"u1",47,2,1
68,"u1",52,1,0
68,"u2",7,1,0
68,"u2",12,6,0
68,"u2",17,17,3
68,"u2",22,31,3
68,"u2",27,8,2
68,"u2",32,4,0
68,"u2",37,5,0
68,"u2",42,1,1
68,"u2",47,2,0
68,"u2",52,5,0
68,"u3",7,2,0
68,"u3",12,5,0
68,"u3",17,3,1
68,"u3",22,7,0
68,"u3",27,2,1
68,"u3",32,14,0
68,"u3",37,57,1
68,"u3",42,14,3
68,"u3",47,23,0
68,"u3",52,49,2
68,"u4",7,3,0
68,"u4",12,2,0
68,"u4",17,16,1
68,"u4",22,34,3
68,"u4",27,34,6
68,"u4",32,29,4
68,"u4",37,20,0
68,"u4",42,6,3
68,"u4",47,6,8
68,"u4",52,3,1
68,"u5",7,3,0
68,"u5",12,5,0
68,"u5",17,3,0
68,"u5",22,8,0
68,"u5",27,7,0
68,"u5",32,1,1
68,"u5",37,2,0
68,"u5",42,3,0
68,"u5",47,7,0
68,"u5",52,6,0
68,"u6",7,3,0
68,"u6",12,10,1
68,"u6",17,11,0
68,"u6",22,45,1
68,"u6",27,62,1
68,"u6",32,16,3
68,"u6",37,11,1
68,"u6",42,7,0
68,"u6",47,10,2
68,"u6",52,8,3
68,"u7",7,0,0
68,"u7",12,2,0
68,"u7",17,8,0
68,"u7",22,77,0
68,"u7",27,52,6
68,"u7",32,18,5
68,"u7",37,43,8
68,"u7",42,4,1
68,"u7",47,10,0
68,"u7",52,4,2
68,"u8",7,5,0
68,"u8",12,33,1
68,"u8",17,36,10
68,"u8",22,35,14
68,"u8",27,19,7
68,"u8",32,4,0
68,"u8",37,2,0
68,"u8",42,0,0
68,"u8",47,0,0
68,"u8",52,0,0
68,"u9",7,1,0
68,"u9",12,6,0
68,"u9",17,3,0
68,"u9",22,14,1
68,"u9",27,15,0
68,"u9",32,15,6
68,"u9",37,6,1
68,"u9",42,8,0
68,"u9",47,1,0
68,"u9",52,1,0
69,"u1",7,1,0
69,"u1",12,1,0
69,"u1",17,2,0
69,"u1",22,4,0
69,"u1",27,9,0
69,"u1",32,17,0
69,"u1",37,6,1
69,"u1",42,39,2
69,"u1",47,19,0
69,"u1",52,6,1
69,"u2",7,2,0
69,"u2",12,14,0
69,"u2",17,19,8
69,"u2",22,31,0
69,"u2",27,22,1
69,"u2",32,6,0
69,"u2",37,1,1
69,"u2",42,0,0
69,"u2",47,4,0
69,"u2",52,3,0
69,"u3",7,4,0
69,"u3",12,11,0
69,"u3",17,29,0
69,"u3",22,37,2
69,"u3",27,13,1
69,"u3",32,25,0
69,"u3",37,15,0
69,"u3",42,2,0
69,"u3",47,4,1
69,"u3",52,5,0
69,"u4",7,6,0
69,"u4",12,7,0
69,"u4",17,35,1
69,"u4",22,68,3
69,"u4",27,19,10
69,"u4",32,5,0
69,"u4",37,4,1
69,"u4",42,2,0
69,"u4",47,1,0
69,"u4",52,3,2
69,"u5",7,4,0
69,"u5",12,6,0
69,"u5",17,20,5
69,"u5",22,21,5
69,"u5",27,38,0
69,"u5",32,9,0
69,"u5",37,6,0
69,"u5",42,4,0
69,"u5",47,5,1
69,"u5",52,4,0
69,"u6",7,2,0
69,"u6",12,12,0
69,"u6",17,25,1
69,"u6",22,7,0
69,"u6",27,12,0
69,"u6",32,19,0
69,"u6",37,10,1
69,"u6",42,8,15
69,"u6",47,18,3
69,"u6",52,7,2
69,"u7",7,3,1
69,"u7",12,4,0
69,"u7",17,21,1
69,"u7",22,39,0
69,"u7",27,66,10
69,"u7",32,41,4
69,"u7",37,14,1
69,"u7",42,10,0
69,"u7",47,7,1
69,"u7",52,2,2
69,"u8",7,4,0
69,"u8",12,9,0
69,"u8",17,7,1
69,"u8",22,8,0
69,"u8",27,13,0
69,"u8",32,13,1
69,"u8",37,12,3
69,"u8",42,16,1
69,"u8",47,34,4
69,"u8",52,9,2
69,"u9",7,4,0
69,"u9",12,7,0
69,"u9",17,11,0
69,"u9",22,29,2
69,"u9",27,54,10
69,"u9",32,38,7
69,"u9",37,3,4
69,"u9",42,6,0
69,"u9",47,6,0
69,"u9",52,3,0
70,"u1",7,1,0
70,"u1",12,5,0
70,"u1",17,0,0
70,"u1",22,1,0
70,"u1",27,3,0
70,"u1",32,3,0
70,"u1",37,4,0
70,"u1",42,14,3
70,"u1",47,15,0
70,"u1",52,24,8
70,"u2",7,1,0
70,"u2",12,8,0
70,"u2",17,18,2
70,"u2",22,9,0
70,"u2",27,6,4
70,"u2",32,3,4
70,"u2",37,11,2
70,"u2",42,14,3
70,"u2",47,22,2
70,"u2",52,10,0
70,"u3",7,1,0
70,"u3",12,2,0
70,"u3",17,3,0
70,"u3",22,12,0
70,"u3",27,15,1
70,"u3",32,6,0
70,"u3",37,44,1
70,"u3",42,28,0
70,"u3",47,14,5
70,"u3",52,19,0
70,"u4",7,6,0
70,"u4",12,19,0
70,"u4",17,14,0
70,"u4",22,16,0
70,"u4",27,26,0
70,"u4",32,29,4
70,"u4",37,3,8
70,"u4",42,12,0
70,"u4",47,1,0
70,"u4",52,1,0
70,"u5",7,1,0
70,"u5",12,17,0
70,"u5",17,60,2
70,"u5",22,116,11
70,"u5",27,30,0
70,"u5",32,42,6
70,"u5",37,15,0
70,"u5",42,1,7
70,"u5",47,2,3
70,"u5",52,5,0
70,"u6",7,0,1
70,"u6",12,13,0
70,"u6",17,14,3
70,"u6",22,21,2
70,"u6",27,13,1
70,"u6",32,13,0
70,"u6",37,7,4
70,"u6",42,7,1
70,"u6",47,3,3
70,"u6",52,5,0
70,"u7",7,2,0
70,"u7",12,5,0
70,"u7",17,3,0
70,"u7",22,6,1
70,"u7",27,2,0
70,"u7",32,1,0
70,"u7",37,12,1
70,"u7",42,25,2
70,"u7",47,32,5
70,"u7",52,19,9
70,"u8",7,6,0
70,"u8",12,1,0
70,"u8",17,5,0
70,"u8",22,3,0
70,"u8",27,3,1
70,"u8",32,25,0
70,"u8",37,28,1
70,"u8",42,22,0
70,"u8",47,10,2
70,"u8",52,0,0
70,"u9",7,3,0
70,"u9",12,0,0
70,"u9",17,1,0
70,"u9",22,8,0
70,"u9",27,7,0
70,"u9",32,13,0
70,"u9",37,3,0
70,"u9",42,9,0
70,"u9",47,6,0
70,"u9",52,10,1
71,"u1",7,5,0
71,"u1",12,11,0
71,"u1",17,22,0
71,"u1",22,13,6
71,"u1",27,10,1
71,"u1",32,12,0
71,"u1",37,8,2
71,"u1",42,4,1
71,"u1",47,1,1
71,"u1",52,7,0
71,"u2",7,3,1
71,"u2",12,1,0
71,"u2",17,9,0
71,"u2",22,31,0
71,"u2",27,6,0
71,"u2",32,9,0
71,"u2",37,3,0
71,"u2",42,12,0
71,"u2",47,2,0
71,"u2",52,5,1
71,"u3",7,1,0
71,"u3",12,7,0
71,"u3",17,6,1
71,"u3",22,10,0
71,"u3",27,5,0
71,"u3",32,12,0
71,"u3",37,14,0
71,"u3",42,10,0
71,"u3",47,9,0
71,"u3",52,7,3
71,"u4",7,2,0
71,"u4",12,7,0
71,"u4",17,16,2
71,"u4",22,8,0
71,"u4",27,5,0
71,"u4",32,2,0
71,"u4",37,4,0
71,"u4",42,4,1
71,"u4",47,4,1
71,"u4",52,2,0
71,"u5",7,1,0
71,"u5",12,16,0
71,"u5",17,66,0
71,"u5",22,29,2
71,"u5",27,8,4
71,"u5",32,16,4
71,"u5",37,14,11
71,"u5",42,3,0
71,"u5",47,1,3
71,"u5",52,7,0
71,"u6",7,4,0
71,"u6",12,9,1
71,"u6",17,10,0
71,"u6",22,8,0
71,"u6",27,8,1
71,"u6",32,2,0
71,"u6",37,8,0
71,"u6",42,21,2
71,"u6",47,18,0
71,"u6",52,10,3
71,"u7",7,6,0
71,"u7",12,27,0
71,"u7",17,27,1
71,"u7",22,13,1
71,"u7",27,38,8
71,"u7",32,26,4
71,"u7",37,2,0
71,"u7",42,2,0
71,"u7",47,2,0
71,"u7",52,2,0
71,"u8",7,4,0
71,"u8",12,10,0
71,"u8",17,6,1
71,"u8",22,1,1
71,"u8",27,4,2
71,"u8",32,4,0
71,"u8",37,1,0
71,"u8",42,2,0
71,"u8",47,4,0
71,"u8",52,6,0
71,"u9",7,1,0
71,"u9",12,10,0
71,"u9",17,20,0
71,"u9",22,27,2
71,"u9",27,7,1
71,"u9",32,7,0
71,"u9",37,2,0
71,"u9",42,3,0
71,"u9",47,2,0
71,"u9",52,3,0
72,"u1",7,5,0
72,"u1",12,12,0
72,"u1",17,6,0
72,"u1",22,23,1
72,"u1",27,37,1
72,"u1",32,42,1
72,"u1",37,20,0
72,"u1",42,5,0
72,"u1",47,5,2
72,"u1",52,1,0
72,"u2",7,0,0
72,"u2",12,6,1
72,"u2",17,12,0
72,"u2",22,21,0
72,"u2",27,27,0
72,"u2",32,14,3
72,"u2",37,5,0
72,"u2",42,13,2
72,"u2",47,10,1
72,"u2",52,11,4
72,"u3",7,10,1
72,"u3",12,20,1
72,"u3",17,29,0
72,"u3",22,10,0
72,"u3",27,5,1
72,"u3",32,0,1
72,"u3",37,1,3
72,"u3",42,0,0
72,"u3",47,4,0
72,"u3",52,0,0
72,"u4",7,3,0
72,"u4",12,4,0
72,"u4",17,16,0
72,"u4",22,26,0
72,"u4",27,16,0
72,"u4",32,6,0
72,"u4",37,3,0
72,"u4",42,3,0
72,"u4",47,4,0
72,"u4",52,0,1
72,"u5",7,3,0
72,"u5",12,13,0
72,"u5",17,18,0
72,"u5",22,10,1
72,"u5",27,9,1
72,"u5",32,13,1
72,"u5",37,20,3
72,"u5",42,5,0
72,"u5",47,2,0
72,"u5",52,1,0
72,"u6",7,1,0
72,"u6",12,9,0
72,"u6",17,4,0
72,"u6",22,15,0
72,"u6",27,9,0
72,"u6",32,13,0
72,"u6",37,12,0
72,"u6",42,5,0
72,"u6",47,6,0
72,"u6",52,9,1
72,"u7",7,1,0
72,"u7",12,3,0
72,"u7",17,10,0
72,"u7",22,9,1
72,"u7",27,20,3
72,"u7",32,30,6
72,"u7",37,7,0
72,"u7",42,3,0
72,"u7",47,0,0
72,"u7",52,0,0
72,"u8",7,3,0
72,"u8",12,10,2
72,"u8",17,8,0
72,"u8",22,18,1
72,"u8",27,30,1
72,"u8",32,22,11
72,"u8",37,9,0
72,"u8",42,2,0
72,"u8",47,1,3
72,"u8",52,5,0
72,"u9",7,4,0
72,"u9",12,7,0
72,"u9",17,30,0
72,"u9",22,41,1
72,"u9",27,41,3
72,"u9",32,22,8
72,"u9",37,12,0
72,"u9",42,7,4
72,"u9",47,5,1
72,"u9",52,1,1
73,"u1",7,2,0
73,"u1",12,5,0
73,"u1",17,4,0
73,"u1",22,17,0
73,"u1",27,3,0
73,"u1",32,6,0
73,"u1",37,8,0
73,"u1",42,7,0
73,"u1",47,8,1
73,"u1",52,11,0
73,"u2",7,1,0
73,"u2",12,9,0
73,"u2",17,9,0
73,"u2",22,14,1
73,"u2",27,18,0
73,"u2",32,6,0
73,"u2",37,7,4
73,"u2",42,18,0
73,"u2",47,18,0
73,"u2",52,8,1
73,"u3",7,6,0
73,"u3",12,11,0
73,"u3",17,24,2
73,"u3",22,10,1
73,"u3",27,11,0
73,"u3",32,7,0
73,"u3",37,10,0
73,"u3",42,10,3
73,"u3",47,10,0
73,"u3",52,14,1
73,"u4",7,2,0
73,"u4",12,19,0
73,"u4",17,38,0
73,"u4",22,39,2
73,"u4",27,12,0
73,"u4",32,8,0
73,"u4",37,68,3
73,"u4",42,29,2
73,"u4",47,5,0
73,"u4",52,3,0
73,"u5",7,0,0
73,"u5",12,1,0
73,"u5",17,13,0
73,"u5",22,7,1
73,"u5",27,14,0
73,"u5",32,38,0
73,"u5",37,95,1
73,"u5",42,43,7
73,"u5",47,29,5
73,"u5",52,13,0
73,"u6",7,1,0
73,"u6",12,2,0
73,"u6",17,5,0
73,"u6",22,14,0
73,"u6",27,19,0
73,"u6",32,8,0
73,"u6",37,31,0
73,"u6",42,12,0
73,"u6",47,9,5
73,"u6",52,16,8
73,"u7",7,5,0
73,"u7",12,8,0
73,"u7",17,10,0
73,"u7",22,12,0
73,"u7",27,16,0
73,"u7",32,21,1
73,"u7",37,33,0
73,"u7",42,40,3
73,"u7",47,6,0
73,"u7",52,1,0
73,"u8",7,6,0
73,"u8",12,26,2
73,"u8",17,52,0
73,"u8",22,40,3
73,"u8",27,15,4
73,"u8",32,5,0
73,"u8",37,7,1
73,"u8",42,5,9
73,"u8",47,0,5
73,"u8",52,0,0
73,"u9",7,0,0
73,"u9",12,6,0
73,"u9",17,10,4
73,"u9",22,18,0
73,"u9",27,23,0
73,"u9",32,22,10
73,"u9",37,23,0
73,"u9",42,10,1
73,"u9",47,11,0
73,"u9",52,9,0
74,"u1",7,3,0
74,"u1",12,3,0
74,"u1",17,7,0
74,"u1",22,10,1
74,"u1",27,53,0
74,"u1",32,40,0
74,"u1",37,14,10
74,"u1",42,1,3
74,"u1",47,5,1
74,"u1",52,1,2
74,"u2",7,6,0
74,"u2",12,6,0
74,"u2",17,10,0
74,"u2",22,6,1
74,"u2",27,21,0
74,"u2",32,32,6
74,"u2",37,42,12
74,"u2",42,24,12
74,"u2",47,2,0
74,"u2",52,0,2
74,"u3",7,1,0
74,"u3",12,8,0
74,"u3",17,24,2
74,"u3",22,22,1
74,"u3",27,12,0
74,"u3",32,11,0
74,"u3",37,22,0
74,"u3",42,7,2
74,"u3",47,0,2
74,"u3",52,1,0
74,"u4",7,1,0
74,"u4",12,5,0
74,"u4",17,26,0
74,"u4",22,17,0
74,"u4",27,41,7
74,"u4",32,18,1
74,"u4",37,16,3
74,"u4",42,32,4
74,"u4",47,16,5
74,"u4",52,4,4
74,"u5",7,4,0
74,"u5",12,4,0
74,"u5",17,13,0
74,"u5",22,24,3
74,"u5",27,48,6
74,"u5",32,22,5
74,"u5",37,16,2
74,"u5",42,10,2
74,"u5",47,13,0
74,"u5",52,4,1
74,"u6",7,2,0
74,"u6",12,6,0
74,"u6",17,13,1
74,"u6",22,34,9
74,"u6",27,9,2
74,"u6",32,4,1
74,"u6",37,10,0
74,"u6",42,9,0
74,"u6",47,0,1
74,"u6",52,0,0
74,"u7",7,5,0
74,"u7",12,10,0
74,"u7",17,14,0
74,"u7",22,21,1
74,"u7",27,24,5
74,"u7",32,11,9
74,"u7",37,2,0
74,"u7",42,1,1
74,"u7",47,0,1
74,"u7",52,0,0
74,"u8",7,5,0
74,"u8",12,5,0
74,"u8",17,7,1
74,"u8",22,30,2
74,"u8",27,28,1
74,"u8",32,13,2
74,"u8",37,3,1
74,"u8",42,3,0
74,"u8",47,3,0
74,"u8",52,0,0
74,"u9",7,1,0
74,"u9",12,8,0
74,"u9",17,28,4
74,"u9",22,30,0
74,"u9",27,56,1
74,"u9",32,37,12
74,"u9",37,59,46
74,"u9",42,21,2
74,"u9",47,4,18
74,"u9",52,1,10
75,"u1",7,0,0
75,"u1",12,0,0
75,"u1",17,2,0
75,"u1",22,2,0
75,"u1",27,11,1
75,"u1",32,7,0
75,"u1",37,9,4
75,"u1",42,6,2
75,"u1",47,13,0
75,"u1",52,17,2
75,"u2",7,3,0
75,"u2",12,7,0
75,"u2",17,12,0
75,"u2",22,43,1
75,"u2",27,16,1
75,"u2",32,2,1
75,"u2",37,4,4
75,"u2",42,3,1
75,"u2",47,1,0
75,"u2",52,2,1
75,"u3",7,4,0
75,"u3",12,5,0
75,"u3",17,16,2
75,"u3",22,36,6
75,"u3",27,55,27
75,"u3",32,15,4
75,"u3",37,4,4
75,"u3",42,2,1
75,"u3",47,1,0
75,"u3",52,6,0
75,"u4",7,3,0
75,"u4",12,5,0
75,"u4",17,3,0
75,"u4",22,3,0
75,"u4",27,5,0
75,"u4",32,6,0
75,"u4",37,6,0
75,"u4",42,15,2
75,"u4",47,10,4
75,"u4",52,9,2
75,"u5",7,4,0
75,"u5",12,24,0
75,"u5",17,25,1
75,"u5",22,20,6
75,"u5",27,4,0
75,"u5",32,3,3
75,"u5",37,2,0
75,"u5",42,1,2
75,"u5",47,4,1
75,"u5",52,2,0
75,"u6",7,0,0
75,"u6",12,3,1
75,"u6",17,13,1
75,"u6",22,15,2
75,"u6",27,9,4
75,"u6",32,17,3
75,"u6",37,4,1
75,"u6",42,4,1
75,"u6",47,5,0
75,"u6",52,4,0
75,"u7",7,5,0
75,"u7",12,21,0
75,"u7",17,69,0
75,"u7",22,16,1
75,"u7",27,7,1
75,"u7",32,7,0
75,"u7",37,5,1
75,"u7",42,4,0
75,"u7",47,0,0
75,"u7",52,0,0
75,"u8",7,4,0
75,"u8",12,3,0
75,"u8",17,7,0
75,"u8",22,11,0
75,"u8",27,5,0
75,"u8",32,10,1
75,"u8",37,4,0
75,"u8",42,1,2
75,"u8",47,0,0
75,"u8",52,0,0
75,"u9",7,12,0
75,"u9",12,21,0
75,"u9",17,79,10
75,"u9",22,102,1
75,"u9",27,19,0
75,"u9",32,19,27
75,"u9",37,30,7
75,"u9",42,78,9
75,"u9",47,19,26
75,"u9",52,2,4
76,"u1",7,2,0
76,"u1",12,3,0
76,"u1",17,3,0
76,"u1",22,8,0
76,"u1",27,20,0
76,"u1",32,19,0
76,"u1",37,27,0
76,"u1",42,41,0
76,"u1",47,22,5
76,"u1",52,26,7
76,"u2",7,2,0
76,"u2",12,4,0
76,"u2",17,6,0
76,"u2",22,19,0
76,"u2",27,6,1
76,"u2",32,19,0
76,"u2",37,48,11
76,"u2",42,23,2
76,"u2",47,8,2
76,"u2",52,6,4
76,"u3",7,7,0
76,"u3",12,9,0
76,"u3",17,26,0
76,"u3",22,21,0
76,"u3",27,11,1
76,"u3",32,11,2
76,"u3",37,6,0
76,"u3",42,21,0
76,"u3",47,9,1
76,"u3",52,8,0
76,"u4",7,2,0
76,"u4",12,4,0
76,"u4",17,2,0
76,"u4",22,1,0
76,"u4",27,14,0
76,"u4",32,28,3
76,"u4",37,11,0
76,"u4",42,17,3
76,"u4",47,10,1
76,"u4",52,3,1
76,"u5",7,5,1
76,"u5",12,17,0
76,"u5",17,27,1
76,"u5",22,27,2
76,"u5",27,9,2
76,"u5",32,5,2
76,"u5",37,3,0
76,"u5",42,1,0
76,"u5",47,2,0
76,"u5",52,6,1
76,"u6",7,5,1
76,"u6",12,7,0
76,"u6",17,8,1
76,"u6",22,11,3
76,"u6",27,31,0
76,"u6",32,16,1
76,"u6",37,4,0
76,"u6",42,0,0
76,"u6",47,1,0
76,"u6",52,0,0
76,"u7",7,6,0
76,"u7",12,13,1
76,"u7",17,16,0
76,"u7",22,19,0
76,"u7",27,32,0
76,"u7",32,39,8
76,"u7",37,22,6
76,"u7",42,2,16
76,"u7",47,4,3
76,"u7",52,1,0
76,"u8",7,2,0
76,"u8",12,6,0
76,"u8",17,15,0
76,"u8",22,42,0
76,"u8",27,22,6
76,"u8",32,3,1
76,"u8",37,3,0
76,"u8",42,4,0
76,"u8",47,2,3
76,"u8",52,3,0
76,"u9",7,4,0
76,"u9",12,7,0
76,"u9",17,14,0
76,"u9",22,35,1
76,"u9",27,17,0
76,"u9",32,7,1
76,"u9",37,3,0
76,"u9",42,1,0
76,"u9",47,3,0
76,"u9",52,0,0
77,"u1",7,1,0
77,"u1",12,8,0
77,"u1",17,8,0
77,"u1",22,4,0
77,"u1",27,13,0
77,"u1",32,36,0
77,"u1",37,49,9
77,"u1",42,11,0
77,"u1",47,8,0
77,"u1",52,11,1
77,"u2",7,4,0
77,"u2",12,4,0
77,"u2",17,11,0
77,"u2",22,29,3
77,"u2",27,31,0
77,"u2",32,7,2
77,"u2",37,7,2
77,"u2",42,3,0
77,"u2",47,3,1
77,"u2",52,2,0
77,"u3",7,1,0
77,"u3",12,7,0
77,"u3",17,5,0
77,"u3",22,7,0
77,"u3",27,42,1
77,"u3",32,28,2
77,"u3",37,32,1
77,"u3",42,12,0
77,"u3",47,87,4
77,"u3",52,23,10
77,"u4",7,3,0
77,"u4",12,6,2
77,"u4",17,23,1
77,"u4",22,35,2
77,"u4",27,17,3
77,"u4",32,15,1
77,"u4",37,11,21
77,"u4",42,5,0
77,"u4",47,4,3
77,"u4",52,5,0
77,"u5",7,2,0
77,"u5",12,2,0
77,"u5",17,2,0
77,"u5",22,5,0
77,"u5",27,11,0
77,"u5",32,19,1
77,"u5",37,16,0
77,"u5",42,42,5
77,"u5",47,32,7
77,"u5",52,30,10
77,"u6",7,2,0
77,"u6",12,8,0
77,"u6",17,21,3
77,"u6",22,15,2
77,"u6",27,7,0
77,"u6",32,13,1
77,"u6",37,26,6
77,"u6",42,13,1
77,"u6",47,11,2
77,"u6",52,4,3
77,"u7",7,5,0
77,"u7",12,17,0
77,"u7",17,49,2
77,"u7",22,65,5
77,"u7",27,63,11
77,"u7",32,28,12
77,"u7",37,17,3
77,"u7",42,3,0
77,"u7",47,1,4
77,"u7",52,1,5
77,"u8",7,5,0
77,"u8",12,8,0
77,"u8",17,8,0
77,"u8",22,14,3
77,"u8",27,5,3
77,"u8",32,9,2
77,"u8",37,15,0
77,"u8",42,2,0
77,"u8",47,6,0
77,"u8",52,2,0
77,"u9",7,3,0
77,"u9",12,6,0
77,"u9",17,15,0
77,"u9",22,12,3
77,"u9",27,51,6
77,"u9",32,12,0
77,"u9",37,3,1
77,"u9",42,10,0
77,"u9",47,3,0
77,"u9",52,1,0
78,"u1",7,1,0
78,"u1",12,13,0
78,"u1",17,17,1
78,"u1",22,20,1
78,"u1",27,10,0
78,"u1",32,5,0
78,"u1",37,12,2
78,"u1",42,13,2
78,"u1",47,12,5
78,"u1",52,8,0
78,"u2",7,2,0
78,"u2",12,3,0
78,"u2",17,12,0
78,"u2",22,19,1
78,"u2",27,12,1
78,"u2",32,2,0
78,"u2",37,6,1
78,"u2",42,4,0
78,"u2",47,2,1
78,"u2",52,0,0
78,"u3",7,7,0
78,"u3",12,9,0
78,"u3",17,11,0
78,"u3",22,10,1
78,"u3",27,9,1
78,"u3",32,9,2
78,"u3",37,6,1
78,"u3",42,3,5
78,"u3",47,1,0
78,"u3",52,1,0
78,"u4",7,3,0
78,"u4",12,12,0
78,"u4",17,19,0
78,"u4",22,14,2
78,"u4",27,23,2
78,"u4",32,21,1
78,"u4",37,3,0
78,"u4",42,0,0
78,"u4",47,4,3
78,"u4",52,3,0
78,"u5",7,7,0
78,"u5",12,7,0
78,"u5",17,11,0
78,"u5",22,20,0
78,"u5",27,26,0
78,"u5",32,5,1
78,"u5",37,1,0
78,"u5",42,0,0
78,"u5",47,0,0
78,"u5",52,0,1
78,"u6",7,1,0
78,"u6",12,1,0
78,"u6",17,3,1
78,"u6",22,14,1
78,"u6",27,23,2
78,"u6",32,20,3
78,"u6",37,22,0
78,"u6",42,10,1
78,"u6",47,12,0
78,"u6",52,12,1
78,"u7",7,6,0
78,"u7",12,26,0
78,"u7",17,152,0
78,"u7",22,110,15
78,"u7",27,44,41
78,"u7",32,83,0
78,"u7",37,19,6
78,"u7",42,19,4
78,"u7",47,6,5
78,"u7",52,4,0
78,"u8",7,2,0
78,"u8",12,3,0
78,"u8",17,10,0
78,"u8",22,14,0
78,"u8",27,47,4
78,"u8",32,46,0
78,"u8",37,19,0
78,"u8",42,8,2
78,"u8",47,7,0
78,"u8",52,3,2
78,"u9",7,2,0
78,"u9",12,0,0
78,"u9",17,2,0
78,"u9",22,13,1
78,"u9",27,28,0
78,"u9",32,20,1
78,"u9",37,9,2
78,"u9",42,10,0
78,"u9",47,2,2
78,"u9",52,1,0
79,"u1",7,0,0
79,"u1",12,14,0
79,"u1",17,55,0
79,"u1",22,25,0
79,"u1",27,3,0
79,"u1",32,3,2
79,"u1",37,0,0
79,"u1",42,1,0
79,"u1",47,1,0
79,"u1",52,0,0
79,"u2",7,1,0
79,"u2",12,23,0
79,"u2",17,14,3
79,"u2",22,62,8
79,"u2",27,120,17
79,"u2",32,172,15
79,"u2",37,126,57
79,"u2",42,30,24
79,"u2",47,27,3
79,"u2",52,21,27
79,"u3",7,3,0
79,"u3",12,11,0
79,"u3",17,13,0
79,"u3",22,62,1
79,"u3",27,48,12
79,"u3",32,33,1
79,"u3",37,19,7
79,"u3",42,4,0
79,"u3",47,2,0
79,"u3",52,0,0
79,"u4",7,2,0
79,"u4",12,10,0
79,"u4",17,13,1
79,"u4",22,24,1
79,"u4",27,15,2
79,"u4",32,2,12
79,"u4",37,6,2
79,"u4",42,2,0
79,"u4",47,0,1
79,"u4",52,0,0
79,"u5",7,5,0
79,"u5",12,5,1
79,"u5",17,18,4
79,"u5",22,11,3
79,"u5",27,12,0
79,"u5",32,11,1
79,"u5",37,14,4
79,"u5",42,8,8
79,"u5",47,1,0
79,"u5",52,1,0
79,"u6",7,1,1
79,"u6",12,1,0
79,"u6",17,1,1
79,"u6",22,7,0
79,"u6",27,28,0
79,"u6",32,27,2
79,"u6",37,51,1
79,"u6",42,10,0
79,"u6",47,0,4
79,"u6",52,7,0
79,"u7",7,1,0
79,"u7",12,4,0
79,"u7",17,1,0
79,"u7",22,10,0
79,"u7",27,41,4
79,"u7",32,33,3
79,"u7",37,10,5
79,"u7",42,3,3
79,"u7",47,5,3
79,"u7",52,8,4
79,"u8",7,1,0
79,"u8",12,10,0
79,"u8",17,15,2
79,"u8",22,29,10
79,"u8",27,16,10
79,"u8",32,9,4
79,"u8",37,1,1
79,"u8",42,2,1
79,"u8",47,0,0
79,"u8",52,0,0
79,"u9",7,5,0
79,"u9",12,6,0
79,"u9",17,13,0
79,"u9",22,10,0
79,"u9",27,7,1
79,"u9",32,20,0
79,"u9",37,7,2
79,"u9",42,5,1
79,"u9",47,1,0
79,"u9",52,2,3
80,"u1",7,4,0
80,"u1",12,10,0
80,"u1",17,1,1
80,"u1",22,22,0
80,"u1",27,24,2
80,"u1",32,24,5
80,"u1",37,14,1
80,"u1",42,22,1
80,"u1",47,3,4
80,"u1",52,2,0
80,"u2",7,4,0
80,"u2",12,8,0
80,"u2",17,22,0
80,"u2",22,30,0
80,"u2",27,26,1
80,"u2",32,9,4
80,"u2",37,14,0
80,"u2",42,3,0
80,"u2",47,1,16
80,"u2",52,0,5
80,"u3",7,0,0
80,"u3",12,3,0
80,"u3",17,6,0
80,"u3",22,7,0
80,"u3",27,31,4
80,"u3",32,39,4
80,"u3",37,5,7
80,"u3",42,8,0
80,"u3",47,0,1
80,"u3",52,1,0
80,"u4",7,1,0
80,"u4",12,29,0
80,"u4",17,37,3
80,"u4",22,11,6
80,"u4",27,3,0
80,"u4",32,2,1
80,"u4",37,0,0
80,"u4",42,0,0
80,"u4",47,0,0
80,"u4",52,0,0
80,"u5",7,15,0
80,"u5",12,2,2
80,"u5",17,14,1
80,"u5",22,25,0
80,"u5",27,40,1
80,"u5",32,12,3
80,"u5",37,4,0
80,"u5",42,1,4
80,"u5",47,0,0
80,"u5",52,0,1
80,"u6",7,4,0
80,"u6",12,4,1
80,"u6",17,17,0
80,"u6",22,34,0
80,"u6",27,34,0
80,"u6",32,56,1
80,"u6",37,54,13
80,"u6",42,9,34
80,"u6",47,2,5
80,"u6",52,1,7
80,"u7",7,0,0
80,"u7",12,9,1
80,"u7",17,32,0
80,"u7",22,22,0
80,"u7",27,27,2
80,"u7",32,12,1
80,"u7",37,2,0
80,"u7",42,1,0
80,"u7",47,0,3
80,"u7",52,1,0
80,"u8",7,4,0
80,"u8",12,26,0
80,"u8",17,16,2
80,"u8",22,17,1
80,"u8",27,14,0
80,"u8",32,16,28
80,"u8",37,16,3
80,"u8",42,11,1
80,"u8",47,4,0
80,"u8",52,1,1
80,"u9",7,1,0
80,"u9",12,5,0
80,"u9",17,3,1
80,"u9",22,7,1
80,"u9",27,34,0
80,"u9",32,40,1
80,"u9",37,19,7
80,"u9",42,6,0
80,"u9",47,2,0
80,"u9",52,2,1
81,"u1",7,3,0
81,"u1",12,9,0
81,"u1",17,9,0
81,"u1",22,9,0
81,"u1",27,12,1
81,"u1",32,5,2
81,"u1",37,5,1
81,"u1",42,5,0
81,"u1",47,11,0
81,"u1",52,6,0
81,"u2",7,6,0
81,"u2",12,9,0
81,"u2",17,12,0
81,"u2",22,19,1
81,"u2",27,32,1
81,"u2",32,17,1
81,"u2",37,4,0
81,"u2",42,3,1
81,"u2",47,0,0
81,"u2",52,2,0
81,"u3",7,0,0
81,"u3",12,8,1
81,"u3",17,26,0
81,"u3",22,29,0
81,"u3",27,20,0
81,"u3",32,30,5
81,"u3",37,4,4
81,"u3",42,2,0
81,"u3",47,0,0
81,"u3",52,0,2
81,"u4",7,1,0
81,"u4",12,10,0
81,"u4",17,13,2
81,"u4",22,43,5
81,"u4",27,56,5
81,"u4",32,74,4
81,"u4",37,25,35
81,"u4",42,3,3
81,"u4",47,6,4
81,"u4",52,6,0
81,"u5",7,3,0
81,"u5",12,4,1
81,"u5",17,11,1
81,"u5",22,14,0
81,"u5",27,2,1
81,"u5",32,6,0
81,"u5",37,37,1
81,"u5",42,44,4
81,"u5",47,45,7
81,"u5",52,26,17
81,"u6",7,0,0
81,"u6",12,4,0
81,"u6",17,13,0
81,"u6",22,45,2
81,"u6",27,49,17
81,"u6",32,28,5
81,"u6",37,11,12
81,"u6",42,3,0
81,"u6",47,1,0
81,"u6",52,0,0
81,"u7",7,9,0
81,"u7",12,25,0
81,"u7",17,24,1
81,"u7",22,37,0
81,"u7",27,47,0
81,"u7",32,7,2
81,"u7",37,0,6
81,"u7",42,1,4
81,"u7",47,1,1
81,"u7",52,4,1
81,"u8",7,1,0
81,"u8",12,2,0
81,"u8",17,3,0
81,"u8",22,7,0
81,"u8",27,6,0
81,"u8",32,31,0
81,"u8",37,13,1
81,"u8",42,9,6
81,"u8",47,23,1
81,"u8",52,26,6
81,"u9",7,4,0
81,"u9",12,8,1
81,"u9",17,15,0
81,"u9",22,8,1
81,"u9",27,20,3
81,"u9",32,13,1
81,"u9",37,7,3
81,"u9",42,11,0
81,"u9",47,45,21
81,"u9",52,19,3
82,"u1",7,1,0
82,"u1",12,6,0
82,"u1",17,14,0
82,"u1",22,11,4
82,"u1",27,10,2
82,"u1",32,3,2
82,"u1",37,12,0
82,"u1",42,11,1
82,"u1",47,16,8
82,"u1",52,11,1
82,"u2",7,1,0
82,"u2",12,11,0
82,"u2",17,17,0
82,"u2",22,15,0
82,"u2",27,18,6
82,"u2",32,13,0
82,"u2",37,7,1
82,"u2",42,4,1
82,"u2",47,6,0
82,"u2",52,4,0
82,"u3",7,7,0
82,"u3",12,7,1
82,"u3",17,8,2
82,"u3",22,13,1
82,"u3",27,5,0
82,"u3",32,3,0
82,"u3",37,12,1
82,"u3",42,15,0
82,"u3",47,6,2
82,"u3",52,3,0
82,"u4",7,0,0
82,"u4",12,5,0
82,"u4",17,14,0
82,"u4",22,10,0
82,"u4",27,20,1
82,"u4",32,7,6
82,"u4",37,11,0
82,"u4",42,7,0
82,"u4",47,7,2
82,"u4",52,13,0
82,"u5",7,6,0
82,"u5",12,4,0
82,"u5",17,13,0
82,"u5",22,13,2
82,"u5",27,23,0
82,"u5",32,8,4
82,"u5",37,22,2
82,"u5",42,11,1
82,"u5",47,4,2
82,"u5",52,0,0
82,"u6",7,2,0
82,"u6",12,5,1
82,"u6",17,14,0
82,"u6",22,10,0
82,"u6",27,20,9
82,"u6",32,9,0
82,"u6",37,4,0
82,"u6",42,2,0
82,"u6",47,0,0
82,"u6",52,0,0
82,"u7",7,8,0
82,"u7",12,17,0
82,"u7",17,32,5
82,"u7",22,50,1
82,"u7",27,13,5
82,"u7",32,11,2
82,"u7",37,6,0
82,"u7",42,6,0
82,"u7",47,9,2
82,"u7",52,10,1
82,"u8",7,5,0
82,"u8",12,4,0
82,"u8",17,3,0
82,"u8",22,2,3
82,"u8",27,5,1
82,"u8",32,3,0
82,"u8",37,13,1
82,"u8",42,20,0
82,"u8",47,2,2
82,"u8",52,1,2
82,"u9",7,4,0
82,"u9",12,7,0
82,"u9",17,31,0
82,"u9",22,46,0
82,"u9",27,22,1
82,"u9",32,10,3
82,"u9",37,3,3
82,"u9",42,2,0
82,"u9",47,14,3
82,"u9",52,8,0
83,"u1",7,1,0
83,"u1",12,5,0
83,"u1",17,17,0
83,"u1",22,69,1
83,"u1",27,45,1
83,"u1",32,16,3
83,"u1",37,3,5
83,"u1",42,1,1
83,"u1",47,0,0
83,"u1",52,0,0
83,"u2",7,4,0
83,"u2",12,1,0
83,"u2",17,6,0
83,"u2",22,12,0
83,"u2",27,6,0
83,"u2",32,8,2
83,"u2",37,6,0
83,"u2",42,4,1
83,"u2",47,2,1
83,"u2",52,12,0
83,"u3",7,2,0
83,"u3",12,11,0
83,"u3",17,21,0
83,"u3",22,37,2
83,"u3",27,18,0
83,"u3",32,11,8
83,"u3",37,6,0
83,"u3",42,9,0
83,"u3",47,7,4
83,"u3",52,2,3
83,"u4",7,5,0
83,"u4",12,10,0
83,"u4",17,19,0
83,"u4",22,3,0
83,"u4",27,6,0
83,"u4",32,5,0
83,"u4",37,4,1
83,"u4",42,3,1
83,"u4",47,4,0
83,"u4",52,5,0
83,"u5",7,2,0
83,"u5",12,0,0
83,"u5",17,7,0
83,"u5",22,15,0
83,"u5",27,6,1
83,"u5",32,4,1
83,"u5",37,3,0
83,"u5",42,4,0
83,"u5",47,14,1
83,"u5",52,7,0
83,"u6",7,2,0
83,"u6",12,3,0
83,"u6",17,4,0
83,"u6",22,22,1
83,"u6",27,48,1
83,"u6",32,16,0
83,"u6",37,9,2
83,"u6",42,4,1
83,"u6",47,0,0
83,"u6",52,5,0
83,"u7",7,2,0
83,"u7",12,8,0
83,"u7",17,8,1
83,"u7",22,50,2
83,"u7",27,77,3
83,"u7",32,68,36
83,"u7",37,22,3
83,"u7",42,2,1
83,"u7",47,3,5
83,"u7",52,1,5
83,"u8",7,3,0
83,"u8",12,7,0
83,"u8",17,8,0
83,"u8",22,12,0
83,"u8",27,14,0
83,"u8",32,26,0
83,"u8",37,34,23
83,"u8",42,17,3
83,"u8",47,6,0
83,"u8",52,1,0
83,"u9",7,3,0
83,"u9",12,1,0
83,"u9",17,6,0
83,"u9",22,12,0
83,"u9",27,9,0
83,"u9",32,8,1
83,"u9",37,11,0
83,"u9",42,61,0
83,"u9",47,80,0
83,"u9",52,86,13
84,"u1",7,9,0
84,"u1",12,52,1
84,"u1",17,35,0
84,"u1",22,30,6
84,"u1",27,13,9
84,"u1",32,1,0
84,"u1",37,1,0
84,"u1",42,0,1
84,"u1",47,1,0
84,"u1",52,2,0
84,"u2",7,1,0
84,"u2",12,2,0
84,"u2",17,4,1
84,"u2",22,6,0
84,"u2",27,21,1
84,"u2",32,5,0
84,"u2",37,5,2
84,"u2",42,10,0
84,"u2",47,3,0
84,"u2",52,2,1
84,"u3",7,7,0
84,"u3",12,16,1
84,"u3",17,7,0
84,"u3",22,19,0
84,"u3",27,24,2
84,"u3",32,13,0
84,"u3",37,8,3
84,"u3",42,9,3
84,"u3",47,5,7
84,"u3",52,1,0
84,"u4",7,3,0
84,"u4",12,16,0
84,"u4",17,19,3
84,"u4",22,13,0
84,"u4",27,24,1
84,"u4",32,12,1
84,"u4",37,8,0
84,"u4",42,4,0
84,"u4",47,0,1
84,"u4",52,1,0
84,"u5",7,2,0
84,"u5",12,7,0
84,"u5",17,17,6
84,"u5",22,48,1
84,"u5",27,74,13
84,"u5",32,50,10
84,"u5",37,16,13
84,"u5",42,31,1
84,"u5",47,24,34
84,"u5",52,4,7
84,"u6",7,1,0
84,"u6",12,3,0
84,"u6",17,1,0
84,"u6",22,2,0
84,"u6",27,2,0
84,"u6",32,19,1
84,"u6",37,17,0
84,"u6",42,23,0
84,"u6",47,11,1
84,"u6",52,4,0
84,"u7",7,0,0
84,"u7",12,10,0
84,"u7",17,25,1
84,"u7",22,16,0
84,"u7",27,26,0
84,"u7",32,10,7
84,"u7",37,5,2
84,"u7",42,2,0
84,"u7",47,0,0
84,"u7",52,0,0
84,"u8",7,2,0
84,"u8",12,9,0
84,"u8",17,11,0
84,"u8",22,13,1
84,"u8",27,16,3
84,"u8",32,12,0
84,"u8",37,4,0
84,"u8",42,15,1
84,"u8",47,9,2
84,"u8",52,14,3
84,"u9",7,4,0
84,"u9",12,15,0
84,"u9",17,17,2
84,"u9",22,12,1
84,"u9",27,15,0
84,"u9",32,16,0
84,"u9",37,10,6
84,"u9",42,19,0
84,"u9",47,6,5
84,"u9",52,14,8
85,"u1",7,13,0
85,"u1",12,15,0
85,"u1",17,8,0
85,"u1",22,19,9
85,"u1",27,80,0
85,"u1",32,71,39
85,"u1",37,35,17
85,"u1",42,5,4
85,"u1",47,2,2
85,"u1",52,2,9
85,"u2",7,8,0
85,"u2",12,9,0
85,"u2",17,9,0
85,"u2",22,10,0
85,"u2",27,11,0
85,"u2",32,15,0
85,"u2",37,8,0
85,"u2",42,8,3
85,"u2",47,18,1
85,"u2",52,3,8
85,"u3",7,4,0
85,"u3",12,6,0
85,"u3",17,17,1
85,"u3",22,65,0
85,"u3",27,18,4
85,"u3",32,38,0
85,"u3",37,7,4
85,"u3",42,8,0
85,"u3",47,11,2
85,"u3",52,23,4
85,"u4",7,4,0
85,"u4",12,10,1
85,"u4",17,24,0
85,"u4",22,54,2
85,"u4",27,33,0
85,"u4",32,7,1
85,"u4",37,5,9
85,"u4",42,3,2
85,"u4",47,2,0
85,"u4",52,0,3
85,"u5",7,1,0
85,"u5",12,5,0
85,"u5",17,1,0
85,"u5",22,10,0
85,"u5",27,40,2
85,"u5",32,11,2
85,"u5",37,53,1
85,"u5",42,30,4
85,"u5",47,20,1
85,"u5",52,3,2
85,"u6",7,2,0
85,"u6",12,11,0
85,"u6",17,12,0
85,"u6",22,29,1
85,"u6",27,23,2
85,"u6",32,12,0
85,"u6",37,5,2
85,"u6",42,2,1
85,"u6",47,0,0
85,"u6",52,0,0
85,"u7",7,4,0
85,"u7",12,3,0
85,"u7",17,4,1
85,"u7",22,26,0
85,"u7",27,10,1
85,"u7",32,7,7
85,"u7",37,2,4
85,"u7",42,5,0
85,"u7",47,2,0
85,"u7",52,0,1
85,"u8",7,2,0
85,"u8",12,0,0
85,"u8",17,5,0
85,"u8",22,15,0
85,"u8",27,27,1
85,"u8",32,10,1
85,"u8",37,6,2
85,"u8",42,10,0
85,"u8",47,2,0
85,"u8",52,6,0
85,"u9",7,2,0
85,"u9",12,6,0
85,"u9",17,11,0
85,"u9",22,20,0
85,"u9",27,39,4
85,"u9",32,39,0
85,"u9",37,71,5
85,"u9",42,21,7
85,"u9",47,11,12
85,"u9",52,7,7
86,"u1",7,4,0
86,"u1",12,5,0
86,"u1",17,7,0
86,"u1",22,37,2
86,"u1",27,148,10
86,"u1",32,43,1
86,"u1",37,19,1
86,"u1",42,14,33
86,"u1",47,13,6
86,"u1",52,19,0
86,"u2",7,5,0
86,"u2",12,4,0
86,"u2",17,11,2
86,"u2",22,15,0
86,"u2",27,6,2
86,"u2",32,14,2
86,"u2",37,15,1
86,"u2",42,4,3
86,"u2",47,0,0
86,"u2",52,5,0
86,"u3",7,3,1
86,"u3",12,3,0
86,"u3",17,10,1
86,"u3",22,12,0
86,"u3",27,13,0
86,"u3",32,22,0
86,"u3",37,15,1
86,"u3",42,4,1
86,"u3",47,3,2
86,"u3",52,3,1
86,"u4",7,6,0
86,"u4",12,27,3
86,"u4",17,40,3
86,"u4",22,18,2
86,"u4",27,8,5
86,"u4",32,0,0
86,"u4",37,0,0
86,"u4",42,0,1
86,"u4",47,0,0
86,"u4",52,0,0
86,"u5",7,3,0
86,"u5",12,4,0
86,"u5",17,24,0
86,"u5",22,67,0
86,"u5",27,55,7
86,"u5",32,33,7
86,"u5",37,14,3
86,"u5",42,14,1
86,"u5",47,1,1
86,"u5",52,0,1
86,"u6",7,2,0
86,"u6",12,3,0
86,"u6",17,5,0
86,"u6",22,6,0
86,"u6",27,5,0
86,"u6",32,11,1
86,"u6",37,12,2
86,"u6",42,9,1
86,"u6",47,11,1
86,"u6",52,4,4
86,"u7",7,12,0
86,"u7",12,13,0
86,"u7",17,85,0
86,"u7",22,51,2
86,"u7",27,16,2
86,"u7",32,17,0
86,"u7",37,5,0
86,"u7",42,0,0
86,"u7",47,0,1
86,"u7",52,0,2
86,"u8",7,5,2
86,"u8",12,11,0
86,"u8",17,14,1
86,"u8",22,15,0
86,"u8",27,12,4
86,"u8",32,8,0
86,"u8",37,15,0
86,"u8",42,5,2
86,"u8",47,34,1
86,"u8",52,51,0
86,"u9",7,0,0
86,"u9",12,8,0
86,"u9",17,5,0
86,"u9",22,22,0
86,"u9",27,60,0
86,"u9",32,30,0
86,"u9",37,24,1
86,"u9",42,21,0
86,"u9",47,22,1
86,"u9",52,39,7
87,"u1",7,2,0
87,"u1",12,4,0
87,"u1",17,9,0
87,"u1",22,18,0
87,"u1",27,92,3
87,"u1",32,24,4
87,"u1",37,19,2
87,"u1",42,8,8
87,"u1",47,8,7
87,"u1",52,6,6
87,"u2",7,5,0
87,"u2",12,4,1
87,"u2",17,4,0
87,"u2",22,7,1
87,"u2",27,9,0
87,"u2",32,19,2
87,"u2",37,8,11
87,"u2",42,20,0
87,"u2",47,8,0
87,"u2",52,1,0
87,"u3",7,11,0
87,"u3",12,24,4
87,"u3",17,44,0
87,"u3",22,14,4
87,"u3",27,28,4
87,"u3",32,22,1
87,"u3",37,16,1
87,"u3",42,8,3
87,"u3",47,2,3
87,"u3",52,1,2
87,"u4",7,8,1
87,"u4",12,9,0
87,"u4",17,19,0
87,"u4",22,29,2
87,"u4",27,4,0
87,"u4",32,2,0
87,"u4",37,2,0
87,"u4",42,6,1
87,"u4",47,1,0
87,"u4",52,5,0
87,"u5",7,6,0
87,"u5",12,6,1
87,"u5",17,17,0
87,"u5",22,3,0
87,"u5",27,4,0
87,"u5",32,7,0
87,"u5",37,11,0
87,"u5",42,8,0
87,"u5",47,4,0
87,"u5",52,1,0
87,"u6",7,2,0
87,"u6",12,2,0
87,"u6",17,9,0
87,"u6",22,36,1
87,"u6",27,35,1
87,"u6",32,20,1
87,"u6",37,24,0
87,"u6",42,4,0
87,"u6",47,4,0
87,"u6",52,2,0
87,"u7",7,4,0
87,"u7",12,2,0
87,"u7",17,7,0
87,"u7",22,19,1
87,"u7",27,26,0
87,"u7",32,7,0
87,"u7",37,3,1
87,"u7",42,0,4
87,"u7",47,2,0
87,"u7",52,2,0
87,"u8",7,3,0
87,"u8",12,7,0
87,"u8",17,57,0
87,"u8",22,129,19
87,"u8",27,22,5
87,"u8",32,3,1
87,"u8",37,7,2
87,"u8",42,5,2
87,"u8",47,1,0
87,"u8",52,1,1
87,"u9",7,2,0
87,"u9",12,13,0
87,"u9",17,18,0
87,"u9",22,37,3
87,"u9",27,19,1
87,"u9",32,9,4
87,"u9",37,3,4
87,"u9",42,2,1
87,"u9",47,1,0
87,"u9",52,0,1
88,"u1",7,6,0
88,"u1",12,7,0
88,"u1",17,12,1
88,"u1",22,27,1
88,"u1",27,24,2
88,"u1",32,11,0
88,"u1",37,2,0
88,"u1",42,0,1
88,"u1",47,1,0
88,"u1",52,0,0
88,"u2",7,4,0
88,"u2",12,12,0
88,"u2",17,14,2
88,"u2",22,12,1
88,"u2",27,8,1
88,"u2",32,14,1
88,"u2",37,7,0
88,"u2",42,1,1
88,"u2",47,1,1
88,"u2",52,6,0
88,"u3",7,1,0
88,"u3",12,7,0
88,"u3",17,8,0
88,"u3",22,11,0
88,"u3",27,9,1
88,"u3",32,11,2
88,"u3",37,1,0
88,"u3",42,5,0
88,"u3",47,3,0
88,"u3",52,1,0
88,"u4",7,9,0
88,"u4",12,15,0
88,"u4",17,12,0
88,"u4",22,14,1
88,"u4",27,4,0
88,"u4",32,7,1
88,"u4",37,10,1
88,"u4",42,14,0
88,"u4",47,14,0
88,"u4",52,20,4
88,"u5",7,1,1
88,"u5",12,6,0
88,"u5",17,7,0
88,"u5",22,26,0
88,"u5",27,24,0
88,"u5",32,13,1
88,"u5",37,6,1
88,"u5",42,2,0
88,"u5",47,1,1
88,"u5",52,2,0
88,"u6",7,2,0
88,"u6",12,3,1
88,"u6",17,6,0
88,"u6",22,14,0
88,"u6",27,28,0
88,"u6",32,13,0
88,"u6",37,17,1
88,"u6",42,9,0
88,"u6",47,29,1
88,"u6",52,26,9
88,"u7",7,3,0
88,"u7",12,2,0
88,"u7",17,45,0
88,"u7",22,10,0
88,"u7",27,6,1
88,"u7",32,4,1
88,"u7",37,16,1
88,"u7",42,23,2
88,"u7",47,23,1
88,"u7",52,28,2
88,"u8",7,4,0
88,"u8",12,12,2
88,"u8",17,31,1
88,"u8",22,87,1
88,"u8",27,37,5
88,"u8",32,26,4
88,"u8",37,11,0
88,"u8",42,4,1
88,"u8",47,0,0
88,"u8",52,0,0
88,"u9",7,4,0
88,"u9",12,9,0
88,"u9",17,12,1
88,"u9",22,14,0
88,"u9",27,20,0
88,"u9",32,36,3
88,"u9",37,39,2
88,"u9",42,32,1
88,"u9",47,10,5
88,"u9",52,2,11
89,"u1",7,4,0
89,"u1",12,15,0
89,"u1",17,24,1
89,"u1",22,20,2
89,"u1",27,6,1
89,"u1",32,2,0
89,"u1",37,4,1
89,"u1",42,2,0
89,"u1",47,3,0
89,"u1",52,3,0
89,"u2",7,6,0
89,"u2",12,4,0
89,"u2",17,7,0
89,"u2",22,13,0
89,"u2",27,10,1
89,"u2",32,10,0
89,"u2",37,6,0
89,"u2",42,5,1
89,"u2",47,2,0
89,"u2",52,4,0
89,"u3",7,3,0
89,"u3",12,23,1
89,"u3",17,30,0
89,"u3",22,33,1
89,"u3",27,47,2
89,"u3",32,52,23
89,"u3",37,7,9
89,"u3",42,2,15
89,"u3",47,1,0
89,"u3",52,2,0
89,"u4",7,2,0
89,"u4",12,6,0
89,"u4",17,14,0
89,"u4",22,25,1
89,"u4",27,12,4
89,"u4",32,2,4
89,"u4",37,1,1
89,"u4",42,3,0
89,"u4",47,0,0
89,"u4",52,1,2
89,"u5",7,5,0
89,"u5",12,3,1
89,"u5",17,34,0
89,"u5",22,40,3
89,"u5",27,5,3
89,"u5",32,3,3
89,"u5",37,1,4
89,"u5",42,1,0
89,"u5",47,5,0
89,"u5",52,0,0
89,"u6",7,0,0
89,"u6",12,7,1
89,"u6",17,14,0
89,"u6",22,14,0
89,"u6",27,23,1
89,"u6",32,39,8
89,"u6",37,40,2
89,"u6",42,24,18
89,"u6",47,34,18
89,"u6",52,24,8
89,"u7",7,2,0
89,"u7",12,2,1
89,"u7",17,3,1
89,"u7",22,10,2
89,"u7",27,28,2
89,"u7",32,23,2
89,"u7",37,7,0
89,"u7",42,3,0
89,"u7",47,5,0
89,"u7",52,3,0
89,"u8",7,2,0
89,"u8",12,4,0
89,"u8",17,7,0
89,"u8",22,22,1
89,"u8",27,9,1
89,"u8",32,8,1
89,"u8",37,4,1
89,"u8",42,8,0
89,"u8",47,4,0
89,"u8",52,6,0
89,"u9",7,6,0
89,"u9",12,4,1
89,"u9",17,24,0
89,"u9",22,68,3
89,"u9",27,55,10
89,"u9",32,14,2
89,"u9",37,2,6
89,"u9",42,0,0
89,"u9",47,0,1
89,"u9",52,0,2
90,"u1",7,0,0
90,"u1",12,6,0
90,"u1",17,15,0
90,"u1",22,25,0
90,"u1",27,8,0
90,"u1",32,11,1
90,"u1",37,14,0
90,"u1",42,8,1
90,"u1",47,7,1
90,"u1",52,4,0
90,"u2",7,1,0
90,"u2",12,7,0
90,"u2",17,7,0
90,"u2",22,25,1
90,"u2",27,14,6
90,"u2",32,8,2
90,"u2",37,19,0
90,"u2",42,32,0
90,"u2",47,17,2
90,"u2",52,29,1
90,"u3",7,5,0
90,"u3",12,4,0
90,"u3",17,14,0
90,"u3",22,58,0
90,"u3",27,55,0
90,"u3",32,54,3
90,"u3",37,14,3
90,"u3",42,8,0
90,"u3",47,1,0
90,"u3",52,1,1
90,"u4",7,7,0
90,"u4",12,7,0
90,"u4",17,22,0
90,"u4",22,59,0
90,"u4",27,68,9
90,"u4",32,27,1
90,"u4",37,28,0
90,"u4",42,8,0
90,"u4",47,0,5
90,"u4",52,0,0
90,"u5",7,4,0
90,"u5",12,4,0
90,"u5",17,5,0
90,"u5",22,15,0
90,"u5",27,19,0
90,"u5",32,17,0
90,"u5",37,21,4
90,"u5",42,48,3
90,"u5",47,39,8
90,"u5",52,8,9
90,"u6",7,0,0
90,"u6",12,5,0
90,"u6",17,35,2
90,"u6",22,21,2
90,"u6",27,23,1
90,"u6",32,2,5
90,"u6",37,2,3
90,"u6",42,4,1
90,"u6",47,3,0
90,"u6",52,2,0
90,"u7",7,1,0
90,"u7",12,9,0
90,"u7",17,14,1
90,"u7",22,21,5
90,"u7",27,46,4
90,"u7",32,19,16
90,"u7",37,8,0
90,"u7",42,11,1
90,"u7",47,1,0
90,"u7",52,1,0
90,"u8",7,2,0
90,"u8",12,5,0
90,"u8",17,16,1
90,"u8",22,21,1
90,"u8",27,53,0
90,"u8",32,17,0
90,"u8",37,7,3
90,"u8",42,2,0
90,"u8",47,2,1
90,"u8",52,1,0
90,"u9",7,2,0
90,"u9",12,4,1
90,"u9",17,20,0
90,"u9",22,100,3
90,"u9",27,23,10
90,"u9",32,15,3
90,"u9",37,21,2
90,"u9",42,13,0
90,"u9",47,3,0
90,"u9",52,3,2
91,"u1",7,4,0
91,"u1",12,14,1
91,"u1",17,13,1
91,"u1",22,11,5
91,"u1",27,8,0
91,"u1",32,20,3
91,"u1",37,49,3
91,"u1",42,12,1
91,"u1",47,0,16
91,"u1",52,0,0
91,"u2",7,4,0
91,"u2",12,21,0
91,"u2",17,19,0
91,"u2",22,22,1
91,"u2",27,25,3
91,"u2",32,10,0
91,"u2",37,12,3
91,"u2",42,1,1
91,"u2",47,3,1
91,"u2",52,1,1
91,"u3",7,4,0
91,"u3",12,12,0
91,"u3",17,6,1
91,"u3",22,17,0
91,"u3",27,21,1
91,"u3",32,28,3
91,"u3",37,13,0
91,"u3",42,6,2
91,"u3",47,1,1
91,"u3",52,2,0
91,"u4",7,2,0
91,"u4",12,11,0
91,"u4",17,45,1
91,"u4",22,48,4
91,"u4",27,23,2
91,"u4",32,9,3
91,"u4",37,5,0
91,"u4",42,0,0
91,"u4",47,1,0
91,"u4",52,2,0
91,"u5",7,3,0
91,"u5",12,3,0
91,"u5",17,26,0
91,"u5",22,47,0
91,"u5",27,5,1
91,"u5",32,7,2
91,"u5",37,3,0
91,"u5",42,2,0
91,"u5",47,5,0
91,"u5",52,1,0
91,"u6",7,2,0
91,"u6",12,10,0
91,"u6",17,13,4
91,"u6",22,2,1
91,"u6",27,8,0
91,"u6",32,23,3
91,"u6",37,21,2
91,"u6",42,11,1
91,"u6",47,15,4
91,"u6",52,5,13
91,"u7",7,2,0
91,"u7",12,8,0
91,"u7",17,9,0
91,"u7",22,12,1
91,"u7",27,6,0
91,"u7",32,15,0
91,"u7",37,13,1
91,"u7",42,7,3
91,"u7",47,16,1
91,"u7",52,4,0
91,"u8",7,1,0
91,"u8",12,8,0
91,"u8",17,2,0
91,"u8",22,16,1
91,"u8",27,7,2
91,"u8",32,15,0
91,"u8",37,16,0
91,"u8",42,20,0
91,"u8",47,14,0
91,"u8",52,8,5
91,"u9",7,2,0
91,"u9",12,1,0
91,"u9",17,4,1
91,"u9",22,12,1
91,"u9",27,5,0
91,"u9",32,4,1
91,"u9",37,2,1
91,"u9",42,9,0
91,"u9",47,4,0
91,"u9",52,7,0
92,"u1",7,2,0
92,"u1",12,5,0
92,"u1",17,3,1
92,"u1",22,1,0
92,"u1",27,35,0
92,"u1",32,53,0
92,"u1",37,29,3
92,"u1",42,8,20
92,"u1",47,6,1
92,"u1",52,9,7
92,"u2",7,4,1
92,"u2",12,6,0
92,"u2",17,11,1
92,"u2",22,43,2
92,"u2",27,42,6
92,"u2",32,24,0
92,"u2",37,10,9
92,"u2",42,14,0
92,"u2",47,10,1
92,"u2",52,7,0
92,"u3",7,2,0
92,"u3",12,3,0
92,"u3",17,6,0
92,"u3",22,17,1
92,"u3",27,21,0
92,"u3",32,20,0
92,"u3",37,28,0
92,"u3",42,24,1
92,"u3",47,42,10
92,"u3",52,7,3
92,"u4",7,8,0
92,"u4",12,15,0
92,"u4",17,14,0
92,"u4",22,11,3
92,"u4",27,23,9
92,"u4",32,16,1
92,"u4",37,23,2
92,"u4",42,14,1
92,"u4",47,3,0
92,"u4",52,8,0
92,"u5",7,0,0
92,"u5",12,7,0
92,"u5",17,8,0
92,"u5",22,12,0
92,"u5",27,9,0
92,"u5",32,9,1
92,"u5",37,6,0
92,"u5",42,10,3
92,"u5",47,17,1
92,"u5",52,12,4
92,"u6",7,2,0
92,"u6",12,9,1
92,"u6",17,38,5
92,"u6",22,29,3
92,"u6",27,45,5
92,"u6",32,44,2
92,"u6",37,38,2
92,"u6",42,5,5
92,"u6",47,3,0
92,"u6",52,1,1
92,"u7",7,1,0
92,"u7",12,6,0
92,"u7",17,7,0
92,"u7",22,16,0
92,"u7",27,19,2
92,"u7",32,33,5
92,"u7",37,27,5
92,"u7",42,26,1
92,"u7",47,21,8
92,"u7",52,7,0
92,"u8",7,2,0
92,"u8",12,8,1
92,"u8",17,6,2
92,"u8",22,8,0
92,"u8",27,5,4
92,"u8",32,23,1
92,"u8",37,17,1
92,"u8",42,9,1
92,"u8",47,2,2
92,"u8",52,6,0
92,"u9",7,2,0
92,"u9",12,7,0
92,"u9",17,16,0
92,"u9",22,66,1
92,"u9",27,75,3
92,"u9",32,147,23
92,"u9",37,82,12
92,"u9",42,96,16
92,"u9",47,28,11
92,"u9",52,6,0
93,"u1",7,2,0
93,"u1",12,8,0
93,"u1",17,11,0
93,"u1",22,21,0
93,"u1",27,3,0
93,"u1",32,7,0
93,"u1",37,12,0
93,"u1",42,5,0
93,"u1",47,6,0
93,"u1",52,10,0
93,"u2",7,0,0
93,"u2",12,11,0
93,"u2",17,16,0
93,"u2",22,48,5
93,"u2",27,27,12
93,"u2",32,23,1
93,"u2",37,4,3
93,"u2",42,15,0
93,"u2",47,10,4
93,"u2",52,9,1
93,"u3",7,1,0
93,"u3",12,4,0
93,"u3",17,12,1
93,"u3",22,42,9
93,"u3",27,65,4
93,"u3",32,32,7
93,"u3",37,11,6
93,"u3",42,12,2
93,"u3",47,4,1
93,"u3",52,4,1
93,"u4",7,0,0
93,"u4",12,3,0
93,"u4",17,24,0
93,"u4",22,24,0
93,"u4",27,6,0
93,"u4",32,3,2
93,"u4",37,0,0
93,"u4",42,0,1
93,"u4",47,0,0
93,"u4",52,0,1
93,"u5",7,0,0
93,"u5",12,6,0
93,"u5",17,50,0
93,"u5",22,62,3
93,"u5",27,13,2
93,"u5",32,3,6
93,"u5",37,1,0
93,"u5",42,5,0
93,"u5",47,5,0
93,"u5",52,6,0
93,"u6",7,1,0
93,"u6",12,2,0
93,"u6",17,4,0
93,"u6",22,13,0
93,"u6",27,47,0
93,"u6",32,46,0
93,"u6",37,29,1
93,"u6",42,3,12
93,"u6",47,0,0
93,"u6",52,0,0
93,"u7",7,5,0
93,"u7",12,16,0
93,"u7",17,35,0
93,"u7",22,45,2
93,"u7",27,42,9
93,"u7",32,31,4
93,"u7",37,8,2
93,"u7",42,8,4
93,"u7",47,1,1
93,"u7",52,4,3
93,"u8",7,7,0
93,"u8",12,18,0
93,"u8",17,20,0
93,"u8",22,30,0
93,"u8",27,20,1
93,"u8",32,19,3
93,"u8",37,5,1
93,"u8",42,3,0
93,"u8",47,0,2
93,"u8",52,0,0
93,"u9",7,0,0
93,"u9",12,5,0
93,"u9",17,3,0
93,"u9",22,3,0
93,"u9",27,18,0
93,"u9",32,17,1
93,"u9",37,13,1
93,"u9",42,9,1
93,"u9",47,8,9
93,"u9",52,3,0
94,"u1",7,2,0
94,"u1",12,9,0
94,"u1",17,3,0
94,"u1",22,6,1
94,"u1",27,5,0
94,"u1",32,27,0
94,"u1",37,5,3
94,"u1",42,13,1
94,"u1",47,1,0
94,"u1",52,1,1
94,"u2",7,0,0
94,"u2",12,4,0
94,"u2",17,13,1
94,"u2",22,19,9
94,"u2",27,11,0
94,"u2",32,22,0
94,"u2",37,9,1
94,"u2",42,5,1
94,"u2",47,1,1
94,"u2",52,2,0
94,"u3",7,0,0
94,"u3",12,5,0
94,"u3",17,12,0
94,"u3",22,19,1
94,"u3",27,21,0
94,"u3",32,7,1
94,"u3",37,0,0
94,"u3",42,3,1
94,"u3",47,3,1
94,"u3",52,0,0
94,"u4",7,0,0
94,"u4",12,0,0
94,"u4",17,12,0
94,"u4",22,28,0
94,"u4",27,43,0
94,"u4",32,11,1
94,"u4",37,5,0
94,"u4",42,4,1
94,"u4",47,1,3
94,"u4",52,3,2
94,"u5",7,1,0
94,"u5",12,4,1
94,"u5",17,2,2
94,"u5",22,6,0
94,"u5",27,20,0
94,"u5",32,32,0
94,"u5",37,19,9
94,"u5",42,5,1
94,"u5",47,0,1
94,"u5",52,1,0
94,"u6",7,4,0
94,"u6",12,12,0
94,"u6",17,25,0
94,"u6",22,13,1
94,"u6",27,2,1
94,"u6",32,8,0
94,"u6",37,7,4
94,"u6",42,6,0
94,"u6",47,3,1
94,"u6",52,2,3
94,"u7",7,1,1
94,"u7",12,6,0
94,"u7",17,17,1
94,"u7",22,19,0
94,"u7",27,13,0
94,"u7",32,10,1
94,"u7",37,15,7
94,"u7",42,15,4
94,"u7",47,28,4
94,"u7",52,74,4
94,"u8",7,2,0
94,"u8",12,13,0
94,"u8",17,30,0
94,"u8",22,19,0
94,"u8",27,9,0
94,"u8",32,25,0
94,"u8",37,8,0
94,"u8",42,16,5
94,"u8",47,14,0
94,"u8",52,2,1
94,"u9",7,3,0
94,"u9",12,7,0
94,"u9",17,22,0
94,"u9",22,18,1
94,"u9",27,11,0
94,"u9",32,2,0
94,"u9",37,6,0
94,"u9",42,1,0
94,"u9",47,1,0
94,"u9",52,0,0
95,"u1",7,2,0
95,"u1",12,2,0
95,"u1",17,6,2
95,"u1",22,15,0
95,"u1",27,24,1
95,"u1",32,13,1
95,"u1",37,21,1
95,"u1",42,8,3
95,"u1",47,2,1
95,"u1",52,0,1
95,"u2",7,4,0
95,"u2",12,3,1
95,"u2",17,11,0
95,"u2",22,23,0
95,"u2",27,17,0
95,"u2",32,24,0
95,"u2",37,23,8
95,"u2",42,48,7
95,"u2",47,79,1
95,"u2",52,38,7
95,"u3",7,4,0
95,"u3",12,8,1
95,"u3",17,5,0
95,"u3",22,8,0
95,"u3",27,8,1
95,"u3",32,5,0
95,"u3",37,5,0
95,"u3",42,0,2
95,"u3",47,6,3
95,"u3",52,6,2
95,"u4",7,8,0
95,"u4",12,7,0
95,"u4",17,25,3
95,"u4",22,28,4
95,"u4",27,19,7
95,"u4",32,2,1
95,"u4",37,3,2
95,"u4",42,1,0
95,"u4",47,1,1
95,"u4",52,3,0
95,"u5",7,2,0
95,"u5",12,2,0
95,"u5",17,8,0
95,"u5",22,11,0
95,"u5",27,1,0
95,"u5",32,3,0
95,"u5",37,11,0
95,"u5",42,13,0
95,"u5",47,5,0
95,"u5",52,2,2
95,"u6",7,2,0
95,"u6",12,16,0
95,"u6",17,1,0
95,"u6",22,8,0
95,"u6",27,21,1
95,"u6",32,18,0
95,"u6",37,12,2
95,"u6",42,4,0
95,"u6",47,2,0
95,"u6",52,5,0
95,"u7",7,4,0
95,"u7",12,3,0
95,"u7",17,4,0
95,"u7",22,8,0
95,"u7",27,8,0
95,"u7",32,4,0
95,"u7",37,18,0
95,"u7",42,10,1
95,"u7",47,17,0
95,"u7",52,9,2
95,"u8",7,1,0
95,"u8",12,6,0
95,"u8",17,17,0
95,"u8",22,25,0
95,"u8",27,58,1
95,"u8",32,57,6
95,"u8",37,38,6
95,"u8",42,16,19
95,"u8",47,6,16
95,"u8",52,6,2
95,"u9",7,6,0
95,"u9",12,9,0
95,"u9",17,44,1
95,"u9",22,42,8
95,"u9",27,23,1
95,"u9",32,2,0
95,"u9",37,1,0
95,"u9",42,0,1
95,"u9",47,3,1
95,"u9",52,2,0
96,"u1",7,6,0
96,"u1",12,8,0
96,"u1",17,19,0
96,"u1",22,18,1
96,"u1",27,24,0
96,"u1",32,6,1
96,"u1",37,2,0
96,"u1",42,2,0
96,"u1",47,2,0
96,"u1",52,0,0
96,"u2",7,3,0
96,"u2",12,5,0
96,"u2",17,15,2
96,"u2",22,34,0
96,"u2",27,37,0
96,"u2",32,4,2
96,"u2",37,6,3
96,"u2",42,2,0
96,"u2",47,3,0
96,"u2",52,1,1
96,"u3",7,4,0
96,"u3",12,9,0
96,"u3",17,25,0
96,"u3",22,50,7
96,"u3",27,34,1
96,"u3",32,11,7
96,"u3",37,10,0
96,"u3",42,5,0
96,"u3",47,4,1
96,"u3",52,0,1
96,"u4",7,3,0
96,"u4",12,7,0
96,"u4",17,28,0
96,"u4",22,77,0
96,"u4",27,49,10
96,"u4",32,37,1
96,"u4",37,6,1
96,"u4",42,3,0
96,"u4",47,1,0
96,"u4",52,1,1
96,"u5",7,4,0
96,"u5",12,8,1
96,"u5",17,7,0
96,"u5",22,16,0
96,"u5",27,18,3
96,"u5",32,6,5
96,"u5",37,3,1
96,"u5",42,6,0
96,"u5",47,0,1
96,"u5",52,1,0
96,"u6",7,2,0
96,"u6",12,3,0
96,"u6",17,2,0
96,"u6",22,18,1
96,"u6",27,6,0
96,"u6",32,4,0
96,"u6",37,7,0
96,"u6",42,7,0
96,"u6",47,7,3
96,"u6",52,0,2
96,"u7",7,3,0
96,"u7",12,13,0
96,"u7",17,22,0
96,"u7",22,14,0
96,"u7",27,7,0
96,"u7",32,2,0
96,"u7",37,3,6
96,"u7",42,1,1
96,"u7",47,1,0
96,"u7",52,4,1
96,"u8",7,2,0
96,"u8",12,0,0
96,"u8",17,13,0
96,"u8",22,41,0
96,"u8",27,32,0
96,"u8",32,29,2
96,"u8",37,6,2
96,"u8",42,0,0
96,"u8",47,0,1
96,"u8",52,1,0
96,"u9",7,0,0
96,"u9",12,3,1
96,"u9",17,16,0
96,"u9",22,14,0
96,"u9",27,20,3
96,"u9",32,21,5
96,"u9",37,6,1
96,"u9",42,2,7
96,"u9",47,1,4
96,"u9",52,6,3
97,"u1",7,5,0
97,"u1",12,1,2
97,"u1",17,19,0
97,"u1",22,35,0
97,"u1",27,32,1
97,"u1",32,7,3
97,"u1",37,9,0
97,"u1",42,4,0
97,"u1",47,4,2
97,"u1",52,3,4
97,"u2",7,0,0
97,"u2",12,10,1
97,"u2",17,12,0
97,"u2",22,44,2
97,"u2",27,35,3
97,"u2",32,16,2
97,"u2",37,18,4
97,"u2",42,10,0
97,"u2",47,5,0
97,"u2",52,5,1
97,"u3",7,1,0
97,"u3",12,18,0
97,"u3",17,74,0
97,"u3",22,77,1
97,"u3",27,107,6
97,"u3",32,73,7
97,"u3",37,26,11
97,"u3",42,3,0
97,"u3",47,2,4
97,"u3",52,0,0
97,"u4",7,3,0
97,"u4",12,6,0
97,"u4",17,22,0
97,"u4",22,22,2
97,"u4",27,28,0
97,"u4",32,4,4
97,"u4",37,10,2
97,"u4",42,12,0
97,"u4",47,17,1
97,"u4",52,10,4
97,"u5",7,5,0
97,"u5",12,7,0
97,"u5",17,24,0
97,"u5",22,25,2
97,"u5",27,18,2
97,"u5",32,2,0
97,"u5",37,1,3
97,"u5",42,1,0
97,"u5",47,1,0
97,"u5",52,1,1
97,"u6",7,3,0
97,"u6",12,3,0
97,"u6",17,2,0
97,"u6",22,7,0
97,"u6",27,10,0
97,"u6",32,11,0
97,"u6",37,29,0
97,"u6",42,15,0
97,"u6",47,18,5
97,"u6",52,26,0
97,"u7",7,3,0
97,"u7",12,6,0
97,"u7",17,10,0
97,"u7",22,14,0
97,"u7",27,28,3
97,"u7",32,25,0
97,"u7",37,6,9
97,"u7",42,2,0
97,"u7",47,6,0
97,"u7",52,3,1
97,"u8",7,3,0
97,"u8",12,1,0
97,"u8",17,8,0
97,"u8",22,17,1
97,"u8",27,13,4
97,"u8",32,47,0
97,"u8",37,45,1
97,"u8",42,4,1
97,"u8",47,5,1
97,"u8",52,1,1
97,"u9",7,7,0
97,"u9",12,6,0
97,"u9",17,6,0
97,"u9",22,13,0
97,"u9",27,70,1
97,"u9",32,54,11
97,"u9",37,41,2
97,"u9",42,16,17
97,"u9",47,3,0
97,"u9",52,0,1
98,"u1",7,2,0
98,"u1",12,9,0
98,"u1",17,30,1
98,"u1",22,42,0
98,"u1",27,21,0
98,"u1",32,8,0
98,"u1",37,3,0
98,"u1",42,3,1
98,"u1",47,2,2
98,"u1",52,2,0
98,"u2",7,3,0
98,"u2",12,23,0
98,"u2",17,22,9
98,"u2",22,20,4
98,"u2",27,5,19
98,"u2",32,1,2
98,"u2",37,0,1
98,"u2",42,4,0
98,"u2",47,1,1
98,"u2",52,0,0
98,"u3",7,5,0
98,"u3",12,10,0
98,"u3",17,22,0
98,"u3",22,7,2
98,"u3",27,24,1
98,"u3",32,21,0
98,"u3",37,12,2
98,"u3",42,14,1
98,"u3",47,9,1
98,"u3",52,17,3
98,"u4",7,3,0
98,"u4",12,6,0
98,"u4",17,16,0
98,"u4",22,8,0
98,"u4",27,7,0
98,"u4",32,6,0
98,"u4",37,13,0
98,"u4",42,16,0
98,"u4",47,35,2
98,"u4",52,32,4
98,"u5",7,3,0
98,"u5",12,11,0
98,"u5",17,17,1
98,"u5",22,23,5
98,"u5",27,12,0
98,"u5",32,24,4
98,"u5",37,26,3
98,"u5",42,23,1
98,"u5",47,4,1
98,"u5",52,4,0
98,"u6",7,4,0
98,"u6",12,5,0
98,"u6",17,15,0
98,"u6",22,5,0
98,"u6",27,3,0
98,"u6",32,2,0
98,"u6",37,12,0
98,"u6",42,3,0
98,"u6",47,5,1
98,"u6",52,10,0
98,"u7",7,4,0
98,"u7",12,1,0
98,"u7",17,10,1
98,"u7",22,26,0
98,"u7",27,45,2
98,"u7",32,6,0
98,"u7",37,5,6
98,"u7",42,3,1
98,"u7",47,3,1
98,"u7",52,4,0
98,"u8",7,6,0
98,"u8",12,26,5
98,"u8",17,28,3
98,"u8",22,40,1
98,"u8",27,4,4
98,"u8",32,1,0
98,"u8",37,0,2
98,"u8",42,0,0
98,"u8",47,0,2
98,"u8",52,0,0
98,"u9",7,1,0
98,"u9",12,2,0
98,"u9",17,3,0
98,"u9",22,32,0
98,"u9",27,29,0
98,"u9",32,21,1
98,"u9",37,9,3
98,"u9",42,0,5
98,"u9",47,3,1
98,"u9",52,3,0
99,"u1",7,6,1
99,"u1",12,1,1
99,"u1",17,24,0
99,"u1",22,42,0
99,"u1",27,22,3
99,"u1",32,1,0
99,"u1",37,2,0
99,"u1",42,0,0
99,"u1",47,1,1
99,"u1",52,1,0
99,"u2",7,1,0
99,"u2",12,12,0
99,"u2",17,26,2
99,"u2",22,44,3
99,"u2",27,17,4
99,"u2",32,5,2
99,"u2",37,8,15
99,"u2",42,2,1
99,"u2",47,5,1
99,"u2",52,9,0
99,"u3",7,4,0
99,"u3",12,7,0
99,"u3",17,27,2
99,"u3",22,28,0
99,"u3",27,47,0
99,"u3",32,18,0
99,"u3",37,5,18
99,"u3",42,1,1
99,"u3",47,2,0
99,"u3",52,1,1
99,"u4",7,1,0
99,"u4",12,2,0
99,"u4",17,4,0
99,"u4",22,2,2
99,"u4",27,15,0
99,"u4",32,16,0
99,"u4",37,18,1
99,"u4",42,5,0
99,"u4",47,6,0
99,"u4",52,9,2
99,"u5",7,0,0
99,"u5",12,7,0
99,"u5",17,18,0
99,"u5",22,45,3
99,"u5",27,15,0
99,"u5",32,4,5
99,"u5",37,2,1
99,"u5",42,3,0
99,"u5",47,2,0
99,"u5",52,3,0
99,"u6",7,4,1
99,"u6",12,2,0
99,"u6",17,21,0
99,"u6",22,16,4
99,"u6",27,11,0
99,"u6",32,14,1
99,"u6",37,17,0
99,"u6",42,19,0
99,"u6",47,16,0
99,"u6",52,5,0
99,"u7",7,3,0
99,"u7",12,6,0
99,"u7",17,7,1
99,"u7",22,35,1
99,"u7",27,23,1
99,"u7",32,5,3
99,"u7",37,7,1
99,"u7",42,6,0
99,"u7",47,11,1
99,"u7",52,5,6
99,"u8",7,9,0
99,"u8",12,14,0
99,"u8",17,32,4
99,"u8",22,20,5
99,"u8",27,20,0
99,"u8",32,5,9
99,"u8",37,6,2
99,"u8",42,3,0
99,"u8",47,5,1
99,"u8",52,0,4
99,"u9",7,4,0
99,"u9",12,6,0
99,"u9",17,14,0
99,"u9",22,23,0
99,"u9",27,21,0
99,"u9",32,15,0
99,"u9",37,21,0
99,"u9",42,20,0
99,"u9",47,10,0
99,"u9",52,14,0
100,"u1",7,3,0
100,"u1",12,17,0
100,"u1",17,21,1
100,"u1",22,48,8
100,"u1",27,33,0
100,"u1",32,28,12
100,"u1",37,2,9
100,"u1",42,1,4
100,"u1",47,0,11
100,"u1",52,0,0
100,"u2",7,4,0
100,"u2",12,24,1
100,"u2",17,32,1
100,"u2",22,21,4
100,"u2",27,33,10
100,"u2",32,13,1
100,"u2",37,27,6
100,"u2",42,26,3
100,"u2",47,14,3
100,"u2",52,4,0
100,"u3",7,0,0
100,"u3",12,4,0
100,"u3",17,12,1
100,"u3",22,9,0
100,"u3",27,16,5
100,"u3",32,17,0
100,"u3",37,22,1
100,"u3",42,17,2
100,"u3",47,24,6
100,"u3",52,27,9
100,"u4",7,3,0
100,"u4",12,13,0
100,"u4",17,31,1
100,"u4",22,54,2
100,"u4",27,30,0
100,"u4",32,46,0
100,"u4",37,20,7
100,"u4",42,3,2
100,"u4",47,3,0
100,"u4",52,2,0
100,"u5",7,0,0
100,"u5",12,3,0
100,"u5",17,6,1
100,"u5",22,17,0
100,"u5",27,17,0
100,"u5",32,29,1
100,"u5",37,7,2
100,"u5",42,5,0
100,"u5",47,11,0
100,"u5",52,6,4
100,"u6",7,3,0
100,"u6",12,1,0
100,"u6",17,3,0
100,"u6",22,4,0
100,"u6",27,5,0
100,"u6",32,4,0
100,"u6",37,29,0
100,"u6",42,5,0
100,"u6",47,9,1
100,"u6",52,8,7
100,"u7",7,2,0
100,"u7",12,2,1
100,"u7",17,10,0
100,"u7",22,15,0
100,"u7",27,16,0
100,"u7",32,5,2
100,"u7",37,1,0
100,"u7",42,6,0
100,"u7",47,9,0
100,"u7",52,8,0
100,"u8",7,3,0
100,"u8",12,2,1
100,"u8",17,24,0
100,"u8",22,52,1
100,"u8",27,24,3
100,"u8",32,7,1
100,"u8",37,2,0
100,"u8",42,0,2
100,"u8",47,0,0
100,"u8",52,0,0
100,"u9",7,2,0
100,"u9",12,7,0
100,"u9",17,11,1
100,"u9",22,38,2
100,"u9",27,22,3
100,"u9",32,33,15
100,"u9",37,9,3
100,"u9",42,1,2
100,"u9",47,0,0
100,"u9",52,0,0
