"b","unit","day","dentadult","lumadult"
1,"u1",7,2,0
1,"u1",12,6,11
1,"u1",17,13,13
1,"u1",22,12,1
1,"u1",27,21,19
1,"u1",32,45,5
1,"u1",37,27,0
1,"u1",42,32,4
1,"u1",47,52,2
1,"u1",52,93,1
1,"u2",7,3,0
1,"u2",12,9,0
1,"u2",17,43,15
1,"u2",22,264,78
1,"u2",27,266,90
1,"u2",32,170,47
1,"u2",37,70,6
1,"u2",42,24,1
1,"u2",47,6,2
1,"u2",52,11,2
1,"u3",7,2,2
1,"u3",12,5,8
1,"u3",17,7,4
1,"u3",22,19,30
1,"u3",27,21,17
1,"u3",32,76,64
1,"u3",37,31,155
1,"u3",42,11,64
1,"u3",47,9,8
1,"u3",52,7,10
1,"u4",7,3,3
1,"u4",12,25,14
1,"u4",17,117,5
1,"u4",22,96,53
1,"u4",27,141,39
1,"u4",32,158,9
1,"u4",37,103,9
1,"u4",42,25,0
1,"u4",47,10,1
1,"u4",52,2,1
1,"u5",7,2,2
1,"u5",12,15,4
1,"u5",17,121,8
1,"u5",22,157,14
1,"u5",27,268,51
1,"u5",32,76,22
1,"u5",37,73,1
1,"u5",42,41,0
1,"u5",47,51,0
1,"u5",52,12,0
1,"u6",7,3,2
1,"u6",12,12,2
1,"u6",17,16,1
1,"u6",22,74,27
1,"u6",27,123,6
1,"u6",32,61,4
1,"u6",37,41,6
1,"u6",42,53,4
1,"u6",47,32,4
1,"u6",52,29,3
1,"u7",7,1,4
1,"u7",12,11,4
1,"u7",17,144,19
1,"u7",22,245,25
1,"u7",27,301,4
1,"u7",32,59,0
1,"u7",37,38,0
1,"u7",42,18,0
1,"u7",47,18,0
1,"u7",52,3,0
1,"u8",7,2,4
1,"u8",12,15,11
1,"u8",17,28,6
1,"u8",22,91,28
1,"u8",27,63,10
1,"u8",32,72,7
1,"u8",37,38,10
1,"u8",42,31,5
1,"u8",47,14,1
1,"u8",52,11,2
1,"u9",7,2,1
1,"u9",12,11,2
1,"u9",17,52,10
1,"u9",22,185,178
1,"u9",27,251,71
1,"u9",32,133,30
1,"u9",37,77,18
1,"u9",42,30,5
1,"u9",47,8,1
1,"u9",52,11,0
2,"u1",7,0,0
2,"u1",12,8,10
2,"u1",17,2,11
2,"u1",22,44,11
2,"u1",27,118,62
2,"u1",32,103,7
2,"u1",37,49,7
2,"u1",42,59,15
2,"u1",47,15,5
2,"u1",52,10,1
2,"u2",7,1,1
2,"u2",12,11,8
2,"u2",17,26,24
2,"u2",22,39,49
2,"u2",27,71,31
2,"u2",32,65,2
2,"u2",37,41,54
2,"u2",42,32,17
2,"u2",47,102,0
2,"u2",52,48,0
2,"u3",7,1,0
2,"u3",12,5,8
2,"u3",17,35,5
2,"u3",22,25,14
2,"u3",27,32,24
2,"u3",32,39,150
2,"u3",37,104,28
2,"u3",42,65,25
2,"u3",47,59,16
2,"u3",52,19,4
2,"u4",7,2,1
2,"u4",12,12,0
2,"u4",17,25,8
2,"u4",22,79,23
2,"u4",27,266,10
2,"u4",32,123,5
2,"u4",37,188,0
2,"u4",42,15,0
2,"u4",47,8,0
2,"u4",52,4,0
2,"u5",7,5,2
2,"u5",12,14,8
2,"u5",17,78,5
2,"u5",22,198,22
2,"u5",27,157,10
2,"u5",32,191,2
2,"u5",37,117,2
2,"u5",42,64,0
2,"u5",47,46,0
2,"u5",52,31,0
2,"u6",7,2,0
2,"u6",12,23,0
2,"u6",17,40,16
2,"u6",22,138,50
2,"u6",27,94,18
2,"u6",32,40,9
2,"u6",37,16,0
2,"u6",42,12,3
2,"u6",47,6,1
2,"u6",52,5,0
2,"u7",7,4,1
2,"u7",12,9,5
2,"u7",17,49,11
2,"u7",22,29,11
2,"u7",27,96,6
2,"u7",32,53,4
2,"u7",37,26,0
2,"u7",42,35,1
2,"u7",47,18,0
2,"u7",52,3,0
2,"u8",7,4,0
2,"u8",12,15,2
2,"u8",17,57,20
2,"u8",22,129,29
2,"u8",27,177,27
2,"u8",32,199,9
2,"u8",37,16,2
2,"u8",42,23,0
2,"u8",47,7,0
2,"u8",52,4,0
2,"u9",7,1,0
2,"u9",12,1,4
2,"u9",17,13,29
2,"u9",22,16,20
2,"u9",27,59,13
2,"u9",32,35,14
2,"u9",37,13,23
2,"u9",42,12,36
2,"u9",47,21,28
2,"u9",52,39,46
3,"u1",7,5,0
3,"u1",12,4,4
3,"u1",17,6,41
3,"u1",22,83,33
3,"u1",27,192,41
3,"u1",32,79,18
3,"u1",37,97,19
3,"u1",42,60,1
3,"u1",47,85,0
3,"u1",52,21,0
3,"u2",7,2,1
3,"u2",12,7,0
3,"u2",17,7,3
3,"u2",22,113,17
3,"u2",27,63,20
3,"u2",32,113,54
3,"u2",37,29,4
3,"u2",42,13,23
3,"u2",47,12,7
3,"u2",52,23,15
3,"u3",7,1,0
3,"u3",12,1,5
3,"u3",17,6,9
3,"u3",22,5,34
3,"u3",27,34,16
3,"u3",32,32,57
3,"u3",37,63,45
3,"u3",42,63,77
3,"u3",47,61,6
3,"u3",52,20,19
3,"u4",7,2,1
3,"u4",12,35,0
3,"u4",17,72,10
3,"u4",22,289,26
3,"u4",27,399,7
3,"u4",32,109,6
3,"u4",37,20,1
3,"u4",42,7,0
3,"u4",47,1,0
3,"u4",52,10,0
3,"u5",7,1,1
3,"u5",12,13,1
3,"u5",17,84,14
3,"u5",22,181,133
3,"u5",27,261,22
3,"u5",32,35,1
3,"u5",37,37,3
3,"u5",42,33,6
3,"u5",47,16,0
3,"u5",52,21,0
3,"u6",7,9,0
3,"u6",12,27,3
3,"u6",17,61,29
3,"u6",22,105,31
3,"u6",27,55,29
3,"u6",32,51,19
3,"u6",37,34,14
3,"u6",42,25,10
3,"u6",47,25,1
3,"u6",52,85,2
3,"u7",7,4,3
3,"u7",12,12,2
3,"u7",17,35,8
3,"u7",22,66,7
3,"u7",27,136,14
3,"u7",32,64,8
3,"u7",37,43,6
3,"u7",42,22,2
3,"u7",47,37,4
3,"u7",52,10,3
3,"u8",7,5,2
3,"u8",12,23,6
3,"u8",17,179,12
3,"u8",22,516,7
3,"u8",27,200,3
3,"u8",32,27,5
3,"u8",37,13,0
3,"u8",42,22,0
3,"u8",47,13,2
3,"u8",52,10,1
3,"u9",7,2,0
3,"u9",12,15,1
3,"u9",17,12,9
3,"u9",22,40,6
3,"u9",27,71,6
3,"u9",32,89,30
3,"u9",37,121,14
3,"u9",42,70,3
3,"u9",47,68,0
3,"u9",52,28,0
4,"u1",7,6,1
4,"u1",12,5,2
4,"u1",17,43,8
4,"u1",22,105,8
4,"u1",27,127,12
4,"u1",32,104,24
4,"u1",37,30,10
4,"u1",42,21,11
4,"u1",47,38,17
4,"u1",52,25,23
4,"u2",7,3,0
4,"u2",12,3,2
4,"u2",17,12,4
4,"u2",22,25,41
4,"u2",27,106,216
4,"u2",32,155,29
4,"u2",37,65,88
4,"u2",42,101,18
4,"u2",47,28,10
4,"u2",52,18,7
4,"u3",7,4,0
4,"u3",12,22,0
4,"u3",17,21,16
4,"u3",22,112,37
4,"u3",27,258,59
4,"u3",32,203,11
4,"u3",37,115,9
4,"u3",42,22,0
4,"u3",47,2,0
4,"u3",52,4,0
4,"u4",7,1,1
4,"u4",12,7,2
4,"u4",17,42,15
4,"u4",22,154,30
4,"u4",27,46,33
4,"u4",32,40,48
4,"u4",37,48,30
4,"u4",42,52,3
4,"u4",47,15,1
4,"u4",52,26,2
4,"u5",7,5,7
4,"u5",12,28,4
4,"u5",17,222,3
4,"u5",22,363,3
4,"u5",27,163,2
4,"u5",32,40,1
4,"u5",37,21,1
4,"u5",42,7,0
4,"u5",47,2,0
4,"u5",52,4,0
4,"u6",7,2,3
4,"u6",12,8,2
4,"u6",17,60,39
4,"u6",22,85,27
4,"u6",27,150,28
4,"u6",32,92,18
4,"u6",37,33,13
4,"u6",42,23,8
4,"u6",47,10,1
4,"u6",52,3,4
4,"u7",7,4,1
4,"u7",12,7,9
4,"u7",17,36,21
4,"u7",22,22,19
4,"u7",27,38,27
4,"u7",32,56,29
4,"u7",37,17,4
4,"u7",42,35,39
4,"u7",47,76,86
4,"u7",52,38,9
4,"u8",7,2,0
4,"u8",12,6,0
4,"u8",17,17,9
4,"u8",22,30,3
4,"u8",27,62,104
4,"u8",32,166,203
4,"u8",37,163,26
4,"u8",42,65,11
4,"u8",47,20,5
4,"u8",52,24,0
4,"u9",7,4,4
4,"u9",12,0,1
4,"u9",17,3,1
4,"u9",22,7,5
4,"u9",27,6,29
4,"u9",32,44,19
4,"u9",37,36,120
4,"u9",42,21,66
4,"u9",47,28,66
4,"u9",52,19,10
5,"u1",7,3,1
5,"u1",12,14,2
5,"u1",17,33,1
5,"u1",22,123,43
5,"u1",27,48,12
5,"u1",32,42,13
5,"u1",37,28,26
5,"u1",42,17,14
5,"u1",47,9,20
5,"u1",52,25,48
5,"u2",7,2,2
5,"u2",12,9,9
5,"u2",17,22,4
5,"u2",22,51,7
5,"u2",27,135,11
5,"u2",32,155,25
5,"u2",37,50,2
5,"u2",42,18,8
5,"u2",47,14,5
5,"u2",52,9,2
5,"u3",7,0,1
5,"u3",12,3,9
5,"u3",17,12,6
5,"u3",22,100,34
5,"u3",27,88,22
5,"u3",32,65,19
5,"u3",37,11,14
5,"u3",42,3,4
5,"u3",47,2,0
5,"u3",52,0,2
5,"u4",7,2,0
5,"u4",12,7,2
5,"u4",17,6,4
5,"u4",22,33,48
5,"u4",27,31,51
5,"u4",32,81,47
5,"u4",37,60,21
5,"u4",42,8,18
5,"u4",47,22,38
5,"u4",52,46,6
5,"u5",7,1,1
5,"u5",12,2,1
5,"u5",17,5,3
5,"u5",22,14,2
5,"u5",27,47,33
5,"u5",32,91,24
5,"u5",37,137,21
5,"u5",42,30,5
5,"u5",47,43,10
5,"u5",52,19,1
5,"u6",7,1,0
5,"u6",12,15,4
5,"u6",17,32,2
5,"u6",22,148,29
5,"u6",27,216,45
5,"u6",32,80,11
5,"u6",37,57,3
5,"u6",42,4,1
5,"u6",47,5,0
5,"u6",52,2,0
5,"u7",7,0,1
5,"u7",12,9,2
5,"u7",17,64,28
5,"u7",22,144,34
5,"u7",27,333,81
5,"u7",32,123,7
5,"u7",37,34,7
5,"u7",42,5,2
5,"u7",47,5,0
5,"u7",52,1,0
5,"u8",7,6,0
5,"u8",12,12,2
5,"u8",17,16,10
5,"u8",22,55,15
5,"u8",27,70,7
5,"u8",32,172,18
5,"u8",37,86,11
5,"u8",42,32,5
5,"u8",47,16,5
5,"u8",52,6,3
5,"u9",7,4,1
5,"u9",12,16,14
5,"u9",17,41,25
5,"u9",22,231,101
5,"u9",27,183,95
5,"u9",32,123,13
5,"u9",37,39,3
5,"u9",42,12,0
5,"u9",47,12,1
5,"u9",52,4,0
6,"u1",7,1,2
6,"u1",12,11,3
6,"u1",17,34,47
6,"u1",22,106,42
6,"u1",27,50,171
6,"u1",32,80,51
6,"u1",37,105,29
6,"u1",42,52,12
6,"u1",47,12,1
6,"u1",52,4,4
6,"u2",7,0,3
6,"u2",12,17,0
6,"u2",17,21,7
6,"u2",22,57,56
6,"u2",27,165,34
6,"u2",32,123,39
6,"u2",37,30,22
6,"u2",42,18,1
6,"u2",47,9,3
6,"u2",52,6,1
6,"u3",7,1,3
6,"u3",12,12,5
6,"u3",17,17,5
6,"u3",22,8,6
6,"u3",27,39,19
6,"u3",32,20,41
6,"u3",37,28,11
6,"u3",42,82,30
6,"u3",47,39,151
6,"u3",52,36,40
6,"u4",7,3,1
6,"u4",12,10,2
6,"u4",17,19,17
6,"u4",22,77,33
6,"u4",27,124,106
6,"u4",32,53,76
6,"u4",37,11,45
6,"u4",42,11,2
6,"u4",47,2,7
6,"u4",52,6,12
6,"u5",7,5,0
6,"u5",12,6,5
6,"u5",17,13,17
6,"u5",22,39,17
6,"u5",27,31,25
6,"u5",32,79,63
6,"u5",37,54,59
6,"u5",42,29,4
6,"u5",47,6,6
6,"u5",52,7,15
6,"u6",7,3,0
6,"u6",12,1,5
6,"u6",17,9,8
6,"u6",22,19,10
6,"u6",27,37,4
6,"u6",32,27,12
6,"u6",37,5,18
6,"u6",42,5,5
6,"u6",47,13,16
6,"u6",52,14,5
6,"u7",7,1,1
6,"u7",12,14,4
6,"u7",17,16,8
6,"u7",22,17,53
6,"u7",27,35,22
6,"u7",32,53,19
6,"u7",37,54,13
6,"u7",42,28,23
6,"u7",47,19,26
6,"u7",52,11,18
6,"u8",7,4,3
6,"u8",12,15,1
6,"u8",17,60,10
6,"u8",22,36,5
6,"u8",27,23,6
6,"u8",32,10,4
6,"u8",37,38,13
6,"u8",42,33,14
6,"u8",47,63,15
6,"u8",52,83,43
6,"u9",7,0,1
6,"u9",12,2,0
6,"u9",17,18,5
6,"u9",22,45,11
6,"u9",27,92,94
6,"u9",32,120,18
6,"u9",37,159,30
6,"u9",42,59,33
6,"u9",47,41,7
6,"u9",52,34,3
7,"u1",7,3,3
7,"u1",12,23,7
7,"u1",17,108,23
7,"u1",22,349,5
7,"u1",27,154,7
7,"u1",32,250,1
7,"u1",37,20,0
7,"u1",42,3,0
7,"u1",47,8,0
7,"u1",52,2,0
7,"u2",7,3,0
7,"u2",12,10,6
7,"u2",17,6,15
7,"u2",22,106,65
7,"u2",27,98,131
7,"u2",32,135,74
7,"u2",37,87,21
7,"u2",42,5,8
7,"u2",47,0,3
7,"u2",52,1,2
7,"u3",7,1,2
7,"u3",12,9,1
7,"u3",17,26,21
7,"u3",22,101,59
7,"u3",27,103,217
7,"u3",32,109,54
7,"u3",37,27,10
7,"u3",42,10,6
7,"u3",47,10,12
7,"u3",52,1,8
7,"u4",7,1,0
7,"u4",12,5,1
7,"u4",17,7,17
7,"u4",22,28,11
7,"u4",27,419,52
7,"u4",32,263,45
7,"u4",37,73,15
7,"u4",42,19,2
7,"u4",47,24,0
7,"u4",52,8,0
7,"u5",7,8,0
7,"u5",12,13,6
7,"u5",17,11,6
7,"u5",22,49,10
7,"u5",27,150,24
7,"u5",32,77,82
7,"u5",37,41,23
7,"u5",42,31,21
7,"u5",47,25,2
7,"u5",52,16,1
7,"u6",7,6,0
7,"u6",12,27,5
7,"u6",17,41,25
7,"u6",22,191,76
7,"u6",27,223,12
7,"u6",32,316,4
7,"u6",37,124,1
7,"u6",42,31,0
7,"u6",47,27,0
7,"u6",52,6,0
7,"u7",7,3,2
7,"u7",12,15,2
7,"u7",17,47,16
7,"u7",22,26,59
7,"u7",27,54,95
7,"u7",32,22,99
7,"u7",37,31,74
7,"u7",42,22,24
7,"u7",47,25,32
7,"u7",52,14,9
7,"u8",7,4,1
7,"u8",12,7,5
7,"u8",17,36,7
7,"u8",22,58,15
7,"u8",27,111,30
7,"u8",32,72,28
7,"u8",37,60,19
7,"u8",42,99,7
7,"u8",47,32,8
7,"u8",52,11,1
7,"u9",7,2,0
7,"u9",12,14,3
7,"u9",17,17,3
7,"u9",22,83,23
7,"u9",27,50,25
7,"u9",32,168,46
7,"u9",37,241,5
7,"u9",42,102,3
7,"u9",47,66,0
7,"u9",52,34,0
8,"u1",7,2,1
8,"u1",12,25,9
8,"u1",17,33,34
8,"u1",22,112,29
8,"u1",27,87,20
8,"u1",32,37,8
8,"u1",37,36,6
8,"u1",42,31,1
8,"u1",47,13,0
8,"u1",52,13,3
8,"u2",7,5,1
8,"u2",12,38,3
8,"u2",17,228,32
8,"u2",22,243,42
8,"u2",27,73,9
8,"u2",32,23,0
8,"u2",37,19,0
8,"u2",42,4,0
8,"u2",47,6,0
8,"u2",52,6,0
8,"u3",7,4,0
8,"u3",12,1,7
8,"u3",17,7,10
8,"u3",22,38,31
8,"u3",27,81,70
8,"u3",32,71,80
8,"u3",37,94,29
8,"u3",42,25,36
8,"u3",47,40,5
8,"u3",52,6,5
8,"u4",7,4,0
8,"u4",12,5,0
8,"u4",17,34,30
8,"u4",22,124,31
8,"u4",27,169,42
8,"u4",32,198,3
8,"u4",37,50,2
8,"u4",42,34,0
8,"u4",47,12,0
8,"u4",52,1,0
8,"u5",7,5,1
8,"u5",12,6,1
8,"u5",17,6,5
8,"u5",22,35,11
8,"u5",27,125,26
8,"u5",32,154,8
8,"u5",37,69,2
8,"u5",42,39,6
8,"u5",47,20,0
8,"u5",52,4,0
8,"u6",7,1,0
8,"u6",12,11,4
8,"u6",17,31,5
8,"u6",22,57,6
8,"u6",27,59,11
8,"u6",32,37,8
8,"u6",37,51,1
8,"u6",42,37,15
8,"u6",47,42,13
8,"u6",52,35,0
8,"u7",7,6,2
8,"u7",12,21,3
8,"u7",17,94,8
8,"u7",22,300,11
8,"u7",27,203,22
8,"u7",32,168,3
8,"u7",37,84,1
8,"u7",42,17,0
8,"u7",47,31,0
8,"u7",52,14,0
8,"u8",7,7,0
8,"u8",12,11,0
8,"u8",17,43,15
8,"u8",22,85,26
8,"u8",27,143,54
8,"u8",32,115,33
8,"u8",37,110,13
8,"u8",42,52,5
8,"u8",47,55,1
8,"u8",52,31,4
8,"u9",7,1,2
8,"u9",12,10,12
8,"u9",17,84,7
8,"u9",22,142,9
8,"u9",27,110,33
8,"u9",32,91,8
8,"u9",37,46,4
8,"u9",42,60,4
8,"u9",47,22,0
8,"u9",52,12,0
9,"u1",7,3,0
9,"u1",12,15,4
9,"u1",17,50,16
9,"u1",22,203,1
9,"u1",27,206,4
9,"u1",32,86,1
9,"u1",37,20,1
9,"u1",42,38,2
9,"u1",47,9,0
9,"u1",52,8,0
9,"u2",7,4,1
9,"u2",12,8,2
9,"u2",17,5,7
9,"u2",22,18,9
9,"u2",27,29,44
9,"u2",32,148,8
9,"u2",37,238,31
9,"u2",42,93,0
9,"u2",47,34,0
9,"u2",52,8,2
9,"u3",7,0,0
9,"u3",12,16,4
9,"u3",17,44,8
9,"u3",22,55,5
9,"u3",27,200,26
9,"u3",32,115,25
9,"u3",37,28,31
9,"u3",42,17,5
9,"u3",47,21,11
9,"u3",52,18,2
9,"u4",7,6,0
9,"u4",12,6,4
9,"u4",17,80,5
9,"u4",22,595,19
9,"u4",27,99,12
9,"u4",32,62,3
9,"u4",37,32,1
9,"u4",42,5,0
9,"u4",47,34,0
9,"u4",52,18,0
9,"u5",7,6,1
9,"u5",12,10,4
9,"u5",17,9,8
9,"u5",22,17,21
9,"u5",27,114,159
9,"u5",32,148,12
9,"u5",37,81,22
9,"u5",42,55,22
9,"u5",47,23,5
9,"u5",52,13,0
9,"u6",7,6,0
9,"u6",12,15,4
9,"u6",17,26,12
9,"u6",22,70,49
9,"u6",27,128,12
9,"u6",32,40,42
9,"u6",37,33,33
9,"u6",42,38,1
9,"u6",47,46,9
9,"u6",52,30,3
9,"u7",7,7,0
9,"u7",12,12,1
9,"u7",17,24,11
9,"u7",22,52,3
9,"u7",27,99,65
9,"u7",32,129,91
9,"u7",37,134,5
9,"u7",42,78,2
9,"u7",47,13,2
9,"u7",52,6,1
9,"u8",7,2,2
9,"u8",12,5,14
9,"u8",17,119,15
9,"u8",22,163,87
9,"u8",27,101,7
9,"u8",32,78,7
9,"u8",37,23,8
9,"u8",42,30,7
9,"u8",47,49,3
9,"u8",52,8,2
9,"u9",7,8,1
9,"u9",12,47,14
9,"u9",17,120,60
9,"u9",22,200,41
9,"u9",27,245,24
9,"u9",32,56,6
9,"u9",37,27,1
9,"u9",42,24,1
9,"u9",47,17,1
9,"u9",52,8,0
10,"u1",7,2,0
10,"u1",12,5,5
10,"u1",17,17,22
10,"u1",22,36,17
10,"u1",27,145,80
10,"u1",32,93,21
10,"u1",37,32,19
10,"u1",42,12,1
10,"u1",47,2,7
10,"u1",52,1,0
10,"u2",7,2,1
10,"u2",12,1,1
10,"u2",17,36,6
10,"u2",22,64,12
10,"u2",27,94,28
10,"u2",32,17,4
10,"u2",37,59,43
10,"u2",42,35,37
10,"u2",47,53,116
10,"u2",52,104,23
10,"u3",7,6,3
10,"u3",12,13,7
10,"u3",17,117,27
10,"u3",22,164,27
10,"u3",27,111,2
10,"u3",32,31,2
10,"u3",37,3,1
10,"u3",42,6,0
10,"u3",47,3,0
10,"u3",52,1,0
10,"u4",7,3,1
10,"u4",12,6,3
10,"u4",17,26,3
10,"u4",22,68,15
10,"u4",27,131,12
10,"u4",32,90,6
10,"u4",37,36,1
10,"u4",42,75,1
10,"u4",47,112,0
10,"u4",52,77,0
10,"u5",7,2,0
10,"u5",12,18,4
10,"u5",17,96,8
10,"u5",22,99,11
10,"u5",27,57,35
10,"u5",32,18,6
10,"u5",37,28,11
10,"u5",42,21,9
10,"u5",47,24,26
10,"u5",52,17,12
10,"u6",7,1,7
10,"u6",12,9,4
10,"u6",17,5,7
10,"u6",22,12,23
10,"u6",27,41,2
10,"u6",32,166,7
10,"u6",37,97,14
10,"u6",42,14,15
10,"u6",47,20,3
10,"u6",52,31,1
10,"u7",7,2,4
10,"u7",12,13,1
10,"u7",17,41,1
10,"u7",22,88,34
10,"u7",27,141,13
10,"u7",32,119,3
10,"u7",37,64,4
10,"u7",42,22,1
10,"u7",47,9,1
10,"u7",52,7,0
10,"u8",7,2,1
10,"u8",12,13,5
10,"u8",17,84,8
10,"u8",22,66,12
10,"u8",27,47,9
10,"u8",32,35,17
10,"u8",37,69,0
10,"u8",42,50,3
10,"u8",47,13,2
10,"u8",52,27,9
10,"u9",7,4,4
10,"u9",12,4,5
10,"u9",17,10,13
10,"u9",22,28,43
10,"u9",27,40,128
10,"u9",32,68,87
10,"u9",37,55,84
10,"u9",42,21,51
10,"u9",47,22,37
10,"u9",52,18,21
11,"u1",7,0,1
11,"u1",12,47,0
11,"u1",17,137,14
11,"u1",22,246,11
11,"u1",27,197,3
11,"u1",32,156,5
11,"u1",37,22,0
11,"u1",42,4,0
11,"u1",47,12,0
11,"u1",52,6,0
11,"u2",7,20,0
11,"u2",12,21,4
11,"u2",17,67,17
11,"u2",22,72,25
11,"u2",27,75,18
11,"u2",32,69,12
11,"u2",37,52,12
11,"u2",42,44,0
11,"u2",47,18,1
11,"u2",52,6,0
11,"u3",7,0,2
11,"u3",12,4,2
11,"u3",17,4,16
11,"u3",22,36,33
11,"u3",27,50,270
11,"u3",32,65,50
11,"u3",37,37,77
11,"u3",42,10,42
11,"u3",47,13,14
11,"u3",52,10,7
11,"u4",7,4,0
11,"u4",12,13,4
11,"u4",17,43,1
11,"u4",22,69,5
11,"u4",27,146,16
11,"u4",32,89,1
11,"u4",37,40,0
11,"u4",42,5,0
11,"u4",47,9,1
11,"u4",52,18,0
11,"u5",7,5,3
11,"u5",12,11,3
11,"u5",17,23,12
11,"u5",22,66,38
11,"u5",27,151,91
11,"u5",32,92,13
11,"u5",37,53,21
11,"u5",42,12,4
11,"u5",47,2,0
11,"u5",52,3,2
11,"u6",7,7,3
11,"u6",12,6,9
11,"u6",17,8,12
11,"u6",22,77,24
11,"u6",27,334,42
11,"u6",32,162,12
11,"u6",37,274,10
11,"u6",42,79,0
11,"u6",47,16,0
11,"u6",52,3,1
11,"u7",7,3,1
11,"u7",12,4,0
11,"u7",17,17,13
11,"u7",22,11,13
11,"u7",27,129,219
11,"u7",32,68,77
11,"u7",37,41,30
11,"u7",42,26,39
11,"u7",47,22,39
11,"u7",52,21,20
11,"u8",7,7,1
11,"u8",12,5,0
11,"u8",17,21,6
11,"u8",22,28,9
11,"u8",27,79,13
11,"u8",32,117,17
11,"u8",37,45,18
11,"u8",42,27,1
11,"u8",47,18,4
11,"u8",52,13,0
11,"u9",7,4,3
11,"u9",12,7,2
11,"u9",17,48,0
11,"u9",22,44,3
11,"u9",27,55,4
11,"u9",32,74,2
11,"u9",37,77,0
11,"u9",42,9,0
11,"u9",47,10,0
11,"u9",52,8,0
12,"u1",7,3,1
12,"u1",12,13,3
12,"u1",17,57,30
12,"u1",22,179,32
12,"u1",27,88,26
12,"u1",32,37,36
12,"u1",37,31,1
12,"u1",42,10,6
12,"u1",47,9,2
12,"u1",52,5,3
12,"u2",7,3,1
12,"u2",12,12,0
12,"u2",17,8,12
12,"u2",22,15,2
12,"u2",27,16,6
12,"u2",32,8,22
12,"u2",37,20,14
12,"u2",42,39,32
12,"u2",47,43,35
12,"u2",52,44,81
12,"u3",7,1,2
12,"u3",12,1,13
12,"u3",17,4,22
12,"u3",22,24,47
12,"u3",27,120,122
12,"u3",32,61,51
12,"u3",37,33,28
12,"u3",42,26,28
12,"u3",47,13,6
12,"u3",52,6,2
12,"u4",7,2,1
12,"u4",12,1,0
12,"u4",17,18,13
12,"u4",22,40,9
12,"u4",27,145,14
12,"u4",32,226,32
12,"u4",37,106,37
12,"u4",42,57,5
12,"u4",47,10,0
12,"u4",52,1,0
12,"u5",7,3,0
12,"u5",12,9,4
12,"u5",17,22,16
12,"u5",22,64,29
12,"u5",27,119,34
12,"u5",32,105,27
12,"u5",37,136,4
12,"u5",42,21,6
12,"u5",47,54,1
12,"u5",52,16,1
12,"u6",7,2,0
12,"u6",12,9,4
12,"u6",17,45,35
12,"u6",22,203,50
12,"u6",27,271,54
12,"u6",32,73,6
12,"u6",37,47,5
12,"u6",42,20,1
12,"u6",47,18,1
12,"u6",52,14,0
12,"u7",7,12,2
12,"u7",12,20,4
12,"u7",17,63,10
12,"u7",22,212,51
12,"u7",27,172,11
12,"u7",32,79,2
12,"u7",37,37,8
12,"u7",42,16,1
12,"u7",47,5,0
12,"u7",52,17,0
12,"u8",7,0,1
12,"u8",12,4,7
12,"u8",17,31,6
12,"u8",22,44,4
12,"u8",27,45,7
12,"u8",32,63,97
12,"u8",37,38,53
12,"u8",42,15,7
12,"u8",47,19,24
12,"u8",52,1,23
12,"u9",7,1,2
12,"u9",12,18,2
12,"u9",17,111,24
12,"u9",22,311,33
12,"u9",27,167,37
12,"u9",32,111,12
12,"u9",37,57,11
12,"u9",42,48,3
12,"u9",47,21,2
12,"u9",52,9,0
13,"u1",7,1,0
13,"u1",12,4,3
13,"u1",17,14,8
13,"u1",22,8,14
13,"u1",27,37,12
13,"u1",32,65,8
13,"u1",37,78,6
13,"u1",42,74,7
13,"u1",47,35,8
13,"u1",52,47,0
13,"u2",7,0,0
13,"u2",12,11,3
13,"u2",17,8,19
13,"u2",22,28,37
13,"u2",27,150,15
13,"u2",32,381,63
13,"u2",37,61,15
13,"u2",42,37,17
13,"u2",47,6,6
13,"u2",52,3,1
13,"u3",7,6,0
13,"u3",12,15,2
13,"u3",17,26,18
13,"u3",22,26,5
13,"u3",27,130,127
13,"u3",32,203,78
13,"u3",37,186,7
13,"u3",42,129,0
13,"u3",47,46,0
13,"u3",52,23,0
13,"u4",7,3,2
13,"u4",12,11,1
13,"u4",17,12,2
13,"u4",22,33,32
13,"u4",27,20,23
13,"u4",32,169,89
13,"u4",37,174,25
13,"u4",42,59,26
13,"u4",47,10,2
13,"u4",52,8,9
13,"u5",7,2,3
13,"u5",12,5,9
13,"u5",17,16,12
13,"u5",22,58,15
13,"u5",27,29,11
13,"u5",32,60,78
13,"u5",37,32,51
13,"u5",42,65,17
13,"u5",47,21,11
13,"u5",52,21,7
13,"u6",7,5,0
13,"u6",12,20,9
13,"u6",17,38,17
13,"u6",22,75,49
13,"u6",27,133,13
13,"u6",32,49,21
13,"u6",37,57,22
13,"u6",42,22,7
13,"u6",47,91,11
13,"u6",52,24,4
13,"u7",7,2,1
13,"u7",12,3,5
13,"u7",17,29,18
13,"u7",22,84,67
13,"u7",27,152,211
13,"u7",32,57,16
13,"u7",37,12,16
13,"u7",42,6,8
13,"u7",47,5,7
13,"u7",52,11,7
13,"u8",7,0,9
13,"u8",12,9,1
13,"u8",17,17,16
13,"u8",22,61,19
13,"u8",27,164,49
13,"u8",32,78,13
13,"u8",37,54,13
13,"u8",42,23,5
13,"u8",47,33,16
13,"u8",52,29,2
13,"u9",7,9,4
13,"u9",12,17,3
13,"u9",17,23,9
13,"u9",22,66,7
13,"u9",27,249,53
13,"u9",32,214,42
13,"u9",37,264,6
13,"u9",42,82,0
13,"u9",47,39,0
13,"u9",52,24,3
14,"u1",7,2,1
14,"u1",12,20,3
14,"u1",17,49,7
14,"u1",22,110,29
14,"u1",27,60,17
14,"u1",32,40,21
14,"u1",37,55,0
14,"u1",42,21,1
14,"u1",47,32,11
14,"u1",52,22,3
14,"u2",7,4,0
14,"u2",12,15,7
14,"u2",17,50,17
14,"u2",22,139,5
14,"u2",27,203,8
14,"u2",32,23,9
14,"u2",37,6,2
14,"u2",42,4,4
14,"u2",47,2,0
14,"u2",52,0,1
14,"u3",7,2,3
14,"u3",12,8,5
14,"u3",17,7,0
14,"u3",22,51,15
14,"u3",27,39,61
14,"u3",32,28,30
14,"u3",37,14,22
14,"u3",42,29,19
14,"u3",47,28,46
14,"u3",52,52,10
14,"u4",7,3,0
14,"u4",12,13,15
14,"u4",17,25,20
14,"u4",22,131,22
14,"u4",27,98,11
14,"u4",32,32,20
14,"u4",37,86,18
14,"u4",42,42,4
14,"u4",47,15,0
14,"u4",52,4,0
14,"u5",7,2,0
14,"u5",12,1,3
14,"u5",17,17,3
14,"u5",22,20,10
14,"u5",27,59,27
14,"u5",32,44,23
14,"u5",37,57,24
14,"u5",42,41,68
14,"u5",47,21,21
14,"u5",52,14,48
14,"u6",7,5,0
14,"u6",12,22,7
14,"u6",17,113,30
14,"u6",22,156,23
14,"u6",27,99,7
14,"u6",32,71,0
14,"u6",37,54,1
14,"u6",42,18,1
14,"u6",47,1,1
14,"u6",52,5,0
14,"u7",7,2,1
14,"u7",12,24,6
14,"u7",17,95,4
14,"u7",22,336,38
14,"u7",27,350,12
14,"u7",32,127,0
14,"u7",37,19,0
14,"u7",42,6,0
14,"u7",47,2,0
14,"u7",52,15,0
14,"u8",7,3,1
14,"u8",12,9,5
14,"u8",17,22,30
14,"u8",22,40,18
14,"u8",27,104,14
14,"u8",32,19,17
14,"u8",37,14,81
14,"u8",42,18,69
14,"u8",47,32,19
14,"u8",52,10,47
14,"u9",7,4,0
14,"u9",12,17,1
14,"u9",17,71,2
14,"u9",22,174,49
14,"u9",27,160,29
14,"u9",32,109,8
14,"u9",37,63,0
14,"u9",42,60,0
14,"u9",47,86,1
14,"u9",52,14,1
15,"u1",7,0,2
15,"u1",12,14,6
15,"u1",17,31,29
15,"u1",22,21,28
15,"u1",27,65,149
15,"u1",32,41,36
15,"u1",37,31,35
15,"u1",42,33,18
15,"u1",47,26,9
15,"u1",52,10,4
15,"u2",7,3,1
15,"u2",12,12,0
15,"u2",17,34,27
15,"u2",22,137,22
15,"u2",27,238,7
15,"u2",32,38,17
15,"u2",37,21,2
15,"u2",42,19,3
15,"u2",47,2,0
15,"u2",52,1,0
15,"u3",7,1,2
15,"u3",12,1,2
15,"u3",17,3,0
15,"u3",22,16,24
15,"u3",27,74,28
15,"u3",32,160,6
15,"u3",37,70,14
15,"u3",42,94,1
15,"u3",47,30,2
15,"u3",52,26,1
15,"u4",7,2,3
15,"u4",12,13,8
15,"u4",17,64,5
15,"u4",22,80,69
15,"u4",27,57,49
15,"u4",32,82,51
15,"u4",37,34,63
15,"u4",42,31,14
15,"u4",47,22,16
15,"u4",52,24,1
15,"u5",7,5,2
15,"u5",12,12,0
15,"u5",17,13,15
15,"u5",22,65,69
15,"u5",27,111,62
15,"u5",32,70,16
15,"u5",37,63,17
15,"u5",42,22,4
15,"u5",47,28,5
15,"u5",52,16,0
15,"u6",7,2,2
15,"u6",12,5,1
15,"u6",17,6,6
15,"u6",22,24,16
15,"u6",27,17,30
15,"u6",32,11,74
15,"u6",37,34,85
15,"u6",42,32,52
15,"u6",47,19,93
15,"u6",52,13,74
15,"u7",7,2,1
15,"u7",12,16,1
15,"u7",17,99,11
15,"u7",22,362,55
15,"u7",27,504,11
15,"u7",32,292,1
15,"u7",37,14,2
15,"u7",42,6,0
15,"u7",47,7,0
15,"u7",52,1,0
15,"u8",7,3,0
15,"u8",12,4,8
15,"u8",17,4,6
15,"u8",22,35,92
15,"u8",27,71,51
15,"u8",32,104,38
15,"u8",37,51,24
15,"u8",42,38,7
15,"u8",47,14,17
15,"u8",52,6,12
15,"u9",7,4,7
15,"u9",12,18,13
15,"u9",17,111,44
15,"u9",22,135,38
15,"u9",27,112,27
15,"u9",32,106,22
15,"u9",37,92,4
15,"u9",42,59,1
15,"u9",47,40,2
15,"u9",52,8,1
16,"u1",7,2,0
16,"u1",12,1,1
16,"u1",17,12,4
16,"u1",22,15,2
16,"u1",27,10,16
16,"u1",32,31,34
16,"u1",37,17,37
16,"u1",42,46,36
16,"u1",47,47,27
16,"u1",52,33,16
16,"u2",7,4,9
16,"u2",12,9,0
16,"u2",17,19,6
16,"u2",22,68,13
16,"u2",27,58,42
16,"u2",32,36,28
16,"u2",37,47,11
16,"u2",42,42,76
16,"u2",47,104,21
16,"u2",52,78,23
16,"u3",7,6,2
16,"u3",12,16,3
16,"u3",17,38,7
16,"u3",22,78,29
16,"u3",27,97,10
16,"u3",32,167,1
16,"u3",37,17,0
16,"u3",42,7,0
16,"u3",47,6,3
16,"u3",52,12,1
16,"u4",7,4,0
16,"u4",12,8,4
16,"u4",17,22,5
16,"u4",22,58,8
16,"u4",27,50,28
16,"u4",32,46,17
16,"u4",37,172,21
16,"u4",42,125,5
16,"u4",47,31,8
16,"u4",52,31,4
16,"u5",7,6,1
16,"u5",12,1,7
16,"u5",17,10,10
16,"u5",22,16,36
16,"u5",27,33,14
16,"u5",32,40,12
16,"u5",37,57,32
16,"u5",42,73,31
16,"u5",47,55,84
16,"u5",52,46,41
16,"u6",7,4,0
16,"u6",12,8,9
16,"u6",17,15,3
16,"u6",22,261,5
16,"u6",27,107,73
16,"u6",32,57,8
16,"u6",37,17,2
16,"u6",42,8,1
16,"u6",47,5,1
16,"u6",52,6,1
16,"u7",7,2,3
16,"u7",12,8,1
16,"u7",17,38,75
16,"u7",22,169,112
16,"u7",27,139,106
16,"u7",32,173,37
16,"u7",37,58,9
16,"u7",42,28,5
16,"u7",47,9,6
16,"u7",52,16,3
16,"u8",7,2,0
16,"u8",12,6,6
16,"u8",17,107,9
16,"u8",22,415,60
16,"u8",27,204,45
16,"u8",32,37,7
16,"u8",37,27,1
16,"u8",42,9,0
16,"u8",47,11,0
16,"u8",52,2,0
16,"u9",7,0,2
16,"u9",12,2,0
16,"u9",17,4,2
16,"u9",22,6,12
16,"u9",27,10,18
16,"u9",32,39,13
16,"u9",37,27,8
16,"u9",42,106,23
16,"u9",47,66,21
16,"u9",52,40,19
17,"u1",7,1,1
17,"u1",12,11,0
17,"u1",17,19,9
17,"u1",22,57,2
17,"u1",27,105,31
17,"u1",32,87,16
17,"u1",37,87,44
17,"u1",42,43,29
17,"u1",47,45,16
17,"u1",52,23,2
17,"u2",7,3,1
17,"u2",12,14,3
17,"u2",17,15,13
17,"u2",22,145,47
17,"u2",27,190,38
17,"u2",32,167,47
17,"u2",37,138,8
17,"u2",42,64,11
17,"u2",47,52,1
17,"u2",52,71,4
17,"u3",7,6,3
17,"u3",12,44,3
17,"u3",17,58,0
17,"u3",22,64,2
17,"u3",27,68,10
17,"u3",32,53,17
17,"u3",37,131,8
17,"u3",42,89,7
17,"u3",47,45,2
17,"u3",52,29,2
17,"u4",7,2,1
17,"u4",12,14,9
17,"u4",17,80,7
17,"u4",22,126,15
17,"u4",27,135,20
17,"u4",32,87,2
17,"u4",37,44,4
17,"u4",42,136,0
17,"u4",47,114,0
17,"u4",52,42,0
17,"u5",7,0,0
17,"u5",12,19,14
17,"u5",17,51,62
17,"u5",22,216,48
17,"u5",27,248,119
17,"u5",32,62,19
17,"u5",37,46,10
17,"u5",42,31,17
17,"u5",47,19,2
17,"u5",52,29,0
17,"u6",7,4,1
17,"u6",12,10,11
17,"u6",17,22,4
17,"u6",22,54,9
17,"u6",27,88,4
17,"u6",32,194,56
17,"u6",37,38,17
17,"u6",42,39,4
17,"u6",47,22,8
17,"u6",52,33,0
17,"u7",7,2,3
17,"u7",12,5,0
17,"u7",17,18,21
17,"u7",22,82,42
17,"u7",27,145,204
17,"u7",32,30,45
17,"u7",37,8,38
17,"u7",42,8,35
17,"u7",47,14,6
17,"u7",52,12,6
17,"u8",7,3,2
17,"u8",12,12,1
17,"u8",17,52,21
17,"u8",22,209,85
17,"u8",27,92,19
17,"u8",32,34,54
17,"u8",37,48,18
17,"u8",42,17,4
17,"u8",47,15,10
17,"u8",52,16,12
17,"u9",7,1,0
17,"u9",12,41,3
17,"u9",17,46,18
17,"u9",22,83,16
17,"u9",27,139,31
17,"u9",32,141,13
17,"u9",37,28,18
17,"u9",42,41,23
17,"u9",47,13,2
17,"u9",52,13,6
18,"u1",7,0,1
18,"u1",12,0,2
18,"u1",17,3,0
18,"u1",22,13,0
18,"u1",27,10,79
18,"u1",32,89,84
18,"u1",37,103,74
18,"u1",42,110,12
18,"u1",47,79,17
18,"u1",52,30,20
18,"u2",7,0,1
18,"u2",12,8,6
18,"u2",17,21,18
18,"u2",22,109,39
18,"u2",27,104,13
18,"u2",32,179,39
18,"u2",37,91,13
18,"u2",42,60,3
18,"u2",47,33,1
18,"u2",52,26,0
18,"u3",7,5,0
18,"u3",12,9,3
18,"u3",17,36,16
18,"u3",22,354,21
18,"u3",27,218,17
18,"u3",32,104,4
18,"u3",37,51,2
18,"u3",42,14,0
18,"u3",47,15,1
18,"u3",52,19,0
18,"u4",7,7,0
18,"u4",12,33,4
18,"u4",17,20,3
18,"u4",22,65,20
18,"u4",27,58,15
18,"u4",32,11,4
18,"u4",37,20,35
18,"u4",42,10,47
18,"u4",47,21,34
18,"u4",52,42,52
18,"u5",7,3,1
18,"u5",12,7,5
18,"u5",17,11,6
18,"u5",22,14,12
18,"u5",27,24,11
18,"u5",32,29,20
18,"u5",37,23,23
18,"u5",42,14,29
18,"u5",47,5,48
18,"u5",52,7,92
18,"u6",7,5,2
18,"u6",12,23,5
18,"u6",17,25,32
18,"u6",22,94,16
18,"u6",27,86,41
18,"u6",32,39,19
18,"u6",37,89,23
18,"u6",42,23,11
18,"u6",47,34,3
18,"u6",52,12,0
18,"u7",7,2,2
18,"u7",12,6,13
18,"u7",17,8,4
18,"u7",22,18,11
18,"u7",27,47,50
18,"u7",32,67,54
18,"u7",37,181,110
18,"u7",42,30,17
18,"u7",47,5,6
18,"u7",52,12,5
18,"u8",7,12,0
18,"u8",12,25,1
18,"u8",17,51,9
18,"u8",22,78,1
18,"u8",27,111,10
18,"u8",32,44,2
18,"u8",37,16,1
18,"u8",42,5,2
18,"u8",47,7,1
18,"u8",52,24,0
18,"u9",7,0,2
18,"u9",12,9,0
18,"u9",17,26,10
18,"u9",22,65,25
18,"u9",27,42,13
18,"u9",32,51,8
18,"u9",37,49,0
18,"u9",42,13,3
18,"u9",47,10,1
18,"u9",52,6,4
19,"u1",7,3,0
19,"u1",12,7,2
19,"u1",17,4,12
19,"u1",22,10,3
19,"u1",27,21,10
19,"u1",32,35,16
19,"u1",37,57,24
19,"u1",42,45,13
19,"u1",47,40,12
19,"u1",52,68,14
19,"u2",7,1,1
19,"u2",12,9,6
19,"u2",17,35,7
19,"u2",22,126,10
19,"u2",27,113,10
19,"u2",32,43,23
19,"u2",37,21,3
19,"u2",42,25,18
19,"u2",47,24,0
19,"u2",52,26,7
19,"u3",7,0,1
19,"u3",12,1,3
19,"u3",17,0,4
19,"u3",22,8,14
19,"u3",27,21,19
19,"u3",32,34,39
19,"u3",37,91,85
19,"u3",42,49,106
19,"u3",47,11,56
19,"u3",52,5,36
19,"u4",7,2,1
19,"u4",12,7,2
19,"u4",17,30,17
19,"u4",22,97,0
19,"u4",27,81,18
19,"u4",32,115,11
19,"u4",37,213,8
19,"u4",42,87,5
19,"u4",47,32,1
19,"u4",52,19,0
19,"u5",7,6,1
19,"u5",12,10,2
19,"u5",17,61,1
19,"u5",22,112,1
19,"u5",27,77,10
19,"u5",32,180,8
19,"u5",37,47,3
19,"u5",42,61,0
19,"u5",47,22,2
19,"u5",52,10,0
19,"u6",7,1,2
19,"u6",12,22,1
19,"u6",17,49,3
19,"u6",22,260,8
19,"u6",27,165,4
19,"u6",32,51,7
19,"u6",37,167,4
19,"u6",42,26,4
19,"u6",47,20,1
19,"u6",52,27,0
19,"u7",7,4,1
19,"u7",12,5,7
19,"u7",17,29,1
19,"u7",22,46,15
19,"u7",27,125,6
19,"u7",32,380,23
19,"u7",37,219,7
19,"u7",42,58,3
19,"u7",47,36,0
19,"u7",52,8,0
19,"u8",7,3,2
19,"u8",12,13,10
19,"u8",17,50,13
19,"u8",22,61,4
19,"u8",27,209,58
19,"u8",32,102,24
19,"u8",37,42,2
19,"u8",42,21,4
19,"u8",47,4,0
19,"u8",52,21,0
19,"u9",7,0,1
19,"u9",12,3,11
19,"u9",17,8,11
19,"u9",22,11,5
19,"u9",27,75,29
19,"u9",32,209,107
19,"u9",37,199,10
19,"u9",42,58,6
19,"u9",47,21,2
19,"u9",52,12,4
20,"u1",7,2,4
20,"u1",12,10,6
20,"u1",17,35,12
20,"u1",22,127,38
20,"u1",27,231,55
20,"u1",32,34,38
20,"u1",37,57,3
20,"u1",42,22,3
20,"u1",47,12,3
20,"u1",52,22,2
20,"u2",7,4,0
20,"u2",12,8,4
20,"u2",17,31,43
20,"u2",22,70,19
20,"u2",27,220,177
20,"u2",32,151,63
20,"u2",37,20,43
20,"u2",42,21,11
20,"u2",47,14,2
20,"u2",52,14,6
20,"u3",7,0,2
20,"u3",12,3,1
20,"u3",17,14,0
20,"u3",22,35,2
20,"u3",27,65,14
20,"u3",32,55,11
20,"u3",37,61,19
20,"u3",42,72,20
20,"u3",47,63,17
20,"u3",52,30,18
20,"u4",7,1,1
20,"u4",12,3,4
20,"u4",17,16,42
20,"u4",22,40,62
20,"u4",27,28,123
20,"u4",32,49,67
20,"u4",37,12,124
20,"u4",42,44,30
20,"u4",47,21,13
20,"u4",52,11,2
20,"u5",7,0,2
20,"u5",12,7,3
20,"u5",17,38,9
20,"u5",22,64,21
20,"u5",27,123,71
20,"u5",32,50,20
20,"u5",37,59,24
20,"u5",42,16,11
20,"u5",47,6,11
20,"u5",52,11,5
20,"u6",7,3,1
20,"u6",12,14,1
20,"u6",17,40,21
20,"u6",22,206,126
20,"u6",27,222,39
20,"u6",32,57,1
20,"u6",37,31,2
20,"u6",42,32,3
20,"u6",47,55,2
20,"u6",52,38,1
20,"u7",7,2,1
20,"u7",12,6,5
20,"u7",17,42,16
20,"u7",22,115,15
20,"u7",27,103,55
20,"u7",32,74,4
20,"u7",37,48,7
20,"u7",42,21,7
20,"u7",47,10,1
20,"u7",52,9,1
20,"u8",7,3,4
20,"u8",12,4,4
20,"u8",17,11,20
20,"u8",22,8,6
20,"u8",27,33,125
20,"u8",32,30,256
20,"u8",37,62,111
20,"u8",42,54,62
20,"u8",47,48,118
20,"u8",52,33,1
20,"u9",7,6,0
20,"u9",12,7,4
20,"u9",17,8,0
20,"u9",22,17,6
20,"u9",27,31,30
20,"u9",32,35,40
20,"u9",37,44,9
20,"u9",42,74,11
20,"u9",47,92,15
20,"u9",52,55,5
21,"u1",7,3,4
21,"u1",12,2,2
21,"u1",17,30,10
21,"u1",22,18,35
21,"u1",27,36,187
21,"u1",32,60,99
21,"u1",37,52,31
21,"u1",42,41,43
21,"u1",47,16,17
21,"u1",52,9,11
21,"u2",7,2,4
21,"u2",12,7,4
21,"u2",17,15,14
21,"u2",22,98,62
21,"u2",27,65,9
21,"u2",32,172,34
21,"u2",37,85,57
21,"u2",42,49,23
21,"u2",47,25,13
21,"u2",52,20,15
21,"u3",7,4,1
21,"u3",12,12,4
21,"u3",17,39,15
21,"u3",22,39,13
21,"u3",27,274,28
21,"u3",32,169,23
21,"u3",37,55,7
21,"u3",42,71,4
21,"u3",47,19,2
21,"u3",52,5,4
21,"u4",7,9,1
21,"u4",12,34,0
21,"u4",17,99,5
21,"u4",22,214,4
21,"u4",27,71,3
21,"u4",32,46,0
21,"u4",37,30,1
21,"u4",42,16,1
21,"u4",47,8,1
21,"u4",52,2,0
21,"u5",7,1,3
21,"u5",12,8,2
21,"u5",17,15,12
21,"u5",22,27,6
21,"u5",27,21,5
21,"u5",32,34,19
21,"u5",37,37,3
21,"u5",42,49,20
21,"u5",47,48,16
21,"u5",52,42,1
21,"u6",7,4,1
21,"u6",12,14,12
21,"u6",17,57,58
21,"u6",22,192,71
21,"u6",27,100,42
21,"u6",32,138,28
21,"u6",37,24,6
21,"u6",42,20,6
21,"u6",47,13,1
21,"u6",52,7,1
21,"u7",7,4,2
21,"u7",12,9,7
21,"u7",17,24,4
21,"u7",22,163,36
21,"u7",27,221,37
21,"u7",32,137,8
21,"u7",37,34,1
21,"u7",42,21,1
21,"u7",47,2,0
21,"u7",52,4,0
21,"u8",7,3,3
21,"u8",12,19,3
21,"u8",17,100,23
21,"u8",22,97,4
21,"u8",27,142,24
21,"u8",32,75,4
21,"u8",37,32,3
21,"u8",42,166,2
21,"u8",47,56,0
21,"u8",52,40,2
21,"u9",7,1,4
21,"u9",12,13,3
21,"u9",17,88,17
21,"u9",22,148,13
21,"u9",27,79,73
21,"u9",32,63,13
21,"u9",37,36,10
21,"u9",42,45,3
21,"u9",47,16,1
21,"u9",52,8,2
22,"u1",7,6,1
22,"u1",12,13,7
22,"u1",17,55,2
22,"u1",22,59,8
22,"u1",27,52,20
22,"u1",32,83,43
22,"u1",37,62,1
22,"u1",42,59,13
22,"u1",47,105,1
22,"u1",52,27,2
22,"u2",7,0,0
22,"u2",12,0,12
22,"u2",17,10,17
22,"u2",22,56,151
22,"u2",27,222,92
22,"u2",32,258,209
22,"u2",37,95,16
22,"u2",42,24,11
22,"u2",47,15,3
22,"u2",52,18,0
22,"u3",7,4,3
22,"u3",12,25,5
22,"u3",17,65,13
22,"u3",22,103,57
22,"u3",27,45,24
22,"u3",32,34,9
22,"u3",37,41,1
22,"u3",42,14,3
22,"u3",47,11,1
22,"u3",52,16,0
22,"u4",7,6,0
22,"u4",12,19,11
22,"u4",17,41,42
22,"u4",22,64,36
22,"u4",27,103,30
22,"u4",32,70,7
22,"u4",37,49,32
22,"u4",42,33,3
22,"u4",47,24,9
22,"u4",52,8,3
22,"u5",7,3,1
22,"u5",12,8,3
22,"u5",17,43,26
22,"u5",22,118,31
22,"u5",27,126,19
22,"u5",32,192,36
22,"u5",37,40,8
22,"u5",42,22,4
22,"u5",47,12,2
22,"u5",52,13,0
22,"u6",7,4,1
22,"u6",12,10,1
22,"u6",17,15,4
22,"u6",22,24,3
22,"u6",27,15,13
22,"u6",32,47,8
22,"u6",37,58,29
22,"u6",42,39,6
22,"u6",47,55,20
22,"u6",52,122,28
22,"u7",7,1,5
22,"u7",12,20,2
22,"u7",17,58,39
22,"u7",22,254,23
22,"u7",27,63,48
22,"u7",32,80,13
22,"u7",37,27,9
22,"u7",42,22,7
22,"u7",47,15,2
22,"u7",52,6,1
22,"u8",7,0,2
22,"u8",12,27,11
22,"u8",17,96,35
22,"u8",22,107,37
22,"u8",27,36,16
22,"u8",32,54,9
22,"u8",37,108,10
22,"u8",42,29,16
22,"u8",47,30,0
22,"u8",52,10,1
22,"u9",7,1,3
22,"u9",12,6,3
22,"u9",17,5,28
22,"u9",22,51,55
22,"u9",27,95,61
22,"u9",32,83,75
22,"u9",37,33,9
22,"u9",42,3,47
22,"u9",47,6,1
22,"u9",52,5,3
23,"u1",7,1,1
23,"u1",12,6,7
23,"u1",17,27,3
23,"u1",22,58,43
23,"u1",27,59,97
23,"u1",32,54,115
23,"u1",37,83,40
23,"u1",42,26,20
23,"u1",47,13,6
23,"u1",52,0,4
23,"u2",7,3,1
23,"u2",12,7,11
23,"u2",17,25,8
23,"u2",22,69,45
23,"u2",27,101,44
23,"u2",32,111,18
23,"u2",37,167,9
23,"u2",42,178,5
23,"u2",47,79,1
23,"u2",52,11,0
23,"u3",7,2,7
23,"u3",12,2,0
23,"u3",17,40,20
23,"u3",22,69,20
23,"u3",27,162,42
23,"u3",32,133,31
23,"u3",37,187,1
23,"u3",42,63,4
23,"u3",47,16,0
23,"u3",52,23,1
23,"u4",7,3,0
23,"u4",12,5,2
23,"u4",17,13,3
23,"u4",22,71,10
23,"u4",27,39,29
23,"u4",32,237,13
23,"u4",37,135,0
23,"u4",42,56,2
23,"u4",47,20,0
23,"u4",52,21,0
23,"u5",7,4,0
23,"u5",12,36,9
23,"u5",17,213,14
23,"u5",22,124,3
23,"u5",27,99,0
23,"u5",32,43,2
23,"u5",37,28,2
23,"u5",42,14,0
23,"u5",47,2,0
23,"u5",52,4,0
23,"u6",7,3,2
23,"u6",12,3,6
23,"u6",17,25,15
23,"u6",22,24,14
23,"u6",27,34,25
23,"u6",32,39,39
23,"u6",37,73,43
23,"u6",42,150,46
23,"u6",47,71,18
23,"u6",52,15,7
23,"u7",7,2,0
23,"u7",12,14,3
23,"u7",17,32,20
23,"u7",22,110,3
23,"u7",27,156,10
23,"u7",32,19,2
23,"u7",37,45,5
23,"u7",42,58,3
23,"u7",47,31,0
23,"u7",52,45,0
23,"u8",7,1,4
23,"u8",12,10,5
23,"u8",17,45,11
23,"u8",22,178,27
23,"u8",27,146,165
23,"u8",32,34,3
23,"u8",37,91,5
23,"u8",42,53,12
23,"u8",47,45,19
23,"u8",52,68,0
23,"u9",7,4,1
23,"u9",12,10,5
23,"u9",17,63,6
23,"u9",22,165,17
23,"u9",27,112,16
23,"u9",32,145,7
23,"u9",37,70,1
23,"u9",42,53,1
23,"u9",47,36,0
23,"u9",52,32,0
24,"u1",7,9,0
24,"u1",12,17,6
24,"u1",17,84,26
24,"u1",22,85,30
24,"u1",27,98,8
24,"u1",32,81,15
24,"u1",37,36,2
24,"u1",42,2,14
24,"u1",47,2,1
24,"u1",52,6,4
24,"u2",7,5,0
24,"u2",12,2,4
24,"u2",17,6,4
24,"u2",22,29,4
24,"u2",27,24,14
24,"u2",32,57,98
24,"u2",37,84,72
24,"u2",42,80,96
24,"u2",47,94,67
24,"u2",52,70,4
24,"u3",7,0,2
24,"u3",12,5,5
24,"u3",17,11,27
24,"u3",22,17,6
24,"u3",27,46,124
24,"u3",32,50,158
24,"u3",37,24,100
24,"u3",42,89,25
24,"u3",47,57,12
24,"u3",52,57,4
24,"u4",7,0,0
24,"u4",12,7,1
24,"u4",17,40,21
24,"u4",22,79,75
24,"u4",27,146,54
24,"u4",32,315,90
24,"u4",37,150,19
24,"u4",42,40,5
24,"u4",47,18,3
24,"u4",52,9,1
24,"u5",7,4,3
24,"u5",12,11,3
24,"u5",17,39,10
24,"u5",22,69,16
24,"u5",27,57,8
24,"u5",32,118,45
24,"u5",37,133,23
24,"u5",42,107,7
24,"u5",47,81,2
24,"u5",52,179,1
24,"u6",7,3,1
24,"u6",12,3,3
24,"u6",17,39,2
24,"u6",22,21,3
24,"u6",27,45,1
24,"u6",32,31,3
24,"u6",37,32,12
24,"u6",42,24,7
24,"u6",47,14,2
24,"u6",52,39,4
24,"u7",7,6,0
24,"u7",12,2,5
24,"u7",17,19,14
24,"u7",22,76,24
24,"u7",27,132,31
24,"u7",32,105,18
24,"u7",37,92,8
24,"u7",42,20,5
24,"u7",47,6,8
24,"u7",52,6,2
24,"u8",7,3,2
24,"u8",12,4,0
24,"u8",17,21,4
24,"u8",22,41,9
24,"u8",27,60,23
24,"u8",32,120,14
24,"u8",37,130,30
24,"u8",42,46,9
24,"u8",47,36,24
24,"u8",52,35,7
24,"u9",7,12,7
24,"u9",12,36,4
24,"u9",17,19,8
24,"u9",22,121,9
24,"u9",27,177,8
24,"u9",32,47,4
24,"u9",37,73,1
24,"u9",42,144,0
24,"u9",47,110,0
24,"u9",52,13,0
25,"u1",7,3,1
25,"u1",12,15,1
25,"u1",17,46,40
25,"u1",22,85,39
25,"u1",27,99,1
25,"u1",32,69,4
25,"u1",37,56,5
25,"u1",42,16,2
25,"u1",47,14,5
25,"u1",52,10,0
25,"u2",7,1,0
25,"u2",12,7,1
25,"u2",17,15,3
25,"u2",22,80,16
25,"u2",27,164,10
25,"u2",32,232,16
25,"u2",37,50,39
25,"u2",42,25,3
25,"u2",47,7,0
25,"u2",52,32,3
25,"u3",7,2,1
25,"u3",12,8,3
25,"u3",17,17,5
25,"u3",22,21,18
25,"u3",27,54,57
25,"u3",32,50,52
25,"u3",37,37,36
25,"u3",42,65,47
25,"u3",47,56,41
25,"u3",52,158,14
25,"u4",7,4,0
25,"u4",12,7,4
25,"u4",17,43,6
25,"u4",22,51,18
25,"u4",27,98,57
25,"u4",32,94,13
25,"u4",37,23,11
25,"u4",42,26,1
25,"u4",47,30,0
25,"u4",52,18,12
25,"u5",7,0,2
25,"u5",12,3,3
25,"u5",17,21,52
25,"u5",22,129,88
25,"u5",27,107,86
25,"u5",32,122,82
25,"u5",37,40,40
25,"u5",42,43,7
25,"u5",47,42,3
25,"u5",52,8,4
25,"u6",7,2,2
25,"u6",12,4,8
25,"u6",17,11,7
25,"u6",22,22,15
25,"u6",27,25,52
25,"u6",32,13,57
25,"u6",37,7,67
25,"u6",42,9,64
25,"u6",47,13,30
25,"u6",52,20,39
25,"u7",7,2,1
25,"u7",12,8,0
25,"u7",17,9,9
25,"u7",22,16,30
25,"u7",27,103,96
25,"u7",32,120,207
25,"u7",37,47,80
25,"u7",42,7,48
25,"u7",47,3,1
25,"u7",52,5,9
25,"u8",7,0,3
25,"u8",12,22,11
25,"u8",17,115,54
25,"u8",22,308,24
25,"u8",27,111,36
25,"u8",32,42,0
25,"u8",37,17,1
25,"u8",42,23,1
25,"u8",47,12,1
25,"u8",52,9,1
25,"u9",7,2,1
25,"u9",12,5,1
25,"u9",17,11,22
25,"u9",22,39,35
25,"u9",27,117,20
25,"u9",32,215,17
25,"u9",37,140,13
25,"u9",42,49,2
25,"u9",47,38,1
25,"u9",52,24,1
26,"u1",7,1,3
26,"u1",12,6,0
26,"u1",17,26,4
26,"u1",22,36,18
26,"u1",27,122,4
26,"u1",32,301,30
26,"u1",37,62,16
26,"u1",42,40,11
26,"u1",47,48,1
26,"u1",52,19,2
26,"u2",7,2,1
26,"u2",12,6,10
26,"u2",17,31,17
26,"u2",22,20,12
26,"u2",27,120,24
26,"u2",32,78,17
26,"u2",37,115,32
26,"u2",42,166,10
26,"u2",47,166,2
26,"u2",52,55,0
26,"u3",7,3,2
26,"u3",12,1,14
26,"u3",17,23,14
26,"u3",22,75,80
26,"u3",27,67,236
26,"u3",32,19,48
26,"u3",37,8,9
26,"u3",42,3,12
26,"u3",47,7,9
26,"u3",52,5,13
26,"u4",7,1,3
26,"u4",12,7,0
26,"u4",17,50,6
26,"u4",22,69,28
26,"u4",27,109,42
26,"u4",32,51,6
26,"u4",37,69,13
26,"u4",42,217,6
26,"u4",47,50,1
26,"u4",52,10,0
26,"u5",7,3,1
26,"u5",12,14,7
26,"u5",17,31,1
26,"u5",22,62,7
26,"u5",27,96,19
26,"u5",32,185,32
26,"u5",37,49,15
26,"u5",42,30,1
26,"u5",47,76,3
26,"u5",52,16,2
26,"u6",7,3,3
26,"u6",12,6,3
26,"u6",17,9,2
26,"u6",22,3,6
26,"u6",27,43,5
26,"u6",32,125,5
26,"u6",37,59,32
26,"u6",42,88,9
26,"u6",47,8,4
26,"u6",52,1,2
26,"u7",7,3,1
26,"u7",12,7,4
26,"u7",17,34,14
26,"u7",22,86,4
26,"u7",27,94,14
26,"u7",32,90,7
26,"u7",37,75,10
26,"u7",42,102,0
26,"u7",47,36,3
26,"u7",52,59,2
26,"u8",7,7,0
26,"u8",12,10,2
26,"u8",17,12,2
26,"u8",22,14,30
26,"u8",27,64,50
26,"u8",32,212,23
26,"u8",37,214,9
26,"u8",42,264,2
26,"u8",47,117,1
26,"u8",52,26,1
26,"u9",7,6,2
26,"u9",12,18,3
26,"u9",17,79,23
26,"u9",22,94,58
26,"u9",27,397,22
26,"u9",32,104,2
26,"u9",37,78,7
26,"u9",42,14,1
26,"u9",47,6,0
26,"u9",52,2,0
27,"u1",7,4,2
27,"u1",12,22,17
27,"u1",17,45,22
27,"u1",22,51,22
27,"u1",27,68,29
27,"u1",32,89,14
27,"u1",37,57,31
27,"u1",42,71,14
27,"u1",47,15,1
27,"u1",52,6,0
27,"u2",7,1,0
27,"u2",12,1,4
27,"u2",17,3,11
27,"u2",22,22,2
27,"u2",27,82,115
27,"u2",32,187,61
27,"u2",37,222,143
27,"u2",42,68,3
27,"u2",47,24,13
27,"u2",52,11,3
27,"u3",7,8,0
27,"u3",12,20,6
27,"u3",17,64,10
27,"u3",22,24,24
27,"u3",27,163,16
27,"u3",32,88,6
27,"u3",37,48,0
27,"u3",42,40,8
27,"u3",47,30,0
27,"u3",52,21,0
27,"u4",7,13,0
27,"u4",12,28,4
27,"u4",17,110,6
27,"u4",22,151,11
27,"u4",27,141,1
27,"u4",32,47,0
27,"u4",37,21,2
27,"u4",42,11,0
27,"u4",47,27,0
27,"u4",52,24,0
27,"u5",7,0,2
27,"u5",12,8,6
27,"u5",17,7,3
27,"u5",22,9,4
27,"u5",27,11,13
27,"u5",32,13,23
27,"u5",37,36,24
27,"u5",42,29,18
27,"u5",47,17,74
27,"u5",52,28,41
27,"u6",7,1,1
27,"u6",12,3,5
27,"u6",17,25,1
27,"u6",22,34,16
27,"u6",27,68,6
27,"u6",32,73,8
27,"u6",37,39,48
27,"u6",42,22,12
27,"u6",47,9,11
27,"u6",52,17,10
27,"u7",7,1,2
27,"u7",12,5,3
27,"u7",17,5,6
27,"u7",22,30,6
27,"u7",27,15,22
27,"u7",32,11,16
27,"u7",37,12,32
27,"u7",42,20,25
27,"u7",47,18,33
27,"u7",52,18,16
27,"u8",7,5,3
27,"u8",12,24,1
27,"u8",17,31,7
27,"u8",22,129,32
27,"u8",27,113,9
27,"u8",32,46,33
27,"u8",37,10,1
27,"u8",42,15,8
27,"u8",47,10,1
27,"u8",52,11,6
27,"u9",7,4,2
27,"u9",12,5,5
27,"u9",17,25,6
27,"u9",22,37,5
27,"u9",27,43,3
27,"u9",32,32,6
27,"u9",37,67,6
27,"u9",42,84,0
27,"u9",47,161,6
27,"u9",52,66,1
28,"u1",7,2,0
28,"u1",12,18,3
28,"u1",17,23,5
28,"u1",22,32,25
28,"u1",27,47,41
28,"u1",32,87,15
28,"u1",37,124,5
28,"u1",42,107,11
28,"u1",47,92,4
28,"u1",52,58,0
28,"u2",7,4,0
28,"u2",12,9,6
28,"u2",17,29,19
28,"u2",22,154,36
28,"u2",27,35,33
28,"u2",32,60,9
28,"u2",37,26,10
28,"u2",42,13,8
28,"u2",47,8,1
28,"u2",52,5,2
28,"u3",7,3,0
28,"u3",12,19,3
28,"u3",17,95,39
28,"u3",22,134,53
28,"u3",27,160,44
28,"u3",32,69,13
28,"u3",37,17,2
28,"u3",42,19,1
28,"u3",47,14,1
28,"u3",52,20,1
28,"u4",7,1,4
28,"u4",12,4,1
28,"u4",17,5,7
28,"u4",22,12,37
28,"u4",27,25,49
28,"u4",32,48,86
28,"u4",37,25,71
28,"u4",42,51,182
28,"u4",47,21,9
28,"u4",52,11,25
28,"u5",7,8,3
28,"u5",12,5,2
28,"u5",17,11,4
28,"u5",22,31,3
28,"u5",27,191,30
28,"u5",32,83,20
28,"u5",37,44,34
28,"u5",42,47,4
28,"u5",47,10,0
28,"u5",52,36,6
28,"u6",7,1,0
28,"u6",12,4,10
28,"u6",17,64,36
28,"u6",22,191,28
28,"u6",27,117,32
28,"u6",32,232,33
28,"u6",37,77,10
28,"u6",42,38,2
28,"u6",47,23,1
28,"u6",52,7,0
28,"u7",7,6,2
28,"u7",12,13,3
28,"u7",17,17,13
28,"u7",22,50,22
28,"u7",27,99,25
28,"u7",32,108,25
28,"u7",37,109,11
28,"u7",42,127,1
28,"u7",47,64,2
28,"u7",52,21,1
28,"u8",7,4,2
28,"u8",12,12,6
28,"u8",17,104,15
28,"u8",22,91,113
28,"u8",27,64,19
28,"u8",32,73,18
28,"u8",37,48,9
28,"u8",42,55,1
28,"u8",47,56,1
28,"u8",52,31,1
28,"u9",7,4,4
28,"u9",12,3,4
28,"u9",17,23,6
28,"u9",22,98,11
28,"u9",27,149,20
28,"u9",32,108,2
28,"u9",37,67,0
28,"u9",42,28,0
28,"u9",47,14,0
28,"u9",52,4,2
29,"u1",7,7,1
29,"u1",12,13,3
29,"u1",17,22,8
29,"u1",22,105,1
29,"u1",27,183,22
29,"u1",32,117,20
29,"u1",37,101,5
29,"u1",42,54,4
29,"u1",47,78,0
29,"u1",52,20,0
29,"u2",7,5,2
29,"u2",12,2,1
29,"u2",17,12,3
29,"u2",22,34,0
29,"u2",27,51,15
29,"u2",32,68,17
29,"u2",37,101,36
29,"u2",42,86,39
29,"u2",47,92,6
29,"u2",52,53,8
29,"u3",7,3,0
29,"u3",12,3,5
29,"u3",17,14,27
29,"u3",22,62,48
29,"u3",27,82,49
29,"u3",32,88,108
29,"u3",37,150,35
29,"u3",42,42,22
29,"u3",47,24,12
29,"u3",52,19,2
29,"u4",7,3,0
29,"u4",12,7,1
29,"u4",17,7,1
29,"u4",22,22,3
29,"u4",27,25,1
29,"u4",32,11,11
29,"u4",37,36,13
29,"u4",42,37,4
29,"u4",47,69,32
29,"u4",52,52,2
29,"u5",7,3,0
29,"u5",12,6,6
29,"u5",17,15,8
29,"u5",22,68,18
29,"u5",27,99,25
29,"u5",32,46,4
29,"u5",37,57,6
29,"u5",42,46,0
29,"u5",47,40,0
29,"u5",52,13,2
29,"u6",7,2,0
29,"u6",12,5,1
29,"u6",17,15,8
29,"u6",22,19,0
29,"u6",27,31,6
29,"u6",32,42,9
29,"u6",37,75,47
29,"u6",42,58,23
29,"u6",47,44,1
29,"u6",52,5,9
29,"u7",7,1,0
29,"u7",12,7,3
29,"u7",17,44,4
29,"u7",22,114,9
29,"u7",27,159,25
29,"u7",32,173,9
29,"u7",37,60,0
29,"u7",42,9,1
29,"u7",47,6,1
29,"u7",52,1,0
29,"u8",7,3,0
29,"u8",12,9,1
29,"u8",17,74,14
29,"u8",22,107,24
29,"u8",27,127,50
29,"u8",32,77,4
29,"u8",37,59,3
29,"u8",42,26,1
29,"u8",47,21,0
29,"u8",52,28,0
29,"u9",7,2,1
29,"u9",12,21,7
29,"u9",17,55,18
29,"u9",22,271,54
29,"u9",27,94,20
29,"u9",32,24,0
29,"u9",37,20,5
29,"u9",42,16,3
29,"u9",47,0,0
29,"u9",52,4,2
30,"u1",7,1,0
30,"u1",12,10,3
30,"u1",17,76,1
30,"u1",22,126,31
30,"u1",27,85,22
30,"u1",32,45,18
30,"u1",37,13,2
30,"u1",42,10,6
30,"u1",47,7,1
30,"u1",52,5,1
30,"u2",7,2,0
30,"u2",12,10,3
30,"u2",17,23,5
30,"u2",22,20,4
30,"u2",27,150,47
30,"u2",32,115,39
30,"u2",37,114,80
30,"u2",42,110,5
30,"u2",47,96,2
30,"u2",52,19,1
30,"u3",7,8,0
30,"u3",12,21,4
30,"u3",17,21,8
30,"u3",22,44,12
30,"u3",27,91,48
30,"u3",32,27,18
30,"u3",37,23,17
30,"u3",42,22,12
30,"u3",47,13,10
30,"u3",52,25,10
30,"u4",7,2,1
30,"u4",12,10,3
30,"u4",17,14,1
30,"u4",22,17,11
30,"u4",27,91,7
30,"u4",32,113,47
30,"u4",37,195,56
30,"u4",42,150,7
30,"u4",47,57,2
30,"u4",52,19,1
30,"u5",7,3,1
30,"u5",12,6,17
30,"u5",17,25,14
30,"u5",22,95,55
30,"u5",27,103,50
30,"u5",32,119,10
30,"u5",37,73,6
30,"u5",42,52,16
30,"u5",47,24,3
30,"u5",52,7,0
30,"u6",7,5,2
30,"u6",12,11,6
30,"u6",17,21,21
30,"u6",22,60,28
30,"u6",27,88,54
30,"u6",32,32,4
30,"u6",37,112,11
30,"u6",42,30,3
30,"u6",47,34,3
30,"u6",52,35,0
30,"u7",7,3,0
30,"u7",12,5,1
30,"u7",17,42,4
30,"u7",22,48,28
30,"u7",27,117,10
30,"u7",32,64,3
30,"u7",37,33,7
30,"u7",42,46,8
30,"u7",47,34,4
30,"u7",52,28,4
30,"u8",7,3,6
30,"u8",12,0,1
30,"u8",17,3,10
30,"u8",22,13,12
30,"u8",27,14,2
30,"u8",32,13,15
30,"u8",37,70,29
30,"u8",42,98,36
30,"u8",47,133,6
30,"u8",52,149,17
30,"u9",7,4,1
30,"u9",12,31,3
30,"u9",17,92,9
30,"u9",22,162,13
30,"u9",27,172,5
30,"u9",32,45,4
30,"u9",37,61,4
30,"u9",42,28,0
30,"u9",47,26,1
30,"u9",52,14,0
31,"u1",7,2,4
31,"u1",12,4,13
31,"u1",17,13,34
31,"u1",22,58,67
31,"u1",27,154,110
31,"u1",32,53,104
31,"u1",37,12,37
31,"u1",42,4,5
31,"u1",47,2,2
31,"u1",52,1,0
31,"u2",7,0,1
31,"u2",12,8,20
31,"u2",17,31,6
31,"u2",22,199,76
31,"u2",27,153,38
31,"u2",32,36,4
31,"u2",37,26,4
31,"u2",42,14,8
31,"u2",47,14,1
31,"u2",52,13,3
31,"u3",7,5,3
31,"u3",12,23,2
31,"u3",17,72,12
31,"u3",22,76,15
31,"u3",27,105,14
31,"u3",32,137,5
31,"u3",37,164,10
31,"u3",42,97,3
31,"u3",47,33,4
31,"u3",52,24,0
31,"u4",7,4,1
31,"u4",12,3,3
31,"u4",17,10,13
31,"u4",22,72,31
31,"u4",27,147,57
31,"u4",32,219,21
31,"u4",37,79,1
31,"u4",42,30,2
31,"u4",47,22,0
31,"u4",52,11,0
31,"u5",7,4,3
31,"u5",12,6,1
31,"u5",17,11,7
31,"u5",22,36,8
31,"u5",27,374,23
31,"u5",32,118,12
31,"u5",37,156,0
31,"u5",42,151,2
31,"u5",47,199,0
31,"u5",52,76,0
31,"u6",7,2,1
31,"u6",12,27,0
31,"u6",17,23,13
31,"u6",22,151,8
31,"u6",27,310,9
31,"u6",32,156,10
31,"u6",37,43,1
31,"u6",42,7,1
31,"u6",47,12,0
31,"u6",52,9,0
31,"u7",7,0,0
31,"u7",12,14,0
31,"u7",17,49,4
31,"u7",22,51,4
31,"u7",27,61,2
31,"u7",32,53,6
31,"u7",37,9,11
31,"u7",42,11,6
31,"u7",47,2,3
31,"u7",52,2,1
31,"u8",7,3,2
31,"u8",12,1,8
31,"u8",17,5,0
31,"u8",22,50,35
31,"u8",27,89,100
31,"u8",32,97,41
31,"u8",37,59,37
31,"u8",42,64,17
31,"u8",47,24,1
31,"u8",52,1,4
31,"u9",7,2,1
31,"u9",12,8,5
31,"u9",17,18,79
31,"u9",22,42,24
31,"u9",27,86,150
31,"u9",32,99,128
31,"u9",37,73,46
31,"u9",42,34,20
31,"u9",47,5,8
31,"u9",52,21,5
32,"u1",7,3,1
32,"u1",12,21,10
32,"u1",17,45,9
32,"u1",22,49,14
32,"u1",27,81,41
32,"u1",32,90,61
32,"u1",37,41,9
32,"u1",42,26,22
32,"u1",47,16,11
32,"u1",52,4,1
32,"u2",7,4,4
32,"u2",12,11,1
32,"u2",17,46,44
32,"u2",22,45,21
32,"u2",27,102,13
32,"u2",32,52,127
32,"u2",37,10,54
32,"u2",42,9,19
32,"u2",47,19,24
32,"u2",52,13,5
32,"u3",7,6,1
32,"u3",12,38,0
32,"u3",17,41,4
32,"u3",22,84,54
32,"u3",27,180,17
32,"u3",32,123,5
32,"u3",37,84,3
32,"u3",42,29,3
32,"u3",47,6,0
32,"u3",52,2,0
32,"u4",7,4,4
32,"u4",12,13,2
32,"u4",17,43,4
32,"u4",22,190,30
32,"u4",27,460,30
32,"u4",32,141,4
32,"u4",37,35,8
32,"u4",42,9,0
32,"u4",47,10,0
32,"u4",52,2,0
32,"u5",7,8,1
32,"u5",12,12,7
32,"u5",17,102,12
32,"u5",22,130,94
32,"u5",27,38,10
32,"u5",32,44,26
32,"u5",37,53,3
32,"u5",42,45,8
32,"u5",47,42,3
32,"u5",52,46,0
32,"u6",7,12,1
32,"u6",12,26,9
32,"u6",17,32,17
32,"u6",22,72,18
32,"u6",27,56,8
32,"u6",32,112,6
32,"u6",37,80,0
32,"u6",42,59,1
32,"u6",47,34,0
32,"u6",52,13,0
32,"u7",7,1,1
32,"u7",12,3,2
32,"u7",17,12,21
32,"u7",22,36,41
32,"u7",27,35,67
32,"u7",32,73,53
32,"u7",37,58,214
32,"u7",42,30,46
32,"u7",47,13,13
32,"u7",52,14,29
32,"u8",7,4,0
32,"u8",12,16,1
32,"u8",17,70,45
32,"u8",22,85,23
32,"u8",27,65,88
32,"u8",32,47,73
32,"u8",37,36,39
32,"u8",42,21,10
32,"u8",47,13,20
32,"u8",52,21,0
32,"u9",7,6,1
32,"u9",12,3,6
32,"u9",17,14,13
32,"u9",22,94,39
32,"u9",27,230,4
32,"u9",32,146,6
32,"u9",37,85,2
32,"u9",42,36,2
32,"u9",47,8,0
32,"u9",52,7,1
33,"u1",7,2,0
33,"u1",12,7,4
33,"u1",17,8,1
33,"u1",22,49,6
33,"u1",27,301,59
33,"u1",32,107,57
33,"u1",37,46,16
33,"u1",42,19,7
33,"u1",47,16,8
33,"u1",52,4,1
33,"u2",7,2,2
33,"u2",12,13,5
33,"u2",17,41,25
33,"u2",22,215,64
33,"u2",27,110,20
33,"u2",32,76,25
33,"u2",37,12,13
33,"u2",42,20,11
33,"u2",47,14,17
33,"u2",52,24,12
33,"u3",7,1,0
33,"u3",12,7,5
33,"u3",17,44,19
33,"u3",22,84,76
33,"u3",27,251,77
33,"u3",32,119,60
33,"u3",37,59,4
33,"u3",42,21,2
33,"u3",47,18,1
33,"u3",52,10,0
33,"u4",7,2,0
33,"u4",12,23,1
33,"u4",17,58,7
33,"u4",22,97,1
33,"u4",27,103,7
33,"u4",32,77,3
33,"u4",37,31,7
33,"u4",42,15,0
33,"u4",47,39,2
33,"u4",52,15,0
33,"u5",7,2,0
33,"u5",12,13,0
33,"u5",17,44,21
33,"u5",22,29,23
33,"u5",27,67,20
33,"u5",32,75,17
33,"u5",37,24,1
33,"u5",42,26,6
33,"u5",47,13,2
33,"u5",52,11,1
33,"u6",7,0,3
33,"u6",12,1,6
33,"u6",17,12,22
33,"u6",22,20,22
33,"u6",27,77,60
33,"u6",32,75,98
33,"u6",37,43,42
33,"u6",42,38,69
33,"u6",47,12,67
33,"u6",52,15,26
33,"u7",7,1,1
33,"u7",12,5,1
33,"u7",17,35,16
33,"u7",22,92,38
33,"u7",27,80,9
33,"u7",32,48,53
33,"u7",37,14,13
33,"u7",42,10,7
33,"u7",47,12,9
33,"u7",52,17,0
33,"u8",7,3,2
33,"u8",12,21,4
33,"u8",17,24,40
33,"u8",22,90,33
33,"u8",27,320,41
33,"u8",32,119,7
33,"u8",37,19,0
33,"u8",42,18,0
33,"u8",47,7,0
33,"u8",52,8,0
33,"u9",7,0,2
33,"u9",12,6,1
33,"u9",17,56,14
33,"u9",22,46,34
33,"u9",27,132,11
33,"u9",32,123,16
33,"u9",37,61,7
33,"u9",42,39,2
33,"u9",47,33,4
33,"u9",52,63,4
34,"u1",7,2,0
34,"u1",12,25,0
34,"u1",17,37,4
34,"u1",22,46,11
34,"u1",27,57,7
34,"u1",32,114,14
34,"u1",37,54,27
34,"u1",42,144,7
34,"u1",47,82,1
34,"u1",52,44,2
34,"u2",7,2,0
34,"u2",12,2,3
34,"u2",17,4,1
34,"u2",22,2,9
34,"u2",27,18,34
34,"u2",32,24,83
34,"u2",37,65,55
34,"u2",42,29,26
34,"u2",47,24,92
34,"u2",52,49,43
34,"u3",7,7,1
34,"u3",12,123,4
34,"u3",17,327,7
34,"u3",22,123,5
34,"u3",27,115,5
34,"u3",32,120,1
34,"u3",37,22,0
34,"u3",42,11,0
34,"u3",47,15,0
34,"u3",52,5,0
34,"u4",7,1,4
34,"u4",12,7,1
34,"u4",17,20,30
34,"u4",22,70,26
34,"u4",27,49,85
34,"u4",32,49,54
34,"u4",37,45,66
34,"u4",42,8,19
34,"u4",47,30,13
34,"u4",52,52,9
34,"u5",7,1,0
34,"u5",12,1,0
34,"u5",17,2,6
34,"u5",22,3,19
34,"u5",27,20,18
34,"u5",32,57,5
34,"u5",37,94,96
34,"u5",42,164,6
34,"u5",47,44,11
34,"u5",52,33,7
34,"u6",7,1,0
34,"u6",12,5,2
34,"u6",17,19,7
34,"u6",22,15,4
34,"u6",27,30,24
34,"u6",32,78,49
34,"u6",37,150,21
34,"u6",42,195,11
34,"u6",47,384,1
34,"u6",52,114,4
34,"u7",7,1,0
34,"u7",12,12,0
34,"u7",17,5,3
34,"u7",22,7,0
34,"u7",27,8,5
34,"u7",32,20,9
34,"u7",37,24,22
34,"u7",42,78,22
34,"u7",47,67,12
34,"u7",52,29,9
34,"u8",7,1,1
34,"u8",12,7,5
34,"u8",17,1,2
34,"u8",22,10,15
34,"u8",27,58,54
34,"u8",32,82,73
34,"u8",37,140,49
34,"u8",42,279,29
34,"u8",47,155,11
34,"u8",52,14,1
34,"u9",7,0,1
34,"u9",12,10,7
34,"u9",17,17,5
34,"u9",22,61,22
34,"u9",27,47,25
34,"u9",32,44,11
34,"u9",37,31,30
34,"u9",42,19,7
34,"u9",47,55,4
34,"u9",52,70,5
35,"u1",7,5,1
35,"u1",12,15,1
35,"u1",17,11,16
35,"u1",22,30,12
35,"u1",27,44,54
35,"u1",32,36,13
35,"u1",37,26,16
35,"u1",42,14,22
35,"u1",47,9,19
35,"u1",52,62,11
35,"u2",7,2,5
35,"u2",12,4,7
35,"u2",17,13,2
35,"u2",22,18,13
35,"u2",27,54,23
35,"u2",32,52,79
35,"u2",37,50,7
35,"u2",42,33,22
35,"u2",47,38,8
35,"u2",52,37,27
35,"u3",7,2,2
35,"u3",12,3,10
35,"u3",17,24,15
35,"u3",22,32,6
35,"u3",27,17,36
35,"u3",32,7,9
35,"u3",37,23,4
35,"u3",42,6,5
35,"u3",47,9,7
35,"u3",52,5,5
35,"u4",7,6,1
35,"u4",12,11,2
35,"u4",17,18,2
35,"u4",22,31,9
35,"u4",27,35,41
35,"u4",32,24,48
35,"u4",37,54,68
35,"u4",42,77,30
35,"u4",47,104,25
35,"u4",52,48,10
35,"u5",7,2,0
35,"u5",12,7,8
35,"u5",17,11,8
35,"u5",22,72,69
35,"u5",27,121,48
35,"u5",32,65,28
35,"u5",37,53,11
35,"u5",42,54,11
35,"u5",47,64,16
35,"u5",52,243,1
35,"u6",7,1,0
35,"u6",12,13,2
35,"u6",17,18,9
35,"u6",22,28,19
35,"u6",27,59,8
35,"u6",32,45,32
35,"u6",37,60,12
35,"u6",42,64,9
35,"u6",47,142,5
35,"u6",52,83,0
35,"u7",7,0,0
35,"u7",12,22,9
35,"u7",17,49,17
35,"u7",22,64,15
35,"u7",27,58,5
35,"u7",32,124,29
35,"u7",37,223,4
35,"u7",42,125,2
35,"u7",47,61,1
35,"u7",52,32,0
35,"u8",7,4,0
35,"u8",12,14,21
35,"u8",17,51,9
35,"u8",22,51,7
35,"u8",27,118,79
35,"u8",32,87,16
35,"u8",37,77,41
35,"u8",42,74,12
35,"u8",47,41,1
35,"u8",52,31,2
35,"u9",7,4,2
35,"u9",12,16,4
35,"u9",17,65,16
35,"u9",22,69,26
35,"u9",27,111,46
35,"u9",32,86,129
35,"u9",37,45,46
35,"u9",42,62,39
35,"u9",47,4,10
35,"u9",52,20,8
36,"u1",7,3,1
36,"u1",12,5,1
36,"u1",17,17,9
36,"u1",22,61,20
36,"u1",27,127,61
36,"u1",32,104,152
36,"u1",37,24,13
36,"u1",42,49,21
36,"u1",47,74,26
36,"u1",52,40,6
36,"u2",7,1,3
36,"u2",12,19,3
36,"u2",17,28,1
36,"u2",22,81,14
36,"u2",27,85,15
36,"u2",32,70,23
36,"u2",37,96,9
36,"u2",42,31,6
36,"u2",47,12,2
36,"u2",52,9,1
36,"u3",7,4,2
36,"u3",12,11,3
36,"u3",17,63,9
36,"u3",22,141,4
36,"u3",27,197,1
36,"u3",32,57,2
36,"u3",37,11,3
36,"u3",42,11,0
36,"u3",47,2,0
36,"u3",52,5,0
36,"u4",7,11,0
36,"u4",12,5,2
36,"u4",17,20,3
36,"u4",22,55,6
36,"u4",27,151,20
36,"u4",32,109,31
36,"u4",37,179,29
36,"u4",42,88,26
36,"u4",47,49,1
36,"u4",52,57,2
36,"u5",7,1,0
36,"u5",12,10,1
36,"u5",17,6,4
36,"u5",22,20,5
36,"u5",27,85,102
36,"u5",32,166,103
36,"u5",37,34,58
36,"u5",42,19,28
36,"u5",47,20,30
36,"u5",52,35,4
36,"u6",7,3,2
36,"u6",12,2,4
36,"u6",17,16,5
36,"u6",22,89,18
36,"u6",27,138,6
36,"u6",32,66,25
36,"u6",37,26,4
36,"u6",42,16,6
36,"u6",47,3,2
36,"u6",52,10,1
36,"u7",7,0,2
36,"u7",12,8,6
36,"u7",17,58,39
36,"u7",22,115,110
36,"u7",27,96,49
36,"u7",32,129,6
36,"u7",37,54,0
36,"u7",42,16,8
36,"u7",47,8,1
36,"u7",52,22,3
36,"u8",7,1,0
36,"u8",12,14,7
36,"u8",17,54,17
36,"u8",22,56,29
36,"u8",27,63,51
36,"u8",32,81,27
36,"u8",37,44,45
36,"u8",42,37,5
36,"u8",47,29,2
36,"u8",52,29,0
36,"u9",7,2,1
36,"u9",12,7,2
36,"u9",17,4,12
36,"u9",22,21,14
36,"u9",27,13,24
36,"u9",32,25,43
36,"u9",37,13,50
36,"u9",42,14,32
36,"u9",47,39,61
36,"u9",52,21,27
37,"u1",7,5,3
37,"u1",12,8,2
37,"u1",17,38,8
37,"u1",22,16,60
37,"u1",27,21,47
37,"u1",32,97,35
37,"u1",37,24,60
37,"u1",42,24,10
37,"u1",47,15,13
37,"u1",52,17,25
37,"u2",7,3,0
37,"u2",12,10,11
37,"u2",17,27,11
37,"u2",22,347,132
37,"u2",27,344,13
37,"u2",32,118,16
37,"u2",37,49,2
37,"u2",42,23,2
37,"u2",47,20,0
37,"u2",52,5,0
37,"u3",7,5,3
37,"u3",12,10,8
37,"u3",17,36,10
37,"u3",22,130,60
37,"u3",27,109,52
37,"u3",32,17,4
37,"u3",37,15,5
37,"u3",42,4,5
37,"u3",47,3,3
37,"u3",52,25,0
37,"u4",7,4,0
37,"u4",12,17,4
37,"u4",17,50,5
37,"u4",22,94,14
37,"u4",27,218,27
37,"u4",32,87,6
37,"u4",37,46,10
37,"u4",42,24,7
37,"u4",47,11,6
37,"u4",52,6,2
37,"u5",7,3,3
37,"u5",12,4,0
37,"u5",17,6,4
37,"u5",22,3,4
37,"u5",27,7,11
37,"u5",32,21,37
37,"u5",37,97,32
37,"u5",42,122,5
37,"u5",47,104,7
37,"u5",52,32,7
37,"u6",7,2,1
37,"u6",12,12,6
37,"u6",17,47,2
37,"u6",22,305,8
37,"u6",27,225,0
37,"u6",32,46,0
37,"u6",37,11,0
37,"u6",42,6,0
37,"u6",47,3,0
37,"u6",52,4,0
37,"u7",7,8,0
37,"u7",12,7,0
37,"u7",17,19,11
37,"u7",22,47,13
37,"u7",27,38,42
37,"u7",32,36,11
37,"u7",37,81,33
37,"u7",42,42,23
37,"u7",47,18,91
37,"u7",52,9,21
37,"u8",7,5,4
37,"u8",12,4,0
37,"u8",17,15,11
37,"u8",22,84,11
37,"u8",27,359,27
37,"u8",32,39,4
37,"u8",37,5,1
37,"u8",42,1,2
37,"u8",47,6,4
37,"u8",52,0,0
37,"u9",7,4,0
37,"u9",12,38,8
37,"u9",17,68,30
37,"u9",22,63,12
37,"u9",27,48,30
37,"u9",32,36,9
37,"u9",37,21,8
37,"u9",42,20,1
37,"u9",47,23,0
37,"u9",52,7,1
38,"u1",7,1,2
38,"u1",12,12,2
38,"u1",17,2,1
38,"u1",22,4,4
38,"u1",27,1,5
38,"u1",32,3,9
38,"u1",37,7,2
38,"u1",42,35,1
38,"u1",47,52,5
38,"u1",52,48,2
38,"u2",7,3,0
38,"u2",12,12,1
38,"u2",17,20,8
38,"u2",22,89,5
38,"u2",27,272,3
38,"u2",32,51,37
38,"u2",37,56,3
38,"u2",42,13,2
38,"u2",47,5,1
38,"u2",52,8,7
38,"u3",7,4,1
38,"u3",12,11,1
38,"u3",17,30,75
38,"u3",22,40,23
38,"u3",27,62,110
38,"u3",32,52,117
38,"u3",37,39,68
38,"u3",42,15,5
38,"u3",47,41,12
38,"u3",52,54,9
38,"u4",7,3,0
38,"u4",12,10,0
38,"u4",17,24,26
38,"u4",22,89,4
38,"u4",27,161,31
38,"u4",32,155,6
38,"u4",37,22,5
38,"u4",42,7,1
38,"u4",47,0,0
38,"u4",52,0,0
38,"u5",7,2,0
38,"u5",12,30,10
38,"u5",17,40,0
38,"u5",22,69,5
38,"u5",27,71,37
38,"u5",32,76,16
38,"u5",37,19,12
38,"u5",42,26,7
38,"u5",47,6,11
38,"u5",52,28,2
38,"u6",7,3,3
38,"u6",12,3,0
38,"u6",17,12,20
38,"u6",22,52,87
38,"u6",27,85,147
38,"u6",32,152,23
38,"u6",37,30,33
38,"u6",42,43,4
38,"u6",47,35,6
38,"u6",52,22,4
38,"u7",7,13,2
38,"u7",12,10,1
38,"u7",17,34,13
38,"u7",22,59,17
38,"u7",27,95,34
38,"u7",32,67,23
38,"u7",37,26,18
38,"u7",42,7,6
38,"u7",47,7,4
38,"u7",52,0,12
38,"u8",7,1,1
38,"u8",12,10,5
38,"u8",17,100,7
38,"u8",22,123,48
38,"u8",27,98,18
38,"u8",32,101,5
38,"u8",37,104,4
38,"u8",42,155,3
38,"u8",47,23,0
38,"u8",52,30,1
38,"u9",7,3,0
38,"u9",12,7,5
38,"u9",17,27,9
38,"u9",22,97,138
38,"u9",27,243,76
38,"u9",32,216,8
38,"u9",37,57,1
38,"u9",42,18,0
38,"u9",47,21,2
38,"u9",52,6,0
39,"u1",7,3,3
39,"u1",12,10,5
39,"u1",17,61,1
39,"u1",22,101,11
39,"u1",27,92,18
39,"u1",32,65,6
39,"u1",37,34,3
39,"u1",42,16,2
39,"u1",47,23,0
39,"u1",52,37,0
39,"u2",7,5,4
39,"u2",12,7,3
39,"u2",17,32,3
39,"u2",22,31,17
39,"u2",27,17,49
39,"u2",32,36,27
39,"u2",37,35,16
39,"u2",42,45,19
39,"u2",47,13,13
39,"u2",52,40,2
39,"u3",7,2,1
39,"u3",12,9,3
39,"u3",17,15,15
39,"u3",22,103,90
39,"u3",27,103,164
39,"u3",32,37,83
39,"u3",37,20,54
39,"u3",42,17,7
39,"u3",47,12,11
39,"u3",52,17,11
39,"u4",7,1,3
39,"u4",12,28,9
39,"u4",17,126,12
39,"u4",22,138,11
39,"u4",27,63,1
39,"u4",32,73,0
39,"u4",37,31,0
39,"u4",42,14,0
39,"u4",47,4,0
39,"u4",52,11,0
39,"u5",7,6,1
39,"u5",12,24,3
39,"u5",17,54,18
39,"u5",22,90,105
39,"u5",27,63,31
39,"u5",32,62,59
39,"u5",37,35,6
39,"u5",42,38,4
39,"u5",47,52,3
39,"u5",52,47,3
39,"u6",7,2,0
39,"u6",12,17,6
39,"u6",17,66,5
39,"u6",22,95,28
39,"u6",27,81,18
39,"u6",32,58,0
39,"u6",37,16,3
39,"u6",42,6,6
39,"u6",47,16,0
39,"u6",52,21,0
39,"u7",7,3,1
39,"u7",12,3,0
39,"u7",17,13,4
39,"u7",22,53,19
39,"u7",27,114,22
39,"u7",32,140,22
39,"u7",37,130,10
39,"u7",42,38,8
39,"u7",47,23,1
39,"u7",52,17,5
39,"u8",7,8,0
39,"u8",12,13,4
39,"u8",17,34,10
39,"u8",22,127,59
39,"u8",27,111,14
39,"u8",32,52,56
39,"u8",37,18,4
39,"u8",42,9,9
39,"u8",47,18,1
39,"u8",52,22,1
39,"u9",7,5,1
39,"u9",12,24,11
39,"u9",17,46,18
39,"u9",22,60,7
39,"u9",27,46,12
39,"u9",32,14,4
39,"u9",37,30,6
39,"u9",42,9,9
39,"u9",47,6,1
39,"u9",52,12,2
40,"u1",7,2,3
40,"u1",12,12,3
40,"u1",17,34,23
40,"u1",22,41,18
40,"u1",27,44,36
40,"u1",32,98,178
40,"u1",37,20,17
40,"u1",42,8,30
40,"u1",47,13,11
40,"u1",52,25,13
40,"u2",7,4,1
40,"u2",12,10,6
40,"u2",17,19,35
40,"u2",22,78,80
40,"u2",27,84,30
40,"u2",32,93,56
40,"u2",37,39,19
40,"u2",42,45,0
40,"u2",47,48,2
40,"u2",52,15,1
40,"u3",7,4,0
40,"u3",12,20,1
40,"u3",17,47,16
40,"u3",22,63,11
40,"u3",27,203,46
40,"u3",32,101,21
40,"u3",37,30,14
40,"u3",42,23,1
40,"u3",47,23,5
40,"u3",52,10,1
40,"u4",7,0,1
40,"u4",12,2,2
40,"u4",17,15,25
40,"u4",22,58,77
40,"u4",27,88,51
40,"u4",32,48,85
40,"u4",37,66,14
40,"u4",42,39,4
40,"u4",47,13,1
40,"u4",52,10,0
40,"u5",7,6,0
40,"u5",12,8,4
40,"u5",17,105,16
40,"u5",22,232,55
40,"u5",27,181,47
40,"u5",32,33,8
40,"u5",37,8,16
40,"u5",42,8,8
40,"u5",47,10,11
40,"u5",52,10,4
40,"u6",7,4,1
40,"u6",12,3,2
40,"u6",17,9,4
40,"u6",22,40,17
40,"u6",27,87,38
40,"u6",32,175,49
40,"u6",37,167,31
40,"u6",42,89,29
40,"u6",47,79,2
40,"u6",52,34,0
40,"u7",7,3,3
40,"u7",12,11,2
40,"u7",17,39,7
40,"u7",22,42,5
40,"u7",27,96,12
40,"u7",32,74,16
40,"u7",37,35,9
40,"u7",42,28,3
40,"u7",47,20,1
40,"u7",52,4,0
40,"u8",7,2,1
40,"u8",12,7,1
40,"u8",17,40,13
40,"u8",22,123,58
40,"u8",27,327,36
40,"u8",32,72,1
40,"u8",37,62,0
40,"u8",42,55,1
40,"u8",47,32,1
40,"u8",52,21,0
40,"u9",7,7,3
40,"u9",12,6,1
40,"u9",17,18,2
40,"u9",22,80,6
40,"u9",27,181,66
40,"u9",32,173,34
40,"u9",37,231,28
40,"u9",42,78,4
40,"u9",47,35,1
40,"u9",52,9,1
41,"u1",7,3,1
41,"u1",12,18,2
41,"u1",17,44,7
41,"u1",22,144,46
41,"u1",27,327,21
41,"u1",32,224,26
41,"u1",37,38,4
41,"u1",42,41,3
41,"u1",47,22,1
41,"u1",52,6,0
41,"u2",7,14,4
41,"u2",12,10,7
41,"u2",17,97,4
41,"u2",22,243,12
41,"u2",27,90,6
41,"u2",32,52,1
41,"u2",37,16,1
41,"u2",42,16,2
41,"u2",47,4,1
41,"u2",52,14,0
41,"u3",7,1,0
41,"u3",12,12,8
41,"u3",17,36,19
41,"u3",22,94,108
41,"u3",27,120,102
41,"u3",32,41,35
41,"u3",37,11,36
41,"u3",42,13,55
41,"u3",47,3,16
41,"u3",52,9,35
41,"u4",7,2,0
41,"u4",12,21,12
41,"u4",17,165,31
41,"u4",22,230,34
41,"u4",27,67,20
41,"u4",32,44,16
41,"u4",37,9,5
41,"u4",42,1,1
41,"u4",47,5,1
41,"u4",52,7,1
41,"u5",7,3,2
41,"u5",12,31,7
41,"u5",17,30,5
41,"u5",22,85,7
41,"u5",27,100,27
41,"u5",32,79,13
41,"u5",37,179,7
41,"u5",42,51,6
41,"u5",47,10,0
41,"u5",52,10,1
41,"u6",7,4,2
41,"u6",12,3,3
41,"u6",17,16,6
41,"u6",22,31,23
41,"u6",27,44,19
41,"u6",32,78,22
41,"u6",37,85,56
41,"u6",42,84,19
41,"u6",47,153,45
41,"u6",52,52,3
41,"u7",7,3,0
41,"u7",12,42,5
41,"u7",17,86,15
41,"u7",22,177,63
41,"u7",27,292,11
41,"u7",32,48,0
41,"u7",37,2,0
41,"u7",42,5,1
41,"u7",47,8,0
41,"u7",52,8,0
41,"u8",7,3,1
41,"u8",12,4,2
41,"u8",17,37,9
41,"u8",22,31,20
41,"u8",27,66,15
41,"u8",32,53,9
41,"u8",37,67,31
41,"u8",42,61,8
41,"u8",47,75,3
41,"u8",52,83,3
41,"u9",7,11,0
41,"u9",12,16,2
41,"u9",17,127,15
41,"u9",22,427,31
41,"u9",27,156,1
41,"u9",32,47,1
41,"u9",37,17,0
41,"u9",42,10,0
41,"u9",47,0,0
41,"u9",52,6,0
42,"u1",7,2,3
42,"u1",12,7,10
42,"u1",17,27,21
42,"u1",22,45,81
42,"u1",27,90,8
42,"u1",32,26,25
42,"u1",37,12,34
42,"u1",42,6,16
42,"u1",47,9,34
42,"u1",52,6,49
42,"u2",7,1,1
42,"u2",12,9,3
42,"u2",17,24,23
42,"u2",22,70,5
42,"u2",27,118,39
42,"u2",32,131,14
42,"u2",37,24,3
42,"u2",42,23,3
42,"u2",47,10,4
42,"u2",52,1,2
42,"u3",7,4,2
42,"u3",12,23,2
42,"u3",17,174,23
42,"u3",22,380,30
42,"u3",27,99,10
42,"u3",32,47,1
42,"u3",37,35,0
42,"u3",42,15,0
42,"u3",47,7,0
42,"u3",52,10,1
42,"u4",7,2,1
42,"u4",12,11,0
42,"u4",17,18,4
42,"u4",22,39,15
42,"u4",27,82,9
42,"u4",32,23,8
42,"u4",37,23,6
42,"u4",42,21,0
42,"u4",47,21,1
42,"u4",52,11,0
42,"u5",7,2,1
42,"u5",12,8,3
42,"u5",17,31,3
42,"u5",22,26,9
42,"u5",27,45,17
42,"u5",32,49,23
42,"u5",37,83,6
42,"u5",42,25,11
42,"u5",47,34,6
42,"u5",52,35,11
42,"u6",7,2,0
42,"u6",12,5,3
42,"u6",17,17,4
42,"u6",22,23,32
42,"u6",27,80,5
42,"u6",32,74,24
42,"u6",37,20,48
42,"u6",42,33,37
42,"u6",47,10,2
42,"u6",52,23,18
42,"u7",7,0,2
42,"u7",12,6,6
42,"u7",17,26,35
42,"u7",22,62,14
42,"u7",27,59,36
42,"u7",32,56,25
42,"u7",37,33,8
42,"u7",42,21,7
42,"u7",47,23,5
42,"u7",52,10,4
42,"u8",7,0,0
42,"u8",12,11,6
42,"u8",17,55,5
42,"u8",22,154,14
42,"u8",27,73,32
42,"u8",32,113,6
42,"u8",37,60,19
42,"u8",42,11,6
42,"u8",47,18,3
42,"u8",52,19,4
42,"u9",7,2,2
42,"u9",12,14,3
42,"u9",17,120,2
42,"u9",22,318,21
42,"u9",27,69,5
42,"u9",32,93,3
42,"u9",37,33,4
42,"u9",42,53,1
42,"u9",47,34,1
42,"u9",52,16,1
43,"u1",7,4,0
43,"u1",12,23,6
43,"u1",17,119,43
43,"u1",22,362,48
43,"u1",27,140,31
43,"u1",32,79,5
43,"u1",37,24,6
43,"u1",42,2,0
43,"u1",47,0,0
43,"u1",52,1,0
43,"u2",7,11,1
43,"u2",12,18,3
43,"u2",17,57,12
43,"u2",22,202,38
43,"u2",27,127,29
43,"u2",32,55,49
43,"u2",37,34,7
43,"u2",42,12,4
43,"u2",47,14,1
43,"u2",52,9,2
43,"u3",7,0,2
43,"u3",12,4,3
43,"u3",17,8,9
43,"u3",22,34,22
43,"u3",27,41,19
43,"u3",32,39,37
43,"u3",37,30,61
43,"u3",42,35,27
43,"u3",47,40,16
43,"u3",52,19,4
43,"u4",7,5,2
43,"u4",12,1,1
43,"u4",17,16,1
43,"u4",22,86,13
43,"u4",27,57,2
43,"u4",32,97,1
43,"u4",37,104,6
43,"u4",42,92,1
43,"u4",47,48,0
43,"u4",52,14,0
43,"u5",7,4,0
43,"u5",12,36,10
43,"u5",17,47,28
43,"u5",22,104,63
43,"u5",27,77,92
43,"u5",32,40,6
43,"u5",37,65,14
43,"u5",42,77,19
43,"u5",47,47,15
43,"u5",52,62,6
43,"u6",7,0,2
43,"u6",12,11,1
43,"u6",17,67,9
43,"u6",22,114,14
43,"u6",27,150,268
43,"u6",32,121,24
43,"u6",37,29,7
43,"u6",42,16,14
43,"u6",47,41,6
43,"u6",52,8,8
43,"u7",7,2,0
43,"u7",12,5,4
43,"u7",17,5,12
43,"u7",22,22,31
43,"u7",27,55,100
43,"u7",32,257,25
43,"u7",37,95,8
43,"u7",42,50,8
43,"u7",47,18,6
43,"u7",52,12,3
43,"u8",7,4,2
43,"u8",12,15,0
43,"u8",17,66,9
43,"u8",22,52,5
43,"u8",27,137,16
43,"u8",32,142,5
43,"u8",37,114,1
43,"u8",42,106,9
43,"u8",47,19,1
43,"u8",52,6,0
43,"u9",7,4,1
43,"u9",12,15,9
43,"u9",17,77,34
43,"u9",22,172,68
43,"u9",27,220,38
43,"u9",32,60,3
43,"u9",37,21,7
43,"u9",42,29,8
43,"u9",47,17,1
43,"u9",52,23,1
44,"u1",7,4,0
44,"u1",12,18,2
44,"u1",17,146,12
44,"u1",22,122,56
44,"u1",27,120,26
44,"u1",32,39,49
44,"u1",37,22,18
44,"u1",42,54,17
44,"u1",47,33,2
44,"u1",52,11,1
44,"u2",7,4,4
44,"u2",12,25,4
44,"u2",17,24,7
44,"u2",22,33,21
44,"u2",27,47,77
44,"u2",32,37,51
44,"u2",37,24,34
44,"u2",42,25,4
44,"u2",47,18,9
44,"u2",52,29,17
44,"u3",7,9,0
44,"u3",12,5,2
44,"u3",17,16,5
44,"u3",22,29,30
44,"u3",27,69,46
44,"u3",32,56,7
44,"u3",37,93,18
44,"u3",42,62,17
44,"u3",47,63,2
44,"u3",52,32,0
44,"u4",7,3,0
44,"u4",12,8,15
44,"u4",17,74,16
44,"u4",22,131,132
44,"u4",27,292,7
44,"u4",32,27,2
44,"u4",37,30,0
44,"u4",42,26,0
44,"u4",47,22,0
44,"u4",52,18,0
44,"u5",7,2,0
44,"u5",12,12,11
44,"u5",17,28,4
44,"u5",22,60,30
44,"u5",27,61,143
44,"u5",32,56,44
44,"u5",37,16,73
44,"u5",42,9,16
44,"u5",47,33,24
44,"u5",52,11,75
44,"u6",7,3,1
44,"u6",12,7,1
44,"u6",17,17,11
44,"u6",22,61,58
44,"u6",27,385,36
44,"u6",32,191,26
44,"u6",37,42,7
44,"u6",42,66,3
44,"u6",47,7,0
44,"u6",52,4,0
44,"u7",7,1,3
44,"u7",12,18,4
44,"u7",17,52,15
44,"u7",22,118,28
44,"u7",27,19,66
44,"u7",32,52,37
44,"u7",37,23,38
44,"u7",42,4,4
44,"u7",47,12,13
44,"u7",52,3,1
44,"u8",7,2,2
44,"u8",12,13,0
44,"u8",17,22,26
44,"u8",22,94,6
44,"u8",27,169,21
44,"u8",32,62,58
44,"u8",37,48,4
44,"u8",42,21,0
44,"u8",47,32,1
44,"u8",52,28,0
44,"u9",7,0,3
44,"u9",12,26,3
44,"u9",17,80,11
44,"u9",22,55,35
44,"u9",27,134,14
44,"u9",32,230,4
44,"u9",37,106,4
44,"u9",42,69,0
44,"u9",47,30,0
44,"u9",52,23,1
45,"u1",7,9,0
45,"u1",12,22,0
45,"u1",17,63,5
45,"u1",22,82,54
45,"u1",27,405,88
45,"u1",32,241,62
45,"u1",37,60,0
45,"u1",42,15,2
45,"u1",47,16,2
45,"u1",52,6,0
45,"u2",7,5,2
45,"u2",12,30,6
45,"u2",17,97,35
45,"u2",22,177,19
45,"u2",27,67,2
45,"u2",32,30,2
45,"u2",37,37,1
45,"u2",42,27,0
45,"u2",47,20,0
45,"u2",52,12,0
45,"u3",7,2,2
45,"u3",12,9,8
45,"u3",17,67,14
45,"u3",22,207,41
45,"u3",27,65,12
45,"u3",32,174,12
45,"u3",37,77,3
45,"u3",42,96,2
45,"u3",47,50,0
45,"u3",52,16,0
45,"u4",7,2,1
45,"u4",12,6,1
45,"u4",17,189,1
45,"u4",22,439,45
45,"u4",27,250,13
45,"u4",32,30,3
45,"u4",37,22,2
45,"u4",42,13,2
45,"u4",47,30,0
45,"u4",52,23,0
45,"u5",7,5,2
45,"u5",12,3,0
45,"u5",17,21,6
45,"u5",22,22,25
45,"u5",27,75,99
45,"u5",32,124,28
45,"u5",37,242,74
45,"u5",42,57,34
45,"u5",47,7,1
45,"u5",52,13,8
45,"u6",7,3,1
45,"u6",12,5,7
45,"u6",17,29,2
45,"u6",22,56,77
45,"u6",27,117,55
45,"u6",32,34,16
45,"u6",37,96,53
45,"u6",42,89,31
45,"u6",47,57,10
45,"u6",52,40,9
45,"u7",7,3,1
45,"u7",12,3,5
45,"u7",17,8,2
45,"u7",22,5,17
45,"u7",27,9,20
45,"u7",32,16,10
45,"u7",37,27,103
45,"u7",42,66,45
45,"u7",47,109,41
45,"u7",52,217,15
45,"u8",7,0,2
45,"u8",12,2,3
45,"u8",17,23,30
45,"u8",22,39,125
45,"u8",27,69,56
45,"u8",32,121,21
45,"u8",37,37,109
45,"u8",42,6,9
45,"u8",47,3,4
45,"u8",52,4,25
45,"u9",7,0,0
45,"u9",12,11,1
45,"u9",17,102,1
45,"u9",22,114,5
45,"u9",27,177,12
45,"u9",32,172,6
45,"u9",37,41,4
45,"u9",42,18,0
45,"u9",47,7,0
45,"u9",52,8,0
46,"u1",7,3,0
46,"u1",12,5,1
46,"u1",17,21,6
46,"u1",22,78,57
46,"u1",27,142,30
46,"u1",32,27,13
46,"u1",37,26,2
46,"u1",42,23,3
46,"u1",47,4,7
46,"u1",52,1,0
46,"u2",7,3,0
46,"u2",12,19,9
46,"u2",17,36,24
46,"u2",22,44,67
46,"u2",27,38,23
46,"u2",32,35,55
46,"u2",37,19,9
46,"u2",42,10,8
46,"u2",47,15,3
46,"u2",52,3,16
46,"u3",7,3,0
46,"u3",12,32,3
46,"u3",17,121,26
46,"u3",22,159,65
46,"u3",27,194,37
46,"u3",32,73,2
46,"u3",37,14,9
46,"u3",42,14,4
46,"u3",47,9,2
46,"u3",52,6,0
46,"u4",7,2,0
46,"u4",12,20,4
46,"u4",17,64,30
46,"u4",22,55,13
46,"u4",27,51,34
46,"u4",32,49,15
46,"u4",37,41,3
46,"u4",42,23,6
46,"u4",47,7,0
46,"u4",52,5,3
46,"u5",7,3,0
46,"u5",12,19,0
46,"u5",17,30,3
46,"u5",22,112,11
46,"u5",27,76,10
46,"u5",32,291,2
46,"u5",37,134,2
46,"u5",42,24,1
46,"u5",47,74,0
46,"u5",52,46,3
46,"u6",7,2,2
46,"u6",12,24,18
46,"u6",17,135,21
46,"u6",22,84,101
46,"u6",27,60,4
46,"u6",32,81,11
46,"u6",37,61,13
46,"u6",42,42,0
46,"u6",47,23,1
46,"u6",52,21,1
46,"u7",7,0,1
46,"u7",12,13,1
46,"u7",17,59,32
46,"u7",22,47,7
46,"u7",27,102,28
46,"u7",32,68,13
46,"u7",37,53,2
46,"u7",42,55,3
46,"u7",47,21,5
46,"u7",52,86,0
46,"u8",7,2,1
46,"u8",12,4,1
46,"u8",17,16,29
46,"u8",22,213,12
46,"u8",27,274,7
46,"u8",32,50,4
46,"u8",37,59,3
46,"u8",42,8,1
46,"u8",47,6,0
46,"u8",52,41,1
46,"u9",7,2,0
46,"u9",12,6,5
46,"u9",17,31,37
46,"u9",22,52,30
46,"u9",27,53,42
46,"u9",32,95,5
46,"u9",37,135,6
46,"u9",42,47,20
46,"u9",47,28,4
46,"u9",52,8,16
47,"u1",7,6,1
47,"u1",12,7,3
47,"u1",17,30,3
47,"u1",22,68,112
47,"u1",27,43,16
47,"u1",32,8,63
47,"u1",37,26,62
47,"u1",42,69,12
47,"u1",47,57,16
47,"u1",52,37,7
47,"u2",7,0,1
47,"u2",12,2,2
47,"u2",17,6,9
47,"u2",22,13,2
47,"u2",27,12,21
47,"u2",32,56,42
47,"u2",37,49,54
47,"u2",42,30,66
47,"u2",47,15,86
47,"u2",52,32,53
47,"u3",7,4,3
47,"u3",12,4,1
47,"u3",17,13,6
47,"u3",22,5,8
47,"u3",27,24,51
47,"u3",32,49,120
47,"u3",37,46,133
47,"u3",42,28,31
47,"u3",47,18,43
47,"u3",52,21,9
47,"u4",7,5,2
47,"u4",12,10,9
47,"u4",17,9,8
47,"u4",22,20,13
47,"u4",27,23,30
47,"u4",32,71,34
47,"u4",37,93,27
47,"u4",42,127,18
47,"u4",47,52,5
47,"u4",52,59,2
47,"u5",7,8,1
47,"u5",12,32,11
47,"u5",17,179,15
47,"u5",22,634,18
47,"u5",27,217,0
47,"u5",32,147,0
47,"u5",37,46,0
47,"u5",42,29,0
47,"u5",47,23,0
47,"u5",52,30,0
47,"u6",7,2,1
47,"u6",12,9,4
47,"u6",17,26,22
47,"u6",22,93,138
47,"u6",27,119,71
47,"u6",32,95,50
47,"u6",37,44,15
47,"u6",42,7,7
47,"u6",47,26,4
47,"u6",52,6,5
47,"u7",7,5,5
47,"u7",12,20,13
47,"u7",17,117,16
47,"u7",22,112,12
47,"u7",27,107,50
47,"u7",32,33,7
47,"u7",37,25,4
47,"u7",42,9,1
47,"u7",47,9,3
47,"u7",52,11,0
47,"u8",7,8,1
47,"u8",12,7,1
47,"u8",17,16,2
47,"u8",22,26,10
47,"u8",27,54,0
47,"u8",32,64,4
47,"u8",37,127,16
47,"u8",42,43,5
47,"u8",47,29,4
47,"u8",52,10,5
47,"u9",7,2,1
47,"u9",12,27,0
47,"u9",17,51,42
47,"u9",22,259,120
47,"u9",27,204,11
47,"u9",32,34,9
47,"u9",37,73,0
47,"u9",42,15,7
47,"u9",47,11,1
47,"u9",52,16,1
48,"u1",7,6,0
48,"u1",12,7,0
48,"u1",17,9,0
48,"u1",22,9,17
48,"u1",27,41,19
48,"u1",32,119,44
48,"u1",37,224,70
48,"u1",42,68,75
48,"u1",47,36,16
48,"u1",52,11,1
48,"u2",7,4,1
48,"u2",12,8,1
48,"u2",17,15,13
48,"u2",22,75,81
48,"u2",27,135,16
48,"u2",32,99,32
48,"u2",37,67,42
48,"u2",42,58,9
48,"u2",47,11,1
48,"u2",52,16,0
48,"u3",7,0,0
48,"u3",12,8,3
48,"u3",17,17,1
48,"u3",22,15,10
48,"u3",27,62,26
48,"u3",32,73,18
48,"u3",37,65,14
48,"u3",42,43,20
48,"u3",47,56,29
48,"u3",52,90,3
48,"u4",7,1,2
48,"u4",12,5,1
48,"u4",17,6,2
48,"u4",22,18,10
48,"u4",27,83,11
48,"u4",32,41,17
48,"u4",37,62,16
48,"u4",42,103,11
48,"u4",47,47,8
48,"u4",52,34,4
48,"u5",7,0,0
48,"u5",12,5,5
48,"u5",17,9,1
48,"u5",22,17,11
48,"u5",27,68,38
48,"u5",32,82,15
48,"u5",37,243,60
48,"u5",42,77,20
48,"u5",47,32,6
48,"u5",52,10,1
48,"u6",7,5,3
48,"u6",12,7,5
48,"u6",17,7,24
48,"u6",22,17,16
48,"u6",27,106,7
48,"u6",32,112,68
48,"u6",37,93,13
48,"u6",42,68,11
48,"u6",47,25,8
48,"u6",52,5,1
48,"u7",7,7,1
48,"u7",12,9,0
48,"u7",17,52,7
48,"u7",22,60,25
48,"u7",27,203,5
48,"u7",32,300,2
48,"u7",37,125,1
48,"u7",42,24,2
48,"u7",47,28,1
48,"u7",52,16,0
48,"u8",7,2,3
48,"u8",12,6,5
48,"u8",17,68,25
48,"u8",22,311,21
48,"u8",27,174,18
48,"u8",32,72,9
48,"u8",37,24,1
48,"u8",42,18,2
48,"u8",47,1,0
48,"u8",52,3,0
48,"u9",7,5,2
48,"u9",12,8,1
48,"u9",17,8,6
48,"u9",22,44,7
48,"u9",27,21,7
48,"u9",32,32,7
48,"u9",37,62,5
48,"u9",42,31,21
48,"u9",47,76,2
48,"u9",52,42,4
49,"u1",7,2,0
49,"u1",12,0,7
49,"u1",17,11,3
49,"u1",22,30,13
49,"u1",27,79,141
49,"u1",32,317,191
49,"u1",37,60,11
49,"u1",42,49,34
49,"u1",47,7,3
49,"u1",52,4,4
49,"u2",7,3,0
49,"u2",12,19,2
49,"u2",17,40,17
49,"u2",22,142,33
49,"u2",27,268,35
49,"u2",32,75,5
49,"u2",37,27,5
49,"u2",42,35,0
49,"u2",47,11,0
49,"u2",52,29,1
49,"u3",7,4,0
49,"u3",12,6,1
49,"u3",17,50,29
49,"u3",22,63,78
49,"u3",27,134,81
49,"u3",32,371,28
49,"u3",37,73,24
49,"u3",42,34,0
49,"u3",47,11,6
49,"u3",52,6,0
49,"u4",7,1,0
49,"u4",12,15,1
49,"u4",17,8,24
49,"u4",22,49,22
49,"u4",27,22,96
49,"u4",32,48,34
49,"u4",37,42,39
49,"u4",42,14,20
49,"u4",47,19,41
49,"u4",52,7,12
49,"u5",7,7,2
49,"u5",12,55,13
49,"u5",17,101,32
49,"u5",22,155,41
49,"u5",27,179,33
49,"u5",32,29,6
49,"u5",37,20,0
49,"u5",42,4,0
49,"u5",47,6,0
49,"u5",52,2,0
49,"u6",7,3,1
49,"u6",12,8,3
49,"u6",17,27,5
49,"u6",22,92,40
49,"u6",27,214,41
49,"u6",32,79,15
49,"u6",37,78,5
49,"u6",42,68,3
49,"u6",47,25,2
49,"u6",52,9,0
49,"u7",7,4,3
49,"u7",12,6,4
49,"u7",17,26,6
49,"u7",22,31,42
49,"u7",27,56,15
49,"u7",32,118,25
49,"u7",37,58,1
49,"u7",42,35,5
49,"u7",47,11,0
49,"u7",52,2,1
49,"u8",7,2,2
49,"u8",12,9,19
49,"u8",17,79,20
49,"u8",22,153,128
49,"u8",27,170,20
49,"u8",32,104,7
49,"u8",37,45,1
49,"u8",42,47,3
49,"u8",47,13,8
49,"u8",52,1,3
49,"u9",7,1,1
49,"u9",12,6,4
49,"u9",17,27,7
49,"u9",22,37,5
49,"u9",27,213,27
49,"u9",32,67,2
49,"u9",37,75,7
49,"u9",42,7,1
49,"u9",47,13,3
49,"u9",52,11,1
50,"u1",7,2,2
50,"u1",12,12,1
50,"u1",17,34,1
50,"u1",22,75,38
50,"u1",27,215,37
50,"u1",32,226,20
50,"u1",37,44,2
50,"u1",42,29,0
50,"u1",47,15,1
50,"u1",52,3,1
50,"u2",7,7,1
50,"u2",12,6,9
50,"u2",17,41,9
50,"u2",22,128,7
50,"u2",27,138,6
50,"u2",32,52,3
50,"u2",37,36,1
50,"u2",42,11,1
50,"u2",47,6,0
50,"u2",52,6,0
50,"u3",7,4,2
50,"u3",12,34,9
50,"u3",17,70,17
50,"u3",22,98,25
50,"u3",27,98,42
50,"u3",32,200,41
50,"u3",37,83,22
50,"u3",42,113,13
50,"u3",47,22,1
50,"u3",52,12,4
50,"u4",7,4,0
50,"u4",12,13,4
50,"u4",17,20,0
50,"u4",22,97,4
50,"u4",27,239,21
50,"u4",32,172,17
50,"u4",37,40,5
50,"u4",42,42,1
50,"u4",47,29,1
50,"u4",52,77,0
50,"u5",7,5,0
50,"u5",12,11,8
50,"u5",17,15,20
50,"u5",22,47,38
50,"u5",27,197,1
50,"u5",32,137,5
50,"u5",37,58,14
50,"u5",42,31,8
50,"u5",47,20,2
50,"u5",52,51,1
50,"u6",7,1,0
50,"u6",12,14,2
50,"u6",17,43,12
50,"u6",22,74,40
50,"u6",27,96,34
50,"u6",32,133,27
50,"u6",37,78,16
50,"u6",42,40,5
50,"u6",47,25,1
50,"u6",52,18,0
50,"u7",7,4,0
50,"u7",12,9,2
50,"u7",17,38,15
50,"u7",22,153,28
50,"u7",27,170,11
50,"u7",32,138,11
50,"u7",37,19,0
50,"u7",42,6,5
50,"u7",47,12,1
50,"u7",52,13,1
50,"u8",7,7,0
50,"u8",12,6,2
50,"u8",17,56,11
50,"u8",22,122,61
50,"u8",27,163,35
50,"u8",32,22,9
50,"u8",37,30,0
50,"u8",42,6,1
50,"u8",47,0,3
50,"u8",52,3,2
50,"u9",7,4,1
50,"u9",12,7,3
50,"u9",17,27,17
50,"u9",22,88,13
50,"u9",27,74,47
50,"u9",32,185,18
50,"u9",37,46,24
50,"u9",42,95,2
50,"u9",47,32,9
50,"u9",52,49,3
51,"u1",7,1,8
51,"u1",12,11,0
51,"u1",17,3,9
51,"u1",22,98,41
51,"u1",27,94,21
51,"u1",32,98,20
51,"u1",37,103,7
51,"u1",42,76,1
51,"u1",47,34,3
51,"u1",52,7,1
51,"u2",7,6,0
51,"u2",12,19,3
51,"u2",17,48,6
51,"u2",22,179,11
51,"u2",27,108,25
51,"u2",32,116,9
51,"u2",37,83,1
51,"u2",42,32,1
51,"u2",47,26,0
51,"u2",52,15,1
51,"u3",7,2,3
51,"u3",12,39,12
51,"u3",17,91,4
51,"u3",22,164,52
51,"u3",27,103,13
51,"u3",32,68,16
51,"u3",37,70,2
51,"u3",42,6,0
51,"u3",47,3,0
51,"u3",52,3,0
51,"u4",7,5,5
51,"u4",12,30,2
51,"u4",17,44,29
51,"u4",22,32,6
51,"u4",27,52,52
51,"u4",32,32,110
51,"u4",37,48,52
51,"u4",42,104,10
51,"u4",47,133,4
51,"u4",52,20,1
51,"u5",7,0,1
51,"u5",12,9,7
51,"u5",17,74,23
51,"u5",22,131,25
51,"u5",27,120,7
51,"u5",32,23,0
51,"u5",37,35,0
51,"u5",42,37,0
51,"u5",47,21,2
51,"u5",52,15,0
51,"u6",7,7,1
51,"u6",12,23,1
51,"u6",17,55,7
51,"u6",22,185,1
51,"u6",27,169,4
51,"u6",32,69,1
51,"u6",37,72,1
51,"u6",42,13,0
51,"u6",47,13,0
51,"u6",52,2,0
51,"u7",7,5,1
51,"u7",12,3,2
51,"u7",17,5,0
51,"u7",22,51,14
51,"u7",27,96,16
51,"u7",32,70,17
51,"u7",37,22,29
51,"u7",42,20,9
51,"u7",47,7,6
51,"u7",52,26,0
51,"u8",7,6,1
51,"u8",12,10,2
51,"u8",17,31,1
51,"u8",22,57,18
51,"u8",27,144,12
51,"u8",32,141,15
51,"u8",37,86,10
51,"u8",42,46,6
51,"u8",47,14,8
51,"u8",52,21,5
51,"u9",7,1,1
51,"u9",12,6,5
51,"u9",17,12,9
51,"u9",22,100,27
51,"u9",27,324,42
51,"u9",32,96,7
51,"u9",37,46,6
51,"u9",42,33,2
51,"u9",47,24,3
51,"u9",52,14,2
52,"u1",7,2,0
52,"u1",12,27,0
52,"u1",17,65,60
52,"u1",22,107,62
52,"u1",27,183,147
52,"u1",32,31,16
52,"u1",37,42,16
52,"u1",42,33,6
52,"u1",47,41,4
52,"u1",52,63,3
52,"u2",7,1,2
52,"u2",12,8,0
52,"u2",17,16,11
52,"u2",22,23,69
52,"u2",27,18,23
52,"u2",32,35,16
52,"u2",37,78,14
52,"u2",42,33,10
52,"u2",47,29,8
52,"u2",52,18,7
52,"u3",7,5,2
52,"u3",12,14,8
52,"u3",17,29,35
52,"u3",22,267,44
52,"u3",27,249,51
52,"u3",32,132,20
52,"u3",37,94,2
52,"u3",42,43,1
52,"u3",47,7,1
52,"u3",52,4,0
52,"u4",7,2,1
52,"u4",12,15,6
52,"u4",17,30,13
52,"u4",22,31,11
52,"u4",27,177,12
52,"u4",32,159,9
52,"u4",37,82,1
52,"u4",42,11,1
52,"u4",47,10,0
52,"u4",52,3,0
52,"u5",7,4,1
52,"u5",12,29,4
52,"u5",17,44,17
52,"u5",22,17,6
52,"u5",27,33,7
52,"u5",32,32,15
52,"u5",37,79,26
52,"u5",42,70,23
52,"u5",47,75,23
52,"u5",52,82,11
52,"u6",7,0,0
52,"u6",12,9,5
52,"u6",17,44,20
52,"u6",22,137,13
52,"u6",27,105,50
52,"u6",32,55,17
52,"u6",37,25,4
52,"u6",42,23,2
52,"u6",47,6,7
52,"u6",52,13,2
52,"u7",7,2,2
52,"u7",12,5,5
52,"u7",17,19,8
52,"u7",22,122,26
52,"u7",27,279,68
52,"u7",32,147,12
52,"u7",37,20,2
52,"u7",42,5,3
52,"u7",47,3,0
52,"u7",52,5,0
52,"u8",7,4,3
52,"u8",12,2,4
52,"u8",17,6,4
52,"u8",22,24,17
52,"u8",27,43,14
52,"u8",32,55,71
52,"u8",37,70,23
52,"u8",42,36,60
52,"u8",47,21,112
52,"u8",52,16,45
52,"u9",7,0,1
52,"u9",12,1,2
52,"u9",17,7,0
52,"u9",22,3,34
52,"u9",27,22,105
52,"u9",32,30,177
52,"u9",37,39,115
52,"u9",42,33,27
52,"u9",47,17,63
52,"u9",52,36,23
53,"u1",7,2,0
53,"u1",12,3,2
53,"u1",17,14,4
53,"u1",22,25,14
53,"u1",27,38,22
53,"u1",32,30,9
53,"u1",37,51,15
53,"u1",42,51,22
53,"u1",47,43,3
53,"u1",52,21,15
53,"u2",7,0,2
53,"u2",12,1,7
53,"u2",17,5,6
53,"u2",22,10,6
53,"u2",27,37,10
53,"u2",32,25,7
53,"u2",37,48,8
53,"u2",42,36,6
53,"u2",47,21,11
53,"u2",52,30,5
53,"u3",7,1,0
53,"u3",12,6,3
53,"u3",17,37,2
53,"u3",22,20,4
53,"u3",27,95,1
53,"u3",32,55,9
53,"u3",37,54,7
53,"u3",42,21,0
53,"u3",47,20,1
53,"u3",52,20,0
53,"u4",7,7,2
53,"u4",12,3,5
53,"u4",17,8,6
53,"u4",22,73,66
53,"u4",27,93,31
53,"u4",32,150,50
53,"u4",37,18,42
53,"u4",42,8,9
53,"u4",47,13,5
53,"u4",52,11,2
53,"u5",7,1,1
53,"u5",12,7,5
53,"u5",17,7,12
53,"u5",22,19,6
53,"u5",27,40,33
53,"u5",32,88,27
53,"u5",37,118,56
53,"u5",42,98,38
53,"u5",47,65,7
53,"u5",52,46,2
53,"u6",7,7,2
53,"u6",12,14,5
53,"u6",17,75,10
53,"u6",22,281,2
53,"u6",27,162,31
53,"u6",32,228,3
53,"u6",37,131,2
53,"u6",42,62,0
53,"u6",47,22,0
53,"u6",52,4,0
53,"u7",7,9,2
53,"u7",12,13,3
53,"u7",17,105,17
53,"u7",22,66,10
53,"u7",27,119,9
53,"u7",32,43,9
53,"u7",37,22,1
53,"u7",42,17,11
53,"u7",47,12,9
53,"u7",52,7,1
53,"u8",7,4,2
53,"u8",12,3,12
53,"u8",17,60,28
53,"u8",22,118,12
53,"u8",27,60,42
53,"u8",32,117,31
53,"u8",37,87,23
53,"u8",42,71,13
53,"u8",47,60,4
53,"u8",52,7,2
53,"u9",7,2,1
53,"u9",12,8,3
53,"u9",17,20,14
53,"u9",22,346,28
53,"u9",27,208,25
53,"u9",32,99,5
53,"u9",37,42,1
53,"u9",42,14,1
53,"u9",47,4,0
53,"u9",52,1,0
54,"u1",7,1,2
54,"u1",12,6,9
54,"u1",17,26,56
54,"u1",22,57,74
54,"u1",27,90,78
54,"u1",32,110,76
54,"u1",37,40,30
54,"u1",42,20,28
54,"u1",47,18,7
54,"u1",52,12,2
54,"u2",7,4,1
54,"u2",12,19,7
54,"u2",17,11,11
54,"u2",22,36,7
54,"u2",27,70,82
54,"u2",32,112,68
54,"u2",37,49,83
54,"u2",42,16,62
54,"u2",47,16,24
54,"u2",52,35,19
54,"u3",7,0,1
54,"u3",12,8,0
54,"u3",17,62,20
54,"u3",22,130,33
54,"u3",27,70,54
54,"u3",32,14,42
54,"u3",37,38,1
54,"u3",42,32,3
54,"u3",47,32,4
54,"u3",52,12,2
54,"u4",7,6,2
54,"u4",12,12,6
54,"u4",17,36,4
54,"u4",22,134,23
54,"u4",27,185,78
54,"u4",32,92,19
54,"u4",37,69,11
54,"u4",42,16,5
54,"u4",47,22,2
54,"u4",52,9,1
54,"u5",7,0,1
54,"u5",12,5,2
54,"u5",17,8,5
54,"u5",22,11,8
54,"u5",27,14,4
54,"u5",32,24,5
54,"u5",37,33,32
54,"u5",42,42,121
54,"u5",47,111,77
54,"u5",52,29,55
54,"u6",7,1,0
54,"u6",12,3,1
54,"u6",17,7,17
54,"u6",22,13,33
54,"u6",27,33,37
54,"u6",32,54,5
54,"u6",37,28,67
54,"u6",42,55,57
54,"u6",47,61,45
54,"u6",52,33,6
54,"u7",7,5,1
54,"u7",12,17,0
54,"u7",17,27,3
54,"u7",22,94,13
54,"u7",27,114,19
54,"u7",32,88,27
54,"u7",37,88,9
54,"u7",42,18,15
54,"u7",47,15,13
54,"u7",52,9,6
54,"u8",7,6,0
54,"u8",12,7,2
54,"u8",17,31,22
54,"u8",22,112,12
54,"u8",27,239,27
54,"u8",32,226,27
54,"u8",37,68,9
54,"u8",42,55,1
54,"u8",47,25,2
54,"u8",52,13,2
54,"u9",7,1,0
54,"u9",12,6,6
54,"u9",17,23,16
54,"u9",22,110,19
54,"u9",27,111,83
54,"u9",32,532,21
54,"u9",37,59,5
54,"u9",42,48,2
54,"u9",47,30,0
54,"u9",52,27,0
55,"u1",7,2,4
55,"u1",12,15,4
55,"u1",17,20,7
55,"u1",22,104,24
55,"u1",27,141,35
55,"u1",32,237,51
55,"u1",37,171,9
55,"u1",42,38,6
55,"u1",47,8,0
55,"u1",52,27,0
55,"u2",7,6,0
55,"u2",12,5,8
55,"u2",17,38,4
55,"u2",22,86,46
55,"u2",27,90,107
55,"u2",32,63,29
55,"u2",37,39,46
55,"u2",42,56,7
55,"u2",47,39,16
55,"u2",52,22,4
55,"u3",7,4,4
55,"u3",12,22,9
55,"u3",17,71,30
55,"u3",22,80,35
55,"u3",27,117,99
55,"u3",32,27,26
55,"u3",37,31,2
55,"u3",42,52,6
55,"u3",47,65,6
55,"u3",52,42,3
55,"u4",7,0,0
55,"u4",12,20,4
55,"u4",17,43,6
55,"u4",22,90,50
55,"u4",27,47,64
55,"u4",32,78,24
55,"u4",37,55,6
55,"u4",42,28,2
55,"u4",47,16,1
55,"u4",52,22,0
55,"u5",7,1,0
55,"u5",12,10,2
55,"u5",17,10,6
55,"u5",22,24,8
55,"u5",27,91,21
55,"u5",32,81,15
55,"u5",37,35,14
55,"u5",42,15,4
55,"u5",47,18,4
55,"u5",52,15,3
55,"u6",7,4,1
55,"u6",12,3,2
55,"u6",17,37,10
55,"u6",22,62,7
55,"u6",27,131,12
55,"u6",32,84,7
55,"u6",37,103,4
55,"u6",42,66,3
55,"u6",47,43,1
55,"u6",52,42,0
55,"u7",7,3,2
55,"u7",12,7,3
55,"u7",17,15,4
55,"u7",22,112,27
55,"u7",27,67,72
55,"u7",32,38,15
55,"u7",37,36,9
55,"u7",42,29,33
55,"u7",47,37,19
55,"u7",52,36,27
55,"u8",7,1,7
55,"u8",12,8,0
55,"u8",17,7,8
55,"u8",22,24,15
55,"u8",27,22,42
55,"u8",32,43,41
55,"u8",37,33,16
55,"u8",42,62,37
55,"u8",47,79,30
55,"u8",52,89,67
55,"u9",7,2,0
55,"u9",12,20,8
55,"u9",17,32,8
55,"u9",22,72,5
55,"u9",27,76,21
55,"u9",32,74,29
55,"u9",37,18,63
55,"u9",42,54,87
55,"u9",47,34,31
55,"u9",52,49,4
56,"u1",7,3,7
56,"u1",12,5,8
56,"u1",17,15,41
56,"u1",22,64,182
56,"u1",27,102,44
56,"u1",32,158,10
56,"u1",37,73,17
56,"u1",42,14,6
56,"u1",47,2,9
56,"u1",52,3,2
56,"u2",7,9,1
56,"u2",12,42,2
56,"u2",17,94,4
56,"u2",22,156,3
56,"u2",27,134,6
56,"u2",32,25,0
56,"u2",37,14,1
56,"u2",42,20,1
56,"u2",47,6,0
56,"u2",52,3,0
56,"u3",7,2,0
56,"u3",12,8,17
56,"u3",17,28,62
56,"u3",22,71,91
56,"u3",27,259,17
56,"u3",32,157,6
56,"u3",37,32,3
56,"u3",42,6,0
56,"u3",47,4,0
56,"u3",52,5,0
56,"u4",7,6,1
56,"u4",12,29,12
56,"u4",17,109,5
56,"u4",22,161,28
56,"u4",27,184,7
56,"u4",32,17,3
56,"u4",37,3,0
56,"u4",42,14,3
56,"u4",47,0,0
56,"u4",52,1,0
56,"u5",7,0,1
56,"u5",12,15,7
56,"u5",17,76,6
56,"u5",22,67,16
56,"u5",27,110,35
56,"u5",32,129,10
56,"u5",37,18,9
56,"u5",42,10,7
56,"u5",47,2,3
56,"u5",52,7,5
56,"u6",7,5,0
56,"u6",12,6,4
56,"u6",17,23,8
56,"u6",22,40,19
56,"u6",27,12,33
56,"u6",32,12,15
56,"u6",37,26,32
56,"u6",42,36,30
56,"u6",47,49,51
56,"u6",52,54,13
56,"u7",7,3,1
56,"u7",12,7,1
56,"u7",17,4,18
56,"u7",22,63,45
56,"u7",27,162,155
56,"u7",32,216,15
56,"u7",37,72,7
56,"u7",42,24,7
56,"u7",47,12,1
56,"u7",52,2,1
56,"u8",7,4,1
56,"u8",12,20,4
56,"u8",17,66,87
56,"u8",22,78,154
56,"u8",27,34,52
56,"u8",32,53,60
56,"u8",37,113,17
56,"u8",42,70,32
56,"u8",47,21,3
56,"u8",52,16,1
56,"u9",7,4,2
56,"u9",12,12,13
56,"u9",17,32,23
56,"u9",22,101,20
56,"u9",27,273,27
56,"u9",32,275,1
56,"u9",37,64,5
56,"u9",42,21,0
56,"u9",47,8,0
56,"u9",52,5,0
57,"u1",7,10,1
57,"u1",12,9,3
57,"u1",17,156,16
57,"u1",22,290,16
57,"u1",27,60,36
57,"u1",32,68,4
57,"u1",37,21,13
57,"u1",42,18,5
57,"u1",47,30,1
57,"u1",52,54,9
57,"u2",7,1,5
57,"u2",12,3,6
57,"u2",17,33,8
57,"u2",22,73,15
57,"u2",27,217,9
57,"u2",32,185,24
57,"u2",37,69,18
57,"u2",42,39,3
57,"u2",47,50,1
57,"u2",52,11,1
57,"u3",7,5,4
57,"u3",12,15,0
57,"u3",17,32,0
57,"u3",22,53,1
57,"u3",27,101,8
57,"u3",32,204,1
57,"u3",37,130,0
57,"u3",42,40,0
57,"u3",47,69,1
57,"u3",52,25,0
57,"u4",7,7,0
57,"u4",12,16,6
57,"u4",17,37,18
57,"u4",22,60,24
57,"u4",27,90,121
57,"u4",32,132,65
57,"u4",37,106,15
57,"u4",42,76,1
57,"u4",47,54,1
57,"u4",52,15,1
57,"u5",7,2,0
57,"u5",12,10,12
57,"u5",17,24,3
57,"u5",22,134,11
57,"u5",27,183,49
57,"u5",32,82,25
57,"u5",37,81,3
57,"u5",42,60,4
57,"u5",47,30,2
57,"u5",52,59,1
57,"u6",7,3,3
57,"u6",12,3,1
57,"u6",17,28,8
57,"u6",22,58,13
57,"u6",27,167,23
57,"u6",32,90,131
57,"u6",37,145,85
57,"u6",42,37,14
57,"u6",47,6,10
57,"u6",52,9,4
57,"u7",7,1,0
57,"u7",12,4,15
57,"u7",17,67,37
57,"u7",22,137,20
57,"u7",27,59,8
57,"u7",32,39,4
57,"u7",37,15,0
57,"u7",42,13,4
57,"u7",47,25,1
57,"u7",52,24,5
57,"u8",7,6,1
57,"u8",12,8,6
57,"u8",17,25,6
57,"u8",22,180,8
57,"u8",27,103,51
57,"u8",32,106,32
57,"u8",37,131,11
57,"u8",42,82,2
57,"u8",47,70,2
57,"u8",52,20,4
57,"u9",7,1,2
57,"u9",12,3,3
57,"u9",17,10,1
57,"u9",22,18,27
57,"u9",27,88,20
57,"u9",32,133,26
57,"u9",37,58,26
57,"u9",42,53,18
57,"u9",47,41,33
57,"u9",52,19,4
58,"u1",7,10,1
58,"u1",12,12,7
58,"u1",17,23,2
58,"u1",22,232,11
58,"u1",27,280,6
58,"u1",32,42,1
58,"u1",37,7,0
58,"u1",42,13,0
58,"u1",47,1,0
58,"u1",52,3,0
58,"u2",7,3,7
58,"u2",12,8,1
58,"u2",17,147,1
58,"u2",22,116,3
58,"u2",27,127,8
58,"u2",32,202,6
58,"u2",37,25,0
58,"u2",42,41,0
58,"u2",47,20,1
58,"u2",52,2,0
58,"u3",7,0,4
58,"u3",12,2,2
58,"u3",17,21,1
58,"u3",22,34,25
58,"u3",27,61,4
58,"u3",32,30,23
58,"u3",37,55,17
58,"u3",42,45,25
58,"u3",47,7,30
58,"u3",52,8,11
58,"u4",7,2,1
58,"u4",12,5,4
58,"u4",17,9,6
58,"u4",22,70,19
58,"u4",27,75,20
58,"u4",32,127,39
58,"u4",37,63,8
58,"u4",42,71,3
58,"u4",47,81,1
58,"u4",52,57,0
58,"u5",7,4,0
58,"u5",12,14,6
58,"u5",17,115,0
58,"u5",22,103,67
58,"u5",27,181,11
58,"u5",32,125,7
58,"u5",37,74,3
58,"u5",42,29,0
58,"u5",47,1,1
58,"u5",52,3,0
58,"u6",7,5,3
58,"u6",12,13,6
58,"u6",17,18,13
58,"u6",22,17,18
58,"u6",27,123,23
58,"u6",32,67,17
58,"u6",37,70,6
58,"u6",42,66,6
58,"u6",47,25,4
58,"u6",52,25,0
58,"u7",7,3,0
58,"u7",12,7,5
58,"u7",17,38,25
58,"u7",22,77,55
58,"u7",27,115,14
58,"u7",32,149,21
58,"u7",37,104,29
58,"u7",42,41,3
58,"u7",47,24,2
58,"u7",52,15,4
58,"u8",7,1,0
58,"u8",12,10,4
58,"u8",17,27,4
58,"u8",22,26,7
58,"u8",27,70,3
58,"u8",32,86,11
58,"u8",37,25,31
58,"u8",42,5,10
58,"u8",47,11,14
58,"u8",52,22,5
58,"u9",7,1,0
58,"u9",12,16,2
58,"u9",17,130,11
58,"u9",22,224,79
58,"u9",27,80,15
58,"u9",32,32,15
58,"u9",37,15,2
58,"u9",42,17,2
58,"u9",47,4,1
58,"u9",52,7,0
59,"u1",7,3,3
59,"u1",12,31,5
59,"u1",17,103,14
59,"u1",22,244,42
59,"u1",27,106,12
59,"u1",32,31,5
59,"u1",37,6,1
59,"u1",42,7,3
59,"u1",47,4,0
59,"u1",52,2,0
59,"u2",7,0,5
59,"u2",12,8,5
59,"u2",17,26,10
59,"u2",22,45,25
59,"u2",27,119,33
59,"u2",32,176,48
59,"u2",37,177,5
59,"u2",42,37,8
59,"u2",47,7,4
59,"u2",52,12,4
59,"u3",7,3,1
59,"u3",12,54,13
59,"u3",17,146,46
59,"u3",22,112,10
59,"u3",27,367,8
59,"u3",32,83,7
59,"u3",37,45,0
59,"u3",42,7,0
59,"u3",47,2,0
59,"u3",52,2,0
59,"u4",7,6,0
59,"u4",12,9,1
59,"u4",17,20,3
59,"u4",22,18,13
59,"u4",27,16,1
59,"u4",32,78,2
59,"u4",37,44,17
59,"u4",42,31,4
59,"u4",47,23,4
59,"u4",52,24,2
59,"u5",7,0,1
59,"u5",12,1,5
59,"u5",17,5,7
59,"u5",22,48,24
59,"u5",27,291,36
59,"u5",32,106,59
59,"u5",37,20,56
59,"u5",42,24,11
59,"u5",47,14,5
59,"u5",52,42,4
59,"u6",7,1,2
59,"u6",12,8,3
59,"u6",17,28,11
59,"u6",22,54,9
59,"u6",27,102,3
59,"u6",32,104,28
59,"u6",37,32,1
59,"u6",42,64,3
59,"u6",47,47,1
59,"u6",52,34,1
59,"u7",7,2,1
59,"u7",12,9,14
59,"u7",17,51,18
59,"u7",22,80,57
59,"u7",27,164,39
59,"u7",32,116,47
59,"u7",37,62,12
59,"u7",42,121,7
59,"u7",47,47,1
59,"u7",52,10,0
59,"u8",7,2,0
59,"u8",12,18,5
59,"u8",17,117,21
59,"u8",22,99,12
59,"u8",27,78,3
59,"u8",32,89,6
59,"u8",37,19,1
59,"u8",42,22,1
59,"u8",47,23,2
59,"u8",52,49,0
59,"u9",7,0,0
59,"u9",12,8,6
59,"u9",17,16,9
59,"u9",22,45,14
59,"u9",27,54,32
59,"u9",32,98,20
59,"u9",37,63,29
59,"u9",42,29,6
59,"u9",47,39,5
59,"u9",52,36,11
60,"u1",7,3,2
60,"u1",12,23,1
60,"u1",17,94,5
60,"u1",22,275,32
60,"u1",27,116,23
60,"u1",32,69,3
60,"u1",37,41,0
60,"u1",42,24,0
60,"u1",47,20,0
60,"u1",52,33,0
60,"u2",7,1,0
60,"u2",12,4,3
60,"u2",17,39,5
60,"u2",22,93,7
60,"u2",27,128,84
60,"u2",32,107,3
60,"u2",37,23,24
60,"u2",42,16,18
60,"u2",47,20,0
60,"u2",52,3,0
60,"u3",7,1,0
60,"u3",12,11,1
60,"u3",17,58,6
60,"u3",22,81,46
60,"u3",27,129,60
60,"u3",32,84,104
60,"u3",37,149,21
60,"u3",42,92,2
60,"u3",47,41,2
60,"u3",52,20,0
60,"u4",7,0,1
60,"u4",12,3,1
60,"u4",17,0,6
60,"u4",22,10,19
60,"u4",27,22,38
60,"u4",32,20,6
60,"u4",37,77,33
60,"u4",42,47,7
60,"u4",47,33,6
60,"u4",52,84,1
60,"u5",7,4,0
60,"u5",12,14,1
60,"u5",17,20,11
60,"u5",22,197,3
60,"u5",27,145,3
60,"u5",32,84,23
60,"u5",37,33,7
60,"u5",42,17,0
60,"u5",47,17,1
60,"u5",52,4,1
60,"u6",7,5,0
60,"u6",12,7,6
60,"u6",17,33,18
60,"u6",22,86,54
60,"u6",27,44,167
60,"u6",32,49,92
60,"u6",37,21,135
60,"u6",42,27,32
60,"u6",47,23,26
60,"u6",52,16,4
60,"u7",7,3,0
60,"u7",12,3,12
60,"u7",17,67,41
60,"u7",22,188,202
60,"u7",27,50,60
60,"u7",32,27,59
60,"u7",37,11,9
60,"u7",42,14,5
60,"u7",47,8,4
60,"u7",52,5,1
60,"u8",7,1,0
60,"u8",12,2,7
60,"u8",17,11,14
60,"u8",22,28,17
60,"u8",27,111,38
60,"u8",32,170,52
60,"u8",37,20,55
60,"u8",42,30,24
60,"u8",47,16,10
60,"u8",52,13,23
60,"u9",7,4,2
60,"u9",12,19,6
60,"u9",17,16,1
60,"u9",22,47,3
60,"u9",27,79,1
60,"u9",32,17,8
60,"u9",37,13,4
60,"u9",42,7,1
60,"u9",47,5,9
60,"u9",52,5,9
61,"u1",7,1,1
61,"u1",12,8,2
61,"u1",17,20,6
61,"u1",22,128,11
61,"u1",27,165,18
61,"u1",32,120,19
61,"u1",37,183,3
61,"u1",42,29,1
61,"u1",47,28,0
61,"u1",52,2,0
61,"u2",7,2,2
61,"u2",12,10,1
61,"u2",17,9,7
61,"u2",22,37,17
61,"u2",27,37,20
61,"u2",32,86,21
61,"u2",37,113,52
61,"u2",42,75,43
61,"u2",47,44,9
61,"u2",52,18,2
61,"u3",7,3,1
61,"u3",12,10,1
61,"u3",17,19,39
61,"u3",22,45,47
61,"u3",27,151,88
61,"u3",32,215,31
61,"u3",37,139,9
61,"u3",42,48,3
61,"u3",47,11,0
61,"u3",52,8,0
61,"u4",7,3,0
61,"u4",12,14,3
61,"u4",17,12,14
61,"u4",22,27,2
61,"u4",27,209,9
61,"u4",32,208,2
61,"u4",37,85,2
61,"u4",42,20,4
61,"u4",47,27,1
61,"u4",52,30,0
61,"u5",7,1,2
61,"u5",12,3,4
61,"u5",17,7,13
61,"u5",22,29,20
61,"u5",27,73,37
61,"u5",32,118,80
61,"u5",37,61,39
61,"u5",42,29,1
61,"u5",47,4,0
61,"u5",52,5,0
61,"u6",7,4,1
61,"u6",12,7,2
61,"u6",17,5,4
61,"u6",22,8,6
61,"u6",27,43,6
61,"u6",32,80,6
61,"u6",37,136,13
61,"u6",42,78,28
61,"u6",47,118,3
61,"u6",52,23,0
61,"u7",7,7,4
61,"u7",12,26,14
61,"u7",17,61,62
61,"u7",22,255,53
61,"u7",27,83,41
61,"u7",32,8,28
61,"u7",37,9,29
61,"u7",42,6,6
61,"u7",47,3,5
61,"u7",52,1,4
61,"u8",7,3,2
61,"u8",12,6,1
61,"u8",17,8,11
61,"u8",22,22,16
61,"u8",27,10,22
61,"u8",32,15,12
61,"u8",37,14,30
61,"u8",42,19,17
61,"u8",47,46,14
61,"u8",52,40,28
61,"u9",7,5,0
61,"u9",12,3,0
61,"u9",17,14,12
61,"u9",22,96,16
61,"u9",27,91,2
61,"u9",32,30,35
61,"u9",37,63,12
61,"u9",42,31,8
61,"u9",47,49,3
61,"u9",52,51,5
62,"u1",7,4,0
62,"u1",12,7,3
62,"u1",17,12,6
62,"u1",22,42,39
62,"u1",27,45,9
62,"u1",32,66,23
62,"u1",37,228,18
62,"u1",42,245,12
62,"u1",47,79,4
62,"u1",52,114,1
62,"u2",7,1,1
62,"u2",12,10,3
62,"u2",17,37,30
62,"u2",22,21,105
62,"u2",27,100,258
62,"u2",32,85,95
62,"u2",37,28,5
62,"u2",42,19,6
62,"u2",47,24,12
62,"u2",52,19,5
62,"u3",7,2,1
62,"u3",12,12,3
62,"u3",17,26,2
62,"u3",22,59,33
62,"u3",27,110,9
62,"u3",32,50,10
62,"u3",37,46,18
62,"u3",42,25,3
62,"u3",47,12,1
62,"u3",52,7,0
62,"u4",7,1,2
62,"u4",12,9,2
62,"u4",17,10,13
62,"u4",22,38,24
62,"u4",27,37,18
62,"u4",32,49,10
62,"u4",37,17,14
62,"u4",42,67,17
62,"u4",47,65,3
62,"u4",52,24,8
62,"u5",7,3,2
62,"u5",12,18,5
62,"u5",17,40,8
62,"u5",22,37,32
62,"u5",27,96,115
62,"u5",32,54,21
62,"u5",37,59,86
62,"u5",42,48,28
62,"u5",47,156,6
62,"u5",52,45,18
62,"u6",7,0,1
62,"u6",12,11,1
62,"u6",17,19,0
62,"u6",22,58,15
62,"u6",27,129,17
62,"u6",32,139,3
62,"u6",37,77,9
62,"u6",42,56,1
62,"u6",47,38,1
62,"u6",52,11,2
62,"u7",7,5,2
62,"u7",12,21,2
62,"u7",17,28,55
62,"u7",22,172,75
62,"u7",27,93,54
62,"u7",32,78,6
62,"u7",37,41,22
62,"u7",42,26,18
62,"u7",47,34,3
62,"u7",52,42,8
62,"u8",7,4,1
62,"u8",12,2,1
62,"u8",17,1,4
62,"u8",22,13,7
62,"u8",27,33,3
62,"u8",32,19,4
62,"u8",37,30,14
62,"u8",42,19,10
62,"u8",47,65,22
62,"u8",52,74,18
62,"u9",7,8,3
62,"u9",12,42,1
62,"u9",17,147,9
62,"u9",22,132,11
62,"u9",27,201,10
62,"u9",32,25,8
62,"u9",37,21,2
62,"u9",42,7,0
62,"u9",47,5,2
62,"u9",52,6,0
63,"u1",7,0,3
63,"u1",12,5,6
63,"u1",17,54,46
63,"u1",22,44,63
63,"u1",27,158,96
63,"u1",32,194,41
63,"u1",37,117,3
63,"u1",42,21,0
63,"u1",47,10,4
63,"u1",52,2,0
63,"u2",7,1,4
63,"u2",12,7,25
63,"u2",17,31,37
63,"u2",22,49,116
63,"u2",27,238,205
63,"u2",32,108,82
63,"u2",37,23,11
63,"u2",42,14,3
63,"u2",47,6,3
63,"u2",52,3,0
63,"u3",7,6,2
63,"u3",12,33,9
63,"u3",17,118,89
63,"u3",22,122,82
63,"u3",27,65,104
63,"u3",32,102,31
63,"u3",37,13,8
63,"u3",42,4,13
63,"u3",47,13,3
63,"u3",52,6,0
63,"u4",7,2,1
63,"u4",12,4,16
63,"u4",17,61,53
63,"u4",22,188,76
63,"u4",27,146,19
63,"u4",32,90,27
63,"u4",37,44,16
63,"u4",42,28,28
63,"u4",47,11,5
63,"u4",52,3,1
63,"u5",7,5,1
63,"u5",12,12,13
63,"u5",17,31,7
63,"u5",22,39,13
63,"u5",27,78,25
63,"u5",32,224,29
63,"u5",37,124,3
63,"u5",42,32,1
63,"u5",47,48,2
63,"u5",52,13,1
63,"u6",7,2,0
63,"u6",12,36,8
63,"u6",17,74,36
63,"u6",22,158,24
63,"u6",27,186,26
63,"u6",32,149,10
63,"u6",37,47,1
63,"u6",42,45,0
63,"u6",47,16,0
63,"u6",52,10,0
63,"u7",7,2,3
63,"u7",12,3,1
63,"u7",17,13,11
63,"u7",22,82,19
63,"u7",27,241,49
63,"u7",32,177,4
63,"u7",37,47,3
63,"u7",42,39,1
63,"u7",47,13,1
63,"u7",52,11,0
63,"u8",7,4,1
63,"u8",12,7,11
63,"u8",17,33,3
63,"u8",22,28,33
63,"u8",27,112,24
63,"u8",32,87,25
63,"u8",37,64,57
63,"u8",42,47,11
63,"u8",47,26,5
63,"u8",52,32,1
63,"u9",7,1,0
63,"u9",12,13,0
63,"u9",17,19,6
63,"u9",22,52,92
63,"u9",27,107,102
63,"u9",32,229,23
63,"u9",37,56,18
63,"u9",42,11,1
63,"u9",47,21,1
63,"u9",52,10,0
64,"u1",7,1,1
64,"u1",12,4,1
64,"u1",17,5,44
64,"u1",22,12,44
64,"u1",27,22,22
64,"u1",32,53,24
64,"u1",37,30,59
64,"u1",42,85,40
64,"u1",47,71,199
64,"u1",52,40,11
64,"u2",7,11,2
64,"u2",12,10,7
64,"u2",17,18,20
64,"u2",22,56,79
64,"u2",27,96,30
64,"u2",32,92,36
64,"u2",37,110,14
64,"u2",42,43,4
64,"u2",47,39,5
64,"u2",52,106,14
64,"u3",7,5,0
64,"u3",12,5,3
64,"u3",17,8,10
64,"u3",22,79,14
64,"u3",27,63,3
64,"u3",32,97,6
64,"u3",37,51,3
64,"u3",42,65,0
64,"u3",47,50,0
64,"u3",52,61,0
64,"u4",7,2,0
64,"u4",12,3,4
64,"u4",17,38,6
64,"u4",22,34,45
64,"u4",27,21,16
64,"u4",32,59,51
64,"u4",37,15,23
64,"u4",42,20,18
64,"u4",47,20,19
64,"u4",52,46,3
64,"u5",7,3,0
64,"u5",12,15,3
64,"u5",17,140,34
64,"u5",22,221,87
64,"u5",27,121,37
64,"u5",32,114,9
64,"u5",37,100,7
64,"u5",42,30,1
64,"u5",47,35,1
64,"u5",52,42,1
64,"u6",7,1,1
64,"u6",12,0,1
64,"u6",17,4,0
64,"u6",22,10,3
64,"u6",27,12,9
64,"u6",32,19,18
64,"u6",37,39,89
64,"u6",42,138,135
64,"u6",47,117,15
64,"u6",52,27,45
64,"u7",7,3,0
64,"u7",12,6,1
64,"u7",17,22,0
64,"u7",22,26,36
64,"u7",27,115,47
64,"u7",32,189,26
64,"u7",37,37,19
64,"u7",42,16,9
64,"u7",47,19,2
64,"u7",52,26,1
64,"u8",7,2,1
64,"u8",12,11,2
64,"u8",17,23,4
64,"u8",22,52,13
64,"u8",27,52,12
64,"u8",32,87,10
64,"u8",37,97,16
64,"u8",42,55,0
64,"u8",47,8,2
64,"u8",52,35,2
64,"u9",7,3,1
64,"u9",12,28,3
64,"u9",17,121,21
64,"u9",22,227,16
64,"u9",27,150,8
64,"u9",32,115,5
64,"u9",37,86,2
64,"u9",42,43,4
64,"u9",47,15,0
64,"u9",52,14,1
65,"u1",7,8,1
65,"u1",12,22,1
65,"u1",17,27,14
65,"u1",22,60,5
65,"u1",27,174,11
65,"u1",32,64,8
65,"u1",37,31,2
65,"u1",42,5,17
65,"u1",47,6,9
65,"u1",52,1,12
65,"u2",7,4,0
65,"u2",12,9,2
65,"u2",17,28,6
65,"u2",22,98,13
65,"u2",27,110,9
65,"u2",32,53,34
65,"u2",37,82,9
65,"u2",42,42,3
65,"u2",47,51,1
65,"u2",52,99,0
65,"u3",7,5,1
65,"u3",12,9,4
65,"u3",17,30,7
65,"u3",22,158,9
65,"u3",27,209,44
65,"u3",32,44,7
65,"u3",37,36,2
65,"u3",42,2,1
65,"u3",47,0,0
65,"u3",52,0,1
65,"u4",7,0,2
65,"u4",12,7,6
65,"u4",17,22,11
65,"u4",22,152,41
65,"u4",27,304,108
65,"u4",32,116,16
65,"u4",37,53,2
65,"u4",42,26,1
65,"u4",47,10,0
65,"u4",52,1,0
65,"u5",7,11,5
65,"u5",12,42,6
65,"u5",17,103,5
65,"u5",22,207,16
65,"u5",27,44,1
65,"u5",32,35,2
65,"u5",37,27,6
65,"u5",42,30,4
65,"u5",47,20,4
65,"u5",52,16,0
65,"u6",7,3,0
65,"u6",12,4,6
65,"u6",17,17,11
65,"u6",22,104,52
65,"u6",27,132,52
65,"u6",32,150,49
65,"u6",37,82,17
65,"u6",42,27,16
65,"u6",47,18,16
65,"u6",52,27,0
65,"u7",7,2,0
65,"u7",12,1,1
65,"u7",17,8,5
65,"u7",22,11,13
65,"u7",27,78,3
65,"u7",32,52,61
65,"u7",37,37,46
65,"u7",42,40,3
65,"u7",47,23,8
65,"u7",52,3,15
65,"u8",7,1,3
65,"u8",12,14,6
65,"u8",17,46,36
65,"u8",22,119,80
65,"u8",27,97,77
65,"u8",32,104,37
65,"u8",37,95,17
65,"u8",42,33,2
65,"u8",47,14,5
65,"u8",52,13,4
65,"u9",7,2,1
65,"u9",12,7,3
65,"u9",17,201,8
65,"u9",22,163,47
65,"u9",27,77,35
65,"u9",32,71,15
65,"u9",37,33,13
65,"u9",42,26,1
65,"u9",47,12,1
65,"u9",52,9,1
66,"u1",7,6,1
66,"u1",12,10,1
66,"u1",17,85,2
66,"u1",22,82,21
66,"u1",27,84,10
66,"u1",32,100,9
66,"u1",37,96,0
66,"u1",42,56,3
66,"u1",47,26,0
66,"u1",52,18,2
66,"u2",7,8,3
66,"u2",12,21,2
66,"u2",17,63,12
66,"u2",22,68,13
66,"u2",27,144,17
66,"u2",32,88,28
66,"u2",37,36,9
66,"u2",42,29,4
66,"u2",47,33,2
66,"u2",52,90,1
66,"u3",7,1,3
66,"u3",12,5,7
66,"u3",17,24,35
66,"u3",22,43,28
66,"u3",27,104,24
66,"u3",32,37,11
66,"u3",37,44,6
66,"u3",42,18,4
66,"u3",47,10,4
66,"u3",52,27,10
66,"u4",7,1,2
66,"u4",12,13,0
66,"u4",17,60,13
66,"u4",22,62,38
66,"u4",27,66,26
66,"u4",32,100,16
66,"u4",37,63,18
66,"u4",42,113,6
66,"u4",47,91,1
66,"u4",52,88,0
66,"u5",7,1,1
66,"u5",12,7,4
66,"u5",17,8,9
66,"u5",22,35,13
66,"u5",27,57,29
66,"u5",32,39,280
66,"u5",37,50,179
66,"u5",42,63,45
66,"u5",47,17,11
66,"u5",52,9,0
66,"u6",7,2,2
66,"u6",12,12,3
66,"u6",17,100,11
66,"u6",22,118,41
66,"u6",27,276,19
66,"u6",32,63,5
66,"u6",37,16,3
66,"u6",42,13,4
66,"u6",47,18,1
66,"u6",52,6,1
66,"u7",7,3,2
66,"u7",12,0,2
66,"u7",17,12,3
66,"u7",22,19,12
66,"u7",27,29,60
66,"u7",32,82,87
66,"u7",37,96,28
66,"u7",42,48,28
66,"u7",47,31,17
66,"u7",52,22,6
66,"u8",7,4,1
66,"u8",12,21,5
66,"u8",17,43,3
66,"u8",22,118,6
66,"u8",27,69,8
66,"u8",32,97,15
66,"u8",37,72,11
66,"u8",42,36,2
66,"u8",47,49,4
66,"u8",52,21,1
66,"u9",7,6,1
66,"u9",12,17,2
66,"u9",17,129,48
66,"u9",22,115,10
66,"u9",27,44,4
66,"u9",32,15,7
66,"u9",37,4,2
66,"u9",42,8,8
66,"u9",47,14,5
66,"u9",52,14,7
67,"u1",7,2,0
67,"u1",12,10,2
67,"u1",17,31,2
67,"u1",22,109,23
67,"u1",27,103,10
67,"u1",32,97,9
67,"u1",37,83,9
67,"u1",42,24,1
67,"u1",47,7,1
67,"u1",52,6,0
67,"u2",7,2,1
67,"u2",12,11,6
67,"u2",17,53,15
67,"u2",22,89,13
67,"u2",27,55,4
67,"u2",32,27,13
67,"u2",37,16,8
67,"u2",42,15,3
67,"u2",47,9,8
67,"u2",52,0,4
67,"u3",7,2,0
67,"u3",12,5,1
67,"u3",17,14,1
67,"u3",22,49,32
67,"u3",27,51,11
67,"u3",32,98,32
67,"u3",37,17,5
67,"u3",42,19,11
67,"u3",47,23,13
67,"u3",52,60,41
67,"u4",7,2,0
67,"u4",12,11,8
67,"u4",17,29,29
67,"u4",22,99,6
67,"u4",27,40,30
67,"u4",32,75,13
67,"u4",37,66,76
67,"u4",42,66,11
67,"u4",47,24,3
67,"u4",52,32,0
67,"u5",7,4,0
67,"u5",12,17,4
67,"u5",17,66,46
67,"u5",22,135,80
67,"u5",27,180,191
67,"u5",32,88,12
67,"u5",37,24,19
67,"u5",42,24,10
67,"u5",47,9,1
67,"u5",52,7,0
67,"u6",7,0,0
67,"u6",12,7,3
67,"u6",17,13,2
67,"u6",22,82,2
67,"u6",27,47,7
67,"u6",32,34,11
67,"u6",37,29,17
67,"u6",42,7,14
67,"u6",47,7,2
67,"u6",52,1,4
67,"u7",7,12,0
67,"u7",12,44,8
67,"u7",17,72,11
67,"u7",22,75,12
67,"u7",27,132,26
67,"u7",32,52,11
67,"u7",37,27,1
67,"u7",42,2,0
67,"u7",47,6,2
67,"u7",52,6,1
67,"u8",7,2,3
67,"u8",12,17,13
67,"u8",17,50,16
67,"u8",22,73,11
67,"u8",27,149,26
67,"u8",32,105,13
67,"u8",37,28,1
67,"u8",42,49,0
67,"u8",47,23,2
67,"u8",52,20,0
67,"u9",7,2,3
67,"u9",12,16,5
67,"u9",17,20,10
67,"u9",22,57,49
67,"u9",27,141,49
67,"u9",32,46,30
67,"u9",37,80,6
67,"u9",42,72,1
67,"u9",47,56,0
67,"u9",52,134,1
68,"u1",7,3,1
68,"u1",12,9,1
68,"u1",17,16,7
68,"u1",22,88,6
68,"u1",27,73,7
68,"u1",32,51,5
68,"u1",37,71,6
68,"u1",42,52,6
68,"u1",47,34,0
68,"u1",52,15,0
68,"u2",7,3,0
68,"u2",12,6,6
68,"u2",17,36,17
68,"u2",22,112,9
68,"u2",27,175,85
68,"u2",32,215,8
68,"u2",37,112,0
68,"u2",42,147,0
68,"u2",47,32,0
68,"u2",52,23,0
68,"u3",7,7,3
68,"u3",12,6,5
68,"u3",17,9,17
68,"u3",22,76,152
68,"u3",27,62,240
68,"u3",32,96,158
68,"u3",37,141,15
68,"u3",42,69,3
68,"u3",47,33,8
68,"u3",52,39,3
68,"u4",7,4,1
68,"u4",12,12,6
68,"u4",17,39,4
68,"u4",22,129,43
68,"u4",27,242,64
68,"u4",32,162,12
68,"u4",37,69,7
68,"u4",42,18,0
68,"u4",47,16,0
68,"u4",52,22,0
68,"u5",7,0,3
68,"u5",12,18,5
68,"u5",17,162,94
68,"u5",22,199,55
68,"u5",27,74,6
68,"u5",32,9,3
68,"u5",37,10,4
68,"u5",42,14,2
68,"u5",47,12,3
68,"u5",52,10,0
68,"u6",7,5,3
68,"u6",12,32,9
68,"u6",17,242,54
68,"u6",22,215,22
68,"u6",27,288,13
68,"u6",32,146,5
68,"u6",37,63,0
68,"u6",42,77,0
68,"u6",47,27,1
68,"u6",52,12,0
68,"u7",7,5,1
68,"u7",12,14,1
68,"u7",17,17,13
68,"u7",22,27,12
68,"u7",27,58,28
68,"u7",32,47,13
68,"u7",37,61,69
68,"u7",42,69,53
68,"u7",47,83,17
68,"u7",52,65,27
68,"u8",7,2,0
68,"u8",12,7,1
68,"u8",17,26,14
68,"u8",22,62,28
68,"u8",27,114,25
68,"u8",32,178,8
68,"u8",37,114,7
68,"u8",42,30,6
68,"u8",47,14,7
68,"u8",52,9,1
68,"u9",7,1,1
68,"u9",12,2,1
68,"u9",17,47,33
68,"u9",22,262,247
68,"u9",27,173,115
68,"u9",32,32,46
68,"u9",37,3,5
68,"u9",42,5,2
68,"u9",47,0,2
68,"u9",52,1,0
69,"u1",7,8,1
69,"u1",12,22,6
69,"u1",17,56,13
69,"u1",22,134,12
69,"u1",27,177,13
69,"u1",32,84,12
69,"u1",37,61,9
69,"u1",42,5,0
69,"u1",47,8,0
69,"u1",52,6,0
69,"u2",7,2,1
69,"u2",12,4,1
69,"u2",17,6,3
69,"u2",22,10,1
69,"u2",27,30,8
69,"u2",32,28,13
69,"u2",37,124,14
69,"u2",42,130,8
69,"u2",47,114,14
69,"u2",52,37,1
69,"u3",7,6,1
69,"u3",12,19,4
69,"u3",17,22,5
69,"u3",22,75,21
69,"u3",27,143,58
69,"u3",32,156,5
69,"u3",37,137,28
69,"u3",42,42,2
69,"u3",47,14,5
69,"u3",52,9,4
69,"u4",7,2,5
69,"u4",12,14,3
69,"u4",17,14,11
69,"u4",22,69,33
69,"u4",27,94,42
69,"u4",32,121,20
69,"u4",37,172,22
69,"u4",42,122,7
69,"u4",47,91,0
69,"u4",52,30,1
69,"u5",7,4,1
69,"u5",12,5,2
69,"u5",17,8,5
69,"u5",22,31,7
69,"u5",27,66,56
69,"u5",32,76,79
69,"u5",37,110,3
69,"u5",42,62,8
69,"u5",47,30,3
69,"u5",52,12,2
69,"u6",7,3,2
69,"u6",12,17,4
69,"u6",17,32,9
69,"u6",22,123,19
69,"u6",27,87,30
69,"u6",32,72,14
69,"u6",37,17,3
69,"u6",42,44,10
69,"u6",47,20,3
69,"u6",52,14,8
69,"u7",7,0,1
69,"u7",12,3,9
69,"u7",17,12,4
69,"u7",22,28,3
69,"u7",27,37,2
69,"u7",32,43,4
69,"u7",37,47,24
69,"u7",42,69,5
69,"u7",47,92,8
69,"u7",52,91,2
69,"u8",7,4,1
69,"u8",12,5,9
69,"u8",17,25,7
69,"u8",22,140,3
69,"u8",27,98,17
69,"u8",32,54,6
69,"u8",37,117,10
69,"u8",42,95,4
69,"u8",47,33,1
69,"u8",52,4,0
69,"u9",7,0,2
69,"u9",12,3,1
69,"u9",17,8,8
69,"u9",22,23,15
69,"u9",27,36,12
69,"u9",32,24,1
69,"u9",37,43,11
69,"u9",42,43,3
69,"u9",47,39,7
69,"u9",52,78,2
70,"u1",7,1,1
70,"u1",12,2,3
70,"u1",17,29,33
70,"u1",22,105,169
70,"u1",27,103,75
70,"u1",32,43,23
70,"u1",37,12,25
70,"u1",42,13,11
70,"u1",47,13,0
70,"u1",52,6,5
70,"u2",7,4,0
70,"u2",12,5,4
70,"u2",17,42,11
70,"u2",22,34,20
70,"u2",27,329,61
70,"u2",32,111,102
70,"u2",37,72,6
70,"u2",42,34,14
70,"u2",47,27,2
70,"u2",52,8,3
70,"u3",7,3,0
70,"u3",12,10,1
70,"u3",17,23,7
70,"u3",22,93,19
70,"u3",27,84,41
70,"u3",32,41,28
70,"u3",37,65,8
70,"u3",42,22,3
70,"u3",47,21,10
70,"u3",52,7,2
70,"u4",7,6,1
70,"u4",12,14,9
70,"u4",17,49,24
70,"u4",22,140,80
70,"u4",27,259,115
70,"u4",32,55,32
70,"u4",37,35,7
70,"u4",42,43,5
70,"u4",47,41,4
70,"u4",52,25,1
70,"u5",7,0,0
70,"u5",12,4,3
70,"u5",17,8,4
70,"u5",22,16,20
70,"u5",27,48,11
70,"u5",32,66,94
70,"u5",37,68,65
70,"u5",42,33,9
70,"u5",47,83,17
70,"u5",52,46,27
70,"u6",7,0,1
70,"u6",12,3,4
70,"u6",17,42,3
70,"u6",22,149,9
70,"u6",27,61,29
70,"u6",32,162,25
70,"u6",37,55,6
70,"u6",42,18,2
70,"u6",47,13,3
70,"u6",52,3,1
70,"u7",7,2,0
70,"u7",12,5,1
70,"u7",17,16,6
70,"u7",22,85,3
70,"u7",27,106,25
70,"u7",32,86,8
70,"u7",37,14,15
70,"u7",42,8,2
70,"u7",47,35,3
70,"u7",52,49,3
70,"u8",7,3,2
70,"u8",12,9,1
70,"u8",17,15,66
70,"u8",22,121,67
70,"u8",27,100,11
70,"u8",32,264,32
70,"u8",37,108,1
70,"u8",42,42,2
70,"u8",47,39,0
70,"u8",52,13,0
70,"u9",7,4,0
70,"u9",12,13,5
70,"u9",17,42,1
70,"u9",22,41,11
70,"u9",27,35,7
70,"u9",32,44,33
70,"u9",37,46,19
70,"u9",42,36,8
70,"u9",47,23,17
70,"u9",52,104,6
71,"u1",7,6,3
71,"u1",12,13,9
71,"u1",17,118,30
71,"u1",22,352,16
71,"u1",27,60,38
71,"u1",32,38,0
71,"u1",37,17,12
71,"u1",42,24,3
71,"u1",47,19,1
71,"u1",52,20,0
71,"u2",7,2,2
71,"u2",12,16,1
71,"u2",17,16,5
71,"u2",22,76,20
71,"u2",27,53,43
71,"u2",32,94,34
71,"u2",37,76,5
71,"u2",42,23,2
71,"u2",47,12,1
71,"u2",52,11,0
71,"u3",7,4,0
71,"u3",12,8,0
71,"u3",17,65,18
71,"u3",22,174,241
71,"u3",27,71,62
71,"u3",32,39,77
71,"u3",37,13,6
71,"u3",42,4,18
71,"u3",47,7,23
71,"u3",52,7,13
71,"u4",7,5,0
71,"u4",12,9,1
71,"u4",17,33,17
71,"u4",22,63,73
71,"u4",27,153,75
71,"u4",32,108,17
71,"u4",37,48,13
71,"u4",42,52,1
71,"u4",47,18,1
71,"u4",52,4,2
71,"u5",7,3,2
71,"u5",12,8,3
71,"u5",17,24,5
71,"u5",22,31,26
71,"u5",27,185,26
71,"u5",32,80,74
71,"u5",37,73,39
71,"u5",42,13,4
71,"u5",47,17,8
71,"u5",52,9,1
71,"u6",7,2,2
71,"u6",12,5,2
71,"u6",17,23,8
71,"u6",22,39,16
71,"u6",27,164,21
71,"u6",32,101,31
71,"u6",37,82,10
71,"u6",42,28,2
71,"u6",47,31,4
71,"u6",52,99,0
71,"u7",7,1,2
71,"u7",12,29,6
71,"u7",17,54,39
71,"u7",22,136,11
71,"u7",27,150,36
71,"u7",32,16,22
71,"u7",37,29,39
71,"u7",42,16,8
71,"u7",47,8,8
71,"u7",52,5,4
71,"u8",7,4,0
71,"u8",12,12,1
71,"u8",17,43,3
71,"u8",22,187,45
71,"u8",27,138,75
71,"u8",32,72,49
71,"u8",37,77,18
71,"u8",42,59,15
71,"u8",47,68,16
71,"u8",52,21,10
71,"u9",7,4,2
71,"u9",12,22,3
71,"u9",17,66,29
71,"u9",22,171,60
71,"u9",27,294,204
71,"u9",32,90,17
71,"u9",37,54,2
71,"u9",42,16,1
71,"u9",47,23,0
71,"u9",52,25,1
72,"u1",7,2,1
72,"u1",12,9,0
72,"u1",17,76,8
72,"u1",22,93,68
72,"u1",27,84,31
72,"u1",32,48,7
72,"u1",37,17,7
72,"u1",42,30,38
72,"u1",47,31,14
72,"u1",52,34,7
72,"u2",7,1,0
72,"u2",12,10,2
72,"u2",17,34,60
72,"u2",22,89,69
72,"u2",27,211,132
72,"u2",32,577,11
72,"u2",37,177,3
72,"u2",42,69,1
72,"u2",47,67,0
72,"u2",52,34,0
72,"u3",7,8,2
72,"u3",12,27,5
72,"u3",17,112,30
72,"u3",22,42,13
72,"u3",27,34,26
72,"u3",32,45,15
72,"u3",37,51,10
72,"u3",42,32,11
72,"u3",47,41,2
72,"u3",52,16,2
72,"u4",7,2,1
72,"u4",12,4,7
72,"u4",17,12,2
72,"u4",22,61,33
72,"u4",27,88,17
72,"u4",32,101,48
72,"u4",37,18,5
72,"u4",42,44,5
72,"u4",47,6,9
72,"u4",52,18,2
72,"u5",7,4,1
72,"u5",12,13,6
72,"u5",17,57,2
72,"u5",22,67,16
72,"u5",27,35,44
72,"u5",32,20,4
72,"u5",37,15,20
72,"u5",42,25,3
72,"u5",47,19,4
72,"u5",52,21,2
72,"u6",7,2,0
72,"u6",12,6,5
72,"u6",17,58,16
72,"u6",22,101,50
72,"u6",27,114,23
72,"u6",32,94,15
72,"u6",37,43,2
72,"u6",42,36,2
72,"u6",47,2,2
72,"u6",52,16,0
72,"u7",7,2,0
72,"u7",12,11,11
72,"u7",17,56,38
72,"u7",22,103,55
72,"u7",27,98,22
72,"u7",32,89,10
72,"u7",37,93,1
72,"u7",42,35,1
72,"u7",47,14,0
72,"u7",52,2,0
72,"u8",7,1,1
72,"u8",12,10,3
72,"u8",17,20,47
72,"u8",22,42,36
72,"u8",27,50,35
72,"u8",32,70,55
72,"u8",37,32,66
72,"u8",42,44,27
72,"u8",47,15,18
72,"u8",52,10,20
72,"u9",7,0,2
72,"u9",12,11,0
72,"u9",17,31,17
72,"u9",22,116,9
72,"u9",27,97,72
72,"u9",32,91,40
72,"u9",37,73,47
72,"u9",42,62,12
72,"u9",47,16,0
72,"u9",52,17,10
73,"u1",7,0,0
73,"u1",12,2,10
73,"u1",17,20,14
73,"u1",22,44,18
73,"u1",27,96,9
73,"u1",32,33,39
73,"u1",37,44,7
73,"u1",42,69,11
73,"u1",47,104,5
73,"u1",52,38,9
73,"u2",7,3,3
73,"u2",12,20,3
73,"u2",17,12,7
73,"u2",22,102,73
73,"u2",27,106,40
73,"u2",32,209,30
73,"u2",37,74,15
73,"u2",42,32,10
73,"u2",47,20,1
73,"u2",52,4,0
73,"u3",7,2,1
73,"u3",12,13,10
73,"u3",17,78,13
73,"u3",22,93,16
73,"u3",27,100,56
73,"u3",32,25,23
73,"u3",37,11,20
73,"u3",42,64,11
73,"u3",47,25,16
73,"u3",52,24,8
73,"u4",7,2,2
73,"u4",12,12,6
73,"u4",17,12,4
73,"u4",22,95,5
73,"u4",27,254,3
73,"u4",32,59,17
73,"u4",37,90,2
73,"u4",42,24,8
73,"u4",47,15,1
73,"u4",52,8,1
73,"u5",7,2,0
73,"u5",12,9,6
73,"u5",17,26,9
73,"u5",22,62,44
73,"u5",27,87,18
73,"u5",32,151,52
73,"u5",37,42,4
73,"u5",42,25,4
73,"u5",47,16,7
73,"u5",52,25,14
73,"u6",7,2,0
73,"u6",12,6,0
73,"u6",17,21,23
73,"u6",22,144,53
73,"u6",27,164,77
73,"u6",32,69,100
73,"u6",37,46,31
73,"u6",42,12,12
73,"u6",47,3,2
73,"u6",52,1,7
73,"u7",7,7,4
73,"u7",12,33,15
73,"u7",17,32,14
73,"u7",22,67,68
73,"u7",27,138,29
73,"u7",32,48,11
73,"u7",37,73,4
73,"u7",42,15,5
73,"u7",47,20,4
73,"u7",52,6,1
73,"u8",7,2,4
73,"u8",12,11,3
73,"u8",17,35,28
73,"u8",22,77,42
73,"u8",27,61,38
73,"u8",32,46,8
73,"u8",37,53,9
73,"u8",42,72,6
73,"u8",47,77,7
73,"u8",52,22,8
73,"u9",7,3,0
73,"u9",12,8,6
73,"u9",17,40,3
73,"u9",22,64,5
73,"u9",27,90,5
73,"u9",32,102,2
73,"u9",37,36,0
73,"u9",42,58,2
73,"u9",47,57,1
73,"u9",52,28,1
74,"u1",7,5,1
74,"u1",12,13,1
74,"u1",17,32,14
74,"u1",22,30,13
74,"u1",27,41,21
74,"u1",32,44,11
74,"u1",37,114,10
74,"u1",42,64,4
74,"u1",47,27,2
74,"u1",52,15,1
74,"u2",7,2,0
74,"u2",12,3,0
74,"u2",17,31,1
74,"u2",22,64,71
74,"u2",27,133,73
74,"u2",32,97,48
74,"u2",37,97,23
74,"u2",42,113,3
74,"u2",47,48,3
74,"u2",52,17,1
74,"u3",7,4,1
74,"u3",12,7,4
74,"u3",17,58,11
74,"u3",22,128,16
74,"u3",27,171,13
74,"u3",32,30,16
74,"u3",37,11,3
74,"u3",42,12,0
74,"u3",47,9,5
74,"u3",52,22,2
74,"u4",7,2,0
74,"u4",12,14,2
74,"u4",17,27,9
74,"u4",22,81,34
74,"u4",27,80,24
74,"u4",32,57,20
74,"u4",37,35,4
74,"u4",42,120,17
74,"u4",47,51,7
74,"u4",52,34,1
74,"u5",7,3,1
74,"u5",12,6,2
74,"u5",17,54,2
74,"u5",22,42,18
74,"u5",27,49,35
74,"u5",32,52,52
74,"u5",37,33,0
74,"u5",42,44,3
74,"u5",47,27,31
74,"u5",52,16,8
74,"u6",7,2,1
74,"u6",12,12,1
74,"u6",17,13,20
74,"u6",22,102,33
74,"u6",27,204,52
74,"u6",32,198,17
74,"u6",37,49,2
74,"u6",42,18,2
74,"u6",47,6,3
74,"u6",52,35,4
74,"u7",7,4,2
74,"u7",12,10,23
74,"u7",17,10,5
74,"u7",22,29,62
74,"u7",27,139,37
74,"u7",32,35,48
74,"u7",37,78,38
74,"u7",42,108,35
74,"u7",47,33,17
74,"u7",52,24,6
74,"u8",7,7,0
74,"u8",12,22,4
74,"u8",17,160,1
74,"u8",22,109,15
74,"u8",27,90,5
74,"u8",32,111,1
74,"u8",37,23,0
74,"u8",42,30,1
74,"u8",47,9,2
74,"u8",52,19,0
74,"u9",7,5,0
74,"u9",12,12,0
74,"u9",17,27,0
74,"u9",22,13,7
74,"u9",27,149,26
74,"u9",32,68,33
74,"u9",37,134,14
74,"u9",42,65,43
74,"u9",47,6,3
74,"u9",52,6,8
75,"u1",7,2,0
75,"u1",12,8,8
75,"u1",17,40,18
75,"u1",22,88,35
75,"u1",27,43,41
75,"u1",32,56,65
75,"u1",37,29,21
75,"u1",42,45,24
75,"u1",47,34,29
75,"u1",52,39,4
75,"u2",7,4,2
75,"u2",12,4,6
75,"u2",17,2,2
75,"u2",22,0,10
75,"u2",27,37,19
75,"u2",32,44,16
75,"u2",37,91,16
75,"u2",42,117,47
75,"u2",47,65,9
75,"u2",52,52,10
75,"u3",7,3,6
75,"u3",12,31,1
75,"u3",17,165,21
75,"u3",22,179,35
75,"u3",27,70,12
75,"u3",32,43,9
75,"u3",37,51,0
75,"u3",42,20,1
75,"u3",47,11,1
75,"u3",52,7,1
75,"u4",7,1,2
75,"u4",12,2,3
75,"u4",17,3,10
75,"u4",22,16,34
75,"u4",27,24,38
75,"u4",32,31,63
75,"u4",37,67,10
75,"u4",42,94,61
75,"u4",47,43,38
75,"u4",52,42,4
75,"u5",7,4,0
75,"u5",12,23,3
75,"u5",17,191,49
75,"u5",22,158,8
75,"u5",27,113,4
75,"u5",32,31,3
75,"u5",37,6,3
75,"u5",42,2,0
75,"u5",47,1,2
75,"u5",52,1,0
75,"u6",7,3,1
75,"u6",12,5,5
75,"u6",17,23,24
75,"u6",22,36,39
75,"u6",27,59,34
75,"u6",32,103,31
75,"u6",37,85,16
75,"u6",42,528,17
75,"u6",47,111,1
75,"u6",52,49,0
75,"u7",7,2,1
75,"u7",12,4,4
75,"u7",17,19,30
75,"u7",22,55,24
75,"u7",27,101,34
75,"u7",32,60,29
75,"u7",37,50,65
75,"u7",42,98,24
75,"u7",47,35,5
75,"u7",52,53,1
75,"u8",7,3,0
75,"u8",12,7,2
75,"u8",17,5,0
75,"u8",22,3,5
75,"u8",27,0,5
75,"u8",32,6,2
75,"u8",37,31,0
75,"u8",42,40,0
75,"u8",47,53,8
75,"u8",52,21,11
75,"u9",7,4,0
75,"u9",12,11,5
75,"u9",17,24,15
75,"u9",22,43,24
75,"u9",27,63,40
75,"u9",32,54,90
75,"u9",37,220,22
75,"u9",42,76,10
75,"u9",47,30,3
75,"u9",52,13,7
76,"u1",7,4,0
76,"u1",12,21,5
76,"u1",17,27,11
76,"u1",22,121,28
76,"u1",27,175,9
76,"u1",32,101,14
76,"u1",37,27,7
76,"u1",42,9,0
76,"u1",47,10,1
76,"u1",52,7,2
76,"u2",7,2,1
76,"u2",12,10,9
76,"u2",17,36,4
76,"u2",22,47,96
76,"u2",27,63,62
76,"u2",32,20,24
76,"u2",37,29,79
76,"u2",42,51,2
76,"u2",47,28,2
76,"u2",52,10,8
76,"u3",7,1,0
76,"u3",12,7,1
76,"u3",17,19,5
76,"u3",22,30,13
76,"u3",27,101,31
76,"u3",32,144,3
76,"u3",37,128,3
76,"u3",42,64,0
76,"u3",47,86,0
76,"u3",52,42,0
76,"u4",7,4,0
76,"u4",12,2,5
76,"u4",17,52,1
76,"u4",22,189,36
76,"u4",27,158,21
76,"u4",32,68,4
76,"u4",37,40,4
76,"u4",42,13,1
76,"u4",47,50,0
76,"u4",52,29,0
76,"u5",7,3,4
76,"u5",12,18,8
76,"u5",17,56,35
76,"u5",22,148,154
76,"u5",27,114,70
76,"u5",32,54,11
76,"u5",37,18,9
76,"u5",42,17,10
76,"u5",47,5,2
76,"u5",52,4,2
76,"u6",7,1,2
76,"u6",12,13,0
76,"u6",17,25,28
76,"u6",22,99,95
76,"u6",27,46,81
76,"u6",32,66,45
76,"u6",37,33,104
76,"u6",42,65,16
76,"u6",47,45,38
76,"u6",52,36,5
76,"u7",7,5,2
76,"u7",12,7,4
76,"u7",17,37,0
76,"u7",22,67,13
76,"u7",27,31,3
76,"u7",32,28,0
76,"u7",37,26,4
76,"u7",42,22,2
76,"u7",47,31,0
76,"u7",52,10,2
76,"u8",7,2,2
76,"u8",12,13,7
76,"u8",17,24,3
76,"u8",22,182,49
76,"u8",27,357,53
76,"u8",32,99,20
76,"u8",37,29,11
76,"u8",42,2,1
76,"u8",47,3,3
76,"u8",52,3,0
76,"u9",7,6,0
76,"u9",12,29,21
76,"u9",17,142,48
76,"u9",22,323,10
76,"u9",27,165,0
76,"u9",32,48,5
76,"u9",37,12,0
76,"u9",42,7,0
76,"u9",47,5,0
76,"u9",52,1,0
77,"u1",7,1,1
77,"u1",12,8,4
77,"u1",17,15,52
77,"u1",22,262,47
77,"u1",27,99,20
77,"u1",32,33,19
77,"u1",37,77,5
77,"u1",42,59,3
77,"u1",47,48,2
77,"u1",52,41,0
77,"u2",7,3,1
77,"u2",12,2,6
77,"u2",17,8,6
77,"u2",22,25,22
77,"u2",27,33,20
77,"u2",32,53,40
77,"u2",37,116,50
77,"u2",42,75,138
77,"u2",47,67,10
77,"u2",52,33,5
77,"u3",7,4,3
77,"u3",12,31,5
77,"u3",17,124,59
77,"u3",22,179,21
77,"u3",27,82,22
77,"u3",32,56,2
77,"u3",37,28,2
77,"u3",42,6,1
77,"u3",47,16,0
77,"u3",52,28,0
77,"u4",7,3,3
77,"u4",12,2,1
77,"u4",17,43,8
77,"u4",22,34,5
77,"u4",27,74,3
77,"u4",32,108,6
77,"u4",37,53,4
77,"u4",42,20,1
77,"u4",47,12,3
77,"u4",52,2,4
77,"u5",7,5,2
77,"u5",12,28,1
77,"u5",17,60,20
77,"u5",22,177,4
77,"u5",27,64,11
77,"u5",32,24,2
77,"u5",37,13,3
77,"u5",42,10,2
77,"u5",47,21,1
77,"u5",52,26,2
77,"u6",7,7,0
77,"u6",12,5,2
77,"u6",17,14,0
77,"u6",22,9,8
77,"u6",27,13,193
77,"u6",32,41,103
77,"u6",37,41,19
77,"u6",42,34,71
77,"u6",47,16,17
77,"u6",52,28,13
77,"u7",7,4,0
77,"u7",12,12,7
77,"u7",17,19,13
77,"u7",22,150,15
77,"u7",27,170,40
77,"u7",32,124,30
77,"u7",37,20,7
77,"u7",42,6,15
77,"u7",47,8,0
77,"u7",52,10,1
77,"u8",7,4,1
77,"u8",12,19,0
77,"u8",17,20,2
77,"u8",22,25,6
77,"u8",27,106,6
77,"u8",32,74,3
77,"u8",37,86,5
77,"u8",42,61,1
77,"u8",47,25,0
77,"u8",52,16,1
77,"u9",7,3,2
77,"u9",12,12,3
77,"u9",17,40,3
77,"u9",22,65,19
77,"u9",27,62,54
77,"u9",32,131,55
77,"u9",37,48,41
77,"u9",42,73,24
77,"u9",47,79,18
77,"u9",52,64,4
78,"u1",7,4,0
78,"u1",12,15,0
78,"u1",17,37,22
78,"u1",22,195,61
78,"u1",27,103,22
78,"u1",32,124,15
78,"u1",37,122,1
78,"u1",42,36,1
78,"u1",47,18,1
78,"u1",52,13,2
78,"u2",7,6,1
78,"u2",12,18,2
78,"u2",17,144,20
78,"u2",22,271,82
78,"u2",27,175,17
78,"u2",32,47,47
78,"u2",37,24,11
78,"u2",42,22,1
78,"u2",47,11,0
78,"u2",52,5,1
78,"u3",7,9,2
78,"u3",12,20,4
78,"u3",17,39,35
78,"u3",22,20,14
78,"u3",27,88,12
78,"u3",32,50,27
78,"u3",37,70,29
78,"u3",42,23,3
78,"u3",47,22,3
78,"u3",52,13,5
78,"u4",7,2,2
78,"u4",12,11,11
78,"u4",17,27,7
78,"u4",22,23,42
78,"u4",27,52,46
78,"u4",32,41,62
78,"u4",37,54,40
78,"u4",42,16,29
78,"u4",47,6,6
78,"u4",52,6,7
78,"u5",7,5,0
78,"u5",12,33,5
78,"u5",17,201,7
78,"u5",22,220,32
78,"u5",27,58,13
78,"u5",32,27,3
78,"u5",37,17,1
78,"u5",42,4,0
78,"u5",47,3,0
78,"u5",52,0,0
78,"u6",7,4,2
78,"u6",12,17,1
78,"u6",17,43,51
78,"u6",22,76,173
78,"u6",27,37,31
78,"u6",32,26,45
78,"u6",37,19,5
78,"u6",42,7,10
78,"u6",47,6,12
78,"u6",52,22,9
78,"u7",7,4,0
78,"u7",12,4,2
78,"u7",17,34,12
78,"u7",22,27,47
78,"u7",27,36,9
78,"u7",32,26,41
78,"u7",37,24,14
78,"u7",42,8,3
78,"u7",47,11,17
78,"u7",52,33,20
78,"u8",7,4,1
78,"u8",12,8,3
78,"u8",17,45,23
78,"u8",22,115,6
78,"u8",27,71,7
78,"u8",32,56,5
78,"u8",37,61,3
78,"u8",42,135,18
78,"u8",47,5,2
78,"u8",52,8,10
78,"u9",7,0,0
78,"u9",12,3,2
78,"u9",17,2,3
78,"u9",22,3,1
78,"u9",27,4,5
78,"u9",32,14,8
78,"u9",37,34,26
78,"u9",42,20,7
78,"u9",47,84,11
78,"u9",52,67,23
79,"u1",7,3,3
79,"u1",12,4,13
79,"u1",17,31,3
79,"u1",22,71,27
79,"u1",27,383,119
79,"u1",32,210,24
79,"u1",37,48,2
79,"u1",42,47,3
79,"u1",47,14,1
79,"u1",52,7,0
79,"u2",7,4,0
79,"u2",12,11,2
79,"u2",17,106,16
79,"u2",22,141,44
79,"u2",27,101,28
79,"u2",32,169,12
79,"u2",37,38,6
79,"u2",42,19,3
79,"u2",47,28,2
79,"u2",52,9,0
79,"u3",7,1,1
79,"u3",12,26,4
79,"u3",17,97,1
79,"u3",22,50,5
79,"u3",27,157,7
79,"u3",32,141,1
79,"u3",37,22,5
79,"u3",42,9,1
79,"u3",47,12,2
79,"u3",52,4,0
79,"u4",7,0,1
79,"u4",12,10,5
79,"u4",17,32,11
79,"u4",22,20,15
79,"u4",27,143,6
79,"u4",32,79,23
79,"u4",37,39,6
79,"u4",42,37,7
79,"u4",47,53,1
79,"u4",52,36,1
79,"u5",7,5,1
79,"u5",12,20,8
79,"u5",17,63,17
79,"u5",22,219,8
79,"u5",27,121,18
79,"u5",32,86,9
79,"u5",37,24,5
79,"u5",42,23,1
79,"u5",47,8,0
79,"u5",52,8,0
79,"u6",7,3,0
79,"u6",12,7,0
79,"u6",17,60,15
79,"u6",22,159,43
79,"u6",27,214,54
79,"u6",32,37,4
79,"u6",37,52,11
79,"u6",42,21,4
79,"u6",47,4,2
79,"u6",52,1,1
79,"u7",7,0,1
79,"u7",12,15,7
79,"u7",17,21,11
79,"u7",22,30,11
79,"u7",27,64,27
79,"u7",32,103,23
79,"u7",37,44,13
79,"u7",42,14,2
79,"u7",47,31,1
79,"u7",52,9,4
79,"u8",7,4,6
79,"u8",12,3,1
79,"u8",17,28,7
79,"u8",22,133,38
79,"u8",27,204,53
79,"u8",32,21,34
79,"u8",37,76,9
79,"u8",42,34,8
79,"u8",47,21,5
79,"u8",52,9,3
79,"u9",7,2,0
79,"u9",12,15,2
79,"u9",17,54,1
79,"u9",22,259,3
79,"u9",27,352,8
79,"u9",32,147,4
79,"u9",37,66,0
79,"u9",42,44,0
79,"u9",47,10,0
79,"u9",52,4,1
80,"u1",7,1,0
80,"u1",12,8,0
80,"u1",17,15,22
80,"u1",22,36,29
80,"u1",27,57,81
80,"u1",32,38,31
80,"u1",37,28,53
80,"u1",42,27,12
80,"u1",47,28,29
80,"u1",52,4,16
80,"u2",7,7,2
80,"u2",12,9,2
80,"u2",17,28,6
80,"u2",22,30,4
80,"u2",27,29,6
80,"u2",32,42,7
80,"u2",37,114,5
80,"u2",42,104,4
80,"u2",47,84,2
80,"u2",52,45,0
80,"u3",7,3,0
80,"u3",12,3,1
80,"u3",17,58,9
80,"u3",22,90,41
80,"u3",27,148,12
80,"u3",32,72,6
80,"u3",37,32,2
80,"u3",42,10,1
80,"u3",47,7,1
80,"u3",52,12,6
80,"u4",7,2,4
80,"u4",12,15,21
80,"u4",17,16,19
80,"u4",22,9,33
80,"u4",27,24,34
80,"u4",32,57,52
80,"u4",37,44,63
80,"u4",42,15,40
80,"u4",47,28,5
80,"u4",52,14,11
80,"u5",7,2,3
80,"u5",12,5,14
80,"u5",17,60,24
80,"u5",22,91,8
80,"u5",27,63,27
80,"u5",32,25,8
80,"u5",37,15,26
80,"u5",42,22,4
80,"u5",47,75,20
80,"u5",52,51,4
80,"u6",7,3,1
80,"u6",12,4,4
80,"u6",17,51,5
80,"u6",22,59,36
80,"u6",27,112,181
80,"u6",32,84,112
80,"u6",37,41,77
80,"u6",42,30,9
80,"u6",47,38,3
80,"u6",52,45,3
80,"u7",7,4,3
80,"u7",12,27,11
80,"u7",17,107,13
80,"u7",22,228,21
80,"u7",27,63,14
80,"u7",32,26,3
80,"u7",37,1,5
80,"u7",42,7,2
80,"u7",47,11,4
80,"u7",52,14,0
80,"u8",7,2,2
80,"u8",12,6,1
80,"u8",17,25,6
80,"u8",22,76,37
80,"u8",27,253,24
80,"u8",32,58,75
80,"u8",37,153,18
80,"u8",42,21,2
80,"u8",47,14,4
80,"u8",52,4,2
80,"u9",7,5,2
80,"u9",12,10,10
80,"u9",17,66,10
80,"u9",22,173,28
80,"u9",27,120,10
80,"u9",32,60,20
80,"u9",37,24,18
80,"u9",42,23,3
80,"u9",47,8,3
80,"u9",52,22,2
81,"u1",7,0,0
81,"u1",12,8,5
81,"u1",17,21,10
81,"u1",22,26,13
81,"u1",27,44,47
81,"u1",32,122,111
81,"u1",37,230,31
81,"u1",42,133,11
81,"u1",47,75,17
81,"u1",52,29,2
81,"u2",7,3,0
81,"u2",12,23,1
81,"u2",17,32,8
81,"u2",22,107,6
81,"u2",27,158,6
81,"u2",32,132,2
81,"u2",37,73,5
81,"u2",42,26,2
81,"u2",47,15,0
81,"u2",52,9,0
81,"u3",7,0,1
81,"u3",12,6,0
81,"u3",17,15,24
81,"u3",22,93,63
81,"u3",27,57,8
81,"u3",32,185,142
81,"u3",37,42,18
81,"u3",42,61,17
81,"u3",47,3,0
81,"u3",52,4,0
81,"u4",7,0,0
81,"u4",12,9,3
81,"u4",17,15,4
81,"u4",22,51,20
81,"u4",27,45,28
81,"u4",32,32,89
81,"u4",37,25,29
81,"u4",42,16,23
81,"u4",47,11,18
81,"u4",52,6,9
81,"u5",7,4,0
81,"u5",12,15,6
81,"u5",17,43,7
81,"u5",22,116,2
81,"u5",27,177,92
81,"u5",32,218,56
81,"u5",37,109,6
81,"u5",42,67,0
81,"u5",47,13,1
81,"u5",52,38,0
81,"u6",7,6,2
81,"u6",12,32,1
81,"u6",17,180,4
81,"u6",22,111,6
81,"u6",27,40,0
81,"u6",32,20,1
81,"u6",37,8,0
81,"u6",42,19,1
81,"u6",47,21,1
81,"u6",52,80,0
81,"u7",7,5,3
81,"u7",12,33,13
81,"u7",17,37,3
81,"u7",22,60,39
81,"u7",27,122,37
81,"u7",32,86,33
81,"u7",37,75,21
81,"u7",42,17,19
81,"u7",47,10,2
81,"u7",52,6,0
81,"u8",7,0,1
81,"u8",12,15,10
81,"u8",17,86,28
81,"u8",22,383,159
81,"u8",27,41,211
81,"u8",32,24,32
81,"u8",37,12,5
81,"u8",42,6,50
81,"u8",47,3,5
81,"u8",52,6,3
81,"u9",7,2,0
81,"u9",12,3,4
81,"u9",17,41,5
81,"u9",22,95,26
81,"u9",27,168,77
81,"u9",32,274,28
81,"u9",37,21,3
81,"u9",42,2,2
81,"u9",47,6,8
81,"u9",52,0,1
82,"u1",7,7,3
82,"u1",12,8,2
82,"u1",17,16,12
82,"u1",22,49,9
82,"u1",27,82,21
82,"u1",32,54,45
82,"u1",37,74,20
82,"u1",42,83,15
82,"u1",47,60,4
82,"u1",52,16,2
82,"u2",7,4,0
82,"u2",12,16,1
82,"u2",17,34,5
82,"u2",22,30,2
82,"u2",27,42,11
82,"u2",32,113,16
82,"u2",37,83,13
82,"u2",42,20,2
82,"u2",47,23,0
82,"u2",52,18,0
82,"u3",7,5,4
82,"u3",12,12,5
82,"u3",17,22,2
82,"u3",22,66,5
82,"u3",27,219,3
82,"u3",32,177,2
82,"u3",37,14,0
82,"u3",42,6,1
82,"u3",47,5,0
82,"u3",52,4,0
82,"u4",7,5,1
82,"u4",12,8,7
82,"u4",17,49,4
82,"u4",22,31,15
82,"u4",27,60,26
82,"u4",32,185,6
82,"u4",37,219,8
82,"u4",42,30,2
82,"u4",47,19,0
82,"u4",52,3,0
82,"u5",7,1,1
82,"u5",12,6,0
82,"u5",17,27,41
82,"u5",22,137,13
82,"u5",27,325,56
82,"u5",32,254,28
82,"u5",37,56,15
82,"u5",42,44,1
82,"u5",47,23,0
82,"u5",52,6,2
82,"u6",7,0,2
82,"u6",12,16,7
82,"u6",17,74,27
82,"u6",22,134,48
82,"u6",27,62,32
82,"u6",32,56,0
82,"u6",37,71,3
82,"u6",42,16,1
82,"u6",47,1,1
82,"u6",52,11,1
82,"u7",7,2,8
82,"u7",12,22,19
82,"u7",17,90,60
82,"u7",22,113,124
82,"u7",27,320,99
82,"u7",32,210,21
82,"u7",37,36,11
82,"u7",42,28,3
82,"u7",47,10,0
82,"u7",52,15,1
82,"u8",7,8,1
82,"u8",12,6,6
82,"u8",17,25,30
82,"u8",22,52,25
82,"u8",27,115,25
82,"u8",32,71,33
82,"u8",37,53,2
82,"u8",42,52,16
82,"u8",47,18,19
82,"u8",52,16,33
82,"u9",7,3,0
82,"u9",12,9,19
82,"u9",17,94,63
82,"u9",22,357,71
82,"u9",27,120,15
82,"u9",32,80,3
82,"u9",37,17,7
82,"u9",42,10,2
82,"u9",47,9,2
82,"u9",52,3,1
83,"u1",7,0,1
83,"u1",12,7,9
83,"u1",17,28,4
83,"u1",22,203,18
83,"u1",27,98,60
83,"u1",32,40,5
83,"u1",37,63,3
83,"u1",42,39,3
83,"u1",47,21,2
83,"u1",52,11,0
83,"u2",7,10,0
83,"u2",12,26,7
83,"u2",17,169,44
83,"u2",22,279,11
83,"u2",27,85,6
83,"u2",32,50,7
83,"u2",37,18,1
83,"u2",42,41,1
83,"u2",47,23,1
83,"u2",52,12,0
83,"u3",7,3,2
83,"u3",12,14,0
83,"u3",17,35,24
83,"u3",22,25,26
83,"u3",27,69,21
83,"u3",32,272,35
83,"u3",37,94,11
83,"u3",42,174,9
83,"u3",47,50,3
83,"u3",52,16,0
83,"u4",7,4,4
83,"u4",12,23,8
83,"u4",17,51,15
83,"u4",22,174,8
83,"u4",27,175,11
83,"u4",32,66,2
83,"u4",37,49,0
83,"u4",42,34,0
83,"u4",47,49,2
83,"u4",52,33,2
83,"u5",7,3,4
83,"u5",12,13,7
83,"u5",17,33,22
83,"u5",22,44,30
83,"u5",27,81,47
83,"u5",32,25,29
83,"u5",37,62,49
83,"u5",42,88,22
83,"u5",47,176,8
83,"u5",52,46,5
83,"u6",7,6,2
83,"u6",12,12,3
83,"u6",17,25,5
83,"u6",22,50,3
83,"u6",27,278,5
83,"u6",32,116,8
83,"u6",37,66,7
83,"u6",42,88,1
83,"u6",47,51,1
83,"u6",52,7,0
83,"u7",7,3,1
83,"u7",12,38,5
83,"u7",17,64,2
83,"u7",22,53,4
83,"u7",27,51,0
83,"u7",32,85,18
83,"u7",37,124,18
83,"u7",42,175,10
83,"u7",47,69,4
83,"u7",52,24,3
83,"u8",7,4,1
83,"u8",12,7,0
83,"u8",17,49,13
83,"u8",22,66,65
83,"u8",27,134,35
83,"u8",32,180,51
83,"u8",37,138,26
83,"u8",42,70,7
83,"u8",47,16,1
83,"u8",52,8,0
83,"u9",7,7,4
83,"u9",12,32,0
83,"u9",17,32,26
83,"u9",22,59,7
83,"u9",27,161,9
83,"u9",32,117,2
83,"u9",37,93,1
83,"u9",42,48,0
83,"u9",47,21,0
83,"u9",52,34,1
84,"u1",7,7,0
84,"u1",12,19,4
84,"u1",17,30,4
84,"u1",22,104,21
84,"u1",27,91,8
84,"u1",32,65,25
84,"u1",37,74,23
84,"u1",42,80,5
84,"u1",47,40,1
84,"u1",52,27,1
84,"u2",7,11,2
84,"u2",12,7,3
84,"u2",17,22,36
84,"u2",22,104,18
84,"u2",27,177,36
84,"u2",32,153,58
84,"u2",37,45,14
84,"u2",42,20,2
84,"u2",47,12,2
84,"u2",52,20,1
84,"u3",7,2,1
84,"u3",12,11,2
84,"u3",17,28,58
84,"u3",22,74,24
84,"u3",27,92,42
84,"u3",32,25,106
84,"u3",37,37,56
84,"u3",42,41,45
84,"u3",47,27,33
84,"u3",52,58,1
84,"u4",7,1,3
84,"u4",12,3,1
84,"u4",17,30,17
84,"u4",22,35,74
84,"u4",27,43,17
84,"u4",32,166,77
84,"u4",37,116,7
84,"u4",42,43,9
84,"u4",47,11,3
84,"u4",52,5,2
84,"u5",7,5,0
84,"u5",12,12,5
84,"u5",17,16,8
84,"u5",22,15,20
84,"u5",27,60,15
84,"u5",32,233,37
84,"u5",37,165,20
84,"u5",42,138,0
84,"u5",47,19,3
84,"u5",52,10,1
84,"u6",7,2,0
84,"u6",12,2,1
84,"u6",17,17,10
84,"u6",22,35,2
84,"u6",27,39,4
84,"u6",32,86,19
84,"u6",37,58,30
84,"u6",42,81,13
84,"u6",47,23,7
84,"u6",52,20,6
84,"u7",7,3,2
84,"u7",12,3,1
84,"u7",17,30,19
84,"u7",22,90,80
84,"u7",27,61,16
84,"u7",32,164,15
84,"u7",37,234,35
84,"u7",42,98,16
84,"u7",47,48,2
84,"u7",52,12,2
84,"u8",7,2,0
84,"u8",12,27,3
84,"u8",17,69,3
84,"u8",22,139,25
84,"u8",27,132,32
84,"u8",32,35,15
84,"u8",37,19,8
84,"u8",42,18,1
84,"u8",47,30,6
84,"u8",52,62,4
84,"u9",7,2,6
84,"u9",12,4,8
84,"u9",17,28,11
84,"u9",22,53,29
84,"u9",27,30,143
84,"u9",32,30,106
84,"u9",37,47,22
84,"u9",42,31,21
84,"u9",47,58,9
84,"u9",52,25,2
85,"u1",7,3,2
85,"u1",12,4,2
85,"u1",17,18,6
85,"u1",22,50,9
85,"u1",27,262,0
85,"u1",32,191,2
85,"u1",37,109,3
85,"u1",42,46,0
85,"u1",47,43,0
85,"u1",52,31,0
85,"u2",7,6,2
85,"u2",12,55,6
85,"u2",17,165,2
85,"u2",22,62,1
85,"u2",27,16,3
85,"u2",32,51,10
85,"u2",37,42,5
85,"u2",42,57,1
85,"u2",47,46,1
85,"u2",52,46,0
85,"u3",7,3,3
85,"u3",12,14,3
85,"u3",17,47,15
85,"u3",22,102,30
85,"u3",27,97,60
85,"u3",32,50,19
85,"u3",37,24,2
85,"u3",42,13,16
85,"u3",47,22,2
85,"u3",52,2,4
85,"u4",7,3,2
85,"u4",12,33,15
85,"u4",17,138,23
85,"u4",22,63,45
85,"u4",27,92,25
85,"u4",32,67,20
85,"u4",37,53,12
85,"u4",42,48,16
85,"u4",47,41,6
85,"u4",52,26,9
85,"u5",7,1,0
85,"u5",12,4,1
85,"u5",17,31,29
85,"u5",22,53,71
85,"u5",27,43,37
85,"u5",32,68,31
85,"u5",37,53,3
85,"u5",42,138,6
85,"u5",47,36,0
85,"u5",52,8,1
85,"u6",7,3,1
85,"u6",12,16,11
85,"u6",17,204,13
85,"u6",22,259,26
85,"u6",27,119,15
85,"u6",32,146,2
85,"u6",37,17,4
85,"u6",42,6,1
85,"u6",47,9,0
85,"u6",52,5,0
85,"u7",7,4,0
85,"u7",12,10,3
85,"u7",17,5,15
85,"u7",22,24,78
85,"u7",27,121,46
85,"u7",32,64,11
85,"u7",37,30,28
85,"u7",42,32,15
85,"u7",47,22,12
85,"u7",52,13,3
85,"u8",7,3,3
85,"u8",12,17,9
85,"u8",17,41,40
85,"u8",22,96,45
85,"u8",27,222,36
85,"u8",32,123,18
85,"u8",37,40,21
85,"u8",42,40,10
85,"u8",47,7,5
85,"u8",52,18,4
85,"u9",7,1,0
85,"u9",12,3,5
85,"u9",17,13,5
85,"u9",22,17,3
85,"u9",27,19,7
85,"u9",32,41,55
85,"u9",37,87,12
85,"u9",42,276,10
85,"u9",47,104,26
85,"u9",52,45,2
86,"u1",7,3,2
86,"u1",12,11,1
86,"u1",17,71,15
86,"u1",22,31,26
86,"u1",27,124,46
86,"u1",32,189,38
86,"u1",37,303,8
86,"u1",42,43,1
86,"u1",47,9,1
86,"u1",52,4,1
86,"u2",7,3,0
86,"u2",12,13,2
86,"u2",17,36,15
86,"u2",22,38,49
86,"u2",27,110,68
86,"u2",32,243,19
86,"u2",37,35,30
86,"u2",42,7,7
86,"u2",47,1,2
86,"u2",52,11,2
86,"u3",7,1,1
86,"u3",12,11,10
86,"u3",17,27,4
86,"u3",22,48,19
86,"u3",27,114,35
86,"u3",32,162,14
86,"u3",37,54,44
86,"u3",42,42,29
86,"u3",47,38,8
86,"u3",52,23,15
86,"u4",7,6,4
86,"u4",12,22,6
86,"u4",17,90,2
86,"u4",22,92,13
86,"u4",27,106,5
86,"u4",32,60,6
86,"u4",37,38,2
86,"u4",42,25,0
86,"u4",47,18,0
86,"u4",52,27,0
86,"u5",7,1,2
86,"u5",12,5,12
86,"u5",17,39,3
86,"u5",22,107,45
86,"u5",27,132,56
86,"u5",32,96,41
86,"u5",37,77,7
86,"u5",42,33,6
86,"u5",47,9,6
86,"u5",52,7,2
86,"u6",7,3,1
86,"u6",12,12,1
86,"u6",17,12,5
86,"u6",22,45,2
86,"u6",27,167,12
86,"u6",32,218,4
86,"u6",37,82,0
86,"u6",42,33,1
86,"u6",47,26,0
86,"u6",52,36,0
86,"u7",7,3,6
86,"u7",12,26,11
86,"u7",17,77,37
86,"u7",22,143,101
86,"u7",27,74,103
86,"u7",32,45,26
86,"u7",37,34,12
86,"u7",42,9,11
86,"u7",47,11,3
86,"u7",52,3,9
86,"u8",7,9,0
86,"u8",12,13,2
86,"u8",17,22,7
86,"u8",22,93,19
86,"u8",27,121,19
86,"u8",32,61,20
86,"u8",37,52,19
86,"u8",42,44,2
86,"u8",47,9,0
86,"u8",52,8,2
86,"u9",7,0,0
86,"u9",12,3,3
86,"u9",17,6,3
86,"u9",22,53,4
86,"u9",27,47,21
86,"u9",32,69,6
86,"u9",37,58,5
86,"u9",42,27,1
86,"u9",47,18,2
86,"u9",52,20,4
87,"u1",7,2,2
87,"u1",12,19,5
87,"u1",17,23,31
87,"u1",22,65,40
87,"u1",27,154,20
87,"u1",32,115,36
87,"u1",37,19,12
87,"u1",42,11,1
87,"u1",47,21,8
87,"u1",52,4,2
87,"u2",7,12,5
87,"u2",12,14,0
87,"u2",17,24,2
87,"u2",22,80,7
87,"u2",27,60,6
87,"u2",32,63,2
87,"u2",37,24,4
87,"u2",42,11,0
87,"u2",47,5,0
87,"u2",52,5,0
87,"u3",7,1,3
87,"u3",12,2,6
87,"u3",17,5,6
87,"u3",22,23,6
87,"u3",27,42,10
87,"u3",32,228,20
87,"u3",37,142,5
87,"u3",42,32,7
87,"u3",47,16,3
87,"u3",52,25,4
87,"u4",7,2,0
87,"u4",12,20,1
87,"u4",17,122,10
87,"u4",22,27,32
87,"u4",27,127,60
87,"u4",32,211,9
87,"u4",37,95,5
87,"u4",42,13,5
87,"u4",47,28,1
87,"u4",52,30,0
87,"u5",7,5,0
87,"u5",12,7,3
87,"u5",17,15,1
87,"u5",22,28,2
87,"u5",27,21,21
87,"u5",32,34,4
87,"u5",37,34,52
87,"u5",42,94,19
87,"u5",47,48,30
87,"u5",52,11,5
87,"u6",7,5,0
87,"u6",12,6,5
87,"u6",17,21,2
87,"u6",22,14,20
87,"u6",27,143,16
87,"u6",32,100,13
87,"u6",37,82,28
87,"u6",42,51,4
87,"u6",47,52,8
87,"u6",52,72,1
87,"u7",7,2,7
87,"u7",12,12,5
87,"u7",17,46,8
87,"u7",22,135,107
87,"u7",27,181,143
87,"u7",32,106,17
87,"u7",37,67,2
87,"u7",42,28,1
87,"u7",47,47,1
87,"u7",52,19,1
87,"u8",7,8,1
87,"u8",12,14,18
87,"u8",17,33,11
87,"u8",22,226,15
87,"u8",27,88,11
87,"u8",32,25,10
87,"u8",37,12,6
87,"u8",42,62,10
87,"u8",47,32,5
87,"u8",52,7,4
87,"u9",7,6,0
87,"u9",12,14,7
87,"u9",17,27,26
87,"u9",22,121,51
87,"u9",27,240,43
87,"u9",32,305,59
87,"u9",37,55,3
87,"u9",42,28,6
87,"u9",47,14,1
87,"u9",52,23,4
88,"u1",7,0,0
88,"u1",12,4,8
88,"u1",17,5,14
88,"u1",22,21,15
88,"u1",27,21,120
88,"u1",32,92,29
88,"u1",37,22,52
88,"u1",42,28,31
88,"u1",47,15,20
88,"u1",52,21,14
88,"u2",7,0,2
88,"u2",12,9,3
88,"u2",17,6,0
88,"u2",22,34,5
88,"u2",27,36,9
88,"u2",32,22,19
88,"u2",37,66,3
88,"u2",42,141,22
88,"u2",47,85,26
88,"u2",52,41,0
88,"u3",7,1,3
88,"u3",12,8,6
88,"u3",17,8,1
88,"u3",22,24,7
88,"u3",27,79,9
88,"u3",32,53,40
88,"u3",37,18,47
88,"u3",42,44,87
88,"u3",47,57,43
88,"u3",52,17,3
88,"u4",7,0,0
88,"u4",12,2,4
88,"u4",17,12,6
88,"u4",22,26,11
88,"u4",27,89,5
88,"u4",32,59,6
88,"u4",37,112,14
88,"u4",42,98,5
88,"u4",47,43,1
88,"u4",52,44,0
88,"u5",7,3,0
88,"u5",12,15,0
88,"u5",17,31,12
88,"u5",22,25,16
88,"u5",27,201,54
88,"u5",32,546,7
88,"u5",37,70,4
88,"u5",42,94,0
88,"u5",47,71,1
88,"u5",52,53,0
88,"u6",7,5,2
88,"u6",12,1,7
88,"u6",17,32,19
88,"u6",22,51,38
88,"u6",27,72,32
88,"u6",32,74,8
88,"u6",37,39,22
88,"u6",42,49,10
88,"u6",47,24,14
88,"u6",52,13,3
88,"u7",7,1,1
88,"u7",12,4,4
88,"u7",17,38,5
88,"u7",22,82,12
88,"u7",27,95,19
88,"u7",32,41,8
88,"u7",37,23,11
88,"u7",42,49,1
88,"u7",47,54,3
88,"u7",52,18,0
88,"u8",7,3,0
88,"u8",12,17,1
88,"u8",17,50,17
88,"u8",22,255,21
88,"u8",27,207,16
88,"u8",32,25,6
88,"u8",37,19,3
88,"u8",42,9,2
88,"u8",47,5,3
88,"u8",52,5,2
88,"u9",7,1,1
88,"u9",12,39,4
88,"u9",17,141,4
88,"u9",22,110,6
88,"u9",27,116,16
88,"u9",32,78,23
88,"u9",37,29,4
88,"u9",42,8,0
88,"u9",47,7,9
88,"u9",52,28,4
89,"u1",7,3,1
89,"u1",12,17,3
89,"u1",17,89,17
89,"u1",22,97,14
89,"u1",27,271,9
89,"u1",32,64,15
89,"u1",37,13,2
89,"u1",42,27,0
89,"u1",47,14,1
89,"u1",52,27,2
89,"u2",7,1,7
89,"u2",12,11,3
89,"u2",17,29,4
89,"u2",22,171,23
89,"u2",27,152,62
89,"u2",32,102,16
89,"u2",37,43,2
89,"u2",42,39,0
89,"u2",47,33,0
89,"u2",52,2,1
89,"u3",7,4,2
89,"u3",12,23,1
89,"u3",17,55,42
89,"u3",22,82,17
89,"u3",27,124,20
89,"u3",32,117,32
89,"u3",37,140,10
89,"u3",42,103,5
89,"u3",47,56,7
89,"u3",52,13,0
89,"u4",7,3,3
89,"u4",12,5,2
89,"u4",17,28,9
89,"u4",22,107,6
89,"u4",27,69,7
89,"u4",32,48,4
89,"u4",37,69,3
89,"u4",42,18,0
89,"u4",47,14,0
89,"u4",52,5,1
89,"u5",7,1,1
89,"u5",12,3,0
89,"u5",17,53,31
89,"u5",22,176,57
89,"u5",27,122,21
89,"u5",32,26,1
89,"u5",37,13,35
89,"u5",42,4,0
89,"u5",47,6,3
89,"u5",52,7,0
89,"u6",7,4,1
89,"u6",12,15,1
89,"u6",17,135,26
89,"u6",22,282,9
89,"u6",27,93,7
89,"u6",32,52,2
89,"u6",37,24,2
89,"u6",42,13,0
89,"u6",47,6,0
89,"u6",52,4,0
89,"u7",7,5,0
89,"u7",12,7,1
89,"u7",17,27,15
89,"u7",22,8,23
89,"u7",27,35,10
89,"u7",32,31,40
89,"u7",37,31,12
89,"u7",42,37,35
89,"u7",47,24,74
89,"u7",52,67,34
89,"u8",7,9,0
89,"u8",12,10,3
89,"u8",17,54,17
89,"u8",22,60,9
89,"u8",27,77,17
89,"u8",32,176,8
89,"u8",37,104,5
89,"u8",42,28,12
89,"u8",47,15,2
89,"u8",52,9,2
89,"u9",7,3,1
89,"u9",12,10,7
89,"u9",17,4,6
89,"u9",22,13,12
89,"u9",27,15,1
89,"u9",32,42,27
89,"u9",37,54,4
89,"u9",42,41,10
89,"u9",47,14,7
89,"u9",52,36,5
90,"u1",7,1,0
90,"u1",12,15,0
90,"u1",17,136,3
90,"u1",22,115,2
90,"u1",27,60,5
90,"u1",32,11,2
90,"u1",37,19,3
90,"u1",42,37,6
90,"u1",47,21,2
90,"u1",52,18,3
90,"u2",7,1,0
90,"u2",12,2,1
90,"u2",17,13,9
90,"u2",22,100,9
90,"u2",27,223,18
90,"u2",32,178,3
90,"u2",37,88,3
90,"u2",42,41,1
90,"u2",47,23,0
90,"u2",52,30,0
90,"u3",7,2,2
90,"u3",12,1,0
90,"u3",17,3,6
90,"u3",22,53,29
90,"u3",27,186,9
90,"u3",32,125,3
90,"u3",37,91,8
90,"u3",42,38,6
90,"u3",47,14,7
90,"u3",52,8,5
90,"u4",7,2,2
90,"u4",12,7,9
90,"u4",17,48,8
90,"u4",22,104,26
90,"u4",27,106,46
90,"u4",32,95,6
90,"u4",37,33,24
90,"u4",42,86,11
90,"u4",47,51,1
90,"u4",52,41,4
90,"u5",7,3,1
90,"u5",12,7,3
90,"u5",17,10,6
90,"u5",22,87,5
90,"u5",27,67,33
90,"u5",32,84,55
90,"u5",37,127,18
90,"u5",42,27,10
90,"u5",47,39,7
90,"u5",52,13,3
90,"u6",7,5,0
90,"u6",12,62,4
90,"u6",17,199,9
90,"u6",22,181,5
90,"u6",27,65,2
90,"u6",32,51,1
90,"u6",37,66,0
90,"u6",42,29,1
90,"u6",47,21,1
90,"u6",52,19,0
90,"u7",7,5,2
90,"u7",12,12,9
90,"u7",17,36,5
90,"u7",22,75,19
90,"u7",27,134,41
90,"u7",32,80,11
90,"u7",37,59,3
90,"u7",42,34,3
90,"u7",47,23,0
90,"u7",52,102,0
90,"u8",7,2,1
90,"u8",12,6,1
90,"u8",17,4,7
90,"u8",22,19,7
90,"u8",27,101,2
90,"u8",32,187,31
90,"u8",37,132,27
90,"u8",42,61,7
90,"u8",47,45,5
90,"u8",52,6,0
90,"u9",7,2,1
90,"u9",12,15,3
90,"u9",17,27,28
90,"u9",22,86,143
90,"u9",27,59,99
90,"u9",32,44,82
90,"u9",37,16,26
90,"u9",42,15,116
90,"u9",47,6,43
90,"u9",52,12,6
91,"u1",7,1,3
91,"u1",12,9,0
91,"u1",17,27,23
91,"u1",22,76,54
91,"u1",27,152,42
91,"u1",32,240,25
91,"u1",37,135,11
91,"u1",42,57,1
91,"u1",47,30,2
91,"u1",52,9,0
91,"u2",7,4,3
91,"u2",12,17,7
91,"u2",17,39,32
91,"u2",22,137,16
91,"u2",27,31,24
91,"u2",32,8,7
91,"u2",37,20,10
91,"u2",42,34,0
91,"u2",47,36,10
91,"u2",52,24,4
91,"u3",7,3,1
91,"u3",12,12,0
91,"u3",17,35,5
91,"u3",22,60,34
91,"u3",27,134,77
91,"u3",32,235,33
91,"u3",37,23,74
91,"u3",42,10,36
91,"u3",47,3,7
91,"u3",52,3,1
91,"u4",7,5,1
91,"u4",12,27,5
91,"u4",17,90,23
91,"u4",22,45,25
91,"u4",27,106,15
91,"u4",32,51,7
91,"u4",37,28,3
91,"u4",42,32,0
91,"u4",47,25,12
91,"u4",52,3,1
91,"u5",7,1,0
91,"u5",12,6,0
91,"u5",17,17,10
91,"u5",22,96,17
91,"u5",27,89,61
91,"u5",32,45,10
91,"u5",37,71,9
91,"u5",42,28,2
91,"u5",47,7,1
91,"u5",52,8,1
91,"u6",7,1,0
91,"u6",12,5,1
91,"u6",17,19,8
91,"u6",22,47,15
91,"u6",27,75,5
91,"u6",32,103,18
91,"u6",37,164,22
91,"u6",42,40,10
91,"u6",47,23,0
91,"u6",52,6,0
91,"u7",7,5,4
91,"u7",12,22,0
91,"u7",17,53,2
91,"u7",22,113,18
91,"u7",27,195,49
91,"u7",32,137,8
91,"u7",37,147,8
91,"u7",42,83,8
91,"u7",47,111,1
91,"u7",52,16,0
91,"u8",7,0,1
91,"u8",12,3,4
91,"u8",17,27,5
91,"u8",22,61,14
91,"u8",27,80,23
91,"u8",32,110,63
91,"u8",37,69,44
91,"u8",42,16,2
91,"u8",47,1,4
91,"u8",52,6,6
91,"u9",7,0,1
91,"u9",12,7,0
91,"u9",17,27,36
91,"u9",22,232,29
91,"u9",27,222,38
91,"u9",32,137,51
91,"u9",37,25,0
91,"u9",42,9,1
91,"u9",47,1,0
91,"u9",52,7,5
92,"u1",7,5,1
92,"u1",12,26,5
92,"u1",17,46,13
92,"u1",22,85,38
92,"u1",27,48,38
92,"u1",32,37,32
92,"u1",37,30,36
92,"u1",42,15,12
92,"u1",47,21,6
92,"u1",52,18,4
92,"u2",7,0,0
92,"u2",12,1,4
92,"u2",17,0,2
92,"u2",22,8,5
92,"u2",27,9,9
92,"u2",32,7,1
92,"u2",37,5,14
92,"u2",42,8,23
92,"u2",47,11,15
92,"u2",52,18,4
92,"u3",7,2,0
92,"u3",12,7,0
92,"u3",17,14,9
92,"u3",22,63,50
92,"u3",27,101,15
92,"u3",32,164,12
92,"u3",37,92,10
92,"u3",42,121,5
92,"u3",47,28,3
92,"u3",52,23,0
92,"u4",7,0,0
92,"u4",12,3,0
92,"u4",17,10,3
92,"u4",22,11,35
92,"u4",27,53,83
92,"u4",32,85,104
92,"u4",37,100,42
92,"u4",42,23,8
92,"u4",47,30,10
92,"u4",52,27,2
92,"u5",7,5,0
92,"u5",12,34,12
92,"u5",17,172,34
92,"u5",22,216,25
92,"u5",27,120,6
92,"u5",32,13,21
92,"u5",37,15,2
92,"u5",42,15,1
92,"u5",47,5,1
92,"u5",52,4,5
92,"u6",7,4,0
92,"u6",12,5,2
92,"u6",17,8,6
92,"u6",22,28,3
92,"u6",27,85,32
92,"u6",32,78,25
92,"u6",37,48,32
92,"u6",42,28,10
92,"u6",47,16,6
92,"u6",52,19,3
92,"u7",7,3,0
92,"u7",12,16,4
92,"u7",17,98,19
92,"u7",22,211,23
92,"u7",27,66,3
92,"u7",32,83,28
92,"u7",37,37,5
92,"u7",42,31,1
92,"u7",47,22,0
92,"u7",52,14,0
92,"u8",7,1,0
92,"u8",12,8,3
92,"u8",17,30,35
92,"u8",22,64,55
92,"u8",27,347,78
92,"u8",32,103,27
92,"u8",37,16,0
92,"u8",42,6,3
92,"u8",47,5,0
92,"u8",52,0,0
92,"u9",7,5,1
92,"u9",12,7,11
92,"u9",17,130,8
92,"u9",22,110,19
92,"u9",27,55,15
92,"u9",32,85,3
92,"u9",37,23,2
92,"u9",42,34,1
92,"u9",47,4,1
92,"u9",52,13,0
93,"u1",7,2,1
93,"u1",12,1,0
93,"u1",17,9,5
93,"u1",22,42,10
93,"u1",27,53,21
93,"u1",32,27,63
93,"u1",37,280,12
93,"u1",42,102,13
93,"u1",47,30,10
93,"u1",52,17,0
93,"u2",7,8,4
93,"u2",12,12,1
93,"u2",17,87,18
93,"u2",22,144,42
93,"u2",27,367,27
93,"u2",32,18,18
93,"u2",37,45,3
93,"u2",42,17,0
93,"u2",47,5,0
93,"u2",52,5,0
93,"u3",7,0,0
93,"u3",12,6,2
93,"u3",17,8,6
93,"u3",22,4,4
93,"u3",27,12,14
93,"u3",32,2,2
93,"u3",37,6,2
93,"u3",42,15,5
93,"u3",47,5,5
93,"u3",52,9,4
93,"u4",7,5,1
93,"u4",12,17,4
93,"u4",17,89,15
93,"u4",22,184,2
93,"u4",27,208,11
93,"u4",32,95,10
93,"u4",37,47,0
93,"u4",42,11,5
93,"u4",47,2,1
93,"u4",52,3,0
93,"u5",7,6,4
93,"u5",12,24,2
93,"u5",17,25,13
93,"u5",22,54,22
93,"u5",27,273,34
93,"u5",32,150,18
93,"u5",37,83,9
93,"u5",42,13,7
93,"u5",47,12,1
93,"u5",52,12,5
93,"u6",7,10,0
93,"u6",12,5,12
93,"u6",17,57,10
93,"u6",22,46,20
93,"u6",27,78,6
93,"u6",32,44,2
93,"u6",37,14,2
93,"u6",42,13,3
93,"u6",47,5,3
93,"u6",52,5,3
93,"u7",7,2,1
93,"u7",12,3,3
93,"u7",17,9,10
93,"u7",22,11,55
93,"u7",27,26,28
93,"u7",32,11,23
93,"u7",37,7,18
93,"u7",42,26,8
93,"u7",47,37,5
93,"u7",52,30,28
93,"u8",7,0,2
93,"u8",12,6,1
93,"u8",17,55,7
93,"u8",22,189,28
93,"u8",27,60,125
93,"u8",32,158,17
93,"u8",37,53,4
93,"u8",42,100,4
93,"u8",47,18,0
93,"u8",52,17,1
93,"u9",7,1,2
93,"u9",12,5,9
93,"u9",17,32,17
93,"u9",22,114,5
93,"u9",27,129,9
93,"u9",32,105,21
93,"u9",37,75,1
93,"u9",42,50,1
93,"u9",47,25,1
93,"u9",52,24,4
94,"u1",7,3,0
94,"u1",12,8,3
94,"u1",17,20,2
94,"u1",22,57,15
94,"u1",27,365,12
94,"u1",32,178,8
94,"u1",37,86,0
94,"u1",42,42,0
94,"u1",47,140,1
94,"u1",52,57,0
94,"u2",7,5,1
94,"u2",12,40,2
94,"u2",17,51,5
94,"u2",22,63,11
94,"u2",27,117,1
94,"u2",32,36,5
94,"u2",37,13,0
94,"u2",42,6,0
94,"u2",47,9,2
94,"u2",52,9,0
94,"u3",7,0,3
94,"u3",12,9,10
94,"u3",17,23,9
94,"u3",22,44,29
94,"u3",27,50,30
94,"u3",32,56,48
94,"u3",37,21,59
94,"u3",42,8,10
94,"u3",47,32,20
94,"u3",52,33,39
94,"u4",7,5,1
94,"u4",12,27,17
94,"u4",17,156,32
94,"u4",22,93,22
94,"u4",27,68,53
94,"u4",32,16,24
94,"u4",37,64,23
94,"u4",42,64,4
94,"u4",47,17,2
94,"u4",52,6,2
94,"u5",7,3,4
94,"u5",12,8,2
94,"u5",17,14,11
94,"u5",22,42,35
94,"u5",27,39,80
94,"u5",32,71,97
94,"u5",37,183,89
94,"u5",42,135,35
94,"u5",47,50,8
94,"u5",52,15,1
94,"u6",7,2,2
94,"u6",12,4,4
94,"u6",17,15,24
94,"u6",22,80,13
94,"u6",27,56,18
94,"u6",32,27,11
94,"u6",37,8,32
94,"u6",42,6,26
94,"u6",47,19,3
94,"u6",52,14,5
94,"u7",7,1,4
94,"u7",12,2,3
94,"u7",17,63,6
94,"u7",22,52,10
94,"u7",27,92,7
94,"u7",32,186,3
94,"u7",37,147,1
94,"u7",42,148,1
94,"u7",47,27,3
94,"u7",52,13,0
94,"u8",7,6,0
94,"u8",12,15,14
94,"u8",17,177,32
94,"u8",22,256,20
94,"u8",27,63,1
94,"u8",32,17,3
94,"u8",37,8,1
94,"u8",42,6,0
94,"u8",47,7,0
94,"u8",52,7,1
94,"u9",7,0,2
94,"u9",12,4,5
94,"u9",17,20,8
94,"u9",22,34,5
94,"u9",27,41,9
94,"u9",32,25,9
94,"u9",37,21,22
94,"u9",42,84,19
94,"u9",47,146,7
94,"u9",52,216,1
95,"u1",7,5,0
95,"u1",12,6,1
95,"u1",17,18,15
95,"u1",22,49,28
95,"u1",27,64,6
95,"u1",32,26,12
95,"u1",37,76,43
95,"u1",42,46,22
95,"u1",47,17,3
95,"u1",52,5,11
95,"u2",7,0,1
95,"u2",12,15,12
95,"u2",17,31,12
95,"u2",22,19,19
95,"u2",27,26,5
95,"u2",32,23,5
95,"u2",37,16,7
95,"u2",42,14,43
95,"u2",47,52,3
95,"u2",52,34,1
95,"u3",7,1,2
95,"u3",12,11,0
95,"u3",17,22,6
95,"u3",22,37,16
95,"u3",27,63,52
95,"u3",32,31,38
95,"u3",37,35,15
95,"u3",42,16,8
95,"u3",47,10,20
95,"u3",52,5,2
95,"u4",7,4,1
95,"u4",12,3,6
95,"u4",17,12,10
95,"u4",22,18,16
95,"u4",27,98,56
95,"u4",32,54,16
95,"u4",37,58,17
95,"u4",42,69,0
95,"u4",47,70,3
95,"u4",52,30,4
95,"u5",7,0,1
95,"u5",12,0,3
95,"u5",17,13,10
95,"u5",22,9,12
95,"u5",27,31,15
95,"u5",32,111,5
95,"u5",37,50,25
95,"u5",42,121,10
95,"u5",47,62,19
95,"u5",52,37,3
95,"u6",7,10,0
95,"u6",12,21,13
95,"u6",17,89,35
95,"u6",22,83,2
95,"u6",27,128,41
95,"u6",32,101,12
95,"u6",37,93,4
95,"u6",42,112,1
95,"u6",47,25,1
95,"u6",52,16,1
95,"u7",7,8,0
95,"u7",12,12,5
95,"u7",17,52,12
95,"u7",22,90,54
95,"u7",27,94,17
95,"u7",32,120,4
95,"u7",37,66,11
95,"u7",42,34,2
95,"u7",47,22,2
95,"u7",52,19,0
95,"u8",7,3,1
95,"u8",12,10,6
95,"u8",17,33,29
95,"u8",22,99,47
95,"u8",27,144,112
95,"u8",32,56,34
95,"u8",37,58,11
95,"u8",42,69,23
95,"u8",47,19,2
95,"u8",52,26,6
95,"u9",7,2,0
95,"u9",12,4,0
95,"u9",17,9,16
95,"u9",22,22,18
95,"u9",27,47,39
95,"u9",32,65,117
95,"u9",37,11,31
95,"u9",42,16,15
95,"u9",47,10,10
95,"u9",52,14,9
96,"u1",7,1,0
96,"u1",12,14,9
96,"u1",17,11,1
96,"u1",22,102,25
96,"u1",27,158,43
96,"u1",32,128,14
96,"u1",37,70,15
96,"u1",42,49,0
96,"u1",47,29,0
96,"u1",52,18,0
96,"u2",7,3,2
96,"u2",12,14,1
96,"u2",17,48,1
96,"u2",22,28,8
96,"u2",27,111,0
96,"u2",32,60,3
96,"u2",37,57,12
96,"u2",42,49,24
96,"u2",47,64,12
96,"u2",52,32,4
96,"u3",7,2,6
96,"u3",12,16,0
96,"u3",17,30,21
96,"u3",22,119,5
96,"u3",27,126,7
96,"u3",32,88,36
96,"u3",37,97,15
96,"u3",42,44,1
96,"u3",47,15,0
96,"u3",52,5,3
96,"u4",7,11,1
96,"u4",12,3,15
96,"u4",17,103,21
96,"u4",22,201,40
96,"u4",27,48,35
96,"u4",32,167,15
96,"u4",37,37,5
96,"u4",42,29,6
96,"u4",47,18,0
96,"u4",52,9,1
96,"u5",7,2,1
96,"u5",12,3,1
96,"u5",17,15,2
96,"u5",22,31,4
96,"u5",27,88,34
96,"u5",32,261,33
96,"u5",37,113,11
96,"u5",42,57,0
96,"u5",47,14,1
96,"u5",52,12,1
96,"u6",7,4,0
96,"u6",12,13,2
96,"u6",17,65,29
96,"u6",22,211,17
96,"u6",27,145,81
96,"u6",32,78,14
96,"u6",37,18,3
96,"u6",42,6,10
96,"u6",47,6,4
96,"u6",52,25,0
96,"u7",7,2,1
96,"u7",12,7,9
96,"u7",17,37,1
96,"u7",22,86,40
96,"u7",27,178,16
96,"u7",32,50,2
96,"u7",37,94,1
96,"u7",42,70,1
96,"u7",47,44,0
96,"u7",52,49,0
96,"u8",7,4,0
96,"u8",12,1,4
96,"u8",17,17,6
96,"u8",22,86,10
96,"u8",27,36,29
96,"u8",32,94,39
96,"u8",37,56,18
96,"u8",42,36,1
96,"u8",47,51,6
96,"u8",52,47,5
96,"u9",7,0,1
96,"u9",12,6,6
96,"u9",17,9,11
96,"u9",22,120,56
96,"u9",27,192,32
96,"u9",32,174,21
96,"u9",37,76,41
96,"u9",42,67,6
96,"u9",47,36,3
96,"u9",52,59,2
97,"u1",7,1,1
97,"u1",12,7,6
97,"u1",17,15,1
97,"u1",22,22,59
97,"u1",27,223,49
97,"u1",32,453,29
97,"u1",37,114,49
97,"u1",42,32,2
97,"u1",47,16,1
97,"u1",52,14,2
97,"u2",7,6,0
97,"u2",12,8,7
97,"u2",17,41,32
97,"u2",22,73,59
97,"u2",27,84,14
97,"u2",32,149,55
97,"u2",37,40,3
97,"u2",42,67,9
97,"u2",47,22,2
97,"u2",52,7,0
97,"u3",7,1,3
97,"u3",12,6,3
97,"u3",17,14,9
97,"u3",22,30,28
97,"u3",27,169,42
97,"u3",32,163,11
97,"u3",37,478,21
97,"u3",42,96,4
97,"u3",47,30,1
97,"u3",52,35,0
97,"u4",7,3,2
97,"u4",12,44,17
97,"u4",17,93,14
97,"u4",22,140,60
97,"u4",27,218,19
97,"u4",32,114,11
97,"u4",37,32,1
97,"u4",42,29,1
97,"u4",47,13,0
97,"u4",52,13,1
97,"u5",7,2,1
97,"u5",12,14,2
97,"u5",17,115,23
97,"u5",22,347,10
97,"u5",27,188,9
97,"u5",32,51,1
97,"u5",37,4,0
97,"u5",42,4,0
97,"u5",47,0,0
97,"u5",52,1,0
97,"u6",7,6,2
97,"u6",12,4,1
97,"u6",17,32,8
97,"u6",22,52,33
97,"u6",27,36,25
97,"u6",32,123,69
97,"u6",37,133,19
97,"u6",42,166,26
97,"u6",47,34,3
97,"u6",52,57,1
97,"u7",7,7,2
97,"u7",12,18,1
97,"u7",17,76,10
97,"u7",22,74,22
97,"u7",27,111,76
97,"u7",32,53,28
97,"u7",37,66,26
97,"u7",42,50,11
97,"u7",47,27,14
97,"u7",52,10,25
97,"u8",7,4,1
97,"u8",12,11,4
97,"u8",17,60,36
97,"u8",22,154,63
97,"u8",27,307,19
97,"u8",32,103,13
97,"u8",37,34,1
97,"u8",42,48,0
97,"u8",47,11,0
97,"u8",52,3,1
97,"u9",7,5,3
97,"u9",12,11,1
97,"u9",17,4,12
97,"u9",22,23,29
97,"u9",27,27,11
97,"u9",32,113,25
97,"u9",37,98,40
97,"u9",42,60,37
97,"u9",47,22,46
97,"u9",52,29,22
98,"u1",7,14,1
98,"u1",12,4,3
98,"u1",17,21,1
98,"u1",22,61,3
98,"u1",27,105,1
98,"u1",32,79,15
98,"u1",37,100,0
98,"u1",42,74,5
98,"u1",47,41,0
98,"u1",52,25,1
98,"u2",7,1,2
98,"u2",12,2,1
98,"u2",17,8,15
98,"u2",22,45,11
98,"u2",27,76,31
98,"u2",32,103,93
98,"u2",37,119,28
98,"u2",42,114,25
98,"u2",47,12,0
98,"u2",52,21,0
98,"u3",7,2,1
98,"u3",12,9,3
98,"u3",17,33,2
98,"u3",22,95,26
98,"u3",27,185,11
98,"u3",32,94,38
98,"u3",37,55,15
98,"u3",42,39,3
98,"u3",47,11,0
98,"u3",52,10,0
98,"u4",7,1,2
98,"u4",12,7,1
98,"u4",17,5,0
98,"u4",22,12,5
98,"u4",27,29,17
98,"u4",32,11,19
98,"u4",37,36,28
98,"u4",42,62,128
98,"u4",47,151,18
98,"u4",52,129,56
98,"u5",7,0,2
98,"u5",12,4,5
98,"u5",17,31,10
98,"u5",22,46,43
98,"u5",27,189,8
98,"u5",32,49,13
98,"u5",37,53,6
98,"u5",42,30,1
98,"u5",47,21,7
98,"u5",52,40,2
98,"u6",7,6,0
98,"u6",12,5,6
98,"u6",17,24,15
98,"u6",22,22,13
98,"u6",27,68,34
98,"u6",32,30,35
98,"u6",37,67,16
98,"u6",42,83,15
98,"u6",47,52,11
98,"u6",52,108,7
98,"u7",7,2,0
98,"u7",12,2,1
98,"u7",17,13,8
98,"u7",22,40,16
98,"u7",27,184,86
98,"u7",32,66,27
98,"u7",37,53,5
98,"u7",42,14,5
98,"u7",47,19,8
98,"u7",52,4,2
98,"u8",7,1,3
98,"u8",12,6,2
98,"u8",17,53,8
98,"u8",22,46,29
98,"u8",27,165,2
98,"u8",32,39,2
98,"u8",37,24,1
98,"u8",42,11,0
98,"u8",47,7,1
98,"u8",52,16,1
98,"u9",7,2,0
98,"u9",12,34,11
98,"u9",17,58,15
98,"u9",22,147,13
98,"u9",27,103,4
98,"u9",32,85,14
98,"u9",37,20,3
98,"u9",42,31,1
98,"u9",47,37,4
98,"u9",52,57,0
99,"u1",7,4,1
99,"u1",12,21,2
99,"u1",17,35,38
99,"u1",22,86,19
99,"u1",27,84,20
99,"u1",32,37,14
99,"u1",37,44,21
99,"u1",42,34,2
99,"u1",47,22,15
99,"u1",52,10,6
99,"u2",7,1,0
99,"u2",12,14,3
99,"u2",17,70,28
99,"u2",22,152,0
99,"u2",27,391,3
99,"u2",32,90,5
99,"u2",37,38,0
99,"u2",42,47,2
99,"u2",47,34,0
99,"u2",52,12,0
99,"u3",7,2,0
99,"u3",12,8,9
99,"u3",17,35,12
99,"u3",22,61,72
99,"u3",27,104,31
99,"u3",32,69,80
99,"u3",37,25,14
99,"u3",42,12,7
99,"u3",47,16,7
99,"u3",52,4,12
99,"u4",7,1,1
99,"u4",12,5,1
99,"u4",17,18,1
99,"u4",22,12,1
99,"u4",27,28,2
99,"u4",32,76,59
99,"u4",37,84,69
99,"u4",42,91,19
99,"u4",47,105,30
99,"u4",52,16,33
99,"u5",7,3,1
99,"u5",12,11,15
99,"u5",17,115,62
99,"u5",22,416,43
99,"u5",27,67,17
99,"u5",32,13,17
99,"u5",37,4,3
99,"u5",42,6,4
99,"u5",47,2,4
99,"u5",52,0,1
99,"u6",7,3,0
99,"u6",12,15,4
99,"u6",17,45,21
99,"u6",22,124,8
99,"u6",27,172,0
99,"u6",32,183,6
99,"u6",37,166,1
99,"u6",42,123,1
99,"u6",47,45,0
99,"u6",52,15,0
99,"u7",7,4,1
99,"u7",12,3,0
99,"u7",17,12,2
99,"u7",22,48,1
99,"u7",27,95,19
99,"u7",32,233,10
99,"u7",37,177,4
99,"u7",42,100,0
99,"u7",47,24,1
99,"u7",52,19,0
99,"u8",7,5,0
99,"u8",12,14,3
99,"u8",17,23,15
99,"u8",22,34,18
99,"u8",27,38,20
99,"u8",32,86,26
99,"u8",37,72,68
99,"u8",42,31,6
99,"u8",47,27,16
99,"u8",52,32,19
99,"u9",7,3,0
99,"u9",12,5,0
99,"u9",17,37,6
99,"u9",22,86,1
99,"u9",27,29,10
99,"u9",32,42,6
99,"u9",37,52,0
99,"u9",42,59,3
99,"u9",47,17,0
99,"u9",52,11,2
100,"u1",7,3,4
100,"u1",12,8,4
100,"u1",17,67,19
100,"u1",22,436,13
100,"u1",27,268,18
100,"u1",32,65,4
100,"u1",37,39,2
100,"u1",42,4,0
100,"u1",47,5,0
100,"u1",52,6,0
100,"u2",7,4,1
100,"u2",12,5,2
100,"u2",17,15,2
100,"u2",22,25,14
100,"u2",27,67,30
100,"u2",32,46,35
100,"u2",37,24,25
100,"u2",42,29,16
100,"u2",47,48,39
100,"u2",52,85,11
100,"u3",7,4,3
100,"u3",12,1,3
100,"u3",17,17,7
100,"u3",22,55,6
100,"u3",27,114,31
100,"u3",32,135,10
100,"u3",37,56,22
100,"u3",42,29,4
100,"u3",47,22,5
100,"u3",52,10,1
100,"u4",7,4,3
100,"u4",12,4,1
100,"u4",17,35,16
100,"u4",22,86,5
100,"u4",27,54,19
100,"u4",32,148,5
100,"u4",37,46,4
100,"u4",42,60,11
100,"u4",47,8,0
100,"u4",52,4,2
100,"u5",7,1,2
100,"u5",12,4,1
100,"u5",17,6,11
100,"u5",22,32,26
100,"u5",27,17,23
100,"u5",32,47,88
100,"u5",37,33,16
100,"u5",42,38,107
100,"u5",47,45,48
100,"u5",52,42,90
100,"u6",7,0,1
100,"u6",12,10,8
100,"u6",17,70,57
100,"u6",22,207,9
100,"u6",27,116,58
100,"u6",32,103,8
100,"u6",37,62,10
100,"u6",42,13,1
100,"u6",47,24,0
100,"u6",52,19,1
100,"u7",7,4,0
100,"u7",12,5,4
100,"u7",17,46,10
100,"u7",22,80,17
100,"u7",27,85,20
100,"u7",32,113,18
100,"u7",37,41,5
100,"u7",42,66,5
100,"u7",47,16,3
100,"u7",52,32,0
100,"u8",7,0,0
100,"u8",12,17,10
100,"u8",17,18,54
100,"u8",22,68,52
100,"u8",27,107,57
100,"u8",32,120,70
100,"u8",37,139,40
100,"u8",42,44,10
100,"u8",47,69,0
100,"u8",52,10,3
100,"u9",7,1,0
100,"u9",12,35,5
100,"u9",17,138,21
100,"u9",22,121,75
100,"u9",27,95,75
100,"u9",32,25,30
100,"u9",37,29,38
100,"u9",42,17,25
100,"u9",47,18,5
100,"u9",52,18,7
